[ERROR] Tests run: 13, Failures: 0, Errors: 1, Skipped: 0, Time elapsed: 0.887 s <<< FAILURE! -- in org.jsoup.nodes.FormElementTest
[ERROR] org.jsoup.nodes.FormElementTest.formSubmissionCarriesCookiesFromSession -- Time elapsed: 0.283 s <<< ERROR!
java.lang.NoSuchMethodError: 'java.lang.String org.jsoup.parser.TokenQueue.unescape(java.lang.String)'
	at org.jsoup.select.QueryParser.contains(QueryParser.java:449)
	at org.jsoup.select.QueryParser.parsePseudoSelector(QueryParser.java:212)
	at org.jsoup.select.QueryParser.parseSubclass(QueryParser.java:175)
	at org.jsoup.select.QueryParser.parseSimpleSequence(QueryParser.java:139)
	at org.jsoup.select.QueryParser.parseSelector(QueryParser.java:104)
	at org.jsoup.select.QueryParser.parseSelectorGroup(QueryParser.java:87)
	at org.jsoup.select.QueryParser.parse(QueryParser.java:78)
	at org.jsoup.select.QueryParser.parse(QueryParser.java:56)
	at org.jsoup.select.Selector.evaluatorOf(Selector.java:285)
	at org.jsoup.select.Selector.select(Selector.java:128)
	at org.jsoup.nodes.Element.select(Element.java:517)
	at org.jsoup.nodes.FormElementTest.formSubmissionCarriesCookiesFromSession(FormElementTest.java:203)
	at java.base/java.lang.reflect.Method.invoke(Method.java:580)
	at java.base/java.util.ArrayList.forEach(ArrayList.java:1597)
	at java.base/java.util.ArrayList.forEach(ArrayList.java:1597)

[ERROR] Tests run: 267, Failures: 0, Errors: 21, Skipped: 0, Time elapsed: 0.416 s <<< FAILURE! -- in org.jsoup.nodes.ElementTest
[ERROR] org.jsoup.nodes.ElementTest.cssSelectorWithBracket -- Time elapsed: 0.001 s <<< ERROR!
java.lang.NoSuchMethodError: 'java.lang.String org.jsoup.parser.TokenQueue.escapeCssIdentifier(java.lang.String)'
	at org.jsoup.nodes.Element.cssSelectorComponent(Element.java:1135)
	at org.jsoup.nodes.Element.cssSelector(Element.java:1127)
	at org.jsoup.nodes.ElementTest.cssSelectorWithBracket(ElementTest.java:2921)
	at java.base/java.lang.reflect.Method.invoke(Method.java:580)
	at java.base/java.util.ArrayList.forEach(ArrayList.java:1597)
	at java.base/java.util.ArrayList.forEach(ArrayList.java:1597)

[ERROR] org.jsoup.nodes.ElementTest.cssSelectorDoesntStackOverflow -- Time elapsed: 0.012 s <<< ERROR!
java.lang.NoSuchMethodError: 'java.lang.String org.jsoup.parser.TokenQueue.escapeCssIdentifier(java.lang.String)'
	at org.jsoup.nodes.Element.cssSelectorComponent(Element.java:1135)
	at org.jsoup.nodes.Element.cssSelector(Element.java:1127)
	at org.jsoup.nodes.ElementTest.cssSelectorDoesntStackOverflow(ElementTest.java:2905)
	at java.base/java.lang.reflect.Method.invoke(Method.java:580)
	at java.base/java.util.ArrayList.forEach(ArrayList.java:1597)
	at java.base/java.util.ArrayList.forEach(ArrayList.java:1597)

[ERROR] org.jsoup.nodes.ElementTest.cssSelectorNoParent -- Time elapsed: 0.001 s <<< ERROR!
java.lang.NoSuchMethodError: 'java.lang.String org.jsoup.parser.TokenQueue.escapeCssIdentifier(java.lang.String)'
	at org.jsoup.nodes.Element.cssSelectorComponent(Element.java:1135)
	at org.jsoup.nodes.Element.cssSelector(Element.java:1127)
	at org.jsoup.nodes.ElementTest.cssSelectorNoParent(ElementTest.java:2868)
	at java.base/java.lang.reflect.Method.invoke(Method.java:580)
	at java.base/java.util.ArrayList.forEach(ArrayList.java:1597)
	at java.base/java.util.ArrayList.forEach(ArrayList.java:1597)

[ERROR] org.jsoup.nodes.ElementTest.doesntDeleteZWJWhenNormalizingText -- Time elapsed: 0.002 s <<< ERROR!
java.lang.NoSuchMethodError: 'java.lang.String org.jsoup.parser.TokenQueue.unescape(java.lang.String)'
	at org.jsoup.select.QueryParser.contains(QueryParser.java:449)
	at org.jsoup.select.QueryParser.parsePseudoSelector(QueryParser.java:212)
	at org.jsoup.select.QueryParser.parseSubclass(QueryParser.java:175)
	at org.jsoup.select.QueryParser.parseSimpleSequence(QueryParser.java:139)
	at org.jsoup.select.QueryParser.parseSelector(QueryParser.java:104)
	at org.jsoup.select.QueryParser.parseSelectorGroup(QueryParser.java:87)
	at org.jsoup.select.QueryParser.parse(QueryParser.java:78)
	at org.jsoup.select.QueryParser.parse(QueryParser.java:56)
	at org.jsoup.select.Selector.evaluatorOf(Selector.java:285)
	at org.jsoup.select.Selector.selectFirst(Selector.java:222)
	at org.jsoup.nodes.Element.selectFirst(Element.java:576)
	at org.jsoup.nodes.ElementTest.doesntDeleteZWJWhenNormalizingText(ElementTest.java:2284)
	at java.base/java.lang.reflect.Method.invoke(Method.java:580)
	at java.base/java.util.ArrayList.forEach(ArrayList.java:1597)
	at java.base/java.util.ArrayList.forEach(ArrayList.java:1597)

[ERROR] org.jsoup.nodes.ElementTest.testCssPathDuplicateIds -- Time elapsed: 0.002 s <<< ERROR!
java.lang.NoSuchMethodError: 'java.lang.String org.jsoup.parser.TokenQueue.escapeCssIdentifier(java.lang.String)'
	at org.jsoup.nodes.Element.uniqueIdSelector(Element.java:1093)
	at org.jsoup.nodes.Element.cssSelector(Element.java:1115)
	at org.jsoup.nodes.ElementTest.testCssPathDuplicateIds(ElementTest.java:1414)
	at java.base/java.lang.reflect.Method.invoke(Method.java:580)
	at java.base/java.util.ArrayList.forEach(ArrayList.java:1597)
	at java.base/java.util.ArrayList.forEach(ArrayList.java:1597)

[ERROR] org.jsoup.nodes.ElementTest.testNamespacedElements -- Time elapsed: 0.003 s <<< ERROR!
java.lang.NoSuchMethodError: 'java.lang.String org.jsoup.parser.TokenQueue.escapeCssIdentifier(java.lang.String)'
	at org.jsoup.nodes.Element.cssSelectorComponent(Element.java:1135)
	at org.jsoup.nodes.Element.cssSelector(Element.java:1127)
	at org.jsoup.nodes.ElementTest.testNamespacedElements(ElementTest.java:1690)
	at java.base/java.lang.reflect.Method.invoke(Method.java:580)
	at java.base/java.util.ArrayList.forEach(ArrayList.java:1597)
	at java.base/java.util.ArrayList.forEach(ArrayList.java:1597)

[ERROR] org.jsoup.nodes.ElementTest.cssSelectorNoDoc -- Time elapsed: 0.002 s <<< ERROR!
java.lang.NoSuchMethodError: 'java.lang.String org.jsoup.parser.TokenQueue.escapeCssIdentifier(java.lang.String)'
	at org.jsoup.nodes.Element.uniqueIdSelector(Element.java:1093)
	at org.jsoup.nodes.Element.cssSelector(Element.java:1115)
	at org.jsoup.nodes.ElementTest.cssSelectorNoDoc(ElementTest.java:2863)
	at java.base/java.lang.reflect.Method.invoke(Method.java:580)
	at java.base/java.util.ArrayList.forEach(ArrayList.java:1597)
	at java.base/java.util.ArrayList.forEach(ArrayList.java:1597)

[ERROR] org.jsoup.nodes.ElementTest.cssSelectorUnbalanced -- Time elapsed: 0.001 s <<< ERROR!
java.lang.NoSuchMethodError: 'java.lang.String org.jsoup.parser.TokenQueue.escapeCssIdentifier(java.lang.String)'
	at org.jsoup.nodes.Element.cssSelectorComponent(Element.java:1135)
	at org.jsoup.nodes.Element.cssSelector(Element.java:1127)
	at org.jsoup.nodes.ElementTest.cssSelectorUnbalanced(ElementTest.java:2933)
	at java.base/java.lang.reflect.Method.invoke(Method.java:580)
	at java.base/java.util.ArrayList.forEach(ArrayList.java:1597)
	at java.base/java.util.ArrayList.forEach(ArrayList.java:1597)

[ERROR] org.jsoup.nodes.ElementTest.cssEscapedAmp -- Time elapsed: 0.001 s <<< ERROR!
java.lang.NoSuchMethodError: 'java.lang.String org.jsoup.parser.TokenQueue.escapeCssIdentifier(java.lang.String)'
	at org.jsoup.nodes.Element.cssSelectorComponent(Element.java:1135)
	at org.jsoup.nodes.Element.cssSelector(Element.java:1127)
	at org.jsoup.nodes.ElementTest.cssEscapedAmp(ElementTest.java:1449)
	at java.base/java.lang.reflect.Method.invoke(Method.java:580)
	at java.base/java.util.ArrayList.forEach(ArrayList.java:1597)
	at java.base/java.util.ArrayList.forEach(ArrayList.java:1597)

[ERROR] org.jsoup.nodes.ElementTest.testCssPath -- Time elapsed: 0.001 s <<< ERROR!
java.lang.NoSuchMethodError: 'java.lang.String org.jsoup.parser.TokenQueue.escapeCssIdentifier(java.lang.String)'
	at org.jsoup.nodes.Element.uniqueIdSelector(Element.java:1093)
	at org.jsoup.nodes.Element.cssSelector(Element.java:1115)
	at org.jsoup.nodes.ElementTest.testCssPath(ElementTest.java:1397)
	at java.base/java.lang.reflect.Method.invoke(Method.java:580)
	at java.base/java.util.ArrayList.forEach(ArrayList.java:1597)
	at java.base/java.util.ArrayList.forEach(ArrayList.java:1597)

[ERROR] org.jsoup.nodes.ElementTest.cssSelectorParentWithId -- Time elapsed: 0.001 s <<< ERROR!
java.lang.NoSuchMethodError: 'java.lang.String org.jsoup.parser.TokenQueue.escapeCssIdentifier(java.lang.String)'
	at org.jsoup.nodes.Element.cssSelectorComponent(Element.java:1135)
	at org.jsoup.nodes.Element.cssSelector(Element.java:1127)
	at org.jsoup.nodes.ElementTest.cssSelectorParentWithId(ElementTest.java:2878)
	at java.base/java.lang.reflect.Method.invoke(Method.java:580)
	at java.base/java.util.ArrayList.forEach(ArrayList.java:1597)
	at java.base/java.util.ArrayList.forEach(ArrayList.java:1597)

[ERROR] org.jsoup.nodes.ElementTest.cssSelectorWithPipe -- Time elapsed: 0.001 s <<< ERROR!
java.lang.NoSuchMethodError: 'java.lang.String org.jsoup.parser.TokenQueue.escapeCssIdentifier(java.lang.String)'
	at org.jsoup.nodes.Element.cssSelectorComponent(Element.java:1135)
	at org.jsoup.nodes.Element.cssSelector(Element.java:1127)
	at org.jsoup.nodes.ElementTest.cssSelectorWithPipe(ElementTest.java:2957)
	at java.base/java.lang.reflect.Method.invoke(Method.java:580)
	at java.base/java.util.ArrayList.forEach(ArrayList.java:1597)
	at java.base/java.util.ArrayList.forEach(ArrayList.java:1597)

[ERROR] org.jsoup.nodes.ElementTest.deselect -- Time elapsed: 0.001 s <<< ERROR!
java.lang.NoSuchMethodError: 'java.lang.String org.jsoup.parser.TokenQueue.unescape(java.lang.String)'
	at org.jsoup.select.QueryParser.contains(QueryParser.java:449)
	at org.jsoup.select.QueryParser.parsePseudoSelector(QueryParser.java:212)
	at org.jsoup.select.QueryParser.parseSubclass(QueryParser.java:175)
	at org.jsoup.select.QueryParser.parseSimpleSequence(QueryParser.java:139)
	at org.jsoup.select.QueryParser.parseSelector(QueryParser.java:104)
	at org.jsoup.select.QueryParser.parseSelectorGroup(QueryParser.java:87)
	at org.jsoup.select.QueryParser.parse(QueryParser.java:78)
	at org.jsoup.select.QueryParser.parse(QueryParser.java:56)
	at org.jsoup.select.Selector.evaluatorOf(Selector.java:285)
	at org.jsoup.select.Selector.selectFirst(Selector.java:222)
	at org.jsoup.nodes.Element.expectFirst(Element.java:601)
	at org.jsoup.nodes.ElementTest.deselect(ElementTest.java:3392)
	at java.base/java.lang.reflect.Method.invoke(Method.java:580)
	at java.base/java.util.ArrayList.forEach(ArrayList.java:1597)
	at java.base/java.util.ArrayList.forEach(ArrayList.java:1597)

[ERROR] org.jsoup.nodes.ElementTest.testNormalizesInvisiblesInText -- Time elapsed: 0.001 s <<< ERROR!
java.lang.NoSuchMethodError: 'java.lang.String org.jsoup.parser.TokenQueue.unescape(java.lang.String)'
	at org.jsoup.select.QueryParser.contains(QueryParser.java:449)
	at org.jsoup.select.QueryParser.parsePseudoSelector(QueryParser.java:212)
	at org.jsoup.select.QueryParser.parseSubclass(QueryParser.java:175)
	at org.jsoup.select.QueryParser.parseSimpleSequence(QueryParser.java:139)
	at org.jsoup.select.QueryParser.parseSelector(QueryParser.java:104)
	at org.jsoup.select.QueryParser.parseSelectorGroup(QueryParser.java:87)
	at org.jsoup.select.QueryParser.parse(QueryParser.java:78)
	at org.jsoup.select.QueryParser.parse(QueryParser.java:56)
	at org.jsoup.select.Selector.evaluatorOf(Selector.java:285)
	at org.jsoup.select.Selector.select(Selector.java:128)
	at org.jsoup.nodes.Element.select(Element.java:517)
	at org.jsoup.nodes.ElementTest.testNormalizesInvisiblesInText(ElementTest.java:1978)
	at java.base/java.lang.reflect.Method.invoke(Method.java:580)
	at java.base/java.util.ArrayList.forEach(ArrayList.java:1597)
	at java.base/java.util.ArrayList.forEach(ArrayList.java:1597)

[ERROR] org.jsoup.nodes.ElementTest.prevElementSibling -- Time elapsed: 0.001 s <<< ERROR!
java.lang.NoSuchMethodError: 'java.lang.String org.jsoup.parser.TokenQueue.unescape(java.lang.String)'
	at org.jsoup.select.QueryParser.contains(QueryParser.java:449)
	at org.jsoup.select.QueryParser.parsePseudoSelector(QueryParser.java:212)
	at org.jsoup.select.QueryParser.parseSubclass(QueryParser.java:175)
	at org.jsoup.select.QueryParser.parseSimpleSequence(QueryParser.java:139)
	at org.jsoup.select.QueryParser.parseSelector(QueryParser.java:104)
	at org.jsoup.select.QueryParser.parseSelectorGroup(QueryParser.java:87)
	at org.jsoup.select.QueryParser.parse(QueryParser.java:78)
	at org.jsoup.select.QueryParser.parse(QueryParser.java:56)
	at org.jsoup.select.Selector.evaluatorOf(Selector.java:285)
	at org.jsoup.select.Selector.selectFirst(Selector.java:222)
	at org.jsoup.nodes.Element.expectFirst(Element.java:601)
	at org.jsoup.nodes.ElementTest.prevElementSibling(ElementTest.java:268)
	at java.base/java.lang.reflect.Method.invoke(Method.java:580)
	at java.base/java.util.ArrayList.forEach(ArrayList.java:1597)
	at java.base/java.util.ArrayList.forEach(ArrayList.java:1597)

[ERROR] org.jsoup.nodes.ElementTest.cssSelectorCombined -- Time elapsed: 0.001 s <<< ERROR!
java.lang.NoSuchMethodError: 'java.lang.String org.jsoup.parser.TokenQueue.escapeCssIdentifier(java.lang.String)'
	at org.jsoup.nodes.Element.cssSelectorComponent(Element.java:1135)
	at org.jsoup.nodes.Element.cssSelector(Element.java:1127)
	at org.jsoup.nodes.ElementTest.cssSelectorCombined(ElementTest.java:2970)
	at java.base/java.lang.reflect.Method.invoke(Method.java:580)
	at java.base/java.util.ArrayList.forEach(ArrayList.java:1597)
	at java.base/java.util.ArrayList.forEach(ArrayList.java:1597)

[ERROR] org.jsoup.nodes.ElementTest.testNormalizesNbspInText -- Time elapsed: 0.001 s <<< ERROR!
java.lang.NoSuchMethodError: 'java.lang.String org.jsoup.parser.TokenQueue.unescape(java.lang.String)'
	at org.jsoup.select.QueryParser.contains(QueryParser.java:449)
	at org.jsoup.select.QueryParser.parsePseudoSelector(QueryParser.java:212)
	at org.jsoup.select.QueryParser.parseSubclass(QueryParser.java:175)
	at org.jsoup.select.QueryParser.parseSimpleSequence(QueryParser.java:139)
	at org.jsoup.select.QueryParser.parseSelector(QueryParser.java:104)
	at org.jsoup.select.QueryParser.parseSelectorGroup(QueryParser.java:87)
	at org.jsoup.select.QueryParser.parse(QueryParser.java:78)
	at org.jsoup.select.QueryParser.parse(QueryParser.java:56)
	at org.jsoup.select.Selector.evaluatorOf(Selector.java:285)
	at org.jsoup.select.Selector.select(Selector.java:128)
	at org.jsoup.nodes.Element.select(Element.java:517)
	at org.jsoup.nodes.ElementTest.testNormalizesNbspInText(ElementTest.java:1961)
	at java.base/java.lang.reflect.Method.invoke(Method.java:580)
	at java.base/java.util.ArrayList.forEach(ArrayList.java:1597)
	at java.base/java.util.ArrayList.forEach(ArrayList.java:1597)

[ERROR] org.jsoup.nodes.ElementTest.cssSelectorEscaped -- Time elapsed: 0.001 s <<< ERROR!
java.lang.NoSuchMethodError: 'java.lang.String org.jsoup.parser.TokenQueue.escapeCssIdentifier(java.lang.String)'
	at org.jsoup.nodes.Element.cssSelectorComponent(Element.java:1135)
	at org.jsoup.nodes.Element.cssSelector(Element.java:1127)
	at org.jsoup.nodes.ElementTest.cssSelectorEscaped(ElementTest.java:1431)
	at java.base/java.lang.reflect.Method.invoke(Method.java:580)
	at java.base/java.util.ArrayList.forEach(ArrayList.java:1597)
	at java.base/java.util.ArrayList.forEach(ArrayList.java:1597)

[ERROR] org.jsoup.nodes.ElementTest.cssSelectorWithAsterisk -- Time elapsed: 0.001 s <<< ERROR!
java.lang.NoSuchMethodError: 'java.lang.String org.jsoup.parser.TokenQueue.escapeCssIdentifier(java.lang.String)'
	at org.jsoup.nodes.Element.cssSelectorComponent(Element.java:1135)
	at org.jsoup.nodes.Element.cssSelector(Element.java:1127)
	at org.jsoup.nodes.ElementTest.cssSelectorWithAsterisk(ElementTest.java:2945)
	at java.base/java.lang.reflect.Method.invoke(Method.java:580)
	at java.base/java.util.ArrayList.forEach(ArrayList.java:1597)
	at java.base/java.util.ArrayList.forEach(ArrayList.java:1597)

[ERROR] org.jsoup.nodes.ElementTest.cssSelectorEscapedClass -- Time elapsed: 0.001 s <<< ERROR!
java.lang.NoSuchMethodError: 'java.lang.String org.jsoup.parser.TokenQueue.escapeCssIdentifier(java.lang.String)'
	at org.jsoup.nodes.Element.cssSelectorComponent(Element.java:1135)
	at org.jsoup.nodes.Element.cssSelector(Element.java:1127)
	at org.jsoup.nodes.ElementTest.cssSelectorEscapedClass(ElementTest.java:1461)
	at java.base/java.lang.reflect.Method.invoke(Method.java:580)
	at java.base/java.util.ArrayList.forEach(ArrayList.java:1597)
	at java.base/java.util.ArrayList.forEach(ArrayList.java:1597)

[ERROR] org.jsoup.nodes.ElementTest.cssSelectorWithNonUniqueId -- Time elapsed: 0.001 s <<< ERROR!
java.lang.NoSuchMethodError: 'java.lang.String org.jsoup.parser.TokenQueue.unescape(java.lang.String)'
	at org.jsoup.select.QueryParser.contains(QueryParser.java:449)
	at org.jsoup.select.QueryParser.parsePseudoSelector(QueryParser.java:214)
	at org.jsoup.select.QueryParser.parseSubclass(QueryParser.java:175)
	at org.jsoup.select.QueryParser.parseSimpleSequence(QueryParser.java:139)
	at org.jsoup.select.QueryParser.parseSelector(QueryParser.java:104)
	at org.jsoup.select.QueryParser.parseSelectorGroup(QueryParser.java:87)
	at org.jsoup.select.QueryParser.parse(QueryParser.java:78)
	at org.jsoup.select.QueryParser.parse(QueryParser.java:56)
	at org.jsoup.select.Selector.evaluatorOf(Selector.java:285)
	at org.jsoup.select.Selector.selectFirst(Selector.java:222)
	at org.jsoup.nodes.Element.expectFirst(Element.java:601)
	at org.jsoup.nodes.ElementTest.cssSelectorWithNonUniqueId(ElementTest.java:2885)
	at java.base/java.lang.reflect.Method.invoke(Method.java:580)
	at java.base/java.util.ArrayList.forEach(ArrayList.java:1597)
	at java.base/java.util.ArrayList.forEach(ArrayList.java:1597)

[ERROR] Tests run: 13, Failures: 0, Errors: 1, Skipped: 0, Time elapsed: 0.009 s <<< FAILURE! -- in org.jsoup.nodes.NodeIteratorTest
[ERROR] org.jsoup.nodes.NodeIteratorTest.canIterateJustOneSibling -- Time elapsed: 0.001 s <<< ERROR!
java.lang.NoSuchMethodError: 'java.lang.String org.jsoup.parser.TokenQueue.unescape(java.lang.String)'
	at org.jsoup.select.QueryParser.contains(QueryParser.java:449)
	at org.jsoup.select.QueryParser.parsePseudoSelector(QueryParser.java:212)
	at org.jsoup.select.QueryParser.parseSubclass(QueryParser.java:175)
	at org.jsoup.select.QueryParser.parseSimpleSequence(QueryParser.java:139)
	at org.jsoup.select.QueryParser.parseSelector(QueryParser.java:104)
	at org.jsoup.select.QueryParser.parseSelectorGroup(QueryParser.java:87)
	at org.jsoup.select.QueryParser.parse(QueryParser.java:78)
	at org.jsoup.select.QueryParser.parse(QueryParser.java:56)
	at org.jsoup.select.Selector.evaluatorOf(Selector.java:285)
	at org.jsoup.select.Selector.selectFirst(Selector.java:222)
	at org.jsoup.nodes.Element.expectFirst(Element.java:601)
	at org.jsoup.nodes.NodeIteratorTest.canIterateJustOneSibling(NodeIteratorTest.java:64)
	at java.base/java.lang.reflect.Method.invoke(Method.java:580)
	at java.base/java.util.ArrayList.forEach(ArrayList.java:1597)
	at java.base/java.util.ArrayList.forEach(ArrayList.java:1597)

[ERROR] Tests run: 17, Failures: 0, Errors: 2, Skipped: 0, Time elapsed: 0.015 s <<< FAILURE! -- in org.jsoup.select.QueryParserTest
[ERROR] org.jsoup.select.QueryParserTest.hasNodeSelector -- Time elapsed: 0.001 s <<< ERROR!
java.lang.NoSuchMethodError: 'java.lang.String org.jsoup.parser.TokenQueue.unescape(java.lang.String)'
	at org.jsoup.select.QueryParser.contains(QueryParser.java:449)
	at org.jsoup.select.QueryParser.parsePseudoSelector(QueryParser.java:212)
	at org.jsoup.select.QueryParser.parseSubclass(QueryParser.java:175)
	at org.jsoup.select.QueryParser.parseNodeSelector(QueryParser.java:299)
	at org.jsoup.select.QueryParser.parseSubclass(QueryParser.java:174)
	at org.jsoup.select.QueryParser.parseSimpleSequence(QueryParser.java:139)
	at org.jsoup.select.QueryParser.parseSelector(QueryParser.java:104)
	at org.jsoup.select.QueryParser.parseSelectorGroup(QueryParser.java:87)
	at org.jsoup.select.QueryParser.parseNested(QueryParser.java:441)
	at org.jsoup.select.QueryParser.has(QueryParser.java:431)
	at org.jsoup.select.QueryParser.parsePseudoSelector(QueryParser.java:208)
	at org.jsoup.select.QueryParser.parseSubclass(QueryParser.java:175)
	at org.jsoup.select.QueryParser.parseSimpleSequence(QueryParser.java:139)
	at org.jsoup.select.QueryParser.parseSelector(QueryParser.java:104)
	at org.jsoup.select.QueryParser.parseSelectorGroup(QueryParser.java:87)
	at org.jsoup.select.QueryParser.parse(QueryParser.java:78)
	at org.jsoup.select.QueryParser.parse(QueryParser.java:56)
	at org.jsoup.select.QueryParserTest.hasNodeSelector(QueryParserTest.java:234)
	at java.base/java.lang.reflect.Method.invoke(Method.java:580)
	at java.base/java.util.ArrayList.forEach(ArrayList.java:1597)
	at java.base/java.util.ArrayList.forEach(ArrayList.java:1597)

[ERROR] org.jsoup.select.QueryParserTest.parsesEscapedSubqueries -- Time elapsed: 0.001 s <<< ERROR!
java.lang.NoSuchMethodError: 'java.lang.String org.jsoup.parser.TokenQueue.escapeCssIdentifier(java.lang.String)'
	at org.jsoup.nodes.Element.cssSelectorComponent(Element.java:1135)
	at org.jsoup.nodes.Element.cssSelector(Element.java:1127)
	at org.jsoup.select.QueryParserTest.parsesEscapedSubqueries(QueryParserTest.java:201)
	at java.base/java.lang.reflect.Method.invoke(Method.java:580)
	at java.base/java.util.ArrayList.forEach(ArrayList.java:1597)
	at java.base/java.util.ArrayList.forEach(ArrayList.java:1597)

[ERROR] Tests run: 3, Failures: 0, Errors: 3, Skipped: 0, Time elapsed: 0.007 s <<< FAILURE! -- in org.jsoup.select.NodesTest
[ERROR] org.jsoup.select.NodesTest.before -- Time elapsed: 0.001 s <<< ERROR!
java.lang.NoSuchMethodError: 'java.lang.String org.jsoup.parser.TokenQueue.unescape(java.lang.String)'
	at org.jsoup.select.QueryParser.contains(QueryParser.java:449)
	at org.jsoup.select.QueryParser.parsePseudoSelector(QueryParser.java:212)
	at org.jsoup.select.QueryParser.parseSubclass(QueryParser.java:175)
	at org.jsoup.select.QueryParser.parseNodeSelector(QueryParser.java:299)
	at org.jsoup.select.QueryParser.parseSubclass(QueryParser.java:174)
	at org.jsoup.select.QueryParser.parseSimpleSequence(QueryParser.java:139)
	at org.jsoup.select.QueryParser.parseSelector(QueryParser.java:104)
	at org.jsoup.select.QueryParser.parseSelectorGroup(QueryParser.java:87)
	at org.jsoup.select.QueryParser.parse(QueryParser.java:78)
	at org.jsoup.select.QueryParser.parse(QueryParser.java:56)
	at org.jsoup.select.Selector.evaluatorOf(Selector.java:285)
	at org.jsoup.nodes.Element.selectNodes(Element.java:665)
	at org.jsoup.select.NodesTest.before(NodesTest.java:13)
	at java.base/java.lang.reflect.Method.invoke(Method.java:580)
	at java.base/java.util.ArrayList.forEach(ArrayList.java:1597)
	at java.base/java.util.ArrayList.forEach(ArrayList.java:1597)

[ERROR] org.jsoup.select.NodesTest.wrap -- Time elapsed: 0.001 s <<< ERROR!
java.lang.NoSuchMethodError: 'java.lang.String org.jsoup.parser.TokenQueue.unescape(java.lang.String)'
	at org.jsoup.select.QueryParser.contains(QueryParser.java:449)
	at org.jsoup.select.QueryParser.parsePseudoSelector(QueryParser.java:212)
	at org.jsoup.select.QueryParser.parseSubclass(QueryParser.java:175)
	at org.jsoup.select.QueryParser.parseNodeSelector(QueryParser.java:299)
	at org.jsoup.select.QueryParser.parseSubclass(QueryParser.java:174)
	at org.jsoup.select.QueryParser.parseSimpleSequence(QueryParser.java:139)
	at org.jsoup.select.QueryParser.parseSelector(QueryParser.java:104)
	at org.jsoup.select.QueryParser.parseSelectorGroup(QueryParser.java:87)
	at org.jsoup.select.QueryParser.parse(QueryParser.java:78)
	at org.jsoup.select.QueryParser.parse(QueryParser.java:56)
	at org.jsoup.select.Selector.evaluatorOf(Selector.java:285)
	at org.jsoup.nodes.Element.selectNodes(Element.java:665)
	at org.jsoup.select.NodesTest.wrap(NodesTest.java:27)
	at java.base/java.lang.reflect.Method.invoke(Method.java:580)
	at java.base/java.util.ArrayList.forEach(ArrayList.java:1597)
	at java.base/java.util.ArrayList.forEach(ArrayList.java:1597)

[ERROR] org.jsoup.select.NodesTest.after -- Time elapsed: 0.001 s <<< ERROR!
java.lang.NoSuchMethodError: 'java.lang.String org.jsoup.parser.TokenQueue.unescape(java.lang.String)'
	at org.jsoup.select.QueryParser.contains(QueryParser.java:449)
	at org.jsoup.select.QueryParser.parsePseudoSelector(QueryParser.java:212)
	at org.jsoup.select.QueryParser.parseSubclass(QueryParser.java:175)
	at org.jsoup.select.QueryParser.parseNodeSelector(QueryParser.java:299)
	at org.jsoup.select.QueryParser.parseSubclass(QueryParser.java:174)
	at org.jsoup.select.QueryParser.parseSimpleSequence(QueryParser.java:139)
	at org.jsoup.select.QueryParser.parseSelector(QueryParser.java:104)
	at org.jsoup.select.QueryParser.parseSelectorGroup(QueryParser.java:87)
	at org.jsoup.select.QueryParser.parse(QueryParser.java:78)
	at org.jsoup.select.QueryParser.parse(QueryParser.java:56)
	at org.jsoup.select.Selector.evaluatorOf(Selector.java:285)
	at org.jsoup.nodes.Element.selectNodes(Element.java:665)
	at org.jsoup.select.NodesTest.after(NodesTest.java:20)
	at java.base/java.lang.reflect.Method.invoke(Method.java:580)
	at java.base/java.util.ArrayList.forEach(ArrayList.java:1597)
	at java.base/java.util.ArrayList.forEach(ArrayList.java:1597)

WARNING: :matchText selector is deprecated and will be removed in jsoup 1.24.1. Use Element#selectNodes(String, Class) with selector ::textnode and class TextNode instead.
[ERROR] Tests run: 142, Failures: 0, Errors: 26, Skipped: 0, Time elapsed: 0.109 s <<< FAILURE! -- in org.jsoup.select.SelectorTest
[ERROR] org.jsoup.select.SelectorTest.containsData(Locale)[1] -- Time elapsed: 0.001 s <<< ERROR!
java.lang.NoSuchMethodError: 'java.lang.String org.jsoup.parser.TokenQueue.unescape(java.lang.String)'
	at org.jsoup.select.QueryParser.containsData(QueryParser.java:471)
	at org.jsoup.select.QueryParser.parsePseudoSelector(QueryParser.java:220)
	at org.jsoup.select.QueryParser.parseSubclass(QueryParser.java:175)
	at org.jsoup.select.QueryParser.parseSimpleSequence(QueryParser.java:139)
	at org.jsoup.select.QueryParser.parseSelector(QueryParser.java:104)
	at org.jsoup.select.QueryParser.parseSelectorGroup(QueryParser.java:87)
	at org.jsoup.select.QueryParser.parse(QueryParser.java:78)
	at org.jsoup.select.QueryParser.parse(QueryParser.java:56)
	at org.jsoup.select.Selector.evaluatorOf(Selector.java:285)
	at org.jsoup.select.Selector.select(Selector.java:128)
	at org.jsoup.nodes.Element.select(Element.java:517)
	at org.jsoup.select.SelectorTest.containsData(SelectorTest.java:940)
	at java.base/java.lang.reflect.Method.invoke(Method.java:580)
	at java.base/java.util.Optional.ifPresent(Optional.java:178)
	at java.base/java.util.stream.ForEachOps$ForEachOp$OfRef.accept(ForEachOps.java:184)
	at java.base/java.util.stream.ReferencePipeline$3$1.accept(ReferencePipeline.java:215)
	at java.base/java.util.Spliterators$ArraySpliterator.forEachRemaining(Spliterators.java:1024)
	at java.base/java.util.stream.ReferencePipeline$Head.forEach(ReferencePipeline.java:807)
	at java.base/java.util.stream.ReferencePipeline$7$1FlatMap.accept(ReferencePipeline.java:294)
	at java.base/java.util.stream.ReferencePipeline$3$1.accept(ReferencePipeline.java:215)
	at java.base/java.util.stream.ReferencePipeline$3$1.accept(ReferencePipeline.java:215)
	at java.base/java.util.stream.ReferencePipeline$3$1.accept(ReferencePipeline.java:215)
	at java.base/java.util.ArrayList$ArrayListSpliterator.forEachRemaining(ArrayList.java:1709)
	at java.base/java.util.stream.AbstractPipeline.copyInto(AbstractPipeline.java:570)
	at java.base/java.util.stream.AbstractPipeline.wrapAndCopyInto(AbstractPipeline.java:560)
	at java.base/java.util.stream.ForEachOps$ForEachOp.evaluateSequential(ForEachOps.java:151)
	at java.base/java.util.stream.ForEachOps$ForEachOp$OfRef.evaluateSequential(ForEachOps.java:174)
	at java.base/java.util.stream.AbstractPipeline.evaluate(AbstractPipeline.java:265)
	at java.base/java.util.stream.ReferencePipeline.forEach(ReferencePipeline.java:636)
	at java.base/java.util.ArrayList.forEach(ArrayList.java:1597)
	at java.base/java.util.ArrayList.forEach(ArrayList.java:1597)

[ERROR] org.jsoup.select.SelectorTest.containsData(Locale)[2] -- Time elapsed: 0.001 s <<< ERROR!
java.lang.NoSuchMethodError: 'java.lang.String org.jsoup.parser.TokenQueue.unescape(java.lang.String)'
	at org.jsoup.select.QueryParser.containsData(QueryParser.java:471)
	at org.jsoup.select.QueryParser.parsePseudoSelector(QueryParser.java:220)
	at org.jsoup.select.QueryParser.parseSubclass(QueryParser.java:175)
	at org.jsoup.select.QueryParser.parseSimpleSequence(QueryParser.java:139)
	at org.jsoup.select.QueryParser.parseSelector(QueryParser.java:104)
	at org.jsoup.select.QueryParser.parseSelectorGroup(QueryParser.java:87)
	at org.jsoup.select.QueryParser.parse(QueryParser.java:78)
	at org.jsoup.select.QueryParser.parse(QueryParser.java:56)
	at org.jsoup.select.Selector.evaluatorOf(Selector.java:285)
	at org.jsoup.select.Selector.select(Selector.java:128)
	at org.jsoup.nodes.Element.select(Element.java:517)
	at org.jsoup.select.SelectorTest.containsData(SelectorTest.java:940)
	at java.base/java.lang.reflect.Method.invoke(Method.java:580)
	at java.base/java.util.Optional.ifPresent(Optional.java:178)
	at java.base/java.util.stream.ForEachOps$ForEachOp$OfRef.accept(ForEachOps.java:184)
	at java.base/java.util.stream.ReferencePipeline$3$1.accept(ReferencePipeline.java:215)
	at java.base/java.util.Spliterators$ArraySpliterator.forEachRemaining(Spliterators.java:1024)
	at java.base/java.util.stream.ReferencePipeline$Head.forEach(ReferencePipeline.java:807)
	at java.base/java.util.stream.ReferencePipeline$7$1FlatMap.accept(ReferencePipeline.java:294)
	at java.base/java.util.stream.ReferencePipeline$3$1.accept(ReferencePipeline.java:215)
	at java.base/java.util.stream.ReferencePipeline$3$1.accept(ReferencePipeline.java:215)
	at java.base/java.util.stream.ReferencePipeline$3$1.accept(ReferencePipeline.java:215)
	at java.base/java.util.ArrayList$ArrayListSpliterator.forEachRemaining(ArrayList.java:1709)
	at java.base/java.util.stream.AbstractPipeline.copyInto(AbstractPipeline.java:570)
	at java.base/java.util.stream.AbstractPipeline.wrapAndCopyInto(AbstractPipeline.java:560)
	at java.base/java.util.stream.ForEachOps$ForEachOp.evaluateSequential(ForEachOps.java:151)
	at java.base/java.util.stream.ForEachOps$ForEachOp$OfRef.evaluateSequential(ForEachOps.java:174)
	at java.base/java.util.stream.AbstractPipeline.evaluate(AbstractPipeline.java:265)
	at java.base/java.util.stream.ReferencePipeline.forEach(ReferencePipeline.java:636)
	at java.base/java.util.ArrayList.forEach(ArrayList.java:1597)
	at java.base/java.util.ArrayList.forEach(ArrayList.java:1597)

[ERROR] org.jsoup.select.SelectorTest.testWildcardNamespacedXmlTag -- Time elapsed: 0.001 s <<< ERROR!
java.lang.NoSuchMethodError: 'java.lang.String org.jsoup.parser.TokenQueue.unescape(java.lang.String)'
	at org.jsoup.select.QueryParser.contains(QueryParser.java:449)
	at org.jsoup.select.QueryParser.parsePseudoSelector(QueryParser.java:212)
	at org.jsoup.select.QueryParser.parseSubclass(QueryParser.java:175)
	at org.jsoup.select.QueryParser.parseSimpleSequence(QueryParser.java:139)
	at org.jsoup.select.QueryParser.parseSelector(QueryParser.java:104)
	at org.jsoup.select.QueryParser.parseSelectorGroup(QueryParser.java:87)
	at org.jsoup.select.QueryParser.parse(QueryParser.java:78)
	at org.jsoup.select.QueryParser.parse(QueryParser.java:56)
	at org.jsoup.select.Selector.evaluatorOf(Selector.java:285)
	at org.jsoup.select.Selector.select(Selector.java:128)
	at org.jsoup.nodes.Element.select(Element.java:517)
	at org.jsoup.select.SelectorTest.testWildcardNamespacedXmlTag(SelectorTest.java:211)
	at java.base/java.lang.reflect.Method.invoke(Method.java:580)
	at java.base/java.util.ArrayList.forEach(ArrayList.java:1597)
	at java.base/java.util.ArrayList.forEach(ArrayList.java:1597)

[ERROR] org.jsoup.select.SelectorTest.selectSameElements -- Time elapsed: 0.001 s <<< ERROR!
java.lang.NoSuchMethodError: 'java.lang.String org.jsoup.parser.TokenQueue.unescape(java.lang.String)'
	at org.jsoup.select.QueryParser.contains(QueryParser.java:449)
	at org.jsoup.select.QueryParser.parsePseudoSelector(QueryParser.java:212)
	at org.jsoup.select.QueryParser.parseSubclass(QueryParser.java:175)
	at org.jsoup.select.QueryParser.parseSimpleSequence(QueryParser.java:139)
	at org.jsoup.select.QueryParser.parseSelector(QueryParser.java:104)
	at org.jsoup.select.QueryParser.parseSelectorGroup(QueryParser.java:87)
	at org.jsoup.select.QueryParser.parse(QueryParser.java:78)
	at org.jsoup.select.QueryParser.parse(QueryParser.java:56)
	at org.jsoup.select.Selector.evaluatorOf(Selector.java:285)
	at org.jsoup.select.Selector.select(Selector.java:183)
	at org.jsoup.select.Elements.select(Elements.java:440)
	at org.jsoup.select.SelectorTest.selectSameElements(SelectorTest.java:919)
	at java.base/java.lang.reflect.Method.invoke(Method.java:580)
	at java.base/java.util.ArrayList.forEach(ArrayList.java:1597)
	at java.base/java.util.ArrayList.forEach(ArrayList.java:1597)

[ERROR] org.jsoup.select.SelectorTest.nodeContains -- Time elapsed: 0.001 s <<< ERROR!
java.lang.NoSuchMethodError: 'java.lang.String org.jsoup.parser.TokenQueue.unescape(java.lang.String)'
	at org.jsoup.select.QueryParser.contains(QueryParser.java:449)
	at org.jsoup.select.QueryParser.parsePseudoSelector(QueryParser.java:212)
	at org.jsoup.select.QueryParser.parseSubclass(QueryParser.java:175)
	at org.jsoup.select.QueryParser.parseNodeSelector(QueryParser.java:299)
	at org.jsoup.select.QueryParser.parseSubclass(QueryParser.java:174)
	at org.jsoup.select.QueryParser.parseSimpleSequence(QueryParser.java:139)
	at org.jsoup.select.QueryParser.parseSelector(QueryParser.java:117)
	at org.jsoup.select.QueryParser.parseSelectorGroup(QueryParser.java:87)
	at org.jsoup.select.QueryParser.parse(QueryParser.java:78)
	at org.jsoup.select.QueryParser.parse(QueryParser.java:56)
	at org.jsoup.select.Selector.evaluatorOf(Selector.java:285)
	at org.jsoup.select.SelectorTest.nodeContains(SelectorTest.java:1586)
	at java.base/java.lang.reflect.Method.invoke(Method.java:580)
	at java.base/java.util.ArrayList.forEach(ArrayList.java:1597)
	at java.base/java.util.ArrayList.forEach(ArrayList.java:1597)

[ERROR] org.jsoup.select.SelectorTest.hasCommentWithText -- Time elapsed: 0.001 s <<< ERROR!
java.lang.NoSuchMethodError: 'java.lang.String org.jsoup.parser.TokenQueue.unescape(java.lang.String)'
	at org.jsoup.select.QueryParser.contains(QueryParser.java:449)
	at org.jsoup.select.QueryParser.parsePseudoSelector(QueryParser.java:212)
	at org.jsoup.select.QueryParser.parseSubclass(QueryParser.java:175)
	at org.jsoup.select.QueryParser.parseNodeSelector(QueryParser.java:299)
	at org.jsoup.select.QueryParser.parseSubclass(QueryParser.java:174)
	at org.jsoup.select.QueryParser.parseSimpleSequence(QueryParser.java:139)
	at org.jsoup.select.QueryParser.parseSelector(QueryParser.java:104)
	at org.jsoup.select.QueryParser.parseSelectorGroup(QueryParser.java:87)
	at org.jsoup.select.QueryParser.parseNested(QueryParser.java:441)
	at org.jsoup.select.QueryParser.has(QueryParser.java:431)
	at org.jsoup.select.QueryParser.parsePseudoSelector(QueryParser.java:208)
	at org.jsoup.select.QueryParser.parseSubclass(QueryParser.java:175)
	at org.jsoup.select.QueryParser.parseSimpleSequence(QueryParser.java:139)
	at org.jsoup.select.QueryParser.parseSelector(QueryParser.java:104)
	at org.jsoup.select.QueryParser.parseSelectorGroup(QueryParser.java:87)
	at org.jsoup.select.QueryParser.parse(QueryParser.java:78)
	at org.jsoup.select.QueryParser.parse(QueryParser.java:56)
	at org.jsoup.select.Selector.evaluatorOf(Selector.java:285)
	at org.jsoup.select.Selector.select(Selector.java:128)
	at org.jsoup.nodes.Element.select(Element.java:517)
	at org.jsoup.select.SelectorTest.hasCommentWithText(SelectorTest.java:1514)
	at java.base/java.lang.reflect.Method.invoke(Method.java:580)
	at java.base/java.util.ArrayList.forEach(ArrayList.java:1597)
	at java.base/java.util.ArrayList.forEach(ArrayList.java:1597)

[ERROR] org.jsoup.select.SelectorTest.descendantComment -- Time elapsed: 0.001 s <<< ERROR!
java.lang.NoSuchMethodError: 'java.lang.String org.jsoup.parser.TokenQueue.unescape(java.lang.String)'
	at org.jsoup.select.QueryParser.contains(QueryParser.java:449)
	at org.jsoup.select.QueryParser.parsePseudoSelector(QueryParser.java:212)
	at org.jsoup.select.QueryParser.parseSubclass(QueryParser.java:175)
	at org.jsoup.select.QueryParser.parseNodeSelector(QueryParser.java:299)
	at org.jsoup.select.QueryParser.parseSubclass(QueryParser.java:174)
	at org.jsoup.select.QueryParser.parseSimpleSequence(QueryParser.java:139)
	at org.jsoup.select.QueryParser.parseSelector(QueryParser.java:117)
	at org.jsoup.select.QueryParser.parseSelectorGroup(QueryParser.java:87)
	at org.jsoup.select.QueryParser.parseNested(QueryParser.java:441)
	at org.jsoup.select.QueryParser.has(QueryParser.java:431)
	at org.jsoup.select.QueryParser.parsePseudoSelector(QueryParser.java:208)
	at org.jsoup.select.QueryParser.parseSubclass(QueryParser.java:175)
	at org.jsoup.select.QueryParser.parseSimpleSequence(QueryParser.java:139)
	at org.jsoup.select.QueryParser.parseSelector(QueryParser.java:117)
	at org.jsoup.select.QueryParser.parseSelectorGroup(QueryParser.java:87)
	at org.jsoup.select.QueryParser.parse(QueryParser.java:78)
	at org.jsoup.select.QueryParser.parse(QueryParser.java:56)
	at org.jsoup.select.EvaluatorDebug.sexpr(EvaluatorDebug.java:51)
	at org.jsoup.select.SelectorTest.descendantComment(SelectorTest.java:1527)
	at java.base/java.lang.reflect.Method.invoke(Method.java:580)
	at java.base/java.util.ArrayList.forEach(ArrayList.java:1597)
	at java.base/java.util.ArrayList.forEach(ArrayList.java:1597)

[ERROR] org.jsoup.select.SelectorTest.testCombinedWithContains -- Time elapsed: 0.001 s <<< ERROR!
java.lang.NoSuchMethodError: 'java.lang.String org.jsoup.parser.TokenQueue.unescape(java.lang.String)'
	at org.jsoup.select.QueryParser.contains(QueryParser.java:449)
	at org.jsoup.select.QueryParser.parsePseudoSelector(QueryParser.java:212)
	at org.jsoup.select.QueryParser.parseSubclass(QueryParser.java:175)
	at org.jsoup.select.QueryParser.parseSimpleSequence(QueryParser.java:139)
	at org.jsoup.select.QueryParser.parseSelector(QueryParser.java:117)
	at org.jsoup.select.QueryParser.parseSelectorGroup(QueryParser.java:87)
	at org.jsoup.select.QueryParser.parse(QueryParser.java:78)
	at org.jsoup.select.QueryParser.parse(QueryParser.java:56)
	at org.jsoup.select.Selector.evaluatorOf(Selector.java:285)
	at org.jsoup.select.Selector.select(Selector.java:128)
	at org.jsoup.nodes.Element.select(Element.java:517)
	at org.jsoup.select.SelectorTest.testCombinedWithContains(SelectorTest.java:268)
	at java.base/java.lang.reflect.Method.invoke(Method.java:580)
	at java.base/java.util.ArrayList.forEach(ArrayList.java:1597)
	at java.base/java.util.ArrayList.forEach(ArrayList.java:1597)

[ERROR] org.jsoup.select.SelectorTest.containsWithQuote -- Time elapsed: 0 s <<< ERROR!
java.lang.NoSuchMethodError: 'java.lang.String org.jsoup.parser.TokenQueue.unescape(java.lang.String)'
	at org.jsoup.select.QueryParser.contains(QueryParser.java:449)
	at org.jsoup.select.QueryParser.parsePseudoSelector(QueryParser.java:212)
	at org.jsoup.select.QueryParser.parseSubclass(QueryParser.java:175)
	at org.jsoup.select.QueryParser.parseSimpleSequence(QueryParser.java:139)
	at org.jsoup.select.QueryParser.parseSelector(QueryParser.java:104)
	at org.jsoup.select.QueryParser.parseSelectorGroup(QueryParser.java:87)
	at org.jsoup.select.QueryParser.parse(QueryParser.java:78)
	at org.jsoup.select.QueryParser.parse(QueryParser.java:56)
	at org.jsoup.select.Selector.evaluatorOf(Selector.java:285)
	at org.jsoup.select.Selector.select(Selector.java:128)
	at org.jsoup.nodes.Element.select(Element.java:517)
	at org.jsoup.select.SelectorTest.containsWithQuote(SelectorTest.java:962)
	at java.base/java.lang.reflect.Method.invoke(Method.java:580)
	at java.base/java.util.ArrayList.forEach(ArrayList.java:1597)
	at java.base/java.util.ArrayList.forEach(ArrayList.java:1597)

[ERROR] org.jsoup.select.SelectorTest.leafNodeContains -- Time elapsed: 0.001 s <<< ERROR!
java.lang.NoSuchMethodError: 'java.lang.String org.jsoup.parser.TokenQueue.unescape(java.lang.String)'
	at org.jsoup.select.QueryParser.contains(QueryParser.java:449)
	at org.jsoup.select.QueryParser.parsePseudoSelector(QueryParser.java:212)
	at org.jsoup.select.QueryParser.parseSubclass(QueryParser.java:175)
	at org.jsoup.select.QueryParser.parseNodeSelector(QueryParser.java:299)
	at org.jsoup.select.QueryParser.parseSubclass(QueryParser.java:174)
	at org.jsoup.select.QueryParser.parseSimpleSequence(QueryParser.java:139)
	at org.jsoup.select.QueryParser.parseSelector(QueryParser.java:104)
	at org.jsoup.select.QueryParser.parseSelectorGroup(QueryParser.java:87)
	at org.jsoup.select.QueryParser.parseNested(QueryParser.java:441)
	at org.jsoup.select.QueryParser.has(QueryParser.java:431)
	at org.jsoup.select.QueryParser.parsePseudoSelector(QueryParser.java:208)
	at org.jsoup.select.QueryParser.parseSubclass(QueryParser.java:175)
	at org.jsoup.select.QueryParser.parseSimpleSequence(QueryParser.java:139)
	at org.jsoup.select.QueryParser.parseSelector(QueryParser.java:104)
	at org.jsoup.select.QueryParser.parseSelectorGroup(QueryParser.java:87)
	at org.jsoup.select.QueryParser.parse(QueryParser.java:78)
	at org.jsoup.select.QueryParser.parse(QueryParser.java:56)
	at org.jsoup.select.EvaluatorDebug.sexpr(EvaluatorDebug.java:51)
	at org.jsoup.select.SelectorTest.leafNodeContains(SelectorTest.java:1578)
	at java.base/java.lang.reflect.Method.invoke(Method.java:580)
	at java.base/java.util.ArrayList.forEach(ArrayList.java:1597)
	at java.base/java.util.ArrayList.forEach(ArrayList.java:1597)

[ERROR] org.jsoup.select.SelectorTest.containsWholeOwnText -- Time elapsed: 0 s <<< ERROR!
java.lang.NoSuchMethodError: 'java.lang.String org.jsoup.parser.TokenQueue.unescape(java.lang.String)'
	at org.jsoup.select.QueryParser.containsWholeText(QueryParser.java:462)
	at org.jsoup.select.QueryParser.parsePseudoSelector(QueryParser.java:218)
	at org.jsoup.select.QueryParser.parseSubclass(QueryParser.java:175)
	at org.jsoup.select.QueryParser.parseSimpleSequence(QueryParser.java:139)
	at org.jsoup.select.QueryParser.parseSelector(QueryParser.java:104)
	at org.jsoup.select.QueryParser.parseSelectorGroup(QueryParser.java:87)
	at org.jsoup.select.QueryParser.parse(QueryParser.java:78)
	at org.jsoup.select.QueryParser.parse(QueryParser.java:56)
	at org.jsoup.select.Selector.evaluatorOf(Selector.java:285)
	at org.jsoup.select.Selector.select(Selector.java:128)
	at org.jsoup.nodes.Element.select(Element.java:517)
	at org.jsoup.select.SelectorTest.containsWholeOwnText(SelectorTest.java:724)
	at java.base/java.lang.reflect.Method.invoke(Method.java:580)
	at java.base/java.util.ArrayList.forEach(ArrayList.java:1597)
	at java.base/java.util.ArrayList.forEach(ArrayList.java:1597)

[ERROR] org.jsoup.select.SelectorTest.testPsuedoContainsWithParentheses -- Time elapsed: 0 s <<< ERROR!
java.lang.NoSuchMethodError: 'java.lang.String org.jsoup.parser.TokenQueue.unescape(java.lang.String)'
	at org.jsoup.select.QueryParser.contains(QueryParser.java:449)
	at org.jsoup.select.QueryParser.parsePseudoSelector(QueryParser.java:212)
	at org.jsoup.select.QueryParser.parseSubclass(QueryParser.java:175)
	at org.jsoup.select.QueryParser.parseSimpleSequence(QueryParser.java:139)
	at org.jsoup.select.QueryParser.parseSelector(QueryParser.java:104)
	at org.jsoup.select.QueryParser.parseSelectorGroup(QueryParser.java:87)
	at org.jsoup.select.QueryParser.parse(QueryParser.java:78)
	at org.jsoup.select.QueryParser.parse(QueryParser.java:56)
	at org.jsoup.select.Selector.evaluatorOf(Selector.java:285)
	at org.jsoup.select.Selector.select(Selector.java:128)
	at org.jsoup.nodes.Element.select(Element.java:517)
	at org.jsoup.select.SelectorTest.testPsuedoContainsWithParentheses(SelectorTest.java:691)
	at java.base/java.lang.reflect.Method.invoke(Method.java:580)
	at java.base/java.util.ArrayList.forEach(ArrayList.java:1597)
	at java.base/java.util.ArrayList.forEach(ArrayList.java:1597)

[ERROR] org.jsoup.select.SelectorTest.containsOwn(Locale)[1] -- Time elapsed: 0.001 s <<< ERROR!
java.lang.NoSuchMethodError: 'java.lang.String org.jsoup.parser.TokenQueue.unescape(java.lang.String)'
	at org.jsoup.select.QueryParser.contains(QueryParser.java:449)
	at org.jsoup.select.QueryParser.parsePseudoSelector(QueryParser.java:214)
	at org.jsoup.select.QueryParser.parseSubclass(QueryParser.java:175)
	at org.jsoup.select.QueryParser.parseSimpleSequence(QueryParser.java:139)
	at org.jsoup.select.QueryParser.parseSelector(QueryParser.java:104)
	at org.jsoup.select.QueryParser.parseSelectorGroup(QueryParser.java:87)
	at org.jsoup.select.QueryParser.parse(QueryParser.java:78)
	at org.jsoup.select.QueryParser.parse(QueryParser.java:56)
	at org.jsoup.select.Selector.evaluatorOf(Selector.java:285)
	at org.jsoup.select.Selector.select(Selector.java:128)
	at org.jsoup.nodes.Element.select(Element.java:517)
	at org.jsoup.select.SelectorTest.containsOwn(SelectorTest.java:745)
	at java.base/java.lang.reflect.Method.invoke(Method.java:580)
	at java.base/java.util.Optional.ifPresent(Optional.java:178)
	at java.base/java.util.stream.ForEachOps$ForEachOp$OfRef.accept(ForEachOps.java:184)
	at java.base/java.util.stream.ReferencePipeline$3$1.accept(ReferencePipeline.java:215)
	at java.base/java.util.Spliterators$ArraySpliterator.forEachRemaining(Spliterators.java:1024)
	at java.base/java.util.stream.ReferencePipeline$Head.forEach(ReferencePipeline.java:807)
	at java.base/java.util.stream.ReferencePipeline$7$1FlatMap.accept(ReferencePipeline.java:294)
	at java.base/java.util.stream.ReferencePipeline$3$1.accept(ReferencePipeline.java:215)
	at java.base/java.util.stream.ReferencePipeline$3$1.accept(ReferencePipeline.java:215)
	at java.base/java.util.stream.ReferencePipeline$3$1.accept(ReferencePipeline.java:215)
	at java.base/java.util.ArrayList$ArrayListSpliterator.forEachRemaining(ArrayList.java:1709)
	at java.base/java.util.stream.AbstractPipeline.copyInto(AbstractPipeline.java:570)
	at java.base/java.util.stream.AbstractPipeline.wrapAndCopyInto(AbstractPipeline.java:560)
	at java.base/java.util.stream.ForEachOps$ForEachOp.evaluateSequential(ForEachOps.java:151)
	at java.base/java.util.stream.ForEachOps$ForEachOp$OfRef.evaluateSequential(ForEachOps.java:174)
	at java.base/java.util.stream.AbstractPipeline.evaluate(AbstractPipeline.java:265)
	at java.base/java.util.stream.ReferencePipeline.forEach(ReferencePipeline.java:636)
	at java.base/java.util.ArrayList.forEach(ArrayList.java:1597)
	at java.base/java.util.ArrayList.forEach(ArrayList.java:1597)

[ERROR] org.jsoup.select.SelectorTest.containsOwn(Locale)[2] -- Time elapsed: 0.001 s <<< ERROR!
java.lang.NoSuchMethodError: 'java.lang.String org.jsoup.parser.TokenQueue.unescape(java.lang.String)'
	at org.jsoup.select.QueryParser.contains(QueryParser.java:449)
	at org.jsoup.select.QueryParser.parsePseudoSelector(QueryParser.java:214)
	at org.jsoup.select.QueryParser.parseSubclass(QueryParser.java:175)
	at org.jsoup.select.QueryParser.parseSimpleSequence(QueryParser.java:139)
	at org.jsoup.select.QueryParser.parseSelector(QueryParser.java:104)
	at org.jsoup.select.QueryParser.parseSelectorGroup(QueryParser.java:87)
	at org.jsoup.select.QueryParser.parse(QueryParser.java:78)
	at org.jsoup.select.QueryParser.parse(QueryParser.java:56)
	at org.jsoup.select.Selector.evaluatorOf(Selector.java:285)
	at org.jsoup.select.Selector.select(Selector.java:128)
	at org.jsoup.nodes.Element.select(Element.java:517)
	at org.jsoup.select.SelectorTest.containsOwn(SelectorTest.java:745)
	at java.base/java.lang.reflect.Method.invoke(Method.java:580)
	at java.base/java.util.Optional.ifPresent(Optional.java:178)
	at java.base/java.util.stream.ForEachOps$ForEachOp$OfRef.accept(ForEachOps.java:184)
	at java.base/java.util.stream.ReferencePipeline$3$1.accept(ReferencePipeline.java:215)
	at java.base/java.util.Spliterators$ArraySpliterator.forEachRemaining(Spliterators.java:1024)
	at java.base/java.util.stream.ReferencePipeline$Head.forEach(ReferencePipeline.java:807)
	at java.base/java.util.stream.ReferencePipeline$7$1FlatMap.accept(ReferencePipeline.java:294)
	at java.base/java.util.stream.ReferencePipeline$3$1.accept(ReferencePipeline.java:215)
	at java.base/java.util.stream.ReferencePipeline$3$1.accept(ReferencePipeline.java:215)
	at java.base/java.util.stream.ReferencePipeline$3$1.accept(ReferencePipeline.java:215)
	at java.base/java.util.ArrayList$ArrayListSpliterator.forEachRemaining(ArrayList.java:1709)
	at java.base/java.util.stream.AbstractPipeline.copyInto(AbstractPipeline.java:570)
	at java.base/java.util.stream.AbstractPipeline.wrapAndCopyInto(AbstractPipeline.java:560)
	at java.base/java.util.stream.ForEachOps$ForEachOp.evaluateSequential(ForEachOps.java:151)
	at java.base/java.util.stream.ForEachOps$ForEachOp$OfRef.evaluateSequential(ForEachOps.java:174)
	at java.base/java.util.stream.AbstractPipeline.evaluate(AbstractPipeline.java:265)
	at java.base/java.util.stream.ReferencePipeline.forEach(ReferencePipeline.java:636)
	at java.base/java.util.ArrayList.forEach(ArrayList.java:1597)
	at java.base/java.util.ArrayList.forEach(ArrayList.java:1597)

[ERROR] org.jsoup.select.SelectorTest.containsTextQueryIsNormalized -- Time elapsed: 0 s <<< ERROR!
java.lang.NoSuchMethodError: 'java.lang.String org.jsoup.parser.TokenQueue.unescape(java.lang.String)'
	at org.jsoup.select.QueryParser.contains(QueryParser.java:449)
	at org.jsoup.select.QueryParser.parsePseudoSelector(QueryParser.java:212)
	at org.jsoup.select.QueryParser.parseSubclass(QueryParser.java:175)
	at org.jsoup.select.QueryParser.parseSimpleSequence(QueryParser.java:139)
	at org.jsoup.select.QueryParser.parseSelector(QueryParser.java:104)
	at org.jsoup.select.QueryParser.parseSelectorGroup(QueryParser.java:87)
	at org.jsoup.select.QueryParser.parse(QueryParser.java:78)
	at org.jsoup.select.QueryParser.parse(QueryParser.java:56)
	at org.jsoup.select.Selector.evaluatorOf(Selector.java:285)
	at org.jsoup.select.Selector.select(Selector.java:128)
	at org.jsoup.nodes.Element.select(Element.java:517)
	at org.jsoup.select.SelectorTest.containsTextQueryIsNormalized(SelectorTest.java:1174)
	at java.base/java.lang.reflect.Method.invoke(Method.java:580)
	at java.base/java.util.ArrayList.forEach(ArrayList.java:1597)
	at java.base/java.util.ArrayList.forEach(ArrayList.java:1597)

[ERROR] org.jsoup.select.SelectorTest.testPseudoContains(Locale)[1] -- Time elapsed: 0.001 s <<< ERROR!
java.lang.NoSuchMethodError: 'java.lang.String org.jsoup.parser.TokenQueue.unescape(java.lang.String)'
	at org.jsoup.select.QueryParser.contains(QueryParser.java:449)
	at org.jsoup.select.QueryParser.parsePseudoSelector(QueryParser.java:212)
	at org.jsoup.select.QueryParser.parseSubclass(QueryParser.java:175)
	at org.jsoup.select.QueryParser.parseSimpleSequence(QueryParser.java:139)
	at org.jsoup.select.QueryParser.parseSelector(QueryParser.java:104)
	at org.jsoup.select.QueryParser.parseSelectorGroup(QueryParser.java:87)
	at org.jsoup.select.QueryParser.parse(QueryParser.java:78)
	at org.jsoup.select.QueryParser.parse(QueryParser.java:56)
	at org.jsoup.select.Selector.evaluatorOf(Selector.java:285)
	at org.jsoup.select.Selector.select(Selector.java:128)
	at org.jsoup.nodes.Element.select(Element.java:517)
	at org.jsoup.select.SelectorTest.testPseudoContains(SelectorTest.java:665)
	at java.base/java.lang.reflect.Method.invoke(Method.java:580)
	at java.base/java.util.Optional.ifPresent(Optional.java:178)
	at java.base/java.util.stream.ForEachOps$ForEachOp$OfRef.accept(ForEachOps.java:184)
	at java.base/java.util.stream.ReferencePipeline$3$1.accept(ReferencePipeline.java:215)
	at java.base/java.util.Spliterators$ArraySpliterator.forEachRemaining(Spliterators.java:1024)
	at java.base/java.util.stream.ReferencePipeline$Head.forEach(ReferencePipeline.java:807)
	at java.base/java.util.stream.ReferencePipeline$7$1FlatMap.accept(ReferencePipeline.java:294)
	at java.base/java.util.stream.ReferencePipeline$3$1.accept(ReferencePipeline.java:215)
	at java.base/java.util.stream.ReferencePipeline$3$1.accept(ReferencePipeline.java:215)
	at java.base/java.util.stream.ReferencePipeline$3$1.accept(ReferencePipeline.java:215)
	at java.base/java.util.ArrayList$ArrayListSpliterator.forEachRemaining(ArrayList.java:1709)
	at java.base/java.util.stream.AbstractPipeline.copyInto(AbstractPipeline.java:570)
	at java.base/java.util.stream.AbstractPipeline.wrapAndCopyInto(AbstractPipeline.java:560)
	at java.base/java.util.stream.ForEachOps$ForEachOp.evaluateSequential(ForEachOps.java:151)
	at java.base/java.util.stream.ForEachOps$ForEachOp$OfRef.evaluateSequential(ForEachOps.java:174)
	at java.base/java.util.stream.AbstractPipeline.evaluate(AbstractPipeline.java:265)
	at java.base/java.util.stream.ReferencePipeline.forEach(ReferencePipeline.java:636)
	at java.base/java.util.ArrayList.forEach(ArrayList.java:1597)
	at java.base/java.util.ArrayList.forEach(ArrayList.java:1597)

[ERROR] org.jsoup.select.SelectorTest.testPseudoContains(Locale)[2] -- Time elapsed: 0.001 s <<< ERROR!
java.lang.NoSuchMethodError: 'java.lang.String org.jsoup.parser.TokenQueue.unescape(java.lang.String)'
	at org.jsoup.select.QueryParser.contains(QueryParser.java:449)
	at org.jsoup.select.QueryParser.parsePseudoSelector(QueryParser.java:212)
	at org.jsoup.select.QueryParser.parseSubclass(QueryParser.java:175)
	at org.jsoup.select.QueryParser.parseSimpleSequence(QueryParser.java:139)
	at org.jsoup.select.QueryParser.parseSelector(QueryParser.java:104)
	at org.jsoup.select.QueryParser.parseSelectorGroup(QueryParser.java:87)
	at org.jsoup.select.QueryParser.parse(QueryParser.java:78)
	at org.jsoup.select.QueryParser.parse(QueryParser.java:56)
	at org.jsoup.select.Selector.evaluatorOf(Selector.java:285)
	at org.jsoup.select.Selector.select(Selector.java:128)
	at org.jsoup.nodes.Element.select(Element.java:517)
	at org.jsoup.select.SelectorTest.testPseudoContains(SelectorTest.java:665)
	at java.base/java.lang.reflect.Method.invoke(Method.java:580)
	at java.base/java.util.Optional.ifPresent(Optional.java:178)
	at java.base/java.util.stream.ForEachOps$ForEachOp$OfRef.accept(ForEachOps.java:184)
	at java.base/java.util.stream.ReferencePipeline$3$1.accept(ReferencePipeline.java:215)
	at java.base/java.util.Spliterators$ArraySpliterator.forEachRemaining(Spliterators.java:1024)
	at java.base/java.util.stream.ReferencePipeline$Head.forEach(ReferencePipeline.java:807)
	at java.base/java.util.stream.ReferencePipeline$7$1FlatMap.accept(ReferencePipeline.java:294)
	at java.base/java.util.stream.ReferencePipeline$3$1.accept(ReferencePipeline.java:215)
	at java.base/java.util.stream.ReferencePipeline$3$1.accept(ReferencePipeline.java:215)
	at java.base/java.util.stream.ReferencePipeline$3$1.accept(ReferencePipeline.java:215)
	at java.base/java.util.ArrayList$ArrayListSpliterator.forEachRemaining(ArrayList.java:1709)
	at java.base/java.util.stream.AbstractPipeline.copyInto(AbstractPipeline.java:570)
	at java.base/java.util.stream.AbstractPipeline.wrapAndCopyInto(AbstractPipeline.java:560)
	at java.base/java.util.stream.ForEachOps$ForEachOp.evaluateSequential(ForEachOps.java:151)
	at java.base/java.util.stream.ForEachOps$ForEachOp$OfRef.evaluateSequential(ForEachOps.java:174)
	at java.base/java.util.stream.AbstractPipeline.evaluate(AbstractPipeline.java:265)
	at java.base/java.util.stream.ReferencePipeline.forEach(ReferencePipeline.java:636)
	at java.base/java.util.ArrayList.forEach(ArrayList.java:1597)
	at java.base/java.util.ArrayList.forEach(ArrayList.java:1597)

[ERROR] org.jsoup.select.SelectorTest.selectSupplementaryCharacter -- Time elapsed: 0.004 s <<< ERROR!
java.lang.NoSuchMethodError: 'java.lang.String org.jsoup.parser.TokenQueue.unescape(java.lang.String)'
	at org.jsoup.select.QueryParser.contains(QueryParser.java:449)
	at org.jsoup.select.QueryParser.parsePseudoSelector(QueryParser.java:214)
	at org.jsoup.select.QueryParser.parseSubclass(QueryParser.java:175)
	at org.jsoup.select.QueryParser.parseSimpleSequence(QueryParser.java:139)
	at org.jsoup.select.QueryParser.parseSelector(QueryParser.java:104)
	at org.jsoup.select.QueryParser.parseSelectorGroup(QueryParser.java:87)
	at org.jsoup.select.QueryParser.parse(QueryParser.java:78)
	at org.jsoup.select.QueryParser.parse(QueryParser.java:56)
	at org.jsoup.select.Selector.evaluatorOf(Selector.java:285)
	at org.jsoup.select.Selector.select(Selector.java:128)
	at org.jsoup.nodes.Element.select(Element.java:517)
	at org.jsoup.select.SelectorTest.selectSupplementaryCharacter(SelectorTest.java:890)
	at java.base/java.lang.reflect.Method.invoke(Method.java:580)
	at java.base/java.util.ArrayList.forEach(ArrayList.java:1597)
	at java.base/java.util.ArrayList.forEach(ArrayList.java:1597)

[ERROR] org.jsoup.select.SelectorTest.cdataNodes -- Time elapsed: 0.001 s <<< ERROR!
java.lang.NoSuchMethodError: 'java.lang.String org.jsoup.parser.TokenQueue.unescape(java.lang.String)'
	at org.jsoup.select.QueryParser.contains(QueryParser.java:449)
	at org.jsoup.select.QueryParser.parsePseudoSelector(QueryParser.java:212)
	at org.jsoup.select.QueryParser.parseSubclass(QueryParser.java:175)
	at org.jsoup.select.QueryParser.parseNodeSelector(QueryParser.java:299)
	at org.jsoup.select.QueryParser.parseSubclass(QueryParser.java:174)
	at org.jsoup.select.QueryParser.parseSimpleSequence(QueryParser.java:139)
	at org.jsoup.select.QueryParser.parseSelector(QueryParser.java:104)
	at org.jsoup.select.QueryParser.parseSelectorGroup(QueryParser.java:87)
	at org.jsoup.select.QueryParser.parse(QueryParser.java:78)
	at org.jsoup.select.QueryParser.parse(QueryParser.java:56)
	at org.jsoup.select.Selector.evaluatorOf(Selector.java:285)
	at org.jsoup.nodes.Element.selectNodes(Element.java:665)
	at org.jsoup.select.SelectorTest.cdataNodes(SelectorTest.java:1711)
	at java.base/java.lang.reflect.Method.invoke(Method.java:580)
	at java.base/java.util.ArrayList.forEach(ArrayList.java:1597)
	at java.base/java.util.ArrayList.forEach(ArrayList.java:1597)

[ERROR] org.jsoup.select.SelectorTest.escapeCssIdentifier -- Time elapsed: 0.001 s <<< ERROR!
java.lang.NoSuchMethodError: 'java.lang.String org.jsoup.parser.TokenQueue.escapeCssIdentifier(java.lang.String)'
	at org.jsoup.select.Selector.escapeCssIdentifier(Selector.java:254)
	at org.jsoup.select.SelectorTest.escapeCssIdentifier(SelectorTest.java:1491)
	at java.base/java.lang.reflect.Method.invoke(Method.java:580)
	at java.base/java.util.ArrayList.forEach(ArrayList.java:1597)
	at java.base/java.util.ArrayList.forEach(ArrayList.java:1597)

[ERROR] org.jsoup.select.SelectorTest.selectComment -- Time elapsed: 0 s <<< ERROR!
java.lang.NoSuchMethodError: 'java.lang.String org.jsoup.parser.TokenQueue.unescape(java.lang.String)'
	at org.jsoup.select.QueryParser.contains(QueryParser.java:449)
	at org.jsoup.select.QueryParser.parsePseudoSelector(QueryParser.java:212)
	at org.jsoup.select.QueryParser.parseSubclass(QueryParser.java:175)
	at org.jsoup.select.QueryParser.parseNodeSelector(QueryParser.java:299)
	at org.jsoup.select.QueryParser.parseSubclass(QueryParser.java:174)
	at org.jsoup.select.QueryParser.parseSimpleSequence(QueryParser.java:139)
	at org.jsoup.select.QueryParser.parseSelector(QueryParser.java:104)
	at org.jsoup.select.QueryParser.parseSelectorGroup(QueryParser.java:87)
	at org.jsoup.select.QueryParser.parse(QueryParser.java:78)
	at org.jsoup.select.QueryParser.parse(QueryParser.java:56)
	at org.jsoup.select.EvaluatorDebug.sexpr(EvaluatorDebug.java:51)
	at org.jsoup.select.SelectorTest.selectComment(SelectorTest.java:1598)
	at java.base/java.lang.reflect.Method.invoke(Method.java:580)
	at java.base/java.util.ArrayList.forEach(ArrayList.java:1597)
	at java.base/java.util.ArrayList.forEach(ArrayList.java:1597)

[ERROR] org.jsoup.select.SelectorTest.testNamespacedTag -- Time elapsed: 0.001 s <<< ERROR!
java.lang.NoSuchMethodError: 'java.lang.String org.jsoup.parser.TokenQueue.unescape(java.lang.String)'
	at org.jsoup.select.QueryParser.contains(QueryParser.java:449)
	at org.jsoup.select.QueryParser.parsePseudoSelector(QueryParser.java:212)
	at org.jsoup.select.QueryParser.parseSubclass(QueryParser.java:175)
	at org.jsoup.select.QueryParser.parseSimpleSequence(QueryParser.java:139)
	at org.jsoup.select.QueryParser.parseSelector(QueryParser.java:104)
	at org.jsoup.select.QueryParser.parseSelectorGroup(QueryParser.java:87)
	at org.jsoup.select.QueryParser.parse(QueryParser.java:78)
	at org.jsoup.select.QueryParser.parse(QueryParser.java:56)
	at org.jsoup.select.Selector.evaluatorOf(Selector.java:285)
	at org.jsoup.select.Selector.select(Selector.java:128)
	at org.jsoup.nodes.Element.select(Element.java:517)
	at org.jsoup.select.SelectorTest.testNamespacedTag(SelectorTest.java:170)
	at java.base/java.lang.reflect.Method.invoke(Method.java:580)
	at java.base/java.util.ArrayList.forEach(ArrayList.java:1597)
	at java.base/java.util.ArrayList.forEach(ArrayList.java:1597)

[ERROR] org.jsoup.select.SelectorTest.testNestedHas -- Time elapsed: 0.001 s <<< ERROR!
java.lang.NoSuchMethodError: 'java.lang.String org.jsoup.parser.TokenQueue.unescape(java.lang.String)'
	at org.jsoup.select.QueryParser.contains(QueryParser.java:449)
	at org.jsoup.select.QueryParser.parsePseudoSelector(QueryParser.java:212)
	at org.jsoup.select.QueryParser.parseSubclass(QueryParser.java:175)
	at org.jsoup.select.QueryParser.parseSimpleSequence(QueryParser.java:139)
	at org.jsoup.select.QueryParser.parseSelector(QueryParser.java:104)
	at org.jsoup.select.QueryParser.parseSelectorGroup(QueryParser.java:87)
	at org.jsoup.select.QueryParser.parseNested(QueryParser.java:441)
	at org.jsoup.select.QueryParser.has(QueryParser.java:431)
	at org.jsoup.select.QueryParser.parsePseudoSelector(QueryParser.java:208)
	at org.jsoup.select.QueryParser.parseSubclass(QueryParser.java:175)
	at org.jsoup.select.QueryParser.parseSimpleSequence(QueryParser.java:139)
	at org.jsoup.select.QueryParser.parseSelector(QueryParser.java:104)
	at org.jsoup.select.QueryParser.parseSelectorGroup(QueryParser.java:87)
	at org.jsoup.select.QueryParser.parse(QueryParser.java:78)
	at org.jsoup.select.QueryParser.parse(QueryParser.java:56)
	at org.jsoup.select.Selector.evaluatorOf(Selector.java:285)
	at org.jsoup.select.Selector.select(Selector.java:128)
	at org.jsoup.nodes.Element.select(Element.java:517)
	at org.jsoup.select.SelectorTest.testNestedHas(SelectorTest.java:638)
	at java.base/java.lang.reflect.Method.invoke(Method.java:580)
	at java.base/java.util.ArrayList.forEach(ArrayList.java:1597)
	at java.base/java.util.ArrayList.forEach(ArrayList.java:1597)

[ERROR] org.jsoup.select.SelectorTest.datanode -- Time elapsed: 0.001 s <<< ERROR!
java.lang.NoSuchMethodError: 'java.lang.String org.jsoup.parser.TokenQueue.unescape(java.lang.String)'
	at org.jsoup.select.QueryParser.contains(QueryParser.java:449)
	at org.jsoup.select.QueryParser.parsePseudoSelector(QueryParser.java:212)
	at org.jsoup.select.QueryParser.parseSubclass(QueryParser.java:175)
	at org.jsoup.select.QueryParser.parseNodeSelector(QueryParser.java:299)
	at org.jsoup.select.QueryParser.parseSubclass(QueryParser.java:174)
	at org.jsoup.select.QueryParser.parseSimpleSequence(QueryParser.java:139)
	at org.jsoup.select.QueryParser.parseSelector(QueryParser.java:104)
	at org.jsoup.select.QueryParser.parseSelectorGroup(QueryParser.java:87)
	at org.jsoup.select.QueryParser.parseNested(QueryParser.java:441)
	at org.jsoup.select.QueryParser.has(QueryParser.java:431)
	at org.jsoup.select.QueryParser.parsePseudoSelector(QueryParser.java:208)
	at org.jsoup.select.QueryParser.parseSubclass(QueryParser.java:175)
	at org.jsoup.select.QueryParser.parseSimpleSequence(QueryParser.java:139)
	at org.jsoup.select.QueryParser.parseSelector(QueryParser.java:104)
	at org.jsoup.select.QueryParser.parseSelectorGroup(QueryParser.java:87)
	at org.jsoup.select.QueryParser.parse(QueryParser.java:78)
	at org.jsoup.select.QueryParser.parse(QueryParser.java:56)
	at org.jsoup.select.EvaluatorDebug.sexpr(EvaluatorDebug.java:51)
	at org.jsoup.select.SelectorTest.datanode(SelectorTest.java:1562)
	at java.base/java.lang.reflect.Method.invoke(Method.java:580)
	at java.base/java.util.ArrayList.forEach(ArrayList.java:1597)
	at java.base/java.util.ArrayList.forEach(ArrayList.java:1597)

[ERROR] org.jsoup.select.SelectorTest.containsWholeText -- Time elapsed: 0 s <<< ERROR!
java.lang.NoSuchMethodError: 'java.lang.String org.jsoup.parser.TokenQueue.unescape(java.lang.String)'
	at org.jsoup.select.QueryParser.containsWholeText(QueryParser.java:462)
	at org.jsoup.select.QueryParser.parsePseudoSelector(QueryParser.java:216)
	at org.jsoup.select.QueryParser.parseSubclass(QueryParser.java:175)
	at org.jsoup.select.QueryParser.parseSimpleSequence(QueryParser.java:139)
	at org.jsoup.select.QueryParser.parseSelector(QueryParser.java:104)
	at org.jsoup.select.QueryParser.parseSelectorGroup(QueryParser.java:87)
	at org.jsoup.select.QueryParser.parse(QueryParser.java:78)
	at org.jsoup.select.QueryParser.parse(QueryParser.java:56)
	at org.jsoup.select.Selector.evaluatorOf(Selector.java:285)
	at org.jsoup.select.Selector.select(Selector.java:128)
	at org.jsoup.nodes.Element.select(Element.java:517)
	at org.jsoup.select.SelectorTest.containsWholeText(SelectorTest.java:704)
	at java.base/java.lang.reflect.Method.invoke(Method.java:580)
	at java.base/java.util.ArrayList.forEach(ArrayList.java:1597)
	at java.base/java.util.ArrayList.forEach(ArrayList.java:1597)

[ERROR] org.jsoup.select.SelectorTest.testWildcardNamespacedTag -- Time elapsed: 0.001 s <<< ERROR!
java.lang.NoSuchMethodError: 'java.lang.String org.jsoup.parser.TokenQueue.unescape(java.lang.String)'
	at org.jsoup.select.QueryParser.contains(QueryParser.java:449)
	at org.jsoup.select.QueryParser.parsePseudoSelector(QueryParser.java:212)
	at org.jsoup.select.QueryParser.parseSubclass(QueryParser.java:175)
	at org.jsoup.select.QueryParser.parseSimpleSequence(QueryParser.java:139)
	at org.jsoup.select.QueryParser.parseSelector(QueryParser.java:104)
	at org.jsoup.select.QueryParser.parseSelectorGroup(QueryParser.java:87)
	at org.jsoup.select.QueryParser.parse(QueryParser.java:78)
	at org.jsoup.select.QueryParser.parse(QueryParser.java:56)
	at org.jsoup.select.Selector.evaluatorOf(Selector.java:285)
	at org.jsoup.select.Selector.select(Selector.java:128)
	at org.jsoup.nodes.Element.select(Element.java:517)
	at org.jsoup.select.SelectorTest.testWildcardNamespacedTag(SelectorTest.java:185)
	at java.base/java.lang.reflect.Method.invoke(Method.java:580)
	at java.base/java.util.ArrayList.forEach(ArrayList.java:1597)
	at java.base/java.util.ArrayList.forEach(ArrayList.java:1597)

[ERROR] Tests run: 18, Failures: 0, Errors: 1, Skipped: 0, Time elapsed: 0.046 s <<< FAILURE! -- in org.jsoup.select.XpathTest
[ERROR] org.jsoup.select.XpathTest.cssAndXpathEquivalents(Document, String, String)[4] -- Time elapsed: 0.001 s <<< ERROR!
java.lang.NoSuchMethodError: 'java.lang.String org.jsoup.parser.TokenQueue.unescape(java.lang.String)'
	at org.jsoup.select.QueryParser.contains(QueryParser.java:449)
	at org.jsoup.select.QueryParser.parsePseudoSelector(QueryParser.java:214)
	at org.jsoup.select.QueryParser.parseSubclass(QueryParser.java:175)
	at org.jsoup.select.QueryParser.parseSimpleSequence(QueryParser.java:139)
	at org.jsoup.select.QueryParser.parseSelector(QueryParser.java:104)
	at org.jsoup.select.QueryParser.parseSelectorGroup(QueryParser.java:87)
	at org.jsoup.select.QueryParser.parse(QueryParser.java:78)
	at org.jsoup.select.QueryParser.parse(QueryParser.java:56)
	at org.jsoup.select.Selector.evaluatorOf(Selector.java:285)
	at org.jsoup.select.Selector.select(Selector.java:128)
	at org.jsoup.nodes.Element.select(Element.java:517)
	at org.jsoup.select.XpathTest.cssAndXpathEquivalents(XpathTest.java:106)
	at java.base/java.lang.reflect.Method.invoke(Method.java:580)
	at java.base/java.util.Optional.ifPresent(Optional.java:178)
	at java.base/java.util.stream.ForEachOps$ForEachOp$OfRef.accept(ForEachOps.java:184)
	at java.base/java.util.stream.ReferencePipeline$3$1.accept(ReferencePipeline.java:215)
	at java.base/java.util.stream.ForEachOps$ForEachOp$OfRef.accept(ForEachOps.java:184)
	at java.base/java.util.stream.ForEachOps$ForEachOp$OfRef.accept(ForEachOps.java:184)
	at java.base/java.util.stream.ReferencePipeline$3$1.accept(ReferencePipeline.java:215)
	at java.base/java.util.Spliterators$ArraySpliterator.forEachRemaining(Spliterators.java:1024)
	at java.base/java.util.stream.ReferencePipeline$Head.forEach(ReferencePipeline.java:807)
	at java.base/java.util.stream.ReferencePipeline$7$1FlatMap.accept(ReferencePipeline.java:294)
	at java.base/java.util.stream.ReferencePipeline$3$1.accept(ReferencePipeline.java:215)
	at java.base/java.util.stream.ReferencePipeline$3$1.accept(ReferencePipeline.java:215)
	at java.base/java.util.stream.ReferencePipeline$3$1.accept(ReferencePipeline.java:215)
	at java.base/java.util.Spliterators$ArraySpliterator.forEachRemaining(Spliterators.java:1024)
	at java.base/java.util.stream.AbstractPipeline.copyInto(AbstractPipeline.java:570)
	at java.base/java.util.stream.AbstractPipeline.wrapAndCopyInto(AbstractPipeline.java:560)
	at java.base/java.util.stream.ForEachOps$ForEachOp.evaluateSequential(ForEachOps.java:151)
	at java.base/java.util.stream.ForEachOps$ForEachOp$OfRef.evaluateSequential(ForEachOps.java:174)
	at java.base/java.util.stream.AbstractPipeline.evaluate(AbstractPipeline.java:265)
	at java.base/java.util.stream.ReferencePipeline.forEach(ReferencePipeline.java:636)
	at java.base/java.util.stream.ReferencePipeline$7$1FlatMap.accept(ReferencePipeline.java:294)
	at java.base/java.util.ArrayList$ArrayListSpliterator.forEachRemaining(ArrayList.java:1709)
	at java.base/java.util.stream.AbstractPipeline.copyInto(AbstractPipeline.java:570)
	at java.base/java.util.stream.AbstractPipeline.wrapAndCopyInto(AbstractPipeline.java:560)
	at java.base/java.util.stream.ForEachOps$ForEachOp.evaluateSequential(ForEachOps.java:151)
	at java.base/java.util.stream.ForEachOps$ForEachOp$OfRef.evaluateSequential(ForEachOps.java:174)
	at java.base/java.util.stream.AbstractPipeline.evaluate(AbstractPipeline.java:265)
	at java.base/java.util.stream.ReferencePipeline.forEach(ReferencePipeline.java:636)
	at java.base/java.util.stream.ReferencePipeline$7$1FlatMap.accept(ReferencePipeline.java:294)
	at java.base/java.util.stream.ReferencePipeline$3$1.accept(ReferencePipeline.java:215)
	at java.base/java.util.stream.ReferencePipeline$3$1.accept(ReferencePipeline.java:215)
	at java.base/java.util.stream.ReferencePipeline$3$1.accept(ReferencePipeline.java:215)
	at java.base/java.util.ArrayList$ArrayListSpliterator.forEachRemaining(ArrayList.java:1709)
	at java.base/java.util.stream.AbstractPipeline.copyInto(AbstractPipeline.java:570)
	at java.base/java.util.stream.AbstractPipeline.wrapAndCopyInto(AbstractPipeline.java:560)
	at java.base/java.util.stream.ForEachOps$ForEachOp.evaluateSequential(ForEachOps.java:151)
	at java.base/java.util.stream.ForEachOps$ForEachOp$OfRef.evaluateSequential(ForEachOps.java:174)
	at java.base/java.util.stream.AbstractPipeline.evaluate(AbstractPipeline.java:265)
	at java.base/java.util.stream.ReferencePipeline.forEach(ReferencePipeline.java:636)
	at java.base/java.util.ArrayList.forEach(ArrayList.java:1597)
	at java.base/java.util.ArrayList.forEach(ArrayList.java:1597)

[ERROR] Tests run: 54, Failures: 0, Errors: 1, Skipped: 0, Time elapsed: 0.024 s <<< FAILURE! -- in org.jsoup.select.ElementsTest
[ERROR] org.jsoup.select.ElementsTest.siblings -- Time elapsed: 0.001 s <<< ERROR!
java.lang.NoSuchMethodError: 'java.lang.String org.jsoup.parser.TokenQueue.unescape(java.lang.String)'
	at org.jsoup.select.QueryParser.contains(QueryParser.java:449)
	at org.jsoup.select.QueryParser.parsePseudoSelector(QueryParser.java:212)
	at org.jsoup.select.QueryParser.parseSubclass(QueryParser.java:175)
	at org.jsoup.select.QueryParser.parseSimpleSequence(QueryParser.java:139)
	at org.jsoup.select.QueryParser.parseSelector(QueryParser.java:104)
	at org.jsoup.select.QueryParser.parseSelectorGroup(QueryParser.java:87)
	at org.jsoup.select.QueryParser.parse(QueryParser.java:78)
	at org.jsoup.select.QueryParser.parse(QueryParser.java:56)
	at org.jsoup.select.Selector.evaluatorOf(Selector.java:285)
	at org.jsoup.select.Elements.siblings(Elements.java:582)
	at org.jsoup.select.Elements.next(Elements.java:526)
	at org.jsoup.select.ElementsTest.siblings(ElementsTest.java:369)
	at java.base/java.lang.reflect.Method.invoke(Method.java:580)
	at java.base/java.util.ArrayList.forEach(ArrayList.java:1597)
	at java.base/java.util.ArrayList.forEach(ArrayList.java:1597)

[ERROR] Tests run: 139, Failures: 0, Errors: 1, Skipped: 0, Time elapsed: 0.082 s <<< FAILURE! -- in org.jsoup.parser.TokenQueueTest
[ERROR] org.jsoup.parser.TokenQueueTest.testNestedQuotes -- Time elapsed: 0.001 s <<< ERROR!
java.lang.NoSuchMethodError: 'java.lang.String org.jsoup.parser.TokenQueue.escapeCssIdentifier(java.lang.String)'
	at org.jsoup.nodes.Element.uniqueIdSelector(Element.java:1093)
	at org.jsoup.nodes.Element.cssSelector(Element.java:1115)
	at org.jsoup.parser.TokenQueueTest.validateNestedQuotes(TokenQueueTest.java:160)
	at org.jsoup.parser.TokenQueueTest.testNestedQuotes(TokenQueueTest.java:153)
	at java.base/java.lang.reflect.Method.invoke(Method.java:580)
	at java.base/java.util.ArrayList.forEach(ArrayList.java:1597)
	at java.base/java.util.ArrayList.forEach(ArrayList.java:1597)

[ERROR] Tests run: 216, Failures: 0, Errors: 1, Skipped: 0, Time elapsed: 0.017 s <<< FAILURE! -- in org.jsoup.parser.HtmlParserTest$DeepHtmlTrees
[ERROR] org.jsoup.parser.HtmlParserTest.canSelectIntoTemplate -- Time elapsed: 0.001 s <<< ERROR!
java.lang.NoSuchMethodError: 'java.lang.String org.jsoup.parser.TokenQueue.unescape(java.lang.String)'
	at org.jsoup.select.QueryParser.contains(QueryParser.java:449)
	at org.jsoup.select.QueryParser.parsePseudoSelector(QueryParser.java:214)
	at org.jsoup.select.QueryParser.parseSubclass(QueryParser.java:175)
	at org.jsoup.select.QueryParser.parseSimpleSequence(QueryParser.java:139)
	at org.jsoup.select.QueryParser.parseSelector(QueryParser.java:117)
	at org.jsoup.select.QueryParser.parseSelectorGroup(QueryParser.java:87)
	at org.jsoup.select.QueryParser.parse(QueryParser.java:78)
	at org.jsoup.select.QueryParser.parse(QueryParser.java:56)
	at org.jsoup.select.Selector.evaluatorOf(Selector.java:285)
	at org.jsoup.select.Selector.selectFirst(Selector.java:222)
	at org.jsoup.nodes.Element.selectFirst(Element.java:576)
	at org.jsoup.parser.HtmlParserTest.canSelectIntoTemplate(HtmlParserTest.java:1637)
	at java.base/java.lang.reflect.Method.invoke(Method.java:580)
	at java.base/java.util.ArrayList.forEach(ArrayList.java:1597)
	at java.base/java.util.ArrayList.forEach(ArrayList.java:1597)

[ERROR] Tests run: 5, Failures: 0, Errors: 2, Skipped: 0, Time elapsed: 0.053 s <<< FAILURE! -- in org.jsoup.integration.SessionTest
[ERROR] org.jsoup.integration.SessionTest.testPathScopedCookiesOnRedirect -- Time elapsed: 0.015 s <<< ERROR!
java.lang.NoSuchMethodError: 'java.lang.String org.jsoup.parser.TokenQueue.unescape(java.lang.String)'
	at org.jsoup.select.QueryParser.contains(QueryParser.java:449)
	at org.jsoup.select.QueryParser.parsePseudoSelector(QueryParser.java:212)
	at org.jsoup.select.QueryParser.parseSubclass(QueryParser.java:175)
	at org.jsoup.select.QueryParser.parseSimpleSequence(QueryParser.java:139)
	at org.jsoup.select.QueryParser.parseSelector(QueryParser.java:104)
	at org.jsoup.select.QueryParser.parseSelectorGroup(QueryParser.java:87)
	at org.jsoup.select.QueryParser.parse(QueryParser.java:78)
	at org.jsoup.select.QueryParser.parse(QueryParser.java:56)
	at org.jsoup.select.Selector.evaluatorOf(Selector.java:285)
	at org.jsoup.select.Selector.select(Selector.java:128)
	at org.jsoup.nodes.Element.select(Element.java:517)
	at org.jsoup.integration.SessionTest.keyEls(SessionTest.java:29)
	at org.jsoup.integration.SessionTest.assertEchoEndpoint(SessionTest.java:93)
	at org.jsoup.integration.SessionTest.testPathScopedCookiesOnRedirect(SessionTest.java:111)
	at java.base/java.lang.reflect.Method.invoke(Method.java:580)
	at java.base/java.util.ArrayList.forEach(ArrayList.java:1597)
	at java.base/java.util.ArrayList.forEach(ArrayList.java:1597)

[ERROR] org.jsoup.integration.SessionTest.testPathScopedCookies -- Time elapsed: 0.018 s <<< ERROR!
java.lang.NoSuchMethodError: 'java.lang.String org.jsoup.parser.TokenQueue.unescape(java.lang.String)'
	at org.jsoup.select.QueryParser.contains(QueryParser.java:449)
	at org.jsoup.select.QueryParser.parsePseudoSelector(QueryParser.java:212)
	at org.jsoup.select.QueryParser.parseSubclass(QueryParser.java:175)
	at org.jsoup.select.QueryParser.parseSimpleSequence(QueryParser.java:139)
	at org.jsoup.select.QueryParser.parseSelector(QueryParser.java:104)
	at org.jsoup.select.QueryParser.parseSelectorGroup(QueryParser.java:87)
	at org.jsoup.select.QueryParser.parse(QueryParser.java:78)
	at org.jsoup.select.QueryParser.parse(QueryParser.java:56)
	at org.jsoup.select.Selector.evaluatorOf(Selector.java:285)
	at org.jsoup.select.Selector.select(Selector.java:128)
	at org.jsoup.nodes.Element.select(Element.java:517)
	at org.jsoup.integration.SessionTest.keyEls(SessionTest.java:29)
	at org.jsoup.integration.SessionTest.assertCookieEndpoint(SessionTest.java:85)
	at org.jsoup.integration.SessionTest.testPathScopedCookies(SessionTest.java:66)
	at java.base/java.lang.reflect.Method.invoke(Method.java:580)
	at java.base/java.util.ArrayList.forEach(ArrayList.java:1597)
	at java.base/java.util.ArrayList.forEach(ArrayList.java:1597)

[ERROR] Tests run: 73, Failures: 0, Errors: 29, Skipped: 0, Time elapsed: 1.153 s <<< FAILURE! -- in org.jsoup.integration.HttpClientConnectTest
[ERROR] org.jsoup.integration.HttpClientConnectTest.multiCookieSet -- Time elapsed: 0.017 s <<< ERROR!
java.lang.NoSuchMethodError: 'java.lang.String org.jsoup.parser.TokenQueue.unescape(java.lang.String)'
	at org.jsoup.select.QueryParser.contains(QueryParser.java:449)
	at org.jsoup.select.QueryParser.parsePseudoSelector(QueryParser.java:212)
	at org.jsoup.select.QueryParser.parseSubclass(QueryParser.java:175)
	at org.jsoup.select.QueryParser.parseSimpleSequence(QueryParser.java:139)
	at org.jsoup.select.QueryParser.parseSelector(QueryParser.java:104)
	at org.jsoup.select.QueryParser.parseSelectorGroup(QueryParser.java:87)
	at org.jsoup.select.QueryParser.parse(QueryParser.java:78)
	at org.jsoup.select.QueryParser.parse(QueryParser.java:56)
	at org.jsoup.select.Selector.evaluatorOf(Selector.java:285)
	at org.jsoup.select.Selector.select(Selector.java:128)
	at org.jsoup.nodes.Element.select(Element.java:517)
	at org.jsoup.integration.ConnectTest.ihVal(ConnectTest.java:120)
	at org.jsoup.integration.ConnectTest.multiCookieSet(ConnectTest.java:497)
	at java.base/java.lang.reflect.Method.invoke(Method.java:580)
	at java.base/java.util.ArrayList.forEach(ArrayList.java:1597)
	at java.base/java.util.ArrayList.forEach(ArrayList.java:1597)

[ERROR] org.jsoup.integration.HttpClientConnectTest.sendsRequestBodyStream -- Time elapsed: 0.008 s <<< ERROR!
java.lang.NoSuchMethodError: 'java.lang.String org.jsoup.parser.TokenQueue.unescape(java.lang.String)'
	at org.jsoup.select.QueryParser.contains(QueryParser.java:449)
	at org.jsoup.select.QueryParser.parsePseudoSelector(QueryParser.java:212)
	at org.jsoup.select.QueryParser.parseSubclass(QueryParser.java:175)
	at org.jsoup.select.QueryParser.parseSimpleSequence(QueryParser.java:139)
	at org.jsoup.select.QueryParser.parseSelector(QueryParser.java:104)
	at org.jsoup.select.QueryParser.parseSelectorGroup(QueryParser.java:87)
	at org.jsoup.select.QueryParser.parse(QueryParser.java:78)
	at org.jsoup.select.QueryParser.parse(QueryParser.java:56)
	at org.jsoup.select.Selector.evaluatorOf(Selector.java:285)
	at org.jsoup.select.Selector.select(Selector.java:128)
	at org.jsoup.nodes.Element.select(Element.java:517)
	at org.jsoup.integration.ConnectTest.ihVal(ConnectTest.java:120)
	at org.jsoup.integration.ConnectTest.sendsRequestBodyStream(ConnectTest.java:279)
	at java.base/java.lang.reflect.Method.invoke(Method.java:580)
	at java.base/java.util.ArrayList.forEach(ArrayList.java:1597)
	at java.base/java.util.ArrayList.forEach(ArrayList.java:1597)

[ERROR] org.jsoup.integration.HttpClientConnectTest.formLoginFlow -- Time elapsed: 0.018 s <<< ERROR!
java.lang.NoSuchMethodError: 'java.lang.String org.jsoup.parser.TokenQueue.unescape(java.lang.String)'
	at org.jsoup.select.QueryParser.contains(QueryParser.java:449)
	at org.jsoup.select.QueryParser.parsePseudoSelector(QueryParser.java:212)
	at org.jsoup.select.QueryParser.parseSubclass(QueryParser.java:175)
	at org.jsoup.select.QueryParser.parseSimpleSequence(QueryParser.java:139)
	at org.jsoup.select.QueryParser.parseSelector(QueryParser.java:104)
	at org.jsoup.select.QueryParser.parseSelectorGroup(QueryParser.java:87)
	at org.jsoup.select.QueryParser.parse(QueryParser.java:78)
	at org.jsoup.select.QueryParser.parse(QueryParser.java:56)
	at org.jsoup.select.Selector.evaluatorOf(Selector.java:285)
	at org.jsoup.select.Selector.select(Selector.java:128)
	at org.jsoup.nodes.Element.select(Element.java:517)
	at org.jsoup.integration.ConnectTest.ihVal(ConnectTest.java:120)
	at org.jsoup.integration.ConnectTest.formLoginFlow(ConnectTest.java:909)
	at java.base/java.lang.reflect.Method.invoke(Method.java:580)
	at java.base/java.util.ArrayList.forEach(ArrayList.java:1597)
	at java.base/java.util.ArrayList.forEach(ArrayList.java:1597)

[ERROR] org.jsoup.integration.HttpClientConnectTest.postHtmlFile -- Time elapsed: 0.034 s <<< ERROR!
java.lang.NoSuchMethodError: 'java.lang.String org.jsoup.parser.TokenQueue.unescape(java.lang.String)'
	at org.jsoup.select.QueryParser.contains(QueryParser.java:449)
	at org.jsoup.select.QueryParser.parsePseudoSelector(QueryParser.java:212)
	at org.jsoup.select.QueryParser.parseSubclass(QueryParser.java:175)
	at org.jsoup.select.QueryParser.parseSimpleSequence(QueryParser.java:139)
	at org.jsoup.select.QueryParser.parseSelector(QueryParser.java:104)
	at org.jsoup.select.QueryParser.parseSelectorGroup(QueryParser.java:87)
	at org.jsoup.select.QueryParser.parse(QueryParser.java:78)
	at org.jsoup.select.QueryParser.parse(QueryParser.java:56)
	at org.jsoup.select.Selector.evaluatorOf(Selector.java:285)
	at org.jsoup.select.Selector.select(Selector.java:128)
	at org.jsoup.nodes.Element.select(Element.java:517)
	at org.jsoup.integration.ConnectTest.ihVal(ConnectTest.java:120)
	at org.jsoup.integration.ConnectTest.postHtmlFile(ConnectTest.java:752)
	at java.base/java.lang.reflect.Method.invoke(Method.java:580)
	at java.base/java.util.ArrayList.forEach(ArrayList.java:1597)
	at java.base/java.util.ArrayList.forEach(ArrayList.java:1597)

[ERROR] org.jsoup.integration.HttpClientConnectTest.doesPostMultipartWithoutInputstream -- Time elapsed: 0.008 s <<< ERROR!
java.lang.NoSuchMethodError: 'java.lang.String org.jsoup.parser.TokenQueue.unescape(java.lang.String)'
	at org.jsoup.select.QueryParser.contains(QueryParser.java:449)
	at org.jsoup.select.QueryParser.parsePseudoSelector(QueryParser.java:212)
	at org.jsoup.select.QueryParser.parseSubclass(QueryParser.java:175)
	at org.jsoup.select.QueryParser.parseSimpleSequence(QueryParser.java:139)
	at org.jsoup.select.QueryParser.parseSelector(QueryParser.java:104)
	at org.jsoup.select.QueryParser.parseSelectorGroup(QueryParser.java:87)
	at org.jsoup.select.QueryParser.parse(QueryParser.java:78)
	at org.jsoup.select.QueryParser.parse(QueryParser.java:56)
	at org.jsoup.select.Selector.evaluatorOf(Selector.java:285)
	at org.jsoup.select.Selector.select(Selector.java:128)
	at org.jsoup.nodes.Element.select(Element.java:517)
	at org.jsoup.integration.ConnectTest.ihVal(ConnectTest.java:120)
	at org.jsoup.integration.ConnectTest.doesPostMultipartWithoutInputstream(ConnectTest.java:183)
	at java.base/java.lang.reflect.Method.invoke(Method.java:580)
	at java.base/java.util.ArrayList.forEach(ArrayList.java:1597)
	at java.base/java.util.ArrayList.forEach(ArrayList.java:1597)

[ERROR] org.jsoup.integration.HttpClientConnectTest.sendsRequestBodyWithUrlParams -- Time elapsed: 0.006 s <<< ERROR!
java.lang.NoSuchMethodError: 'java.lang.String org.jsoup.parser.TokenQueue.unescape(java.lang.String)'
	at org.jsoup.select.QueryParser.contains(QueryParser.java:449)
	at org.jsoup.select.QueryParser.parsePseudoSelector(QueryParser.java:212)
	at org.jsoup.select.QueryParser.parseSubclass(QueryParser.java:175)
	at org.jsoup.select.QueryParser.parseSimpleSequence(QueryParser.java:139)
	at org.jsoup.select.QueryParser.parseSelector(QueryParser.java:104)
	at org.jsoup.select.QueryParser.parseSelectorGroup(QueryParser.java:87)
	at org.jsoup.select.QueryParser.parse(QueryParser.java:78)
	at org.jsoup.select.QueryParser.parse(QueryParser.java:56)
	at org.jsoup.select.Selector.evaluatorOf(Selector.java:285)
	at org.jsoup.select.Selector.select(Selector.java:128)
	at org.jsoup.nodes.Element.select(Element.java:517)
	at org.jsoup.integration.ConnectTest.ihVal(ConnectTest.java:120)
	at org.jsoup.integration.ConnectTest.sendsRequestBodyWithUrlParams(ConnectTest.java:265)
	at java.base/java.lang.reflect.Method.invoke(Method.java:580)
	at java.base/java.util.ArrayList.forEach(ArrayList.java:1597)
	at java.base/java.util.ArrayList.forEach(ArrayList.java:1597)

[ERROR] org.jsoup.integration.HttpClientConnectTest.fetchUnicodeUrl -- Time elapsed: 0.006 s <<< ERROR!
java.lang.NoSuchMethodError: 'java.lang.String org.jsoup.parser.TokenQueue.unescape(java.lang.String)'
	at org.jsoup.select.QueryParser.contains(QueryParser.java:449)
	at org.jsoup.select.QueryParser.parsePseudoSelector(QueryParser.java:212)
	at org.jsoup.select.QueryParser.parseSubclass(QueryParser.java:175)
	at org.jsoup.select.QueryParser.parseSimpleSequence(QueryParser.java:139)
	at org.jsoup.select.QueryParser.parseSelector(QueryParser.java:104)
	at org.jsoup.select.QueryParser.parseSelectorGroup(QueryParser.java:87)
	at org.jsoup.select.QueryParser.parse(QueryParser.java:78)
	at org.jsoup.select.QueryParser.parse(QueryParser.java:56)
	at org.jsoup.select.Selector.evaluatorOf(Selector.java:285)
	at org.jsoup.select.Selector.select(Selector.java:128)
	at org.jsoup.nodes.Element.select(Element.java:517)
	at org.jsoup.integration.ConnectTest.ihVal(ConnectTest.java:120)
	at org.jsoup.integration.ConnectTest.fetchUnicodeUrl(ConnectTest.java:962)
	at java.base/java.lang.reflect.Method.invoke(Method.java:580)
	at java.base/java.util.ArrayList.forEach(ArrayList.java:1597)
	at java.base/java.util.ArrayList.forEach(ArrayList.java:1597)

[ERROR] org.jsoup.integration.HttpClientConnectTest.sendsRequestBody -- Time elapsed: 0.006 s <<< ERROR!
java.lang.NoSuchMethodError: 'java.lang.String org.jsoup.parser.TokenQueue.unescape(java.lang.String)'
	at org.jsoup.select.QueryParser.contains(QueryParser.java:449)
	at org.jsoup.select.QueryParser.parsePseudoSelector(QueryParser.java:212)
	at org.jsoup.select.QueryParser.parseSubclass(QueryParser.java:175)
	at org.jsoup.select.QueryParser.parseSimpleSequence(QueryParser.java:139)
	at org.jsoup.select.QueryParser.parseSelector(QueryParser.java:104)
	at org.jsoup.select.QueryParser.parseSelectorGroup(QueryParser.java:87)
	at org.jsoup.select.QueryParser.parse(QueryParser.java:78)
	at org.jsoup.select.QueryParser.parse(QueryParser.java:56)
	at org.jsoup.select.Selector.evaluatorOf(Selector.java:285)
	at org.jsoup.select.Selector.select(Selector.java:128)
	at org.jsoup.nodes.Element.select(Element.java:517)
	at org.jsoup.integration.ConnectTest.ihVal(ConnectTest.java:120)
	at org.jsoup.integration.ConnectTest.sendsRequestBody(ConnectTest.java:252)
	at java.base/java.lang.reflect.Method.invoke(Method.java:580)
	at java.base/java.util.ArrayList.forEach(ArrayList.java:1597)
	at java.base/java.util.ArrayList.forEach(ArrayList.java:1597)

[ERROR] org.jsoup.integration.HttpClientConnectTest.doesDeleteWithBody -- Time elapsed: 0.007 s <<< ERROR!
java.lang.NoSuchMethodError: 'java.lang.String org.jsoup.parser.TokenQueue.unescape(java.lang.String)'
	at org.jsoup.select.QueryParser.contains(QueryParser.java:449)
	at org.jsoup.select.QueryParser.parsePseudoSelector(QueryParser.java:212)
	at org.jsoup.select.QueryParser.parseSubclass(QueryParser.java:175)
	at org.jsoup.select.QueryParser.parseSimpleSequence(QueryParser.java:139)
	at org.jsoup.select.QueryParser.parseSelector(QueryParser.java:104)
	at org.jsoup.select.QueryParser.parseSelectorGroup(QueryParser.java:87)
	at org.jsoup.select.QueryParser.parse(QueryParser.java:78)
	at org.jsoup.select.QueryParser.parse(QueryParser.java:56)
	at org.jsoup.select.Selector.evaluatorOf(Selector.java:285)
	at org.jsoup.select.Selector.select(Selector.java:128)
	at org.jsoup.nodes.Element.select(Element.java:517)
	at org.jsoup.integration.ConnectTest.ihVal(ConnectTest.java:120)
	at org.jsoup.integration.ConnectTest.doesDeleteWithBody(ConnectTest.java:349)
	at java.base/java.lang.reflect.Method.invoke(Method.java:580)
	at java.base/java.util.ArrayList.forEach(ArrayList.java:1597)
	at java.base/java.util.ArrayList.forEach(ArrayList.java:1597)

[ERROR] org.jsoup.integration.HttpClientConnectTest.doesPost -- Time elapsed: 0.006 s <<< ERROR!
java.lang.NoSuchMethodError: 'java.lang.String org.jsoup.parser.TokenQueue.unescape(java.lang.String)'
	at org.jsoup.select.QueryParser.contains(QueryParser.java:449)
	at org.jsoup.select.QueryParser.parsePseudoSelector(QueryParser.java:212)
	at org.jsoup.select.QueryParser.parseSubclass(QueryParser.java:175)
	at org.jsoup.select.QueryParser.parseSimpleSequence(QueryParser.java:139)
	at org.jsoup.select.QueryParser.parseSelector(QueryParser.java:104)
	at org.jsoup.select.QueryParser.parseSelectorGroup(QueryParser.java:87)
	at org.jsoup.select.QueryParser.parse(QueryParser.java:78)
	at org.jsoup.select.QueryParser.parse(QueryParser.java:56)
	at org.jsoup.select.Selector.evaluatorOf(Selector.java:285)
	at org.jsoup.select.Selector.select(Selector.java:128)
	at org.jsoup.nodes.Element.select(Element.java:517)
	at org.jsoup.integration.ConnectTest.ihVal(ConnectTest.java:120)
	at org.jsoup.integration.ConnectTest.doesPost(ConnectTest.java:168)
	at java.base/java.lang.reflect.Method.invoke(Method.java:580)
	at java.base/java.util.ArrayList.forEach(ArrayList.java:1597)
	at java.base/java.util.ArrayList.forEach(ArrayList.java:1597)

[ERROR] org.jsoup.integration.HttpClientConnectTest.canAuthenticate(String)[1] -- Time elapsed: 0.011 s <<< ERROR!
java.lang.NoSuchMethodError: 'java.lang.String org.jsoup.parser.TokenQueue.unescape(java.lang.String)'
	at org.jsoup.select.QueryParser.contains(QueryParser.java:449)
	at org.jsoup.select.QueryParser.parsePseudoSelector(QueryParser.java:212)
	at org.jsoup.select.QueryParser.parseSubclass(QueryParser.java:175)
	at org.jsoup.select.QueryParser.parseSimpleSequence(QueryParser.java:139)
	at org.jsoup.select.QueryParser.parseSelector(QueryParser.java:104)
	at org.jsoup.select.QueryParser.parseSelectorGroup(QueryParser.java:87)
	at org.jsoup.select.QueryParser.parse(QueryParser.java:78)
	at org.jsoup.select.QueryParser.parse(QueryParser.java:56)
	at org.jsoup.select.Selector.evaluatorOf(Selector.java:285)
	at org.jsoup.select.Selector.select(Selector.java:128)
	at org.jsoup.nodes.Element.select(Element.java:517)
	at org.jsoup.integration.ConnectTest.ihVal(ConnectTest.java:120)
	at org.jsoup.integration.ConnectTest.canAuthenticate(ConnectTest.java:1017)
	at java.base/java.lang.reflect.Method.invoke(Method.java:580)
	at java.base/java.util.Optional.ifPresent(Optional.java:178)
	at java.base/java.util.stream.ForEachOps$ForEachOp$OfRef.accept(ForEachOps.java:184)
	at java.base/java.util.stream.ReferencePipeline$3$1.accept(ReferencePipeline.java:215)
	at java.base/java.util.stream.ForEachOps$ForEachOp$OfRef.accept(ForEachOps.java:184)
	at java.base/java.util.stream.ForEachOps$ForEachOp$OfRef.accept(ForEachOps.java:184)
	at java.base/java.util.stream.ReferencePipeline$3$1.accept(ReferencePipeline.java:215)
	at java.base/java.util.Spliterators$ArraySpliterator.forEachRemaining(Spliterators.java:1024)
	at java.base/java.util.stream.ReferencePipeline$Head.forEach(ReferencePipeline.java:807)
	at java.base/java.util.stream.ReferencePipeline$7$1FlatMap.accept(ReferencePipeline.java:294)
	at java.base/java.util.stream.ReferencePipeline$3$1.accept(ReferencePipeline.java:215)
	at java.base/java.util.stream.ReferencePipeline$3$1.accept(ReferencePipeline.java:215)
	at java.base/java.util.stream.ReferencePipeline$3$1.accept(ReferencePipeline.java:215)
	at java.base/java.util.Spliterators$ArraySpliterator.forEachRemaining(Spliterators.java:1024)
	at java.base/java.util.stream.AbstractPipeline.copyInto(AbstractPipeline.java:570)
	at java.base/java.util.stream.AbstractPipeline.wrapAndCopyInto(AbstractPipeline.java:560)
	at java.base/java.util.stream.ForEachOps$ForEachOp.evaluateSequential(ForEachOps.java:151)
	at java.base/java.util.stream.ForEachOps$ForEachOp$OfRef.evaluateSequential(ForEachOps.java:174)
	at java.base/java.util.stream.AbstractPipeline.evaluate(AbstractPipeline.java:265)
	at java.base/java.util.stream.ReferencePipeline.forEach(ReferencePipeline.java:636)
	at java.base/java.util.stream.ReferencePipeline$7$1FlatMap.accept(ReferencePipeline.java:294)
	at java.base/java.util.ArrayList$ArrayListSpliterator.forEachRemaining(ArrayList.java:1709)
	at java.base/java.util.stream.AbstractPipeline.copyInto(AbstractPipeline.java:570)
	at java.base/java.util.stream.AbstractPipeline.wrapAndCopyInto(AbstractPipeline.java:560)
	at java.base/java.util.stream.ForEachOps$ForEachOp.evaluateSequential(ForEachOps.java:151)
	at java.base/java.util.stream.ForEachOps$ForEachOp$OfRef.evaluateSequential(ForEachOps.java:174)
	at java.base/java.util.stream.AbstractPipeline.evaluate(AbstractPipeline.java:265)
	at java.base/java.util.stream.ReferencePipeline.forEach(ReferencePipeline.java:636)
	at java.base/java.util.stream.ReferencePipeline$7$1FlatMap.accept(ReferencePipeline.java:294)
	at java.base/java.util.stream.ReferencePipeline$3$1.accept(ReferencePipeline.java:215)
	at java.base/java.util.stream.ReferencePipeline$3$1.accept(ReferencePipeline.java:215)
	at java.base/java.util.stream.ReferencePipeline$3$1.accept(ReferencePipeline.java:215)
	at java.base/java.util.ArrayList$ArrayListSpliterator.forEachRemaining(ArrayList.java:1709)
	at java.base/java.util.stream.AbstractPipeline.copyInto(AbstractPipeline.java:570)
	at java.base/java.util.stream.AbstractPipeline.wrapAndCopyInto(AbstractPipeline.java:560)
	at java.base/java.util.stream.ForEachOps$ForEachOp.evaluateSequential(ForEachOps.java:151)
	at java.base/java.util.stream.ForEachOps$ForEachOp$OfRef.evaluateSequential(ForEachOps.java:174)
	at java.base/java.util.stream.AbstractPipeline.evaluate(AbstractPipeline.java:265)
	at java.base/java.util.stream.ReferencePipeline.forEach(ReferencePipeline.java:636)
	at java.base/java.util.ArrayList.forEach(ArrayList.java:1597)
	at java.base/java.util.ArrayList.forEach(ArrayList.java:1597)

[ERROR] org.jsoup.integration.HttpClientConnectTest.canAuthenticate(String)[2] -- Time elapsed: 0.020 s <<< ERROR!
java.lang.NoSuchMethodError: 'java.lang.String org.jsoup.parser.TokenQueue.unescape(java.lang.String)'
	at org.jsoup.select.QueryParser.contains(QueryParser.java:449)
	at org.jsoup.select.QueryParser.parsePseudoSelector(QueryParser.java:212)
	at org.jsoup.select.QueryParser.parseSubclass(QueryParser.java:175)
	at org.jsoup.select.QueryParser.parseSimpleSequence(QueryParser.java:139)
	at org.jsoup.select.QueryParser.parseSelector(QueryParser.java:104)
	at org.jsoup.select.QueryParser.parseSelectorGroup(QueryParser.java:87)
	at org.jsoup.select.QueryParser.parse(QueryParser.java:78)
	at org.jsoup.select.QueryParser.parse(QueryParser.java:56)
	at org.jsoup.select.Selector.evaluatorOf(Selector.java:285)
	at org.jsoup.select.Selector.select(Selector.java:128)
	at org.jsoup.nodes.Element.select(Element.java:517)
	at org.jsoup.integration.ConnectTest.ihVal(ConnectTest.java:120)
	at org.jsoup.integration.ConnectTest.canAuthenticate(ConnectTest.java:1017)
	at java.base/java.lang.reflect.Method.invoke(Method.java:580)
	at java.base/java.util.Optional.ifPresent(Optional.java:178)
	at java.base/java.util.stream.ForEachOps$ForEachOp$OfRef.accept(ForEachOps.java:184)
	at java.base/java.util.stream.ReferencePipeline$3$1.accept(ReferencePipeline.java:215)
	at java.base/java.util.stream.ForEachOps$ForEachOp$OfRef.accept(ForEachOps.java:184)
	at java.base/java.util.stream.ForEachOps$ForEachOp$OfRef.accept(ForEachOps.java:184)
	at java.base/java.util.stream.ReferencePipeline$3$1.accept(ReferencePipeline.java:215)
	at java.base/java.util.Spliterators$ArraySpliterator.forEachRemaining(Spliterators.java:1024)
	at java.base/java.util.stream.ReferencePipeline$Head.forEach(ReferencePipeline.java:807)
	at java.base/java.util.stream.ReferencePipeline$7$1FlatMap.accept(ReferencePipeline.java:294)
	at java.base/java.util.stream.ReferencePipeline$3$1.accept(ReferencePipeline.java:215)
	at java.base/java.util.stream.ReferencePipeline$3$1.accept(ReferencePipeline.java:215)
	at java.base/java.util.stream.ReferencePipeline$3$1.accept(ReferencePipeline.java:215)
	at java.base/java.util.Spliterators$ArraySpliterator.forEachRemaining(Spliterators.java:1024)
	at java.base/java.util.stream.AbstractPipeline.copyInto(AbstractPipeline.java:570)
	at java.base/java.util.stream.AbstractPipeline.wrapAndCopyInto(AbstractPipeline.java:560)
	at java.base/java.util.stream.ForEachOps$ForEachOp.evaluateSequential(ForEachOps.java:151)
	at java.base/java.util.stream.ForEachOps$ForEachOp$OfRef.evaluateSequential(ForEachOps.java:174)
	at java.base/java.util.stream.AbstractPipeline.evaluate(AbstractPipeline.java:265)
	at java.base/java.util.stream.ReferencePipeline.forEach(ReferencePipeline.java:636)
	at java.base/java.util.stream.ReferencePipeline$7$1FlatMap.accept(ReferencePipeline.java:294)
	at java.base/java.util.ArrayList$ArrayListSpliterator.forEachRemaining(ArrayList.java:1709)
	at java.base/java.util.stream.AbstractPipeline.copyInto(AbstractPipeline.java:570)
	at java.base/java.util.stream.AbstractPipeline.wrapAndCopyInto(AbstractPipeline.java:560)
	at java.base/java.util.stream.ForEachOps$ForEachOp.evaluateSequential(ForEachOps.java:151)
	at java.base/java.util.stream.ForEachOps$ForEachOp$OfRef.evaluateSequential(ForEachOps.java:174)
	at java.base/java.util.stream.AbstractPipeline.evaluate(AbstractPipeline.java:265)
	at java.base/java.util.stream.ReferencePipeline.forEach(ReferencePipeline.java:636)
	at java.base/java.util.stream.ReferencePipeline$7$1FlatMap.accept(ReferencePipeline.java:294)
	at java.base/java.util.stream.ReferencePipeline$3$1.accept(ReferencePipeline.java:215)
	at java.base/java.util.stream.ReferencePipeline$3$1.accept(ReferencePipeline.java:215)
	at java.base/java.util.stream.ReferencePipeline$3$1.accept(ReferencePipeline.java:215)
	at java.base/java.util.ArrayList$ArrayListSpliterator.forEachRemaining(ArrayList.java:1709)
	at java.base/java.util.stream.AbstractPipeline.copyInto(AbstractPipeline.java:570)
	at java.base/java.util.stream.AbstractPipeline.wrapAndCopyInto(AbstractPipeline.java:560)
	at java.base/java.util.stream.ForEachOps$ForEachOp.evaluateSequential(ForEachOps.java:151)
	at java.base/java.util.stream.ForEachOps$ForEachOp$OfRef.evaluateSequential(ForEachOps.java:174)
	at java.base/java.util.stream.AbstractPipeline.evaluate(AbstractPipeline.java:265)
	at java.base/java.util.stream.ReferencePipeline.forEach(ReferencePipeline.java:636)
	at java.base/java.util.ArrayList.forEach(ArrayList.java:1597)
	at java.base/java.util.ArrayList.forEach(ArrayList.java:1597)

[ERROR] org.jsoup.integration.HttpClientConnectTest.sendsRequestBodyJsonWithoutData -- Time elapsed: 0.006 s <<< ERROR!
java.lang.NoSuchMethodError: 'java.lang.String org.jsoup.parser.TokenQueue.unescape(java.lang.String)'
	at org.jsoup.select.QueryParser.contains(QueryParser.java:449)
	at org.jsoup.select.QueryParser.parsePseudoSelector(QueryParser.java:212)
	at org.jsoup.select.QueryParser.parseSubclass(QueryParser.java:175)
	at org.jsoup.select.QueryParser.parseSimpleSequence(QueryParser.java:139)
	at org.jsoup.select.QueryParser.parseSelector(QueryParser.java:104)
	at org.jsoup.select.QueryParser.parseSelectorGroup(QueryParser.java:87)
	at org.jsoup.select.QueryParser.parse(QueryParser.java:78)
	at org.jsoup.select.QueryParser.parse(QueryParser.java:56)
	at org.jsoup.select.Selector.evaluatorOf(Selector.java:285)
	at org.jsoup.select.Selector.select(Selector.java:128)
	at org.jsoup.nodes.Element.select(Element.java:517)
	at org.jsoup.integration.ConnectTest.ihVal(ConnectTest.java:120)
	at org.jsoup.integration.ConnectTest.sendsRequestBodyJsonWithoutData(ConnectTest.java:240)
	at java.base/java.lang.reflect.Method.invoke(Method.java:580)
	at java.base/java.util.ArrayList.forEach(ArrayList.java:1597)
	at java.base/java.util.ArrayList.forEach(ArrayList.java:1597)

[ERROR] org.jsoup.integration.HttpClientConnectTest.doesDeleteWithoutBody -- Time elapsed: 0.005 s <<< ERROR!
java.lang.NoSuchMethodError: 'java.lang.String org.jsoup.parser.TokenQueue.unescape(java.lang.String)'
	at org.jsoup.select.QueryParser.contains(QueryParser.java:449)
	at org.jsoup.select.QueryParser.parsePseudoSelector(QueryParser.java:212)
	at org.jsoup.select.QueryParser.parseSubclass(QueryParser.java:175)
	at org.jsoup.select.QueryParser.parseSimpleSequence(QueryParser.java:139)
	at org.jsoup.select.QueryParser.parseSelector(QueryParser.java:104)
	at org.jsoup.select.QueryParser.parseSelectorGroup(QueryParser.java:87)
	at org.jsoup.select.QueryParser.parse(QueryParser.java:78)
	at org.jsoup.select.QueryParser.parse(QueryParser.java:56)
	at org.jsoup.select.Selector.evaluatorOf(Selector.java:285)
	at org.jsoup.select.Selector.select(Selector.java:128)
	at org.jsoup.nodes.Element.select(Element.java:517)
	at org.jsoup.integration.ConnectTest.ihVal(ConnectTest.java:120)
	at org.jsoup.integration.ConnectTest.doesDeleteWithoutBody(ConnectTest.java:360)
	at java.base/java.lang.reflect.Method.invoke(Method.java:580)
	at java.base/java.util.ArrayList.forEach(ArrayList.java:1597)
	at java.base/java.util.ArrayList.forEach(ArrayList.java:1597)

[ERROR] org.jsoup.integration.HttpClientConnectTest.formLoginFlow2 -- Time elapsed: 0.010 s <<< ERROR!
java.lang.NoSuchMethodError: 'java.lang.String org.jsoup.parser.TokenQueue.unescape(java.lang.String)'
	at org.jsoup.select.QueryParser.contains(QueryParser.java:449)
	at org.jsoup.select.QueryParser.parsePseudoSelector(QueryParser.java:212)
	at org.jsoup.select.QueryParser.parseSubclass(QueryParser.java:175)
	at org.jsoup.select.QueryParser.parseSimpleSequence(QueryParser.java:139)
	at org.jsoup.select.QueryParser.parseSelector(QueryParser.java:104)
	at org.jsoup.select.QueryParser.parseSelectorGroup(QueryParser.java:87)
	at org.jsoup.select.QueryParser.parse(QueryParser.java:78)
	at org.jsoup.select.QueryParser.parse(QueryParser.java:56)
	at org.jsoup.select.Selector.evaluatorOf(Selector.java:285)
	at org.jsoup.select.Selector.select(Selector.java:128)
	at org.jsoup.nodes.Element.select(Element.java:517)
	at org.jsoup.integration.ConnectTest.ihVal(ConnectTest.java:120)
	at org.jsoup.integration.ConnectTest.formLoginFlow2(ConnectTest.java:947)
	at java.base/java.lang.reflect.Method.invoke(Method.java:580)
	at java.base/java.util.ArrayList.forEach(ArrayList.java:1597)
	at java.base/java.util.ArrayList.forEach(ArrayList.java:1597)

[ERROR] org.jsoup.integration.HttpClientConnectTest.sendsRequestBodyJsonWithData -- Time elapsed: 0.004 s <<< ERROR!
java.lang.NoSuchMethodError: 'java.lang.String org.jsoup.parser.TokenQueue.unescape(java.lang.String)'
	at org.jsoup.select.QueryParser.contains(QueryParser.java:449)
	at org.jsoup.select.QueryParser.parsePseudoSelector(QueryParser.java:212)
	at org.jsoup.select.QueryParser.parseSubclass(QueryParser.java:175)
	at org.jsoup.select.QueryParser.parseSimpleSequence(QueryParser.java:139)
	at org.jsoup.select.QueryParser.parseSelector(QueryParser.java:104)
	at org.jsoup.select.QueryParser.parseSelectorGroup(QueryParser.java:87)
	at org.jsoup.select.QueryParser.parse(QueryParser.java:78)
	at org.jsoup.select.QueryParser.parse(QueryParser.java:56)
	at org.jsoup.select.Selector.evaluatorOf(Selector.java:285)
	at org.jsoup.select.Selector.select(Selector.java:128)
	at org.jsoup.nodes.Element.select(Element.java:517)
	at org.jsoup.integration.ConnectTest.ihVal(ConnectTest.java:120)
	at org.jsoup.integration.ConnectTest.sendsRequestBodyJsonWithData(ConnectTest.java:227)
	at java.base/java.lang.reflect.Method.invoke(Method.java:580)
	at java.base/java.util.ArrayList.forEach(ArrayList.java:1597)
	at java.base/java.util.ArrayList.forEach(ArrayList.java:1597)

[ERROR] org.jsoup.integration.HttpClientConnectTest.willEscapePathInRedirect -- Time elapsed: 0.007 s <<< ERROR!
java.lang.NoSuchMethodError: 'java.lang.String org.jsoup.parser.TokenQueue.unescape(java.lang.String)'
	at org.jsoup.select.QueryParser.contains(QueryParser.java:449)
	at org.jsoup.select.QueryParser.parsePseudoSelector(QueryParser.java:212)
	at org.jsoup.select.QueryParser.parseSubclass(QueryParser.java:175)
	at org.jsoup.select.QueryParser.parseSimpleSequence(QueryParser.java:139)
	at org.jsoup.select.QueryParser.parseSelector(QueryParser.java:104)
	at org.jsoup.select.QueryParser.parseSelectorGroup(QueryParser.java:87)
	at org.jsoup.select.QueryParser.parse(QueryParser.java:78)
	at org.jsoup.select.QueryParser.parse(QueryParser.java:56)
	at org.jsoup.select.Selector.evaluatorOf(Selector.java:285)
	at org.jsoup.select.Selector.select(Selector.java:128)
	at org.jsoup.nodes.Element.select(Element.java:517)
	at org.jsoup.integration.ConnectTest.ihVal(ConnectTest.java:120)
	at org.jsoup.integration.ConnectTest.willEscapePathInRedirect(ConnectTest.java:975)
	at java.base/java.lang.reflect.Method.invoke(Method.java:580)
	at java.base/java.util.ArrayList.forEach(ArrayList.java:1597)
	at java.base/java.util.ArrayList.forEach(ArrayList.java:1597)

[ERROR] org.jsoup.integration.HttpClientConnectTest.doesPostFor307 -- Time elapsed: 0.007 s <<< ERROR!
java.lang.NoSuchMethodError: 'java.lang.String org.jsoup.parser.TokenQueue.unescape(java.lang.String)'
	at org.jsoup.select.QueryParser.contains(QueryParser.java:449)
	at org.jsoup.select.QueryParser.parsePseudoSelector(QueryParser.java:212)
	at org.jsoup.select.QueryParser.parseSubclass(QueryParser.java:175)
	at org.jsoup.select.QueryParser.parseSimpleSequence(QueryParser.java:139)
	at org.jsoup.select.QueryParser.parseSelector(QueryParser.java:104)
	at org.jsoup.select.QueryParser.parseSelectorGroup(QueryParser.java:87)
	at org.jsoup.select.QueryParser.parse(QueryParser.java:78)
	at org.jsoup.select.QueryParser.parse(QueryParser.java:56)
	at org.jsoup.select.Selector.evaluatorOf(Selector.java:285)
	at org.jsoup.select.Selector.select(Selector.java:128)
	at org.jsoup.nodes.Element.select(Element.java:517)
	at org.jsoup.integration.ConnectTest.ihVal(ConnectTest.java:120)
	at org.jsoup.integration.ConnectTest.doesPostFor307(ConnectTest.java:599)
	at java.base/java.lang.reflect.Method.invoke(Method.java:580)
	at java.base/java.util.ArrayList.forEach(ArrayList.java:1597)
	at java.base/java.util.ArrayList.forEach(ArrayList.java:1597)

[ERROR] org.jsoup.integration.HttpClientConnectTest.doesGet(String)[1] -- Time elapsed: 0.006 s <<< ERROR!
java.lang.NoSuchMethodError: 'java.lang.String org.jsoup.parser.TokenQueue.unescape(java.lang.String)'
	at org.jsoup.select.QueryParser.contains(QueryParser.java:449)
	at org.jsoup.select.QueryParser.parsePseudoSelector(QueryParser.java:212)
	at org.jsoup.select.QueryParser.parseSubclass(QueryParser.java:175)
	at org.jsoup.select.QueryParser.parseSimpleSequence(QueryParser.java:139)
	at org.jsoup.select.QueryParser.parseSelector(QueryParser.java:104)
	at org.jsoup.select.QueryParser.parseSelectorGroup(QueryParser.java:87)
	at org.jsoup.select.QueryParser.parse(QueryParser.java:78)
	at org.jsoup.select.QueryParser.parse(QueryParser.java:56)
	at org.jsoup.select.Selector.evaluatorOf(Selector.java:285)
	at org.jsoup.select.Selector.select(Selector.java:128)
	at org.jsoup.nodes.Element.select(Element.java:517)
	at org.jsoup.integration.ConnectTest.ihVal(ConnectTest.java:120)
	at org.jsoup.integration.ConnectTest.doesGet(ConnectTest.java:293)
	at java.base/java.lang.reflect.Method.invoke(Method.java:580)
	at java.base/java.util.Optional.ifPresent(Optional.java:178)
	at java.base/java.util.stream.ForEachOps$ForEachOp$OfRef.accept(ForEachOps.java:184)
	at java.base/java.util.stream.ReferencePipeline$3$1.accept(ReferencePipeline.java:215)
	at java.base/java.util.stream.ForEachOps$ForEachOp$OfRef.accept(ForEachOps.java:184)
	at java.base/java.util.stream.ForEachOps$ForEachOp$OfRef.accept(ForEachOps.java:184)
	at java.base/java.util.stream.ReferencePipeline$3$1.accept(ReferencePipeline.java:215)
	at java.base/java.util.Spliterators$ArraySpliterator.forEachRemaining(Spliterators.java:1024)
	at java.base/java.util.stream.ReferencePipeline$Head.forEach(ReferencePipeline.java:807)
	at java.base/java.util.stream.ReferencePipeline$7$1FlatMap.accept(ReferencePipeline.java:294)
	at java.base/java.util.stream.ReferencePipeline$3$1.accept(ReferencePipeline.java:215)
	at java.base/java.util.stream.ReferencePipeline$3$1.accept(ReferencePipeline.java:215)
	at java.base/java.util.stream.ReferencePipeline$3$1.accept(ReferencePipeline.java:215)
	at java.base/java.util.Spliterators$ArraySpliterator.forEachRemaining(Spliterators.java:1024)
	at java.base/java.util.stream.AbstractPipeline.copyInto(AbstractPipeline.java:570)
	at java.base/java.util.stream.AbstractPipeline.wrapAndCopyInto(AbstractPipeline.java:560)
	at java.base/java.util.stream.ForEachOps$ForEachOp.evaluateSequential(ForEachOps.java:151)
	at java.base/java.util.stream.ForEachOps$ForEachOp$OfRef.evaluateSequential(ForEachOps.java:174)
	at java.base/java.util.stream.AbstractPipeline.evaluate(AbstractPipeline.java:265)
	at java.base/java.util.stream.ReferencePipeline.forEach(ReferencePipeline.java:636)
	at java.base/java.util.stream.ReferencePipeline$7$1FlatMap.accept(ReferencePipeline.java:294)
	at java.base/java.util.ArrayList$ArrayListSpliterator.forEachRemaining(ArrayList.java:1709)
	at java.base/java.util.stream.AbstractPipeline.copyInto(AbstractPipeline.java:570)
	at java.base/java.util.stream.AbstractPipeline.wrapAndCopyInto(AbstractPipeline.java:560)
	at java.base/java.util.stream.ForEachOps$ForEachOp.evaluateSequential(ForEachOps.java:151)
	at java.base/java.util.stream.ForEachOps$ForEachOp$OfRef.evaluateSequential(ForEachOps.java:174)
	at java.base/java.util.stream.AbstractPipeline.evaluate(AbstractPipeline.java:265)
	at java.base/java.util.stream.ReferencePipeline.forEach(ReferencePipeline.java:636)
	at java.base/java.util.stream.ReferencePipeline$7$1FlatMap.accept(ReferencePipeline.java:294)
	at java.base/java.util.stream.ReferencePipeline$3$1.accept(ReferencePipeline.java:215)
	at java.base/java.util.stream.ReferencePipeline$3$1.accept(ReferencePipeline.java:215)
	at java.base/java.util.stream.ReferencePipeline$3$1.accept(ReferencePipeline.java:215)
	at java.base/java.util.ArrayList$ArrayListSpliterator.forEachRemaining(ArrayList.java:1709)
	at java.base/java.util.stream.AbstractPipeline.copyInto(AbstractPipeline.java:570)
	at java.base/java.util.stream.AbstractPipeline.wrapAndCopyInto(AbstractPipeline.java:560)
	at java.base/java.util.stream.ForEachOps$ForEachOp.evaluateSequential(ForEachOps.java:151)
	at java.base/java.util.stream.ForEachOps$ForEachOp$OfRef.evaluateSequential(ForEachOps.java:174)
	at java.base/java.util.stream.AbstractPipeline.evaluate(AbstractPipeline.java:265)
	at java.base/java.util.stream.ReferencePipeline.forEach(ReferencePipeline.java:636)
	at java.base/java.util.ArrayList.forEach(ArrayList.java:1597)
	at java.base/java.util.ArrayList.forEach(ArrayList.java:1597)

[ERROR] org.jsoup.integration.HttpClientConnectTest.doesGet(String)[2] -- Time elapsed: 0.017 s <<< ERROR!
java.lang.NoSuchMethodError: 'java.lang.String org.jsoup.parser.TokenQueue.unescape(java.lang.String)'
	at org.jsoup.select.QueryParser.contains(QueryParser.java:449)
	at org.jsoup.select.QueryParser.parsePseudoSelector(QueryParser.java:212)
	at org.jsoup.select.QueryParser.parseSubclass(QueryParser.java:175)
	at org.jsoup.select.QueryParser.parseSimpleSequence(QueryParser.java:139)
	at org.jsoup.select.QueryParser.parseSelector(QueryParser.java:104)
	at org.jsoup.select.QueryParser.parseSelectorGroup(QueryParser.java:87)
	at org.jsoup.select.QueryParser.parse(QueryParser.java:78)
	at org.jsoup.select.QueryParser.parse(QueryParser.java:56)
	at org.jsoup.select.Selector.evaluatorOf(Selector.java:285)
	at org.jsoup.select.Selector.select(Selector.java:128)
	at org.jsoup.nodes.Element.select(Element.java:517)
	at org.jsoup.integration.ConnectTest.ihVal(ConnectTest.java:120)
	at org.jsoup.integration.ConnectTest.doesGet(ConnectTest.java:293)
	at java.base/java.lang.reflect.Method.invoke(Method.java:580)
	at java.base/java.util.Optional.ifPresent(Optional.java:178)
	at java.base/java.util.stream.ForEachOps$ForEachOp$OfRef.accept(ForEachOps.java:184)
	at java.base/java.util.stream.ReferencePipeline$3$1.accept(ReferencePipeline.java:215)
	at java.base/java.util.stream.ForEachOps$ForEachOp$OfRef.accept(ForEachOps.java:184)
	at java.base/java.util.stream.ForEachOps$ForEachOp$OfRef.accept(ForEachOps.java:184)
	at java.base/java.util.stream.ReferencePipeline$3$1.accept(ReferencePipeline.java:215)
	at java.base/java.util.Spliterators$ArraySpliterator.forEachRemaining(Spliterators.java:1024)
	at java.base/java.util.stream.ReferencePipeline$Head.forEach(ReferencePipeline.java:807)
	at java.base/java.util.stream.ReferencePipeline$7$1FlatMap.accept(ReferencePipeline.java:294)
	at java.base/java.util.stream.ReferencePipeline$3$1.accept(ReferencePipeline.java:215)
	at java.base/java.util.stream.ReferencePipeline$3$1.accept(ReferencePipeline.java:215)
	at java.base/java.util.stream.ReferencePipeline$3$1.accept(ReferencePipeline.java:215)
	at java.base/java.util.Spliterators$ArraySpliterator.forEachRemaining(Spliterators.java:1024)
	at java.base/java.util.stream.AbstractPipeline.copyInto(AbstractPipeline.java:570)
	at java.base/java.util.stream.AbstractPipeline.wrapAndCopyInto(AbstractPipeline.java:560)
	at java.base/java.util.stream.ForEachOps$ForEachOp.evaluateSequential(ForEachOps.java:151)
	at java.base/java.util.stream.ForEachOps$ForEachOp$OfRef.evaluateSequential(ForEachOps.java:174)
	at java.base/java.util.stream.AbstractPipeline.evaluate(AbstractPipeline.java:265)
	at java.base/java.util.stream.ReferencePipeline.forEach(ReferencePipeline.java:636)
	at java.base/java.util.stream.ReferencePipeline$7$1FlatMap.accept(ReferencePipeline.java:294)
	at java.base/java.util.ArrayList$ArrayListSpliterator.forEachRemaining(ArrayList.java:1709)
	at java.base/java.util.stream.AbstractPipeline.copyInto(AbstractPipeline.java:570)
	at java.base/java.util.stream.AbstractPipeline.wrapAndCopyInto(AbstractPipeline.java:560)
	at java.base/java.util.stream.ForEachOps$ForEachOp.evaluateSequential(ForEachOps.java:151)
	at java.base/java.util.stream.ForEachOps$ForEachOp$OfRef.evaluateSequential(ForEachOps.java:174)
	at java.base/java.util.stream.AbstractPipeline.evaluate(AbstractPipeline.java:265)
	at java.base/java.util.stream.ReferencePipeline.forEach(ReferencePipeline.java:636)
	at java.base/java.util.stream.ReferencePipeline$7$1FlatMap.accept(ReferencePipeline.java:294)
	at java.base/java.util.stream.ReferencePipeline$3$1.accept(ReferencePipeline.java:215)
	at java.base/java.util.stream.ReferencePipeline$3$1.accept(ReferencePipeline.java:215)
	at java.base/java.util.stream.ReferencePipeline$3$1.accept(ReferencePipeline.java:215)
	at java.base/java.util.ArrayList$ArrayListSpliterator.forEachRemaining(ArrayList.java:1709)
	at java.base/java.util.stream.AbstractPipeline.copyInto(AbstractPipeline.java:570)
	at java.base/java.util.stream.AbstractPipeline.wrapAndCopyInto(AbstractPipeline.java:560)
	at java.base/java.util.stream.ForEachOps$ForEachOp.evaluateSequential(ForEachOps.java:151)
	at java.base/java.util.stream.ForEachOps$ForEachOp$OfRef.evaluateSequential(ForEachOps.java:174)
	at java.base/java.util.stream.AbstractPipeline.evaluate(AbstractPipeline.java:265)
	at java.base/java.util.stream.ReferencePipeline.forEach(ReferencePipeline.java:636)
	at java.base/java.util.ArrayList.forEach(ArrayList.java:1597)
	at java.base/java.util.ArrayList.forEach(ArrayList.java:1597)

[ERROR] org.jsoup.integration.HttpClientConnectTest.doesPut -- Time elapsed: 0.006 s <<< ERROR!
java.lang.NoSuchMethodError: 'java.lang.String org.jsoup.parser.TokenQueue.unescape(java.lang.String)'
	at org.jsoup.select.QueryParser.contains(QueryParser.java:449)
	at org.jsoup.select.QueryParser.parsePseudoSelector(QueryParser.java:212)
	at org.jsoup.select.QueryParser.parseSubclass(QueryParser.java:175)
	at org.jsoup.select.QueryParser.parseSimpleSequence(QueryParser.java:139)
	at org.jsoup.select.QueryParser.parseSelector(QueryParser.java:104)
	at org.jsoup.select.QueryParser.parseSelectorGroup(QueryParser.java:87)
	at org.jsoup.select.QueryParser.parse(QueryParser.java:78)
	at org.jsoup.select.QueryParser.parse(QueryParser.java:56)
	at org.jsoup.select.Selector.evaluatorOf(Selector.java:285)
	at org.jsoup.select.Selector.select(Selector.java:128)
	at org.jsoup.nodes.Element.select(Element.java:517)
	at org.jsoup.integration.ConnectTest.ihVal(ConnectTest.java:120)
	at org.jsoup.integration.ConnectTest.doesPut(ConnectTest.java:334)
	at java.base/java.lang.reflect.Method.invoke(Method.java:580)
	at java.base/java.util.ArrayList.forEach(ArrayList.java:1597)
	at java.base/java.util.ArrayList.forEach(ArrayList.java:1597)

[ERROR] org.jsoup.integration.HttpClientConnectTest.streamParserGet(String)[1] -- Time elapsed: 0.005 s <<< ERROR!
java.lang.NoSuchMethodError: 'java.lang.String org.jsoup.parser.TokenQueue.unescape(java.lang.String)'
	at org.jsoup.select.QueryParser.contains(QueryParser.java:449)
	at org.jsoup.select.QueryParser.parsePseudoSelector(QueryParser.java:212)
	at org.jsoup.select.QueryParser.parseSubclass(QueryParser.java:175)
	at org.jsoup.select.QueryParser.parseSimpleSequence(QueryParser.java:139)
	at org.jsoup.select.QueryParser.parseSelector(QueryParser.java:104)
	at org.jsoup.select.QueryParser.parseSelectorGroup(QueryParser.java:87)
	at org.jsoup.select.QueryParser.parse(QueryParser.java:78)
	at org.jsoup.select.QueryParser.parse(QueryParser.java:56)
	at org.jsoup.select.Selector.evaluatorOf(Selector.java:285)
	at org.jsoup.parser.StreamParser.selectNext(StreamParser.java:265)
	at org.jsoup.parser.StreamParser.expectNext(StreamParser.java:278)
	at org.jsoup.integration.ConnectTest.streamParserGet(ConnectTest.java:311)
	at java.base/java.lang.reflect.Method.invoke(Method.java:580)
	at java.base/java.util.Optional.ifPresent(Optional.java:178)
	at java.base/java.util.stream.ForEachOps$ForEachOp$OfRef.accept(ForEachOps.java:184)
	at java.base/java.util.stream.ReferencePipeline$3$1.accept(ReferencePipeline.java:215)
	at java.base/java.util.stream.ForEachOps$ForEachOp$OfRef.accept(ForEachOps.java:184)
	at java.base/java.util.stream.ForEachOps$ForEachOp$OfRef.accept(ForEachOps.java:184)
	at java.base/java.util.stream.ReferencePipeline$3$1.accept(ReferencePipeline.java:215)
	at java.base/java.util.Spliterators$ArraySpliterator.forEachRemaining(Spliterators.java:1024)
	at java.base/java.util.stream.ReferencePipeline$Head.forEach(ReferencePipeline.java:807)
	at java.base/java.util.stream.ReferencePipeline$7$1FlatMap.accept(ReferencePipeline.java:294)
	at java.base/java.util.stream.ReferencePipeline$3$1.accept(ReferencePipeline.java:215)
	at java.base/java.util.stream.ReferencePipeline$3$1.accept(ReferencePipeline.java:215)
	at java.base/java.util.stream.ReferencePipeline$3$1.accept(ReferencePipeline.java:215)
	at java.base/java.util.Spliterators$ArraySpliterator.forEachRemaining(Spliterators.java:1024)
	at java.base/java.util.stream.AbstractPipeline.copyInto(AbstractPipeline.java:570)
	at java.base/java.util.stream.AbstractPipeline.wrapAndCopyInto(AbstractPipeline.java:560)
	at java.base/java.util.stream.ForEachOps$ForEachOp.evaluateSequential(ForEachOps.java:151)
	at java.base/java.util.stream.ForEachOps$ForEachOp$OfRef.evaluateSequential(ForEachOps.java:174)
	at java.base/java.util.stream.AbstractPipeline.evaluate(AbstractPipeline.java:265)
	at java.base/java.util.stream.ReferencePipeline.forEach(ReferencePipeline.java:636)
	at java.base/java.util.stream.ReferencePipeline$7$1FlatMap.accept(ReferencePipeline.java:294)
	at java.base/java.util.ArrayList$ArrayListSpliterator.forEachRemaining(ArrayList.java:1709)
	at java.base/java.util.stream.AbstractPipeline.copyInto(AbstractPipeline.java:570)
	at java.base/java.util.stream.AbstractPipeline.wrapAndCopyInto(AbstractPipeline.java:560)
	at java.base/java.util.stream.ForEachOps$ForEachOp.evaluateSequential(ForEachOps.java:151)
	at java.base/java.util.stream.ForEachOps$ForEachOp$OfRef.evaluateSequential(ForEachOps.java:174)
	at java.base/java.util.stream.AbstractPipeline.evaluate(AbstractPipeline.java:265)
	at java.base/java.util.stream.ReferencePipeline.forEach(ReferencePipeline.java:636)
	at java.base/java.util.stream.ReferencePipeline$7$1FlatMap.accept(ReferencePipeline.java:294)
	at java.base/java.util.stream.ReferencePipeline$3$1.accept(ReferencePipeline.java:215)
	at java.base/java.util.stream.ReferencePipeline$3$1.accept(ReferencePipeline.java:215)
	at java.base/java.util.stream.ReferencePipeline$3$1.accept(ReferencePipeline.java:215)
	at java.base/java.util.ArrayList$ArrayListSpliterator.forEachRemaining(ArrayList.java:1709)
	at java.base/java.util.stream.AbstractPipeline.copyInto(AbstractPipeline.java:570)
	at java.base/java.util.stream.AbstractPipeline.wrapAndCopyInto(AbstractPipeline.java:560)
	at java.base/java.util.stream.ForEachOps$ForEachOp.evaluateSequential(ForEachOps.java:151)
	at java.base/java.util.stream.ForEachOps$ForEachOp$OfRef.evaluateSequential(ForEachOps.java:174)
	at java.base/java.util.stream.AbstractPipeline.evaluate(AbstractPipeline.java:265)
	at java.base/java.util.stream.ReferencePipeline.forEach(ReferencePipeline.java:636)
	at java.base/java.util.ArrayList.forEach(ArrayList.java:1597)
	at java.base/java.util.ArrayList.forEach(ArrayList.java:1597)

[ERROR] org.jsoup.integration.HttpClientConnectTest.streamParserGet(String)[2] -- Time elapsed: 0.022 s <<< ERROR!
java.lang.NoSuchMethodError: 'java.lang.String org.jsoup.parser.TokenQueue.unescape(java.lang.String)'
	at org.jsoup.select.QueryParser.contains(QueryParser.java:449)
	at org.jsoup.select.QueryParser.parsePseudoSelector(QueryParser.java:212)
	at org.jsoup.select.QueryParser.parseSubclass(QueryParser.java:175)
	at org.jsoup.select.QueryParser.parseSimpleSequence(QueryParser.java:139)
	at org.jsoup.select.QueryParser.parseSelector(QueryParser.java:104)
	at org.jsoup.select.QueryParser.parseSelectorGroup(QueryParser.java:87)
	at org.jsoup.select.QueryParser.parse(QueryParser.java:78)
	at org.jsoup.select.QueryParser.parse(QueryParser.java:56)
	at org.jsoup.select.Selector.evaluatorOf(Selector.java:285)
	at org.jsoup.parser.StreamParser.selectNext(StreamParser.java:265)
	at org.jsoup.parser.StreamParser.expectNext(StreamParser.java:278)
	at org.jsoup.integration.ConnectTest.streamParserGet(ConnectTest.java:311)
	at java.base/java.lang.reflect.Method.invoke(Method.java:580)
	at java.base/java.util.Optional.ifPresent(Optional.java:178)
	at java.base/java.util.stream.ForEachOps$ForEachOp$OfRef.accept(ForEachOps.java:184)
	at java.base/java.util.stream.ReferencePipeline$3$1.accept(ReferencePipeline.java:215)
	at java.base/java.util.stream.ForEachOps$ForEachOp$OfRef.accept(ForEachOps.java:184)
	at java.base/java.util.stream.ForEachOps$ForEachOp$OfRef.accept(ForEachOps.java:184)
	at java.base/java.util.stream.ReferencePipeline$3$1.accept(ReferencePipeline.java:215)
	at java.base/java.util.Spliterators$ArraySpliterator.forEachRemaining(Spliterators.java:1024)
	at java.base/java.util.stream.ReferencePipeline$Head.forEach(ReferencePipeline.java:807)
	at java.base/java.util.stream.ReferencePipeline$7$1FlatMap.accept(ReferencePipeline.java:294)
	at java.base/java.util.stream.ReferencePipeline$3$1.accept(ReferencePipeline.java:215)
	at java.base/java.util.stream.ReferencePipeline$3$1.accept(ReferencePipeline.java:215)
	at java.base/java.util.stream.ReferencePipeline$3$1.accept(ReferencePipeline.java:215)
	at java.base/java.util.Spliterators$ArraySpliterator.forEachRemaining(Spliterators.java:1024)
	at java.base/java.util.stream.AbstractPipeline.copyInto(AbstractPipeline.java:570)
	at java.base/java.util.stream.AbstractPipeline.wrapAndCopyInto(AbstractPipeline.java:560)
	at java.base/java.util.stream.ForEachOps$ForEachOp.evaluateSequential(ForEachOps.java:151)
	at java.base/java.util.stream.ForEachOps$ForEachOp$OfRef.evaluateSequential(ForEachOps.java:174)
	at java.base/java.util.stream.AbstractPipeline.evaluate(AbstractPipeline.java:265)
	at java.base/java.util.stream.ReferencePipeline.forEach(ReferencePipeline.java:636)
	at java.base/java.util.stream.ReferencePipeline$7$1FlatMap.accept(ReferencePipeline.java:294)
	at java.base/java.util.ArrayList$ArrayListSpliterator.forEachRemaining(ArrayList.java:1709)
	at java.base/java.util.stream.AbstractPipeline.copyInto(AbstractPipeline.java:570)
	at java.base/java.util.stream.AbstractPipeline.wrapAndCopyInto(AbstractPipeline.java:560)
	at java.base/java.util.stream.ForEachOps$ForEachOp.evaluateSequential(ForEachOps.java:151)
	at java.base/java.util.stream.ForEachOps$ForEachOp$OfRef.evaluateSequential(ForEachOps.java:174)
	at java.base/java.util.stream.AbstractPipeline.evaluate(AbstractPipeline.java:265)
	at java.base/java.util.stream.ReferencePipeline.forEach(ReferencePipeline.java:636)
	at java.base/java.util.stream.ReferencePipeline$7$1FlatMap.accept(ReferencePipeline.java:294)
	at java.base/java.util.stream.ReferencePipeline$3$1.accept(ReferencePipeline.java:215)
	at java.base/java.util.stream.ReferencePipeline$3$1.accept(ReferencePipeline.java:215)
	at java.base/java.util.stream.ReferencePipeline$3$1.accept(ReferencePipeline.java:215)
	at java.base/java.util.ArrayList$ArrayListSpliterator.forEachRemaining(ArrayList.java:1709)
	at java.base/java.util.stream.AbstractPipeline.copyInto(AbstractPipeline.java:570)
	at java.base/java.util.stream.AbstractPipeline.wrapAndCopyInto(AbstractPipeline.java:560)
	at java.base/java.util.stream.ForEachOps$ForEachOp.evaluateSequential(ForEachOps.java:151)
	at java.base/java.util.stream.ForEachOps$ForEachOp$OfRef.evaluateSequential(ForEachOps.java:174)
	at java.base/java.util.stream.AbstractPipeline.evaluate(AbstractPipeline.java:265)
	at java.base/java.util.stream.ReferencePipeline.forEach(ReferencePipeline.java:636)
	at java.base/java.util.ArrayList.forEach(ArrayList.java:1597)
	at java.base/java.util.ArrayList.forEach(ArrayList.java:1597)

[ERROR] org.jsoup.integration.HttpClientConnectTest.doesNotPostFor302 -- Time elapsed: 0.008 s <<< ERROR!
java.lang.NoSuchMethodError: 'java.lang.String org.jsoup.parser.TokenQueue.unescape(java.lang.String)'
	at org.jsoup.select.QueryParser.contains(QueryParser.java:449)
	at org.jsoup.select.QueryParser.parsePseudoSelector(QueryParser.java:212)
	at org.jsoup.select.QueryParser.parseSubclass(QueryParser.java:175)
	at org.jsoup.select.QueryParser.parseSimpleSequence(QueryParser.java:139)
	at org.jsoup.select.QueryParser.parseSelector(QueryParser.java:104)
	at org.jsoup.select.QueryParser.parseSelectorGroup(QueryParser.java:87)
	at org.jsoup.select.QueryParser.parse(QueryParser.java:78)
	at org.jsoup.select.QueryParser.parse(QueryParser.java:56)
	at org.jsoup.select.Selector.evaluatorOf(Selector.java:285)
	at org.jsoup.select.Selector.select(Selector.java:128)
	at org.jsoup.nodes.Element.select(Element.java:517)
	at org.jsoup.integration.ConnectTest.ihVal(ConnectTest.java:120)
	at org.jsoup.integration.ConnectTest.doesNotPostFor302(ConnectTest.java:587)
	at java.base/java.lang.reflect.Method.invoke(Method.java:580)
	at java.base/java.util.ArrayList.forEach(ArrayList.java:1597)
	at java.base/java.util.ArrayList.forEach(ArrayList.java:1597)

[ERROR] org.jsoup.integration.HttpClientConnectTest.postFiles(String)[1] -- Time elapsed: 0.029 s <<< ERROR!
java.lang.NoSuchMethodError: 'java.lang.String org.jsoup.parser.TokenQueue.unescape(java.lang.String)'
	at org.jsoup.select.QueryParser.contains(QueryParser.java:449)
	at org.jsoup.select.QueryParser.parsePseudoSelector(QueryParser.java:212)
	at org.jsoup.select.QueryParser.parseSubclass(QueryParser.java:175)
	at org.jsoup.select.QueryParser.parseSimpleSequence(QueryParser.java:139)
	at org.jsoup.select.QueryParser.parseSelector(QueryParser.java:104)
	at org.jsoup.select.QueryParser.parseSelectorGroup(QueryParser.java:87)
	at org.jsoup.select.QueryParser.parse(QueryParser.java:78)
	at org.jsoup.select.QueryParser.parse(QueryParser.java:56)
	at org.jsoup.select.Selector.evaluatorOf(Selector.java:285)
	at org.jsoup.select.Selector.select(Selector.java:128)
	at org.jsoup.nodes.Element.select(Element.java:517)
	at org.jsoup.integration.ConnectTest.ihVal(ConnectTest.java:120)
	at org.jsoup.integration.ConnectTest.postFiles(ConnectTest.java:380)
	at java.base/java.lang.reflect.Method.invoke(Method.java:580)
	at java.base/java.util.Optional.ifPresent(Optional.java:178)
	at java.base/java.util.stream.ForEachOps$ForEachOp$OfRef.accept(ForEachOps.java:184)
	at java.base/java.util.stream.ReferencePipeline$3$1.accept(ReferencePipeline.java:215)
	at java.base/java.util.stream.ForEachOps$ForEachOp$OfRef.accept(ForEachOps.java:184)
	at java.base/java.util.stream.ForEachOps$ForEachOp$OfRef.accept(ForEachOps.java:184)
	at java.base/java.util.stream.ReferencePipeline$3$1.accept(ReferencePipeline.java:215)
	at java.base/java.util.Spliterators$ArraySpliterator.forEachRemaining(Spliterators.java:1024)
	at java.base/java.util.stream.ReferencePipeline$Head.forEach(ReferencePipeline.java:807)
	at java.base/java.util.stream.ReferencePipeline$7$1FlatMap.accept(ReferencePipeline.java:294)
	at java.base/java.util.stream.ReferencePipeline$3$1.accept(ReferencePipeline.java:215)
	at java.base/java.util.stream.ReferencePipeline$3$1.accept(ReferencePipeline.java:215)
	at java.base/java.util.stream.ReferencePipeline$3$1.accept(ReferencePipeline.java:215)
	at java.base/java.util.Spliterators$ArraySpliterator.forEachRemaining(Spliterators.java:1024)
	at java.base/java.util.stream.AbstractPipeline.copyInto(AbstractPipeline.java:570)
	at java.base/java.util.stream.AbstractPipeline.wrapAndCopyInto(AbstractPipeline.java:560)
	at java.base/java.util.stream.ForEachOps$ForEachOp.evaluateSequential(ForEachOps.java:151)
	at java.base/java.util.stream.ForEachOps$ForEachOp$OfRef.evaluateSequential(ForEachOps.java:174)
	at java.base/java.util.stream.AbstractPipeline.evaluate(AbstractPipeline.java:265)
	at java.base/java.util.stream.ReferencePipeline.forEach(ReferencePipeline.java:636)
	at java.base/java.util.stream.ReferencePipeline$7$1FlatMap.accept(ReferencePipeline.java:294)
	at java.base/java.util.ArrayList$ArrayListSpliterator.forEachRemaining(ArrayList.java:1709)
	at java.base/java.util.stream.AbstractPipeline.copyInto(AbstractPipeline.java:570)
	at java.base/java.util.stream.AbstractPipeline.wrapAndCopyInto(AbstractPipeline.java:560)
	at java.base/java.util.stream.ForEachOps$ForEachOp.evaluateSequential(ForEachOps.java:151)
	at java.base/java.util.stream.ForEachOps$ForEachOp$OfRef.evaluateSequential(ForEachOps.java:174)
	at java.base/java.util.stream.AbstractPipeline.evaluate(AbstractPipeline.java:265)
	at java.base/java.util.stream.ReferencePipeline.forEach(ReferencePipeline.java:636)
	at java.base/java.util.stream.ReferencePipeline$7$1FlatMap.accept(ReferencePipeline.java:294)
	at java.base/java.util.stream.ReferencePipeline$3$1.accept(ReferencePipeline.java:215)
	at java.base/java.util.stream.ReferencePipeline$3$1.accept(ReferencePipeline.java:215)
	at java.base/java.util.stream.ReferencePipeline$3$1.accept(ReferencePipeline.java:215)
	at java.base/java.util.ArrayList$ArrayListSpliterator.forEachRemaining(ArrayList.java:1709)
	at java.base/java.util.stream.AbstractPipeline.copyInto(AbstractPipeline.java:570)
	at java.base/java.util.stream.AbstractPipeline.wrapAndCopyInto(AbstractPipeline.java:560)
	at java.base/java.util.stream.ForEachOps$ForEachOp.evaluateSequential(ForEachOps.java:151)
	at java.base/java.util.stream.ForEachOps$ForEachOp$OfRef.evaluateSequential(ForEachOps.java:174)
	at java.base/java.util.stream.AbstractPipeline.evaluate(AbstractPipeline.java:265)
	at java.base/java.util.stream.ReferencePipeline.forEach(ReferencePipeline.java:636)
	at java.base/java.util.ArrayList.forEach(ArrayList.java:1597)
	at java.base/java.util.ArrayList.forEach(ArrayList.java:1597)

[ERROR] org.jsoup.integration.HttpClientConnectTest.postFiles(String)[2] -- Time elapsed: 0.107 s <<< ERROR!
java.lang.NoSuchMethodError: 'java.lang.String org.jsoup.parser.TokenQueue.unescape(java.lang.String)'
	at org.jsoup.select.QueryParser.contains(QueryParser.java:449)
	at org.jsoup.select.QueryParser.parsePseudoSelector(QueryParser.java:212)
	at org.jsoup.select.QueryParser.parseSubclass(QueryParser.java:175)
	at org.jsoup.select.QueryParser.parseSimpleSequence(QueryParser.java:139)
	at org.jsoup.select.QueryParser.parseSelector(QueryParser.java:104)
	at org.jsoup.select.QueryParser.parseSelectorGroup(QueryParser.java:87)
	at org.jsoup.select.QueryParser.parse(QueryParser.java:78)
	at org.jsoup.select.QueryParser.parse(QueryParser.java:56)
	at org.jsoup.select.Selector.evaluatorOf(Selector.java:285)
	at org.jsoup.select.Selector.select(Selector.java:128)
	at org.jsoup.nodes.Element.select(Element.java:517)
	at org.jsoup.integration.ConnectTest.ihVal(ConnectTest.java:120)
	at org.jsoup.integration.ConnectTest.postFiles(ConnectTest.java:380)
	at java.base/java.lang.reflect.Method.invoke(Method.java:580)
	at java.base/java.util.Optional.ifPresent(Optional.java:178)
	at java.base/java.util.stream.ForEachOps$ForEachOp$OfRef.accept(ForEachOps.java:184)
	at java.base/java.util.stream.ReferencePipeline$3$1.accept(ReferencePipeline.java:215)
	at java.base/java.util.stream.ForEachOps$ForEachOp$OfRef.accept(ForEachOps.java:184)
	at java.base/java.util.stream.ForEachOps$ForEachOp$OfRef.accept(ForEachOps.java:184)
	at java.base/java.util.stream.ReferencePipeline$3$1.accept(ReferencePipeline.java:215)
	at java.base/java.util.Spliterators$ArraySpliterator.forEachRemaining(Spliterators.java:1024)
	at java.base/java.util.stream.ReferencePipeline$Head.forEach(ReferencePipeline.java:807)
	at java.base/java.util.stream.ReferencePipeline$7$1FlatMap.accept(ReferencePipeline.java:294)
	at java.base/java.util.stream.ReferencePipeline$3$1.accept(ReferencePipeline.java:215)
	at java.base/java.util.stream.ReferencePipeline$3$1.accept(ReferencePipeline.java:215)
	at java.base/java.util.stream.ReferencePipeline$3$1.accept(ReferencePipeline.java:215)
	at java.base/java.util.Spliterators$ArraySpliterator.forEachRemaining(Spliterators.java:1024)
	at java.base/java.util.stream.AbstractPipeline.copyInto(AbstractPipeline.java:570)
	at java.base/java.util.stream.AbstractPipeline.wrapAndCopyInto(AbstractPipeline.java:560)
	at java.base/java.util.stream.ForEachOps$ForEachOp.evaluateSequential(ForEachOps.java:151)
	at java.base/java.util.stream.ForEachOps$ForEachOp$OfRef.evaluateSequential(ForEachOps.java:174)
	at java.base/java.util.stream.AbstractPipeline.evaluate(AbstractPipeline.java:265)
	at java.base/java.util.stream.ReferencePipeline.forEach(ReferencePipeline.java:636)
	at java.base/java.util.stream.ReferencePipeline$7$1FlatMap.accept(ReferencePipeline.java:294)
	at java.base/java.util.ArrayList$ArrayListSpliterator.forEachRemaining(ArrayList.java:1709)
	at java.base/java.util.stream.AbstractPipeline.copyInto(AbstractPipeline.java:570)
	at java.base/java.util.stream.AbstractPipeline.wrapAndCopyInto(AbstractPipeline.java:560)
	at java.base/java.util.stream.ForEachOps$ForEachOp.evaluateSequential(ForEachOps.java:151)
	at java.base/java.util.stream.ForEachOps$ForEachOp$OfRef.evaluateSequential(ForEachOps.java:174)
	at java.base/java.util.stream.AbstractPipeline.evaluate(AbstractPipeline.java:265)
	at java.base/java.util.stream.ReferencePipeline.forEach(ReferencePipeline.java:636)
	at java.base/java.util.stream.ReferencePipeline$7$1FlatMap.accept(ReferencePipeline.java:294)
	at java.base/java.util.stream.ReferencePipeline$3$1.accept(ReferencePipeline.java:215)
	at java.base/java.util.stream.ReferencePipeline$3$1.accept(ReferencePipeline.java:215)
	at java.base/java.util.stream.ReferencePipeline$3$1.accept(ReferencePipeline.java:215)
	at java.base/java.util.ArrayList$ArrayListSpliterator.forEachRemaining(ArrayList.java:1709)
	at java.base/java.util.stream.AbstractPipeline.copyInto(AbstractPipeline.java:570)
	at java.base/java.util.stream.AbstractPipeline.wrapAndCopyInto(AbstractPipeline.java:560)
	at java.base/java.util.stream.ForEachOps$ForEachOp.evaluateSequential(ForEachOps.java:151)
	at java.base/java.util.stream.ForEachOps$ForEachOp$OfRef.evaluateSequential(ForEachOps.java:174)
	at java.base/java.util.stream.AbstractPipeline.evaluate(AbstractPipeline.java:265)
	at java.base/java.util.stream.ReferencePipeline.forEach(ReferencePipeline.java:636)
	at java.base/java.util.ArrayList.forEach(ArrayList.java:1597)
	at java.base/java.util.ArrayList.forEach(ArrayList.java:1597)

[ERROR] org.jsoup.integration.HttpClientConnectTest.secFetchHeadersSurviveRedirect -- Time elapsed: 0.010 s <<< ERROR!
java.lang.NoSuchMethodError: 'java.lang.String org.jsoup.parser.TokenQueue.unescape(java.lang.String)'
	at org.jsoup.select.QueryParser.contains(QueryParser.java:449)
	at org.jsoup.select.QueryParser.parsePseudoSelector(QueryParser.java:212)
	at org.jsoup.select.QueryParser.parseSubclass(QueryParser.java:175)
	at org.jsoup.select.QueryParser.parseSimpleSequence(QueryParser.java:139)
	at org.jsoup.select.QueryParser.parseSelector(QueryParser.java:104)
	at org.jsoup.select.QueryParser.parseSelectorGroup(QueryParser.java:87)
	at org.jsoup.select.QueryParser.parse(QueryParser.java:78)
	at org.jsoup.select.QueryParser.parse(QueryParser.java:56)
	at org.jsoup.select.Selector.evaluatorOf(Selector.java:285)
	at org.jsoup.select.Selector.select(Selector.java:128)
	at org.jsoup.nodes.Element.select(Element.java:517)
	at org.jsoup.integration.ConnectTest.ihVal(ConnectTest.java:120)
	at org.jsoup.integration.ConnectTest.secFetchHeadersSurviveRedirect(ConnectTest.java:214)
	at java.base/java.lang.reflect.Method.invoke(Method.java:580)
	at java.base/java.util.ArrayList.forEach(ArrayList.java:1597)
	at java.base/java.util.ArrayList.forEach(ArrayList.java:1597)

[ERROR] org.jsoup.integration.HttpClientConnectTest.canSendSecFetchHeaders -- Time elapsed: 0.006 s <<< ERROR!
java.lang.NoSuchMethodError: 'java.lang.String org.jsoup.parser.TokenQueue.unescape(java.lang.String)'
	at org.jsoup.select.QueryParser.contains(QueryParser.java:449)
	at org.jsoup.select.QueryParser.parsePseudoSelector(QueryParser.java:212)
	at org.jsoup.select.QueryParser.parseSubclass(QueryParser.java:175)
	at org.jsoup.select.QueryParser.parseSimpleSequence(QueryParser.java:139)
	at org.jsoup.select.QueryParser.parseSelector(QueryParser.java:104)
	at org.jsoup.select.QueryParser.parseSelectorGroup(QueryParser.java:87)
	at org.jsoup.select.QueryParser.parse(QueryParser.java:78)
	at org.jsoup.select.QueryParser.parse(QueryParser.java:56)
	at org.jsoup.select.Selector.evaluatorOf(Selector.java:285)
	at org.jsoup.select.Selector.select(Selector.java:128)
	at org.jsoup.nodes.Element.select(Element.java:517)
	at org.jsoup.integration.ConnectTest.ihVal(ConnectTest.java:120)
	at org.jsoup.integration.ConnectTest.canSendSecFetchHeaders(ConnectTest.java:199)
	at java.base/java.lang.reflect.Method.invoke(Method.java:580)
	at java.base/java.util.ArrayList.forEach(ArrayList.java:1597)
	at java.base/java.util.ArrayList.forEach(ArrayList.java:1597)

[ERROR] org.jsoup.integration.HttpClientConnectTest.requestCookiesSurviveRedirect -- Time elapsed: 0.006 s <<< ERROR!
java.lang.NoSuchMethodError: 'java.lang.String org.jsoup.parser.TokenQueue.unescape(java.lang.String)'
	at org.jsoup.select.QueryParser.contains(QueryParser.java:449)
	at org.jsoup.select.QueryParser.parsePseudoSelector(QueryParser.java:212)
	at org.jsoup.select.QueryParser.parseSubclass(QueryParser.java:175)
	at org.jsoup.select.QueryParser.parseSimpleSequence(QueryParser.java:139)
	at org.jsoup.select.QueryParser.parseSelector(QueryParser.java:104)
	at org.jsoup.select.QueryParser.parseSelectorGroup(QueryParser.java:87)
	at org.jsoup.select.QueryParser.parse(QueryParser.java:78)
	at org.jsoup.select.QueryParser.parse(QueryParser.java:56)
	at org.jsoup.select.Selector.evaluatorOf(Selector.java:285)
	at org.jsoup.select.Selector.select(Selector.java:128)
	at org.jsoup.nodes.Element.select(Element.java:517)
	at org.jsoup.integration.ConnectTest.ihVal(ConnectTest.java:120)
	at org.jsoup.integration.ConnectTest.requestCookiesSurviveRedirect(ConnectTest.java:512)
	at java.base/java.lang.reflect.Method.invoke(Method.java:580)
	at java.base/java.util.ArrayList.forEach(ArrayList.java:1597)
	at java.base/java.util.ArrayList.forEach(ArrayList.java:1597)

[ERROR] Tests run: 5, Failures: 0, Errors: 2, Skipped: 0, Time elapsed: 0.025 s <<< FAILURE! -- in org.jsoup.integration.HttpClientSessionTest
[ERROR] org.jsoup.integration.HttpClientSessionTest.testPathScopedCookiesOnRedirect -- Time elapsed: 0.006 s <<< ERROR!
java.lang.NoSuchMethodError: 'java.lang.String org.jsoup.parser.TokenQueue.unescape(java.lang.String)'
	at org.jsoup.select.QueryParser.contains(QueryParser.java:449)
	at org.jsoup.select.QueryParser.parsePseudoSelector(QueryParser.java:212)
	at org.jsoup.select.QueryParser.parseSubclass(QueryParser.java:175)
	at org.jsoup.select.QueryParser.parseSimpleSequence(QueryParser.java:139)
	at org.jsoup.select.QueryParser.parseSelector(QueryParser.java:104)
	at org.jsoup.select.QueryParser.parseSelectorGroup(QueryParser.java:87)
	at org.jsoup.select.QueryParser.parse(QueryParser.java:78)
	at org.jsoup.select.QueryParser.parse(QueryParser.java:56)
	at org.jsoup.select.Selector.evaluatorOf(Selector.java:285)
	at org.jsoup.select.Selector.select(Selector.java:128)
	at org.jsoup.nodes.Element.select(Element.java:517)
	at org.jsoup.integration.SessionTest.keyEls(SessionTest.java:29)
	at org.jsoup.integration.SessionTest.assertEchoEndpoint(SessionTest.java:93)
	at org.jsoup.integration.SessionTest.testPathScopedCookiesOnRedirect(SessionTest.java:111)
	at java.base/java.lang.reflect.Method.invoke(Method.java:580)
	at java.base/java.util.ArrayList.forEach(ArrayList.java:1597)
	at java.base/java.util.ArrayList.forEach(ArrayList.java:1597)

[ERROR] org.jsoup.integration.HttpClientSessionTest.testPathScopedCookies -- Time elapsed: 0.008 s <<< ERROR!
java.lang.NoSuchMethodError: 'java.lang.String org.jsoup.parser.TokenQueue.unescape(java.lang.String)'
	at org.jsoup.select.QueryParser.contains(QueryParser.java:449)
	at org.jsoup.select.QueryParser.parsePseudoSelector(QueryParser.java:212)
	at org.jsoup.select.QueryParser.parseSubclass(QueryParser.java:175)
	at org.jsoup.select.QueryParser.parseSimpleSequence(QueryParser.java:139)
	at org.jsoup.select.QueryParser.parseSelector(QueryParser.java:104)
	at org.jsoup.select.QueryParser.parseSelectorGroup(QueryParser.java:87)
	at org.jsoup.select.QueryParser.parse(QueryParser.java:78)
	at org.jsoup.select.QueryParser.parse(QueryParser.java:56)
	at org.jsoup.select.Selector.evaluatorOf(Selector.java:285)
	at org.jsoup.select.Selector.select(Selector.java:128)
	at org.jsoup.nodes.Element.select(Element.java:517)
	at org.jsoup.integration.SessionTest.keyEls(SessionTest.java:29)
	at org.jsoup.integration.SessionTest.assertCookieEndpoint(SessionTest.java:85)
	at org.jsoup.integration.SessionTest.testPathScopedCookies(SessionTest.java:66)
	at java.base/java.lang.reflect.Method.invoke(Method.java:580)
	at java.base/java.util.ArrayList.forEach(ArrayList.java:1597)
	at java.base/java.util.ArrayList.forEach(ArrayList.java:1597)

[ERROR] Tests run: 73, Failures: 0, Errors: 29, Skipped: 0, Time elapsed: 0.688 s <<< FAILURE! -- in org.jsoup.integration.ConnectTest
[ERROR] org.jsoup.integration.ConnectTest.multiCookieSet -- Time elapsed: 0.008 s <<< ERROR!
java.lang.NoSuchMethodError: 'java.lang.String org.jsoup.parser.TokenQueue.unescape(java.lang.String)'
	at org.jsoup.select.QueryParser.contains(QueryParser.java:449)
	at org.jsoup.select.QueryParser.parsePseudoSelector(QueryParser.java:212)
	at org.jsoup.select.QueryParser.parseSubclass(QueryParser.java:175)
	at org.jsoup.select.QueryParser.parseSimpleSequence(QueryParser.java:139)
	at org.jsoup.select.QueryParser.parseSelector(QueryParser.java:104)
	at org.jsoup.select.QueryParser.parseSelectorGroup(QueryParser.java:87)
	at org.jsoup.select.QueryParser.parse(QueryParser.java:78)
	at org.jsoup.select.QueryParser.parse(QueryParser.java:56)
	at org.jsoup.select.Selector.evaluatorOf(Selector.java:285)
	at org.jsoup.select.Selector.select(Selector.java:128)
	at org.jsoup.nodes.Element.select(Element.java:517)
	at org.jsoup.integration.ConnectTest.ihVal(ConnectTest.java:120)
	at org.jsoup.integration.ConnectTest.multiCookieSet(ConnectTest.java:497)
	at java.base/java.lang.reflect.Method.invoke(Method.java:580)
	at java.base/java.util.ArrayList.forEach(ArrayList.java:1597)
	at java.base/java.util.ArrayList.forEach(ArrayList.java:1597)

[ERROR] org.jsoup.integration.ConnectTest.sendsRequestBodyStream -- Time elapsed: 0.006 s <<< ERROR!
java.lang.NoSuchMethodError: 'java.lang.String org.jsoup.parser.TokenQueue.unescape(java.lang.String)'
	at org.jsoup.select.QueryParser.contains(QueryParser.java:449)
	at org.jsoup.select.QueryParser.parsePseudoSelector(QueryParser.java:212)
	at org.jsoup.select.QueryParser.parseSubclass(QueryParser.java:175)
	at org.jsoup.select.QueryParser.parseSimpleSequence(QueryParser.java:139)
	at org.jsoup.select.QueryParser.parseSelector(QueryParser.java:104)
	at org.jsoup.select.QueryParser.parseSelectorGroup(QueryParser.java:87)
	at org.jsoup.select.QueryParser.parse(QueryParser.java:78)
	at org.jsoup.select.QueryParser.parse(QueryParser.java:56)
	at org.jsoup.select.Selector.evaluatorOf(Selector.java:285)
	at org.jsoup.select.Selector.select(Selector.java:128)
	at org.jsoup.nodes.Element.select(Element.java:517)
	at org.jsoup.integration.ConnectTest.ihVal(ConnectTest.java:120)
	at org.jsoup.integration.ConnectTest.sendsRequestBodyStream(ConnectTest.java:279)
	at java.base/java.lang.reflect.Method.invoke(Method.java:580)
	at java.base/java.util.ArrayList.forEach(ArrayList.java:1597)
	at java.base/java.util.ArrayList.forEach(ArrayList.java:1597)

[ERROR] org.jsoup.integration.ConnectTest.formLoginFlow -- Time elapsed: 0.011 s <<< ERROR!
java.lang.NoSuchMethodError: 'java.lang.String org.jsoup.parser.TokenQueue.unescape(java.lang.String)'
	at org.jsoup.select.QueryParser.contains(QueryParser.java:449)
	at org.jsoup.select.QueryParser.parsePseudoSelector(QueryParser.java:212)
	at org.jsoup.select.QueryParser.parseSubclass(QueryParser.java:175)
	at org.jsoup.select.QueryParser.parseSimpleSequence(QueryParser.java:139)
	at org.jsoup.select.QueryParser.parseSelector(QueryParser.java:104)
	at org.jsoup.select.QueryParser.parseSelectorGroup(QueryParser.java:87)
	at org.jsoup.select.QueryParser.parse(QueryParser.java:78)
	at org.jsoup.select.QueryParser.parse(QueryParser.java:56)
	at org.jsoup.select.Selector.evaluatorOf(Selector.java:285)
	at org.jsoup.select.Selector.select(Selector.java:128)
	at org.jsoup.nodes.Element.select(Element.java:517)
	at org.jsoup.integration.ConnectTest.ihVal(ConnectTest.java:120)
	at org.jsoup.integration.ConnectTest.formLoginFlow(ConnectTest.java:909)
	at java.base/java.lang.reflect.Method.invoke(Method.java:580)
	at java.base/java.util.ArrayList.forEach(ArrayList.java:1597)
	at java.base/java.util.ArrayList.forEach(ArrayList.java:1597)

[ERROR] org.jsoup.integration.ConnectTest.postHtmlFile -- Time elapsed: 0.017 s <<< ERROR!
java.lang.NoSuchMethodError: 'java.lang.String org.jsoup.parser.TokenQueue.unescape(java.lang.String)'
	at org.jsoup.select.QueryParser.contains(QueryParser.java:449)
	at org.jsoup.select.QueryParser.parsePseudoSelector(QueryParser.java:212)
	at org.jsoup.select.QueryParser.parseSubclass(QueryParser.java:175)
	at org.jsoup.select.QueryParser.parseSimpleSequence(QueryParser.java:139)
	at org.jsoup.select.QueryParser.parseSelector(QueryParser.java:104)
	at org.jsoup.select.QueryParser.parseSelectorGroup(QueryParser.java:87)
	at org.jsoup.select.QueryParser.parse(QueryParser.java:78)
	at org.jsoup.select.QueryParser.parse(QueryParser.java:56)
	at org.jsoup.select.Selector.evaluatorOf(Selector.java:285)
	at org.jsoup.select.Selector.select(Selector.java:128)
	at org.jsoup.nodes.Element.select(Element.java:517)
	at org.jsoup.integration.ConnectTest.ihVal(ConnectTest.java:120)
	at org.jsoup.integration.ConnectTest.postHtmlFile(ConnectTest.java:752)
	at java.base/java.lang.reflect.Method.invoke(Method.java:580)
	at java.base/java.util.ArrayList.forEach(ArrayList.java:1597)
	at java.base/java.util.ArrayList.forEach(ArrayList.java:1597)

[ERROR] org.jsoup.integration.ConnectTest.doesPostMultipartWithoutInputstream -- Time elapsed: 0.005 s <<< ERROR!
java.lang.NoSuchMethodError: 'java.lang.String org.jsoup.parser.TokenQueue.unescape(java.lang.String)'
	at org.jsoup.select.QueryParser.contains(QueryParser.java:449)
	at org.jsoup.select.QueryParser.parsePseudoSelector(QueryParser.java:212)
	at org.jsoup.select.QueryParser.parseSubclass(QueryParser.java:175)
	at org.jsoup.select.QueryParser.parseSimpleSequence(QueryParser.java:139)
	at org.jsoup.select.QueryParser.parseSelector(QueryParser.java:104)
	at org.jsoup.select.QueryParser.parseSelectorGroup(QueryParser.java:87)
	at org.jsoup.select.QueryParser.parse(QueryParser.java:78)
	at org.jsoup.select.QueryParser.parse(QueryParser.java:56)
	at org.jsoup.select.Selector.evaluatorOf(Selector.java:285)
	at org.jsoup.select.Selector.select(Selector.java:128)
	at org.jsoup.nodes.Element.select(Element.java:517)
	at org.jsoup.integration.ConnectTest.ihVal(ConnectTest.java:120)
	at org.jsoup.integration.ConnectTest.doesPostMultipartWithoutInputstream(ConnectTest.java:183)
	at java.base/java.lang.reflect.Method.invoke(Method.java:580)
	at java.base/java.util.ArrayList.forEach(ArrayList.java:1597)
	at java.base/java.util.ArrayList.forEach(ArrayList.java:1597)

[ERROR] org.jsoup.integration.ConnectTest.sendsRequestBodyWithUrlParams -- Time elapsed: 0.003 s <<< ERROR!
java.lang.NoSuchMethodError: 'java.lang.String org.jsoup.parser.TokenQueue.unescape(java.lang.String)'
	at org.jsoup.select.QueryParser.contains(QueryParser.java:449)
	at org.jsoup.select.QueryParser.parsePseudoSelector(QueryParser.java:212)
	at org.jsoup.select.QueryParser.parseSubclass(QueryParser.java:175)
	at org.jsoup.select.QueryParser.parseSimpleSequence(QueryParser.java:139)
	at org.jsoup.select.QueryParser.parseSelector(QueryParser.java:104)
	at org.jsoup.select.QueryParser.parseSelectorGroup(QueryParser.java:87)
	at org.jsoup.select.QueryParser.parse(QueryParser.java:78)
	at org.jsoup.select.QueryParser.parse(QueryParser.java:56)
	at org.jsoup.select.Selector.evaluatorOf(Selector.java:285)
	at org.jsoup.select.Selector.select(Selector.java:128)
	at org.jsoup.nodes.Element.select(Element.java:517)
	at org.jsoup.integration.ConnectTest.ihVal(ConnectTest.java:120)
	at org.jsoup.integration.ConnectTest.sendsRequestBodyWithUrlParams(ConnectTest.java:265)
	at java.base/java.lang.reflect.Method.invoke(Method.java:580)
	at java.base/java.util.ArrayList.forEach(ArrayList.java:1597)
	at java.base/java.util.ArrayList.forEach(ArrayList.java:1597)

[ERROR] org.jsoup.integration.ConnectTest.fetchUnicodeUrl -- Time elapsed: 0.002 s <<< ERROR!
java.lang.NoSuchMethodError: 'java.lang.String org.jsoup.parser.TokenQueue.unescape(java.lang.String)'
	at org.jsoup.select.QueryParser.contains(QueryParser.java:449)
	at org.jsoup.select.QueryParser.parsePseudoSelector(QueryParser.java:212)
	at org.jsoup.select.QueryParser.parseSubclass(QueryParser.java:175)
	at org.jsoup.select.QueryParser.parseSimpleSequence(QueryParser.java:139)
	at org.jsoup.select.QueryParser.parseSelector(QueryParser.java:104)
	at org.jsoup.select.QueryParser.parseSelectorGroup(QueryParser.java:87)
	at org.jsoup.select.QueryParser.parse(QueryParser.java:78)
	at org.jsoup.select.QueryParser.parse(QueryParser.java:56)
	at org.jsoup.select.Selector.evaluatorOf(Selector.java:285)
	at org.jsoup.select.Selector.select(Selector.java:128)
	at org.jsoup.nodes.Element.select(Element.java:517)
	at org.jsoup.integration.ConnectTest.ihVal(ConnectTest.java:120)
	at org.jsoup.integration.ConnectTest.fetchUnicodeUrl(ConnectTest.java:962)
	at java.base/java.lang.reflect.Method.invoke(Method.java:580)
	at java.base/java.util.ArrayList.forEach(ArrayList.java:1597)
	at java.base/java.util.ArrayList.forEach(ArrayList.java:1597)

[ERROR] org.jsoup.integration.ConnectTest.sendsRequestBody -- Time elapsed: 0.002 s <<< ERROR!
java.lang.NoSuchMethodError: 'java.lang.String org.jsoup.parser.TokenQueue.unescape(java.lang.String)'
	at org.jsoup.select.QueryParser.contains(QueryParser.java:449)
	at org.jsoup.select.QueryParser.parsePseudoSelector(QueryParser.java:212)
	at org.jsoup.select.QueryParser.parseSubclass(QueryParser.java:175)
	at org.jsoup.select.QueryParser.parseSimpleSequence(QueryParser.java:139)
	at org.jsoup.select.QueryParser.parseSelector(QueryParser.java:104)
	at org.jsoup.select.QueryParser.parseSelectorGroup(QueryParser.java:87)
	at org.jsoup.select.QueryParser.parse(QueryParser.java:78)
	at org.jsoup.select.QueryParser.parse(QueryParser.java:56)
	at org.jsoup.select.Selector.evaluatorOf(Selector.java:285)
	at org.jsoup.select.Selector.select(Selector.java:128)
	at org.jsoup.nodes.Element.select(Element.java:517)
	at org.jsoup.integration.ConnectTest.ihVal(ConnectTest.java:120)
	at org.jsoup.integration.ConnectTest.sendsRequestBody(ConnectTest.java:252)
	at java.base/java.lang.reflect.Method.invoke(Method.java:580)
	at java.base/java.util.ArrayList.forEach(ArrayList.java:1597)
	at java.base/java.util.ArrayList.forEach(ArrayList.java:1597)

[ERROR] org.jsoup.integration.ConnectTest.doesDeleteWithBody -- Time elapsed: 0.001 s <<< ERROR!
java.lang.NoSuchMethodError: 'java.lang.String org.jsoup.parser.TokenQueue.unescape(java.lang.String)'
	at org.jsoup.select.QueryParser.contains(QueryParser.java:449)
	at org.jsoup.select.QueryParser.parsePseudoSelector(QueryParser.java:212)
	at org.jsoup.select.QueryParser.parseSubclass(QueryParser.java:175)
	at org.jsoup.select.QueryParser.parseSimpleSequence(QueryParser.java:139)
	at org.jsoup.select.QueryParser.parseSelector(QueryParser.java:104)
	at org.jsoup.select.QueryParser.parseSelectorGroup(QueryParser.java:87)
	at org.jsoup.select.QueryParser.parse(QueryParser.java:78)
	at org.jsoup.select.QueryParser.parse(QueryParser.java:56)
	at org.jsoup.select.Selector.evaluatorOf(Selector.java:285)
	at org.jsoup.select.Selector.select(Selector.java:128)
	at org.jsoup.nodes.Element.select(Element.java:517)
	at org.jsoup.integration.ConnectTest.ihVal(ConnectTest.java:120)
	at org.jsoup.integration.ConnectTest.doesDeleteWithBody(ConnectTest.java:349)
	at java.base/java.lang.reflect.Method.invoke(Method.java:580)
	at java.base/java.util.ArrayList.forEach(ArrayList.java:1597)
	at java.base/java.util.ArrayList.forEach(ArrayList.java:1597)

[ERROR] org.jsoup.integration.ConnectTest.doesPost -- Time elapsed: 0.002 s <<< ERROR!
java.lang.NoSuchMethodError: 'java.lang.String org.jsoup.parser.TokenQueue.unescape(java.lang.String)'
	at org.jsoup.select.QueryParser.contains(QueryParser.java:449)
	at org.jsoup.select.QueryParser.parsePseudoSelector(QueryParser.java:212)
	at org.jsoup.select.QueryParser.parseSubclass(QueryParser.java:175)
	at org.jsoup.select.QueryParser.parseSimpleSequence(QueryParser.java:139)
	at org.jsoup.select.QueryParser.parseSelector(QueryParser.java:104)
	at org.jsoup.select.QueryParser.parseSelectorGroup(QueryParser.java:87)
	at org.jsoup.select.QueryParser.parse(QueryParser.java:78)
	at org.jsoup.select.QueryParser.parse(QueryParser.java:56)
	at org.jsoup.select.Selector.evaluatorOf(Selector.java:285)
	at org.jsoup.select.Selector.select(Selector.java:128)
	at org.jsoup.nodes.Element.select(Element.java:517)
	at org.jsoup.integration.ConnectTest.ihVal(ConnectTest.java:120)
	at org.jsoup.integration.ConnectTest.doesPost(ConnectTest.java:168)
	at java.base/java.lang.reflect.Method.invoke(Method.java:580)
	at java.base/java.util.ArrayList.forEach(ArrayList.java:1597)
	at java.base/java.util.ArrayList.forEach(ArrayList.java:1597)

[ERROR] org.jsoup.integration.ConnectTest.canAuthenticate(String)[1] -- Time elapsed: 0.021 s <<< ERROR!
java.lang.NoSuchMethodError: 'java.lang.String org.jsoup.parser.TokenQueue.unescape(java.lang.String)'
	at org.jsoup.select.QueryParser.contains(QueryParser.java:449)
	at org.jsoup.select.QueryParser.parsePseudoSelector(QueryParser.java:212)
	at org.jsoup.select.QueryParser.parseSubclass(QueryParser.java:175)
	at org.jsoup.select.QueryParser.parseSimpleSequence(QueryParser.java:139)
	at org.jsoup.select.QueryParser.parseSelector(QueryParser.java:104)
	at org.jsoup.select.QueryParser.parseSelectorGroup(QueryParser.java:87)
	at org.jsoup.select.QueryParser.parse(QueryParser.java:78)
	at org.jsoup.select.QueryParser.parse(QueryParser.java:56)
	at org.jsoup.select.Selector.evaluatorOf(Selector.java:285)
	at org.jsoup.select.Selector.select(Selector.java:128)
	at org.jsoup.nodes.Element.select(Element.java:517)
	at org.jsoup.integration.ConnectTest.ihVal(ConnectTest.java:120)
	at org.jsoup.integration.ConnectTest.canAuthenticate(ConnectTest.java:1017)
	at java.base/java.lang.reflect.Method.invoke(Method.java:580)
	at java.base/java.util.Optional.ifPresent(Optional.java:178)
	at java.base/java.util.stream.ForEachOps$ForEachOp$OfRef.accept(ForEachOps.java:184)
	at java.base/java.util.stream.ReferencePipeline$3$1.accept(ReferencePipeline.java:215)
	at java.base/java.util.stream.ForEachOps$ForEachOp$OfRef.accept(ForEachOps.java:184)
	at java.base/java.util.stream.ForEachOps$ForEachOp$OfRef.accept(ForEachOps.java:184)
	at java.base/java.util.stream.ReferencePipeline$3$1.accept(ReferencePipeline.java:215)
	at java.base/java.util.Spliterators$ArraySpliterator.forEachRemaining(Spliterators.java:1024)
	at java.base/java.util.stream.ReferencePipeline$Head.forEach(ReferencePipeline.java:807)
	at java.base/java.util.stream.ReferencePipeline$7$1FlatMap.accept(ReferencePipeline.java:294)
	at java.base/java.util.stream.ReferencePipeline$3$1.accept(ReferencePipeline.java:215)
	at java.base/java.util.stream.ReferencePipeline$3$1.accept(ReferencePipeline.java:215)
	at java.base/java.util.stream.ReferencePipeline$3$1.accept(ReferencePipeline.java:215)
	at java.base/java.util.Spliterators$ArraySpliterator.forEachRemaining(Spliterators.java:1024)
	at java.base/java.util.stream.AbstractPipeline.copyInto(AbstractPipeline.java:570)
	at java.base/java.util.stream.AbstractPipeline.wrapAndCopyInto(AbstractPipeline.java:560)
	at java.base/java.util.stream.ForEachOps$ForEachOp.evaluateSequential(ForEachOps.java:151)
	at java.base/java.util.stream.ForEachOps$ForEachOp$OfRef.evaluateSequential(ForEachOps.java:174)
	at java.base/java.util.stream.AbstractPipeline.evaluate(AbstractPipeline.java:265)
	at java.base/java.util.stream.ReferencePipeline.forEach(ReferencePipeline.java:636)
	at java.base/java.util.stream.ReferencePipeline$7$1FlatMap.accept(ReferencePipeline.java:294)
	at java.base/java.util.ArrayList$ArrayListSpliterator.forEachRemaining(ArrayList.java:1709)
	at java.base/java.util.stream.AbstractPipeline.copyInto(AbstractPipeline.java:570)
	at java.base/java.util.stream.AbstractPipeline.wrapAndCopyInto(AbstractPipeline.java:560)
	at java.base/java.util.stream.ForEachOps$ForEachOp.evaluateSequential(ForEachOps.java:151)
	at java.base/java.util.stream.ForEachOps$ForEachOp$OfRef.evaluateSequential(ForEachOps.java:174)
	at java.base/java.util.stream.AbstractPipeline.evaluate(AbstractPipeline.java:265)
	at java.base/java.util.stream.ReferencePipeline.forEach(ReferencePipeline.java:636)
	at java.base/java.util.stream.ReferencePipeline$7$1FlatMap.accept(ReferencePipeline.java:294)
	at java.base/java.util.stream.ReferencePipeline$3$1.accept(ReferencePipeline.java:215)
	at java.base/java.util.stream.ReferencePipeline$3$1.accept(ReferencePipeline.java:215)
	at java.base/java.util.stream.ReferencePipeline$3$1.accept(ReferencePipeline.java:215)
	at java.base/java.util.ArrayList$ArrayListSpliterator.forEachRemaining(ArrayList.java:1709)
	at java.base/java.util.stream.AbstractPipeline.copyInto(AbstractPipeline.java:570)
	at java.base/java.util.stream.AbstractPipeline.wrapAndCopyInto(AbstractPipeline.java:560)
	at java.base/java.util.stream.ForEachOps$ForEachOp.evaluateSequential(ForEachOps.java:151)
	at java.base/java.util.stream.ForEachOps$ForEachOp$OfRef.evaluateSequential(ForEachOps.java:174)
	at java.base/java.util.stream.AbstractPipeline.evaluate(AbstractPipeline.java:265)
	at java.base/java.util.stream.ReferencePipeline.forEach(ReferencePipeline.java:636)
	at java.base/java.util.ArrayList.forEach(ArrayList.java:1597)
	at java.base/java.util.ArrayList.forEach(ArrayList.java:1597)

[ERROR] org.jsoup.integration.ConnectTest.canAuthenticate(String)[2] -- Time elapsed: 0.053 s <<< ERROR!
java.lang.NoSuchMethodError: 'java.lang.String org.jsoup.parser.TokenQueue.unescape(java.lang.String)'
	at org.jsoup.select.QueryParser.contains(QueryParser.java:449)
	at org.jsoup.select.QueryParser.parsePseudoSelector(QueryParser.java:212)
	at org.jsoup.select.QueryParser.parseSubclass(QueryParser.java:175)
	at org.jsoup.select.QueryParser.parseSimpleSequence(QueryParser.java:139)
	at org.jsoup.select.QueryParser.parseSelector(QueryParser.java:104)
	at org.jsoup.select.QueryParser.parseSelectorGroup(QueryParser.java:87)
	at org.jsoup.select.QueryParser.parse(QueryParser.java:78)
	at org.jsoup.select.QueryParser.parse(QueryParser.java:56)
	at org.jsoup.select.Selector.evaluatorOf(Selector.java:285)
	at org.jsoup.select.Selector.select(Selector.java:128)
	at org.jsoup.nodes.Element.select(Element.java:517)
	at org.jsoup.integration.ConnectTest.ihVal(ConnectTest.java:120)
	at org.jsoup.integration.ConnectTest.canAuthenticate(ConnectTest.java:1017)
	at java.base/java.lang.reflect.Method.invoke(Method.java:580)
	at java.base/java.util.Optional.ifPresent(Optional.java:178)
	at java.base/java.util.stream.ForEachOps$ForEachOp$OfRef.accept(ForEachOps.java:184)
	at java.base/java.util.stream.ReferencePipeline$3$1.accept(ReferencePipeline.java:215)
	at java.base/java.util.stream.ForEachOps$ForEachOp$OfRef.accept(ForEachOps.java:184)
	at java.base/java.util.stream.ForEachOps$ForEachOp$OfRef.accept(ForEachOps.java:184)
	at java.base/java.util.stream.ReferencePipeline$3$1.accept(ReferencePipeline.java:215)
	at java.base/java.util.Spliterators$ArraySpliterator.forEachRemaining(Spliterators.java:1024)
	at java.base/java.util.stream.ReferencePipeline$Head.forEach(ReferencePipeline.java:807)
	at java.base/java.util.stream.ReferencePipeline$7$1FlatMap.accept(ReferencePipeline.java:294)
	at java.base/java.util.stream.ReferencePipeline$3$1.accept(ReferencePipeline.java:215)
	at java.base/java.util.stream.ReferencePipeline$3$1.accept(ReferencePipeline.java:215)
	at java.base/java.util.stream.ReferencePipeline$3$1.accept(ReferencePipeline.java:215)
	at java.base/java.util.Spliterators$ArraySpliterator.forEachRemaining(Spliterators.java:1024)
	at java.base/java.util.stream.AbstractPipeline.copyInto(AbstractPipeline.java:570)
	at java.base/java.util.stream.AbstractPipeline.wrapAndCopyInto(AbstractPipeline.java:560)
	at java.base/java.util.stream.ForEachOps$ForEachOp.evaluateSequential(ForEachOps.java:151)
	at java.base/java.util.stream.ForEachOps$ForEachOp$OfRef.evaluateSequential(ForEachOps.java:174)
	at java.base/java.util.stream.AbstractPipeline.evaluate(AbstractPipeline.java:265)
	at java.base/java.util.stream.ReferencePipeline.forEach(ReferencePipeline.java:636)
	at java.base/java.util.stream.ReferencePipeline$7$1FlatMap.accept(ReferencePipeline.java:294)
	at java.base/java.util.ArrayList$ArrayListSpliterator.forEachRemaining(ArrayList.java:1709)
	at java.base/java.util.stream.AbstractPipeline.copyInto(AbstractPipeline.java:570)
	at java.base/java.util.stream.AbstractPipeline.wrapAndCopyInto(AbstractPipeline.java:560)
	at java.base/java.util.stream.ForEachOps$ForEachOp.evaluateSequential(ForEachOps.java:151)
	at java.base/java.util.stream.ForEachOps$ForEachOp$OfRef.evaluateSequential(ForEachOps.java:174)
	at java.base/java.util.stream.AbstractPipeline.evaluate(AbstractPipeline.java:265)
	at java.base/java.util.stream.ReferencePipeline.forEach(ReferencePipeline.java:636)
	at java.base/java.util.stream.ReferencePipeline$7$1FlatMap.accept(ReferencePipeline.java:294)
	at java.base/java.util.stream.ReferencePipeline$3$1.accept(ReferencePipeline.java:215)
	at java.base/java.util.stream.ReferencePipeline$3$1.accept(ReferencePipeline.java:215)
	at java.base/java.util.stream.ReferencePipeline$3$1.accept(ReferencePipeline.java:215)
	at java.base/java.util.ArrayList$ArrayListSpliterator.forEachRemaining(ArrayList.java:1709)
	at java.base/java.util.stream.AbstractPipeline.copyInto(AbstractPipeline.java:570)
	at java.base/java.util.stream.AbstractPipeline.wrapAndCopyInto(AbstractPipeline.java:560)
	at java.base/java.util.stream.ForEachOps$ForEachOp.evaluateSequential(ForEachOps.java:151)
	at java.base/java.util.stream.ForEachOps$ForEachOp$OfRef.evaluateSequential(ForEachOps.java:174)
	at java.base/java.util.stream.AbstractPipeline.evaluate(AbstractPipeline.java:265)
	at java.base/java.util.stream.ReferencePipeline.forEach(ReferencePipeline.java:636)
	at java.base/java.util.ArrayList.forEach(ArrayList.java:1597)
	at java.base/java.util.ArrayList.forEach(ArrayList.java:1597)

[ERROR] org.jsoup.integration.ConnectTest.sendsRequestBodyJsonWithoutData -- Time elapsed: 0.003 s <<< ERROR!
java.lang.NoSuchMethodError: 'java.lang.String org.jsoup.parser.TokenQueue.unescape(java.lang.String)'
	at org.jsoup.select.QueryParser.contains(QueryParser.java:449)
	at org.jsoup.select.QueryParser.parsePseudoSelector(QueryParser.java:212)
	at org.jsoup.select.QueryParser.parseSubclass(QueryParser.java:175)
	at org.jsoup.select.QueryParser.parseSimpleSequence(QueryParser.java:139)
	at org.jsoup.select.QueryParser.parseSelector(QueryParser.java:104)
	at org.jsoup.select.QueryParser.parseSelectorGroup(QueryParser.java:87)
	at org.jsoup.select.QueryParser.parse(QueryParser.java:78)
	at org.jsoup.select.QueryParser.parse(QueryParser.java:56)
	at org.jsoup.select.Selector.evaluatorOf(Selector.java:285)
	at org.jsoup.select.Selector.select(Selector.java:128)
	at org.jsoup.nodes.Element.select(Element.java:517)
	at org.jsoup.integration.ConnectTest.ihVal(ConnectTest.java:120)
	at org.jsoup.integration.ConnectTest.sendsRequestBodyJsonWithoutData(ConnectTest.java:240)
	at java.base/java.lang.reflect.Method.invoke(Method.java:580)
	at java.base/java.util.ArrayList.forEach(ArrayList.java:1597)
	at java.base/java.util.ArrayList.forEach(ArrayList.java:1597)

[ERROR] org.jsoup.integration.ConnectTest.doesDeleteWithoutBody -- Time elapsed: 0.003 s <<< ERROR!
java.lang.NoSuchMethodError: 'java.lang.String org.jsoup.parser.TokenQueue.unescape(java.lang.String)'
	at org.jsoup.select.QueryParser.contains(QueryParser.java:449)
	at org.jsoup.select.QueryParser.parsePseudoSelector(QueryParser.java:212)
	at org.jsoup.select.QueryParser.parseSubclass(QueryParser.java:175)
	at org.jsoup.select.QueryParser.parseSimpleSequence(QueryParser.java:139)
	at org.jsoup.select.QueryParser.parseSelector(QueryParser.java:104)
	at org.jsoup.select.QueryParser.parseSelectorGroup(QueryParser.java:87)
	at org.jsoup.select.QueryParser.parse(QueryParser.java:78)
	at org.jsoup.select.QueryParser.parse(QueryParser.java:56)
	at org.jsoup.select.Selector.evaluatorOf(Selector.java:285)
	at org.jsoup.select.Selector.select(Selector.java:128)
	at org.jsoup.nodes.Element.select(Element.java:517)
	at org.jsoup.integration.ConnectTest.ihVal(ConnectTest.java:120)
	at org.jsoup.integration.ConnectTest.doesDeleteWithoutBody(ConnectTest.java:360)
	at java.base/java.lang.reflect.Method.invoke(Method.java:580)
	at java.base/java.util.ArrayList.forEach(ArrayList.java:1597)
	at java.base/java.util.ArrayList.forEach(ArrayList.java:1597)

[ERROR] org.jsoup.integration.ConnectTest.formLoginFlow2 -- Time elapsed: 0.008 s <<< ERROR!
java.lang.NoSuchMethodError: 'java.lang.String org.jsoup.parser.TokenQueue.unescape(java.lang.String)'
	at org.jsoup.select.QueryParser.contains(QueryParser.java:449)
	at org.jsoup.select.QueryParser.parsePseudoSelector(QueryParser.java:212)
	at org.jsoup.select.QueryParser.parseSubclass(QueryParser.java:175)
	at org.jsoup.select.QueryParser.parseSimpleSequence(QueryParser.java:139)
	at org.jsoup.select.QueryParser.parseSelector(QueryParser.java:104)
	at org.jsoup.select.QueryParser.parseSelectorGroup(QueryParser.java:87)
	at org.jsoup.select.QueryParser.parse(QueryParser.java:78)
	at org.jsoup.select.QueryParser.parse(QueryParser.java:56)
	at org.jsoup.select.Selector.evaluatorOf(Selector.java:285)
	at org.jsoup.select.Selector.select(Selector.java:128)
	at org.jsoup.nodes.Element.select(Element.java:517)
	at org.jsoup.integration.ConnectTest.ihVal(ConnectTest.java:120)
	at org.jsoup.integration.ConnectTest.formLoginFlow2(ConnectTest.java:947)
	at java.base/java.lang.reflect.Method.invoke(Method.java:580)
	at java.base/java.util.ArrayList.forEach(ArrayList.java:1597)
	at java.base/java.util.ArrayList.forEach(ArrayList.java:1597)

[ERROR] org.jsoup.integration.ConnectTest.sendsRequestBodyJsonWithData -- Time elapsed: 0.003 s <<< ERROR!
java.lang.NoSuchMethodError: 'java.lang.String org.jsoup.parser.TokenQueue.unescape(java.lang.String)'
	at org.jsoup.select.QueryParser.contains(QueryParser.java:449)
	at org.jsoup.select.QueryParser.parsePseudoSelector(QueryParser.java:212)
	at org.jsoup.select.QueryParser.parseSubclass(QueryParser.java:175)
	at org.jsoup.select.QueryParser.parseSimpleSequence(QueryParser.java:139)
	at org.jsoup.select.QueryParser.parseSelector(QueryParser.java:104)
	at org.jsoup.select.QueryParser.parseSelectorGroup(QueryParser.java:87)
	at org.jsoup.select.QueryParser.parse(QueryParser.java:78)
	at org.jsoup.select.QueryParser.parse(QueryParser.java:56)
	at org.jsoup.select.Selector.evaluatorOf(Selector.java:285)
	at org.jsoup.select.Selector.select(Selector.java:128)
	at org.jsoup.nodes.Element.select(Element.java:517)
	at org.jsoup.integration.ConnectTest.ihVal(ConnectTest.java:120)
	at org.jsoup.integration.ConnectTest.sendsRequestBodyJsonWithData(ConnectTest.java:227)
	at java.base/java.lang.reflect.Method.invoke(Method.java:580)
	at java.base/java.util.ArrayList.forEach(ArrayList.java:1597)
	at java.base/java.util.ArrayList.forEach(ArrayList.java:1597)

[ERROR] org.jsoup.integration.ConnectTest.willEscapePathInRedirect -- Time elapsed: 0.004 s <<< ERROR!
java.lang.NoSuchMethodError: 'java.lang.String org.jsoup.parser.TokenQueue.unescape(java.lang.String)'
	at org.jsoup.select.QueryParser.contains(QueryParser.java:449)
	at org.jsoup.select.QueryParser.parsePseudoSelector(QueryParser.java:212)
	at org.jsoup.select.QueryParser.parseSubclass(QueryParser.java:175)
	at org.jsoup.select.QueryParser.parseSimpleSequence(QueryParser.java:139)
	at org.jsoup.select.QueryParser.parseSelector(QueryParser.java:104)
	at org.jsoup.select.QueryParser.parseSelectorGroup(QueryParser.java:87)
	at org.jsoup.select.QueryParser.parse(QueryParser.java:78)
	at org.jsoup.select.QueryParser.parse(QueryParser.java:56)
	at org.jsoup.select.Selector.evaluatorOf(Selector.java:285)
	at org.jsoup.select.Selector.select(Selector.java:128)
	at org.jsoup.nodes.Element.select(Element.java:517)
	at org.jsoup.integration.ConnectTest.ihVal(ConnectTest.java:120)
	at org.jsoup.integration.ConnectTest.willEscapePathInRedirect(ConnectTest.java:975)
	at java.base/java.lang.reflect.Method.invoke(Method.java:580)
	at java.base/java.util.ArrayList.forEach(ArrayList.java:1597)
	at java.base/java.util.ArrayList.forEach(ArrayList.java:1597)

[ERROR] org.jsoup.integration.ConnectTest.doesPostFor307 -- Time elapsed: 0.005 s <<< ERROR!
java.lang.NoSuchMethodError: 'java.lang.String org.jsoup.parser.TokenQueue.unescape(java.lang.String)'
	at org.jsoup.select.QueryParser.contains(QueryParser.java:449)
	at org.jsoup.select.QueryParser.parsePseudoSelector(QueryParser.java:212)
	at org.jsoup.select.QueryParser.parseSubclass(QueryParser.java:175)
	at org.jsoup.select.QueryParser.parseSimpleSequence(QueryParser.java:139)
	at org.jsoup.select.QueryParser.parseSelector(QueryParser.java:104)
	at org.jsoup.select.QueryParser.parseSelectorGroup(QueryParser.java:87)
	at org.jsoup.select.QueryParser.parse(QueryParser.java:78)
	at org.jsoup.select.QueryParser.parse(QueryParser.java:56)
	at org.jsoup.select.Selector.evaluatorOf(Selector.java:285)
	at org.jsoup.select.Selector.select(Selector.java:128)
	at org.jsoup.nodes.Element.select(Element.java:517)
	at org.jsoup.integration.ConnectTest.ihVal(ConnectTest.java:120)
	at org.jsoup.integration.ConnectTest.doesPostFor307(ConnectTest.java:599)
	at java.base/java.lang.reflect.Method.invoke(Method.java:580)
	at java.base/java.util.ArrayList.forEach(ArrayList.java:1597)
	at java.base/java.util.ArrayList.forEach(ArrayList.java:1597)

[ERROR] org.jsoup.integration.ConnectTest.doesGet(String)[1] -- Time elapsed: 0.003 s <<< ERROR!
java.lang.NoSuchMethodError: 'java.lang.String org.jsoup.parser.TokenQueue.unescape(java.lang.String)'
	at org.jsoup.select.QueryParser.contains(QueryParser.java:449)
	at org.jsoup.select.QueryParser.parsePseudoSelector(QueryParser.java:212)
	at org.jsoup.select.QueryParser.parseSubclass(QueryParser.java:175)
	at org.jsoup.select.QueryParser.parseSimpleSequence(QueryParser.java:139)
	at org.jsoup.select.QueryParser.parseSelector(QueryParser.java:104)
	at org.jsoup.select.QueryParser.parseSelectorGroup(QueryParser.java:87)
	at org.jsoup.select.QueryParser.parse(QueryParser.java:78)
	at org.jsoup.select.QueryParser.parse(QueryParser.java:56)
	at org.jsoup.select.Selector.evaluatorOf(Selector.java:285)
	at org.jsoup.select.Selector.select(Selector.java:128)
	at org.jsoup.nodes.Element.select(Element.java:517)
	at org.jsoup.integration.ConnectTest.ihVal(ConnectTest.java:120)
	at org.jsoup.integration.ConnectTest.doesGet(ConnectTest.java:293)
	at java.base/java.lang.reflect.Method.invoke(Method.java:580)
	at java.base/java.util.Optional.ifPresent(Optional.java:178)
	at java.base/java.util.stream.ForEachOps$ForEachOp$OfRef.accept(ForEachOps.java:184)
	at java.base/java.util.stream.ReferencePipeline$3$1.accept(ReferencePipeline.java:215)
	at java.base/java.util.stream.ForEachOps$ForEachOp$OfRef.accept(ForEachOps.java:184)
	at java.base/java.util.stream.ForEachOps$ForEachOp$OfRef.accept(ForEachOps.java:184)
	at java.base/java.util.stream.ReferencePipeline$3$1.accept(ReferencePipeline.java:215)
	at java.base/java.util.Spliterators$ArraySpliterator.forEachRemaining(Spliterators.java:1024)
	at java.base/java.util.stream.ReferencePipeline$Head.forEach(ReferencePipeline.java:807)
	at java.base/java.util.stream.ReferencePipeline$7$1FlatMap.accept(ReferencePipeline.java:294)
	at java.base/java.util.stream.ReferencePipeline$3$1.accept(ReferencePipeline.java:215)
	at java.base/java.util.stream.ReferencePipeline$3$1.accept(ReferencePipeline.java:215)
	at java.base/java.util.stream.ReferencePipeline$3$1.accept(ReferencePipeline.java:215)
	at java.base/java.util.Spliterators$ArraySpliterator.forEachRemaining(Spliterators.java:1024)
	at java.base/java.util.stream.AbstractPipeline.copyInto(AbstractPipeline.java:570)
	at java.base/java.util.stream.AbstractPipeline.wrapAndCopyInto(AbstractPipeline.java:560)
	at java.base/java.util.stream.ForEachOps$ForEachOp.evaluateSequential(ForEachOps.java:151)
	at java.base/java.util.stream.ForEachOps$ForEachOp$OfRef.evaluateSequential(ForEachOps.java:174)
	at java.base/java.util.stream.AbstractPipeline.evaluate(AbstractPipeline.java:265)
	at java.base/java.util.stream.ReferencePipeline.forEach(ReferencePipeline.java:636)
	at java.base/java.util.stream.ReferencePipeline$7$1FlatMap.accept(ReferencePipeline.java:294)
	at java.base/java.util.ArrayList$ArrayListSpliterator.forEachRemaining(ArrayList.java:1709)
	at java.base/java.util.stream.AbstractPipeline.copyInto(AbstractPipeline.java:570)
	at java.base/java.util.stream.AbstractPipeline.wrapAndCopyInto(AbstractPipeline.java:560)
	at java.base/java.util.stream.ForEachOps$ForEachOp.evaluateSequential(ForEachOps.java:151)
	at java.base/java.util.stream.ForEachOps$ForEachOp$OfRef.evaluateSequential(ForEachOps.java:174)
	at java.base/java.util.stream.AbstractPipeline.evaluate(AbstractPipeline.java:265)
	at java.base/java.util.stream.ReferencePipeline.forEach(ReferencePipeline.java:636)
	at java.base/java.util.stream.ReferencePipeline$7$1FlatMap.accept(ReferencePipeline.java:294)
	at java.base/java.util.stream.ReferencePipeline$3$1.accept(ReferencePipeline.java:215)
	at java.base/java.util.stream.ReferencePipeline$3$1.accept(ReferencePipeline.java:215)
	at java.base/java.util.stream.ReferencePipeline$3$1.accept(ReferencePipeline.java:215)
	at java.base/java.util.ArrayList$ArrayListSpliterator.forEachRemaining(ArrayList.java:1709)
	at java.base/java.util.stream.AbstractPipeline.copyInto(AbstractPipeline.java:570)
	at java.base/java.util.stream.AbstractPipeline.wrapAndCopyInto(AbstractPipeline.java:560)
	at java.base/java.util.stream.ForEachOps$ForEachOp.evaluateSequential(ForEachOps.java:151)
	at java.base/java.util.stream.ForEachOps$ForEachOp$OfRef.evaluateSequential(ForEachOps.java:174)
	at java.base/java.util.stream.AbstractPipeline.evaluate(AbstractPipeline.java:265)
	at java.base/java.util.stream.ReferencePipeline.forEach(ReferencePipeline.java:636)
	at java.base/java.util.ArrayList.forEach(ArrayList.java:1597)
	at java.base/java.util.ArrayList.forEach(ArrayList.java:1597)

[ERROR] org.jsoup.integration.ConnectTest.doesGet(String)[2] -- Time elapsed: 0.019 s <<< ERROR!
java.lang.NoSuchMethodError: 'java.lang.String org.jsoup.parser.TokenQueue.unescape(java.lang.String)'
	at org.jsoup.select.QueryParser.contains(QueryParser.java:449)
	at org.jsoup.select.QueryParser.parsePseudoSelector(QueryParser.java:212)
	at org.jsoup.select.QueryParser.parseSubclass(QueryParser.java:175)
	at org.jsoup.select.QueryParser.parseSimpleSequence(QueryParser.java:139)
	at org.jsoup.select.QueryParser.parseSelector(QueryParser.java:104)
	at org.jsoup.select.QueryParser.parseSelectorGroup(QueryParser.java:87)
	at org.jsoup.select.QueryParser.parse(QueryParser.java:78)
	at org.jsoup.select.QueryParser.parse(QueryParser.java:56)
	at org.jsoup.select.Selector.evaluatorOf(Selector.java:285)
	at org.jsoup.select.Selector.select(Selector.java:128)
	at org.jsoup.nodes.Element.select(Element.java:517)
	at org.jsoup.integration.ConnectTest.ihVal(ConnectTest.java:120)
	at org.jsoup.integration.ConnectTest.doesGet(ConnectTest.java:293)
	at java.base/java.lang.reflect.Method.invoke(Method.java:580)
	at java.base/java.util.Optional.ifPresent(Optional.java:178)
	at java.base/java.util.stream.ForEachOps$ForEachOp$OfRef.accept(ForEachOps.java:184)
	at java.base/java.util.stream.ReferencePipeline$3$1.accept(ReferencePipeline.java:215)
	at java.base/java.util.stream.ForEachOps$ForEachOp$OfRef.accept(ForEachOps.java:184)
	at java.base/java.util.stream.ForEachOps$ForEachOp$OfRef.accept(ForEachOps.java:184)
	at java.base/java.util.stream.ReferencePipeline$3$1.accept(ReferencePipeline.java:215)
	at java.base/java.util.Spliterators$ArraySpliterator.forEachRemaining(Spliterators.java:1024)
	at java.base/java.util.stream.ReferencePipeline$Head.forEach(ReferencePipeline.java:807)
	at java.base/java.util.stream.ReferencePipeline$7$1FlatMap.accept(ReferencePipeline.java:294)
	at java.base/java.util.stream.ReferencePipeline$3$1.accept(ReferencePipeline.java:215)
	at java.base/java.util.stream.ReferencePipeline$3$1.accept(ReferencePipeline.java:215)
	at java.base/java.util.stream.ReferencePipeline$3$1.accept(ReferencePipeline.java:215)
	at java.base/java.util.Spliterators$ArraySpliterator.forEachRemaining(Spliterators.java:1024)
	at java.base/java.util.stream.AbstractPipeline.copyInto(AbstractPipeline.java:570)
	at java.base/java.util.stream.AbstractPipeline.wrapAndCopyInto(AbstractPipeline.java:560)
	at java.base/java.util.stream.ForEachOps$ForEachOp.evaluateSequential(ForEachOps.java:151)
	at java.base/java.util.stream.ForEachOps$ForEachOp$OfRef.evaluateSequential(ForEachOps.java:174)
	at java.base/java.util.stream.AbstractPipeline.evaluate(AbstractPipeline.java:265)
	at java.base/java.util.stream.ReferencePipeline.forEach(ReferencePipeline.java:636)
	at java.base/java.util.stream.ReferencePipeline$7$1FlatMap.accept(ReferencePipeline.java:294)
	at java.base/java.util.ArrayList$ArrayListSpliterator.forEachRemaining(ArrayList.java:1709)
	at java.base/java.util.stream.AbstractPipeline.copyInto(AbstractPipeline.java:570)
	at java.base/java.util.stream.AbstractPipeline.wrapAndCopyInto(AbstractPipeline.java:560)
	at java.base/java.util.stream.ForEachOps$ForEachOp.evaluateSequential(ForEachOps.java:151)
	at java.base/java.util.stream.ForEachOps$ForEachOp$OfRef.evaluateSequential(ForEachOps.java:174)
	at java.base/java.util.stream.AbstractPipeline.evaluate(AbstractPipeline.java:265)
	at java.base/java.util.stream.ReferencePipeline.forEach(ReferencePipeline.java:636)
	at java.base/java.util.stream.ReferencePipeline$7$1FlatMap.accept(ReferencePipeline.java:294)
	at java.base/java.util.stream.ReferencePipeline$3$1.accept(ReferencePipeline.java:215)
	at java.base/java.util.stream.ReferencePipeline$3$1.accept(ReferencePipeline.java:215)
	at java.base/java.util.stream.ReferencePipeline$3$1.accept(ReferencePipeline.java:215)
	at java.base/java.util.ArrayList$ArrayListSpliterator.forEachRemaining(ArrayList.java:1709)
	at java.base/java.util.stream.AbstractPipeline.copyInto(AbstractPipeline.java:570)
	at java.base/java.util.stream.AbstractPipeline.wrapAndCopyInto(AbstractPipeline.java:560)
	at java.base/java.util.stream.ForEachOps$ForEachOp.evaluateSequential(ForEachOps.java:151)
	at java.base/java.util.stream.ForEachOps$ForEachOp$OfRef.evaluateSequential(ForEachOps.java:174)
	at java.base/java.util.stream.AbstractPipeline.evaluate(AbstractPipeline.java:265)
	at java.base/java.util.stream.ReferencePipeline.forEach(ReferencePipeline.java:636)
	at java.base/java.util.ArrayList.forEach(ArrayList.java:1597)
	at java.base/java.util.ArrayList.forEach(ArrayList.java:1597)

[ERROR] org.jsoup.integration.ConnectTest.doesPut -- Time elapsed: 0.005 s <<< ERROR!
java.lang.NoSuchMethodError: 'java.lang.String org.jsoup.parser.TokenQueue.unescape(java.lang.String)'
	at org.jsoup.select.QueryParser.contains(QueryParser.java:449)
	at org.jsoup.select.QueryParser.parsePseudoSelector(QueryParser.java:212)
	at org.jsoup.select.QueryParser.parseSubclass(QueryParser.java:175)
	at org.jsoup.select.QueryParser.parseSimpleSequence(QueryParser.java:139)
	at org.jsoup.select.QueryParser.parseSelector(QueryParser.java:104)
	at org.jsoup.select.QueryParser.parseSelectorGroup(QueryParser.java:87)
	at org.jsoup.select.QueryParser.parse(QueryParser.java:78)
	at org.jsoup.select.QueryParser.parse(QueryParser.java:56)
	at org.jsoup.select.Selector.evaluatorOf(Selector.java:285)
	at org.jsoup.select.Selector.select(Selector.java:128)
	at org.jsoup.nodes.Element.select(Element.java:517)
	at org.jsoup.integration.ConnectTest.ihVal(ConnectTest.java:120)
	at org.jsoup.integration.ConnectTest.doesPut(ConnectTest.java:334)
	at java.base/java.lang.reflect.Method.invoke(Method.java:580)
	at java.base/java.util.ArrayList.forEach(ArrayList.java:1597)
	at java.base/java.util.ArrayList.forEach(ArrayList.java:1597)

[ERROR] org.jsoup.integration.ConnectTest.streamParserGet(String)[1] -- Time elapsed: 0.003 s <<< ERROR!
java.lang.NoSuchMethodError: 'java.lang.String org.jsoup.parser.TokenQueue.unescape(java.lang.String)'
	at org.jsoup.select.QueryParser.contains(QueryParser.java:449)
	at org.jsoup.select.QueryParser.parsePseudoSelector(QueryParser.java:212)
	at org.jsoup.select.QueryParser.parseSubclass(QueryParser.java:175)
	at org.jsoup.select.QueryParser.parseSimpleSequence(QueryParser.java:139)
	at org.jsoup.select.QueryParser.parseSelector(QueryParser.java:104)
	at org.jsoup.select.QueryParser.parseSelectorGroup(QueryParser.java:87)
	at org.jsoup.select.QueryParser.parse(QueryParser.java:78)
	at org.jsoup.select.QueryParser.parse(QueryParser.java:56)
	at org.jsoup.select.Selector.evaluatorOf(Selector.java:285)
	at org.jsoup.parser.StreamParser.selectNext(StreamParser.java:265)
	at org.jsoup.parser.StreamParser.expectNext(StreamParser.java:278)
	at org.jsoup.integration.ConnectTest.streamParserGet(ConnectTest.java:311)
	at java.base/java.lang.reflect.Method.invoke(Method.java:580)
	at java.base/java.util.Optional.ifPresent(Optional.java:178)
	at java.base/java.util.stream.ForEachOps$ForEachOp$OfRef.accept(ForEachOps.java:184)
	at java.base/java.util.stream.ReferencePipeline$3$1.accept(ReferencePipeline.java:215)
	at java.base/java.util.stream.ForEachOps$ForEachOp$OfRef.accept(ForEachOps.java:184)
	at java.base/java.util.stream.ForEachOps$ForEachOp$OfRef.accept(ForEachOps.java:184)
	at java.base/java.util.stream.ReferencePipeline$3$1.accept(ReferencePipeline.java:215)
	at java.base/java.util.Spliterators$ArraySpliterator.forEachRemaining(Spliterators.java:1024)
	at java.base/java.util.stream.ReferencePipeline$Head.forEach(ReferencePipeline.java:807)
	at java.base/java.util.stream.ReferencePipeline$7$1FlatMap.accept(ReferencePipeline.java:294)
	at java.base/java.util.stream.ReferencePipeline$3$1.accept(ReferencePipeline.java:215)
	at java.base/java.util.stream.ReferencePipeline$3$1.accept(ReferencePipeline.java:215)
	at java.base/java.util.stream.ReferencePipeline$3$1.accept(ReferencePipeline.java:215)
	at java.base/java.util.Spliterators$ArraySpliterator.forEachRemaining(Spliterators.java:1024)
	at java.base/java.util.stream.AbstractPipeline.copyInto(AbstractPipeline.java:570)
	at java.base/java.util.stream.AbstractPipeline.wrapAndCopyInto(AbstractPipeline.java:560)
	at java.base/java.util.stream.ForEachOps$ForEachOp.evaluateSequential(ForEachOps.java:151)
	at java.base/java.util.stream.ForEachOps$ForEachOp$OfRef.evaluateSequential(ForEachOps.java:174)
	at java.base/java.util.stream.AbstractPipeline.evaluate(AbstractPipeline.java:265)
	at java.base/java.util.stream.ReferencePipeline.forEach(ReferencePipeline.java:636)
	at java.base/java.util.stream.ReferencePipeline$7$1FlatMap.accept(ReferencePipeline.java:294)
	at java.base/java.util.ArrayList$ArrayListSpliterator.forEachRemaining(ArrayList.java:1709)
	at java.base/java.util.stream.AbstractPipeline.copyInto(AbstractPipeline.java:570)
	at java.base/java.util.stream.AbstractPipeline.wrapAndCopyInto(AbstractPipeline.java:560)
	at java.base/java.util.stream.ForEachOps$ForEachOp.evaluateSequential(ForEachOps.java:151)
	at java.base/java.util.stream.ForEachOps$ForEachOp$OfRef.evaluateSequential(ForEachOps.java:174)
	at java.base/java.util.stream.AbstractPipeline.evaluate(AbstractPipeline.java:265)
	at java.base/java.util.stream.ReferencePipeline.forEach(ReferencePipeline.java:636)
	at java.base/java.util.stream.ReferencePipeline$7$1FlatMap.accept(ReferencePipeline.java:294)
	at java.base/java.util.stream.ReferencePipeline$3$1.accept(ReferencePipeline.java:215)
	at java.base/java.util.stream.ReferencePipeline$3$1.accept(ReferencePipeline.java:215)
	at java.base/java.util.stream.ReferencePipeline$3$1.accept(ReferencePipeline.java:215)
	at java.base/java.util.ArrayList$ArrayListSpliterator.forEachRemaining(ArrayList.java:1709)
	at java.base/java.util.stream.AbstractPipeline.copyInto(AbstractPipeline.java:570)
	at java.base/java.util.stream.AbstractPipeline.wrapAndCopyInto(AbstractPipeline.java:560)
	at java.base/java.util.stream.ForEachOps$ForEachOp.evaluateSequential(ForEachOps.java:151)
	at java.base/java.util.stream.ForEachOps$ForEachOp$OfRef.evaluateSequential(ForEachOps.java:174)
	at java.base/java.util.stream.AbstractPipeline.evaluate(AbstractPipeline.java:265)
	at java.base/java.util.stream.ReferencePipeline.forEach(ReferencePipeline.java:636)
	at java.base/java.util.ArrayList.forEach(ArrayList.java:1597)
	at java.base/java.util.ArrayList.forEach(ArrayList.java:1597)

[ERROR] org.jsoup.integration.ConnectTest.streamParserGet(String)[2] -- Time elapsed: 0.005 s <<< ERROR!
java.lang.NoSuchMethodError: 'java.lang.String org.jsoup.parser.TokenQueue.unescape(java.lang.String)'
	at org.jsoup.select.QueryParser.contains(QueryParser.java:449)
	at org.jsoup.select.QueryParser.parsePseudoSelector(QueryParser.java:212)
	at org.jsoup.select.QueryParser.parseSubclass(QueryParser.java:175)
	at org.jsoup.select.QueryParser.parseSimpleSequence(QueryParser.java:139)
	at org.jsoup.select.QueryParser.parseSelector(QueryParser.java:104)
	at org.jsoup.select.QueryParser.parseSelectorGroup(QueryParser.java:87)
	at org.jsoup.select.QueryParser.parse(QueryParser.java:78)
	at org.jsoup.select.QueryParser.parse(QueryParser.java:56)
	at org.jsoup.select.Selector.evaluatorOf(Selector.java:285)
	at org.jsoup.parser.StreamParser.selectNext(StreamParser.java:265)
	at org.jsoup.parser.StreamParser.expectNext(StreamParser.java:278)
	at org.jsoup.integration.ConnectTest.streamParserGet(ConnectTest.java:311)
	at java.base/java.lang.reflect.Method.invoke(Method.java:580)
	at java.base/java.util.Optional.ifPresent(Optional.java:178)
	at java.base/java.util.stream.ForEachOps$ForEachOp$OfRef.accept(ForEachOps.java:184)
	at java.base/java.util.stream.ReferencePipeline$3$1.accept(ReferencePipeline.java:215)
	at java.base/java.util.stream.ForEachOps$ForEachOp$OfRef.accept(ForEachOps.java:184)
	at java.base/java.util.stream.ForEachOps$ForEachOp$OfRef.accept(ForEachOps.java:184)
	at java.base/java.util.stream.ReferencePipeline$3$1.accept(ReferencePipeline.java:215)
	at java.base/java.util.Spliterators$ArraySpliterator.forEachRemaining(Spliterators.java:1024)
	at java.base/java.util.stream.ReferencePipeline$Head.forEach(ReferencePipeline.java:807)
	at java.base/java.util.stream.ReferencePipeline$7$1FlatMap.accept(ReferencePipeline.java:294)
	at java.base/java.util.stream.ReferencePipeline$3$1.accept(ReferencePipeline.java:215)
	at java.base/java.util.stream.ReferencePipeline$3$1.accept(ReferencePipeline.java:215)
	at java.base/java.util.stream.ReferencePipeline$3$1.accept(ReferencePipeline.java:215)
	at java.base/java.util.Spliterators$ArraySpliterator.forEachRemaining(Spliterators.java:1024)
	at java.base/java.util.stream.AbstractPipeline.copyInto(AbstractPipeline.java:570)
	at java.base/java.util.stream.AbstractPipeline.wrapAndCopyInto(AbstractPipeline.java:560)
	at java.base/java.util.stream.ForEachOps$ForEachOp.evaluateSequential(ForEachOps.java:151)
	at java.base/java.util.stream.ForEachOps$ForEachOp$OfRef.evaluateSequential(ForEachOps.java:174)
	at java.base/java.util.stream.AbstractPipeline.evaluate(AbstractPipeline.java:265)
	at java.base/java.util.stream.ReferencePipeline.forEach(ReferencePipeline.java:636)
	at java.base/java.util.stream.ReferencePipeline$7$1FlatMap.accept(ReferencePipeline.java:294)
	at java.base/java.util.ArrayList$ArrayListSpliterator.forEachRemaining(ArrayList.java:1709)
	at java.base/java.util.stream.AbstractPipeline.copyInto(AbstractPipeline.java:570)
	at java.base/java.util.stream.AbstractPipeline.wrapAndCopyInto(AbstractPipeline.java:560)
	at java.base/java.util.stream.ForEachOps$ForEachOp.evaluateSequential(ForEachOps.java:151)
	at java.base/java.util.stream.ForEachOps$ForEachOp$OfRef.evaluateSequential(ForEachOps.java:174)
	at java.base/java.util.stream.AbstractPipeline.evaluate(AbstractPipeline.java:265)
	at java.base/java.util.stream.ReferencePipeline.forEach(ReferencePipeline.java:636)
	at java.base/java.util.stream.ReferencePipeline$7$1FlatMap.accept(ReferencePipeline.java:294)
	at java.base/java.util.stream.ReferencePipeline$3$1.accept(ReferencePipeline.java:215)
	at java.base/java.util.stream.ReferencePipeline$3$1.accept(ReferencePipeline.java:215)
	at java.base/java.util.stream.ReferencePipeline$3$1.accept(ReferencePipeline.java:215)
	at java.base/java.util.ArrayList$ArrayListSpliterator.forEachRemaining(ArrayList.java:1709)
	at java.base/java.util.stream.AbstractPipeline.copyInto(AbstractPipeline.java:570)
	at java.base/java.util.stream.AbstractPipeline.wrapAndCopyInto(AbstractPipeline.java:560)
	at java.base/java.util.stream.ForEachOps$ForEachOp.evaluateSequential(ForEachOps.java:151)
	at java.base/java.util.stream.ForEachOps$ForEachOp$OfRef.evaluateSequential(ForEachOps.java:174)
	at java.base/java.util.stream.AbstractPipeline.evaluate(AbstractPipeline.java:265)
	at java.base/java.util.stream.ReferencePipeline.forEach(ReferencePipeline.java:636)
	at java.base/java.util.ArrayList.forEach(ArrayList.java:1597)
	at java.base/java.util.ArrayList.forEach(ArrayList.java:1597)

[ERROR] org.jsoup.integration.ConnectTest.doesNotPostFor302 -- Time elapsed: 0.005 s <<< ERROR!
java.lang.NoSuchMethodError: 'java.lang.String org.jsoup.parser.TokenQueue.unescape(java.lang.String)'
	at org.jsoup.select.QueryParser.contains(QueryParser.java:449)
	at org.jsoup.select.QueryParser.parsePseudoSelector(QueryParser.java:212)
	at org.jsoup.select.QueryParser.parseSubclass(QueryParser.java:175)
	at org.jsoup.select.QueryParser.parseSimpleSequence(QueryParser.java:139)
	at org.jsoup.select.QueryParser.parseSelector(QueryParser.java:104)
	at org.jsoup.select.QueryParser.parseSelectorGroup(QueryParser.java:87)
	at org.jsoup.select.QueryParser.parse(QueryParser.java:78)
	at org.jsoup.select.QueryParser.parse(QueryParser.java:56)
	at org.jsoup.select.Selector.evaluatorOf(Selector.java:285)
	at org.jsoup.select.Selector.select(Selector.java:128)
	at org.jsoup.nodes.Element.select(Element.java:517)
	at org.jsoup.integration.ConnectTest.ihVal(ConnectTest.java:120)
	at org.jsoup.integration.ConnectTest.doesNotPostFor302(ConnectTest.java:587)
	at java.base/java.lang.reflect.Method.invoke(Method.java:580)
	at java.base/java.util.ArrayList.forEach(ArrayList.java:1597)
	at java.base/java.util.ArrayList.forEach(ArrayList.java:1597)

[ERROR] org.jsoup.integration.ConnectTest.postFiles(String)[1] -- Time elapsed: 0.039 s <<< ERROR!
java.lang.NoSuchMethodError: 'java.lang.String org.jsoup.parser.TokenQueue.unescape(java.lang.String)'
	at org.jsoup.select.QueryParser.contains(QueryParser.java:449)
	at org.jsoup.select.QueryParser.parsePseudoSelector(QueryParser.java:212)
	at org.jsoup.select.QueryParser.parseSubclass(QueryParser.java:175)
	at org.jsoup.select.QueryParser.parseSimpleSequence(QueryParser.java:139)
	at org.jsoup.select.QueryParser.parseSelector(QueryParser.java:104)
	at org.jsoup.select.QueryParser.parseSelectorGroup(QueryParser.java:87)
	at org.jsoup.select.QueryParser.parse(QueryParser.java:78)
	at org.jsoup.select.QueryParser.parse(QueryParser.java:56)
	at org.jsoup.select.Selector.evaluatorOf(Selector.java:285)
	at org.jsoup.select.Selector.select(Selector.java:128)
	at org.jsoup.nodes.Element.select(Element.java:517)
	at org.jsoup.integration.ConnectTest.ihVal(ConnectTest.java:120)
	at org.jsoup.integration.ConnectTest.postFiles(ConnectTest.java:380)
	at java.base/java.lang.reflect.Method.invoke(Method.java:580)
	at java.base/java.util.Optional.ifPresent(Optional.java:178)
	at java.base/java.util.stream.ForEachOps$ForEachOp$OfRef.accept(ForEachOps.java:184)
	at java.base/java.util.stream.ReferencePipeline$3$1.accept(ReferencePipeline.java:215)
	at java.base/java.util.stream.ForEachOps$ForEachOp$OfRef.accept(ForEachOps.java:184)
	at java.base/java.util.stream.ForEachOps$ForEachOp$OfRef.accept(ForEachOps.java:184)
	at java.base/java.util.stream.ReferencePipeline$3$1.accept(ReferencePipeline.java:215)
	at java.base/java.util.Spliterators$ArraySpliterator.forEachRemaining(Spliterators.java:1024)
	at java.base/java.util.stream.ReferencePipeline$Head.forEach(ReferencePipeline.java:807)
	at java.base/java.util.stream.ReferencePipeline$7$1FlatMap.accept(ReferencePipeline.java:294)
	at java.base/java.util.stream.ReferencePipeline$3$1.accept(ReferencePipeline.java:215)
	at java.base/java.util.stream.ReferencePipeline$3$1.accept(ReferencePipeline.java:215)
	at java.base/java.util.stream.ReferencePipeline$3$1.accept(ReferencePipeline.java:215)
	at java.base/java.util.Spliterators$ArraySpliterator.forEachRemaining(Spliterators.java:1024)
	at java.base/java.util.stream.AbstractPipeline.copyInto(AbstractPipeline.java:570)
	at java.base/java.util.stream.AbstractPipeline.wrapAndCopyInto(AbstractPipeline.java:560)
	at java.base/java.util.stream.ForEachOps$ForEachOp.evaluateSequential(ForEachOps.java:151)
	at java.base/java.util.stream.ForEachOps$ForEachOp$OfRef.evaluateSequential(ForEachOps.java:174)
	at java.base/java.util.stream.AbstractPipeline.evaluate(AbstractPipeline.java:265)
	at java.base/java.util.stream.ReferencePipeline.forEach(ReferencePipeline.java:636)
	at java.base/java.util.stream.ReferencePipeline$7$1FlatMap.accept(ReferencePipeline.java:294)
	at java.base/java.util.ArrayList$ArrayListSpliterator.forEachRemaining(ArrayList.java:1709)
	at java.base/java.util.stream.AbstractPipeline.copyInto(AbstractPipeline.java:570)
	at java.base/java.util.stream.AbstractPipeline.wrapAndCopyInto(AbstractPipeline.java:560)
	at java.base/java.util.stream.ForEachOps$ForEachOp.evaluateSequential(ForEachOps.java:151)
	at java.base/java.util.stream.ForEachOps$ForEachOp$OfRef.evaluateSequential(ForEachOps.java:174)
	at java.base/java.util.stream.AbstractPipeline.evaluate(AbstractPipeline.java:265)
	at java.base/java.util.stream.ReferencePipeline.forEach(ReferencePipeline.java:636)
	at java.base/java.util.stream.ReferencePipeline$7$1FlatMap.accept(ReferencePipeline.java:294)
	at java.base/java.util.stream.ReferencePipeline$3$1.accept(ReferencePipeline.java:215)
	at java.base/java.util.stream.ReferencePipeline$3$1.accept(ReferencePipeline.java:215)
	at java.base/java.util.stream.ReferencePipeline$3$1.accept(ReferencePipeline.java:215)
	at java.base/java.util.ArrayList$ArrayListSpliterator.forEachRemaining(ArrayList.java:1709)
	at java.base/java.util.stream.AbstractPipeline.copyInto(AbstractPipeline.java:570)
	at java.base/java.util.stream.AbstractPipeline.wrapAndCopyInto(AbstractPipeline.java:560)
	at java.base/java.util.stream.ForEachOps$ForEachOp.evaluateSequential(ForEachOps.java:151)
	at java.base/java.util.stream.ForEachOps$ForEachOp$OfRef.evaluateSequential(ForEachOps.java:174)
	at java.base/java.util.stream.AbstractPipeline.evaluate(AbstractPipeline.java:265)
	at java.base/java.util.stream.ReferencePipeline.forEach(ReferencePipeline.java:636)
	at java.base/java.util.ArrayList.forEach(ArrayList.java:1597)
	at java.base/java.util.ArrayList.forEach(ArrayList.java:1597)

[ERROR] org.jsoup.integration.ConnectTest.postFiles(String)[2] -- Time elapsed: 0.063 s <<< ERROR!
java.lang.NoSuchMethodError: 'java.lang.String org.jsoup.parser.TokenQueue.unescape(java.lang.String)'
	at org.jsoup.select.QueryParser.contains(QueryParser.java:449)
	at org.jsoup.select.QueryParser.parsePseudoSelector(QueryParser.java:212)
	at org.jsoup.select.QueryParser.parseSubclass(QueryParser.java:175)
	at org.jsoup.select.QueryParser.parseSimpleSequence(QueryParser.java:139)
	at org.jsoup.select.QueryParser.parseSelector(QueryParser.java:104)
	at org.jsoup.select.QueryParser.parseSelectorGroup(QueryParser.java:87)
	at org.jsoup.select.QueryParser.parse(QueryParser.java:78)
	at org.jsoup.select.QueryParser.parse(QueryParser.java:56)
	at org.jsoup.select.Selector.evaluatorOf(Selector.java:285)
	at org.jsoup.select.Selector.select(Selector.java:128)
	at org.jsoup.nodes.Element.select(Element.java:517)
	at org.jsoup.integration.ConnectTest.ihVal(ConnectTest.java:120)
	at org.jsoup.integration.ConnectTest.postFiles(ConnectTest.java:380)
	at java.base/java.lang.reflect.Method.invoke(Method.java:580)
	at java.base/java.util.Optional.ifPresent(Optional.java:178)
	at java.base/java.util.stream.ForEachOps$ForEachOp$OfRef.accept(ForEachOps.java:184)
	at java.base/java.util.stream.ReferencePipeline$3$1.accept(ReferencePipeline.java:215)
	at java.base/java.util.stream.ForEachOps$ForEachOp$OfRef.accept(ForEachOps.java:184)
	at java.base/java.util.stream.ForEachOps$ForEachOp$OfRef.accept(ForEachOps.java:184)
	at java.base/java.util.stream.ReferencePipeline$3$1.accept(ReferencePipeline.java:215)
	at java.base/java.util.Spliterators$ArraySpliterator.forEachRemaining(Spliterators.java:1024)
	at java.base/java.util.stream.ReferencePipeline$Head.forEach(ReferencePipeline.java:807)
	at java.base/java.util.stream.ReferencePipeline$7$1FlatMap.accept(ReferencePipeline.java:294)
	at java.base/java.util.stream.ReferencePipeline$3$1.accept(ReferencePipeline.java:215)
	at java.base/java.util.stream.ReferencePipeline$3$1.accept(ReferencePipeline.java:215)
	at java.base/java.util.stream.ReferencePipeline$3$1.accept(ReferencePipeline.java:215)
	at java.base/java.util.Spliterators$ArraySpliterator.forEachRemaining(Spliterators.java:1024)
	at java.base/java.util.stream.AbstractPipeline.copyInto(AbstractPipeline.java:570)
	at java.base/java.util.stream.AbstractPipeline.wrapAndCopyInto(AbstractPipeline.java:560)
	at java.base/java.util.stream.ForEachOps$ForEachOp.evaluateSequential(ForEachOps.java:151)
	at java.base/java.util.stream.ForEachOps$ForEachOp$OfRef.evaluateSequential(ForEachOps.java:174)
	at java.base/java.util.stream.AbstractPipeline.evaluate(AbstractPipeline.java:265)
	at java.base/java.util.stream.ReferencePipeline.forEach(ReferencePipeline.java:636)
	at java.base/java.util.stream.ReferencePipeline$7$1FlatMap.accept(ReferencePipeline.java:294)
	at java.base/java.util.ArrayList$ArrayListSpliterator.forEachRemaining(ArrayList.java:1709)
	at java.base/java.util.stream.AbstractPipeline.copyInto(AbstractPipeline.java:570)
	at java.base/java.util.stream.AbstractPipeline.wrapAndCopyInto(AbstractPipeline.java:560)
	at java.base/java.util.stream.ForEachOps$ForEachOp.evaluateSequential(ForEachOps.java:151)
	at java.base/java.util.stream.ForEachOps$ForEachOp$OfRef.evaluateSequential(ForEachOps.java:174)
	at java.base/java.util.stream.AbstractPipeline.evaluate(AbstractPipeline.java:265)
	at java.base/java.util.stream.ReferencePipeline.forEach(ReferencePipeline.java:636)
	at java.base/java.util.stream.ReferencePipeline$7$1FlatMap.accept(ReferencePipeline.java:294)
	at java.base/java.util.stream.ReferencePipeline$3$1.accept(ReferencePipeline.java:215)
	at java.base/java.util.stream.ReferencePipeline$3$1.accept(ReferencePipeline.java:215)
	at java.base/java.util.stream.ReferencePipeline$3$1.accept(ReferencePipeline.java:215)
	at java.base/java.util.ArrayList$ArrayListSpliterator.forEachRemaining(ArrayList.java:1709)
	at java.base/java.util.stream.AbstractPipeline.copyInto(AbstractPipeline.java:570)
	at java.base/java.util.stream.AbstractPipeline.wrapAndCopyInto(AbstractPipeline.java:560)
	at java.base/java.util.stream.ForEachOps$ForEachOp.evaluateSequential(ForEachOps.java:151)
	at java.base/java.util.stream.ForEachOps$ForEachOp$OfRef.evaluateSequential(ForEachOps.java:174)
	at java.base/java.util.stream.AbstractPipeline.evaluate(AbstractPipeline.java:265)
	at java.base/java.util.stream.ReferencePipeline.forEach(ReferencePipeline.java:636)
	at java.base/java.util.ArrayList.forEach(ArrayList.java:1597)
	at java.base/java.util.ArrayList.forEach(ArrayList.java:1597)

[ERROR] org.jsoup.integration.ConnectTest.secFetchHeadersSurviveRedirect -- Time elapsed: 0.005 s <<< ERROR!
java.lang.NoSuchMethodError: 'java.lang.String org.jsoup.parser.TokenQueue.unescape(java.lang.String)'
	at org.jsoup.select.QueryParser.contains(QueryParser.java:449)
	at org.jsoup.select.QueryParser.parsePseudoSelector(QueryParser.java:212)
	at org.jsoup.select.QueryParser.parseSubclass(QueryParser.java:175)
	at org.jsoup.select.QueryParser.parseSimpleSequence(QueryParser.java:139)
	at org.jsoup.select.QueryParser.parseSelector(QueryParser.java:104)
	at org.jsoup.select.QueryParser.parseSelectorGroup(QueryParser.java:87)
	at org.jsoup.select.QueryParser.parse(QueryParser.java:78)
	at org.jsoup.select.QueryParser.parse(QueryParser.java:56)
	at org.jsoup.select.Selector.evaluatorOf(Selector.java:285)
	at org.jsoup.select.Selector.select(Selector.java:128)
	at org.jsoup.nodes.Element.select(Element.java:517)
	at org.jsoup.integration.ConnectTest.ihVal(ConnectTest.java:120)
	at org.jsoup.integration.ConnectTest.secFetchHeadersSurviveRedirect(ConnectTest.java:214)
	at java.base/java.lang.reflect.Method.invoke(Method.java:580)
	at java.base/java.util.ArrayList.forEach(ArrayList.java:1597)
	at java.base/java.util.ArrayList.forEach(ArrayList.java:1597)

[ERROR] org.jsoup.integration.ConnectTest.canSendSecFetchHeaders -- Time elapsed: 0.003 s <<< ERROR!
java.lang.NoSuchMethodError: 'java.lang.String org.jsoup.parser.TokenQueue.unescape(java.lang.String)'
	at org.jsoup.select.QueryParser.contains(QueryParser.java:449)
	at org.jsoup.select.QueryParser.parsePseudoSelector(QueryParser.java:212)
	at org.jsoup.select.QueryParser.parseSubclass(QueryParser.java:175)
	at org.jsoup.select.QueryParser.parseSimpleSequence(QueryParser.java:139)
	at org.jsoup.select.QueryParser.parseSelector(QueryParser.java:104)
	at org.jsoup.select.QueryParser.parseSelectorGroup(QueryParser.java:87)
	at org.jsoup.select.QueryParser.parse(QueryParser.java:78)
	at org.jsoup.select.QueryParser.parse(QueryParser.java:56)
	at org.jsoup.select.Selector.evaluatorOf(Selector.java:285)
	at org.jsoup.select.Selector.select(Selector.java:128)
	at org.jsoup.nodes.Element.select(Element.java:517)
	at org.jsoup.integration.ConnectTest.ihVal(ConnectTest.java:120)
	at org.jsoup.integration.ConnectTest.canSendSecFetchHeaders(ConnectTest.java:199)
	at java.base/java.lang.reflect.Method.invoke(Method.java:580)
	at java.base/java.util.ArrayList.forEach(ArrayList.java:1597)
	at java.base/java.util.ArrayList.forEach(ArrayList.java:1597)

[ERROR] org.jsoup.integration.ConnectTest.requestCookiesSurviveRedirect -- Time elapsed: 0.004 s <<< ERROR!
java.lang.NoSuchMethodError: 'java.lang.String org.jsoup.parser.TokenQueue.unescape(java.lang.String)'
	at org.jsoup.select.QueryParser.contains(QueryParser.java:449)
	at org.jsoup.select.QueryParser.parsePseudoSelector(QueryParser.java:212)
	at org.jsoup.select.QueryParser.parseSubclass(QueryParser.java:175)
	at org.jsoup.select.QueryParser.parseSimpleSequence(QueryParser.java:139)
	at org.jsoup.select.QueryParser.parseSelector(QueryParser.java:104)
	at org.jsoup.select.QueryParser.parseSelectorGroup(QueryParser.java:87)
	at org.jsoup.select.QueryParser.parse(QueryParser.java:78)
	at org.jsoup.select.QueryParser.parse(QueryParser.java:56)
	at org.jsoup.select.Selector.evaluatorOf(Selector.java:285)
	at org.jsoup.select.Selector.select(Selector.java:128)
	at org.jsoup.nodes.Element.select(Element.java:517)
	at org.jsoup.integration.ConnectTest.ihVal(ConnectTest.java:120)
	at org.jsoup.integration.ConnectTest.requestCookiesSurviveRedirect(ConnectTest.java:512)
	at java.base/java.lang.reflect.Method.invoke(Method.java:580)
	at java.base/java.util.ArrayList.forEach(ArrayList.java:1597)
	at java.base/java.util.ArrayList.forEach(ArrayList.java:1597)

[ERROR] Tests run: 8, Failures: 0, Errors: 1, Skipped: 0, Time elapsed: 0.247 s <<< FAILURE! -- in org.jsoup.integration.ProxyTest
[ERROR] org.jsoup.integration.ProxyTest.redirectViaProxy -- Time elapsed: 0.014 s <<< ERROR!
java.lang.NoSuchMethodError: 'java.lang.String org.jsoup.parser.TokenQueue.unescape(java.lang.String)'
	at org.jsoup.select.QueryParser.contains(QueryParser.java:449)
	at org.jsoup.select.QueryParser.parsePseudoSelector(QueryParser.java:212)
	at org.jsoup.select.QueryParser.parseSubclass(QueryParser.java:175)
	at org.jsoup.select.QueryParser.parseSimpleSequence(QueryParser.java:139)
	at org.jsoup.select.QueryParser.parseSelector(QueryParser.java:104)
	at org.jsoup.select.QueryParser.parseSelectorGroup(QueryParser.java:87)
	at org.jsoup.select.QueryParser.parse(QueryParser.java:78)
	at org.jsoup.select.QueryParser.parse(QueryParser.java:56)
	at org.jsoup.select.Selector.evaluatorOf(Selector.java:285)
	at org.jsoup.select.Selector.select(Selector.java:128)
	at org.jsoup.nodes.Element.select(Element.java:517)
	at org.jsoup.integration.ConnectTest.ihVal(ConnectTest.java:120)
	at org.jsoup.integration.ProxyTest.redirectViaProxy(ProxyTest.java:73)
	at java.base/java.lang.reflect.Method.invoke(Method.java:580)
	at java.base/java.util.ArrayList.forEach(ArrayList.java:1597)
	at java.base/java.util.ArrayList.forEach(ArrayList.java:1597)

[ERROR] Errors: 
[ERROR]   ConnectTest.canAuthenticate:1017->ihVal:120 » NoSuchMethod 'java.lang.String org.jsoup.parser.TokenQueue.unescape(java.lang.String)'
[ERROR]   ConnectTest.canAuthenticate:1017->ihVal:120 » NoSuchMethod 'java.lang.String org.jsoup.parser.TokenQueue.unescape(java.lang.String)'
[ERROR]   ConnectTest.canSendSecFetchHeaders:199->ihVal:120 » NoSuchMethod 'java.lang.String org.jsoup.parser.TokenQueue.unescape(java.lang.String)'
[ERROR]   ConnectTest.doesDeleteWithBody:349->ihVal:120 » NoSuchMethod 'java.lang.String org.jsoup.parser.TokenQueue.unescape(java.lang.String)'
[ERROR]   ConnectTest.doesDeleteWithoutBody:360->ihVal:120 » NoSuchMethod 'java.lang.String org.jsoup.parser.TokenQueue.unescape(java.lang.String)'
[ERROR]   ConnectTest.doesGet:293->ihVal:120 » NoSuchMethod 'java.lang.String org.jsoup.parser.TokenQueue.unescape(java.lang.String)'
[ERROR]   ConnectTest.doesGet:293->ihVal:120 » NoSuchMethod 'java.lang.String org.jsoup.parser.TokenQueue.unescape(java.lang.String)'
[ERROR]   ConnectTest.doesNotPostFor302:587->ihVal:120 » NoSuchMethod 'java.lang.String org.jsoup.parser.TokenQueue.unescape(java.lang.String)'
[ERROR]   ConnectTest.doesPost:168->ihVal:120 » NoSuchMethod 'java.lang.String org.jsoup.parser.TokenQueue.unescape(java.lang.String)'
[ERROR]   ConnectTest.doesPostFor307:599->ihVal:120 » NoSuchMethod 'java.lang.String org.jsoup.parser.TokenQueue.unescape(java.lang.String)'
[ERROR]   ConnectTest.doesPostMultipartWithoutInputstream:183->ihVal:120 » NoSuchMethod 'java.lang.String org.jsoup.parser.TokenQueue.unescape(java.lang.String)'
[ERROR]   ConnectTest.doesPut:334->ihVal:120 » NoSuchMethod 'java.lang.String org.jsoup.parser.TokenQueue.unescape(java.lang.String)'
[ERROR]   ConnectTest.fetchUnicodeUrl:962->ihVal:120 » NoSuchMethod 'java.lang.String org.jsoup.parser.TokenQueue.unescape(java.lang.String)'
[ERROR]   ConnectTest.formLoginFlow:909->ihVal:120 » NoSuchMethod 'java.lang.String org.jsoup.parser.TokenQueue.unescape(java.lang.String)'
[ERROR]   ConnectTest.formLoginFlow2:947->ihVal:120 » NoSuchMethod 'java.lang.String org.jsoup.parser.TokenQueue.unescape(java.lang.String)'
[ERROR]   ConnectTest.multiCookieSet:497->ihVal:120 » NoSuchMethod 'java.lang.String org.jsoup.parser.TokenQueue.unescape(java.lang.String)'
[ERROR]   ConnectTest.postFiles:380->ihVal:120 » NoSuchMethod 'java.lang.String org.jsoup.parser.TokenQueue.unescape(java.lang.String)'
[ERROR]   ConnectTest.postFiles:380->ihVal:120 » NoSuchMethod 'java.lang.String org.jsoup.parser.TokenQueue.unescape(java.lang.String)'
[ERROR]   ConnectTest.postHtmlFile:752->ihVal:120 » NoSuchMethod 'java.lang.String org.jsoup.parser.TokenQueue.unescape(java.lang.String)'
[ERROR]   ConnectTest.requestCookiesSurviveRedirect:512->ihVal:120 » NoSuchMethod 'java.lang.String org.jsoup.parser.TokenQueue.unescape(java.lang.String)'
[ERROR]   ConnectTest.secFetchHeadersSurviveRedirect:214->ihVal:120 » NoSuchMethod 'java.lang.String org.jsoup.parser.TokenQueue.unescape(java.lang.String)'
[ERROR]   ConnectTest.sendsRequestBody:252->ihVal:120 » NoSuchMethod 'java.lang.String org.jsoup.parser.TokenQueue.unescape(java.lang.String)'
[ERROR]   ConnectTest.sendsRequestBodyJsonWithData:227->ihVal:120 » NoSuchMethod 'java.lang.String org.jsoup.parser.TokenQueue.unescape(java.lang.String)'
[ERROR]   ConnectTest.sendsRequestBodyJsonWithoutData:240->ihVal:120 » NoSuchMethod 'java.lang.String org.jsoup.parser.TokenQueue.unescape(java.lang.String)'
[ERROR]   ConnectTest.sendsRequestBodyStream:279->ihVal:120 » NoSuchMethod 'java.lang.String org.jsoup.parser.TokenQueue.unescape(java.lang.String)'
[ERROR]   ConnectTest.sendsRequestBodyWithUrlParams:265->ihVal:120 » NoSuchMethod 'java.lang.String org.jsoup.parser.TokenQueue.unescape(java.lang.String)'
[ERROR]   ConnectTest.streamParserGet:311 » NoSuchMethod 'java.lang.String org.jsoup.parser.TokenQueue.unescape(java.lang.String)'
[ERROR]   ConnectTest.streamParserGet:311 » NoSuchMethod 'java.lang.String org.jsoup.parser.TokenQueue.unescape(java.lang.String)'
[ERROR]   ConnectTest.willEscapePathInRedirect:975->ihVal:120 » NoSuchMethod 'java.lang.String org.jsoup.parser.TokenQueue.unescape(java.lang.String)'
[ERROR]   HttpClientConnectTest>ConnectTest.canAuthenticate:1017->ConnectTest.ihVal:120 » NoSuchMethod 'java.lang.String org.jsoup.parser.TokenQueue.unescape(java.lang.String)'
[ERROR]   HttpClientConnectTest>ConnectTest.canAuthenticate:1017->ConnectTest.ihVal:120 » NoSuchMethod 'java.lang.String org.jsoup.parser.TokenQueue.unescape(java.lang.String)'
[ERROR]   HttpClientConnectTest>ConnectTest.canSendSecFetchHeaders:199->ConnectTest.ihVal:120 » NoSuchMethod 'java.lang.String org.jsoup.parser.TokenQueue.unescape(java.lang.String)'
[ERROR]   HttpClientConnectTest>ConnectTest.doesDeleteWithBody:349->ConnectTest.ihVal:120 » NoSuchMethod 'java.lang.String org.jsoup.parser.TokenQueue.unescape(java.lang.String)'
[ERROR]   HttpClientConnectTest>ConnectTest.doesDeleteWithoutBody:360->ConnectTest.ihVal:120 » NoSuchMethod 'java.lang.String org.jsoup.parser.TokenQueue.unescape(java.lang.String)'
[ERROR]   HttpClientConnectTest>ConnectTest.doesGet:293->ConnectTest.ihVal:120 » NoSuchMethod 'java.lang.String org.jsoup.parser.TokenQueue.unescape(java.lang.String)'
[ERROR]   HttpClientConnectTest>ConnectTest.doesGet:293->ConnectTest.ihVal:120 » NoSuchMethod 'java.lang.String org.jsoup.parser.TokenQueue.unescape(java.lang.String)'
[ERROR]   HttpClientConnectTest>ConnectTest.doesNotPostFor302:587->ConnectTest.ihVal:120 » NoSuchMethod 'java.lang.String org.jsoup.parser.TokenQueue.unescape(java.lang.String)'
[ERROR]   HttpClientConnectTest>ConnectTest.doesPost:168->ConnectTest.ihVal:120 » NoSuchMethod 'java.lang.String org.jsoup.parser.TokenQueue.unescape(java.lang.String)'
[ERROR]   HttpClientConnectTest>ConnectTest.doesPostFor307:599->ConnectTest.ihVal:120 » NoSuchMethod 'java.lang.String org.jsoup.parser.TokenQueue.unescape(java.lang.String)'
[ERROR]   HttpClientConnectTest>ConnectTest.doesPostMultipartWithoutInputstream:183->ConnectTest.ihVal:120 » NoSuchMethod 'java.lang.String org.jsoup.parser.TokenQueue.unescape(java.lang.String)'
[ERROR]   HttpClientConnectTest>ConnectTest.doesPut:334->ConnectTest.ihVal:120 » NoSuchMethod 'java.lang.String org.jsoup.parser.TokenQueue.unescape(java.lang.String)'
[ERROR]   HttpClientConnectTest>ConnectTest.fetchUnicodeUrl:962->ConnectTest.ihVal:120 » NoSuchMethod 'java.lang.String org.jsoup.parser.TokenQueue.unescape(java.lang.String)'
[ERROR]   HttpClientConnectTest>ConnectTest.formLoginFlow:909->ConnectTest.ihVal:120 » NoSuchMethod 'java.lang.String org.jsoup.parser.TokenQueue.unescape(java.lang.String)'
[ERROR]   HttpClientConnectTest>ConnectTest.formLoginFlow2:947->ConnectTest.ihVal:120 » NoSuchMethod 'java.lang.String org.jsoup.parser.TokenQueue.unescape(java.lang.String)'
[ERROR]   HttpClientConnectTest>ConnectTest.multiCookieSet:497->ConnectTest.ihVal:120 » NoSuchMethod 'java.lang.String org.jsoup.parser.TokenQueue.unescape(java.lang.String)'
[ERROR]   HttpClientConnectTest>ConnectTest.postFiles:380->ConnectTest.ihVal:120 » NoSuchMethod 'java.lang.String org.jsoup.parser.TokenQueue.unescape(java.lang.String)'
[ERROR]   HttpClientConnectTest>ConnectTest.postFiles:380->ConnectTest.ihVal:120 » NoSuchMethod 'java.lang.String org.jsoup.parser.TokenQueue.unescape(java.lang.String)'
[ERROR]   HttpClientConnectTest>ConnectTest.postHtmlFile:752->ConnectTest.ihVal:120 » NoSuchMethod 'java.lang.String org.jsoup.parser.TokenQueue.unescape(java.lang.String)'
[ERROR]   HttpClientConnectTest>ConnectTest.requestCookiesSurviveRedirect:512->ConnectTest.ihVal:120 » NoSuchMethod 'java.lang.String org.jsoup.parser.TokenQueue.unescape(java.lang.String)'
[ERROR]   HttpClientConnectTest>ConnectTest.secFetchHeadersSurviveRedirect:214->ConnectTest.ihVal:120 » NoSuchMethod 'java.lang.String org.jsoup.parser.TokenQueue.unescape(java.lang.String)'
[ERROR]   HttpClientConnectTest>ConnectTest.sendsRequestBody:252->ConnectTest.ihVal:120 » NoSuchMethod 'java.lang.String org.jsoup.parser.TokenQueue.unescape(java.lang.String)'
[ERROR]   HttpClientConnectTest>ConnectTest.sendsRequestBodyJsonWithData:227->ConnectTest.ihVal:120 » NoSuchMethod 'java.lang.String org.jsoup.parser.TokenQueue.unescape(java.lang.String)'
[ERROR]   HttpClientConnectTest>ConnectTest.sendsRequestBodyJsonWithoutData:240->ConnectTest.ihVal:120 » NoSuchMethod 'java.lang.String org.jsoup.parser.TokenQueue.unescape(java.lang.String)'
[ERROR]   HttpClientConnectTest>ConnectTest.sendsRequestBodyStream:279->ConnectTest.ihVal:120 » NoSuchMethod 'java.lang.String org.jsoup.parser.TokenQueue.unescape(java.lang.String)'
[ERROR]   HttpClientConnectTest>ConnectTest.sendsRequestBodyWithUrlParams:265->ConnectTest.ihVal:120 » NoSuchMethod 'java.lang.String org.jsoup.parser.TokenQueue.unescape(java.lang.String)'
[ERROR]   HttpClientConnectTest>ConnectTest.streamParserGet:311 » NoSuchMethod 'java.lang.String org.jsoup.parser.TokenQueue.unescape(java.lang.String)'
[ERROR]   HttpClientConnectTest>ConnectTest.streamParserGet:311 » NoSuchMethod 'java.lang.String org.jsoup.parser.TokenQueue.unescape(java.lang.String)'
[ERROR]   HttpClientConnectTest>ConnectTest.willEscapePathInRedirect:975->ConnectTest.ihVal:120 » NoSuchMethod 'java.lang.String org.jsoup.parser.TokenQueue.unescape(java.lang.String)'
[ERROR]   HttpClientSessionTest>SessionTest.testPathScopedCookies:66->SessionTest.assertCookieEndpoint:85->SessionTest.keyEls:29 » NoSuchMethod 'java.lang.String org.jsoup.parser.TokenQueue.unescape(java.lang.String)'
[ERROR]   HttpClientSessionTest>SessionTest.testPathScopedCookiesOnRedirect:111->SessionTest.assertEchoEndpoint:93->SessionTest.keyEls:29 » NoSuchMethod 'java.lang.String org.jsoup.parser.TokenQueue.unescape(java.lang.String)'
[ERROR]   ProxyTest.redirectViaProxy:73 » NoSuchMethod 'java.lang.String org.jsoup.parser.TokenQueue.unescape(java.lang.String)'
[ERROR]   SessionTest.testPathScopedCookies:66->assertCookieEndpoint:85->keyEls:29 » NoSuchMethod 'java.lang.String org.jsoup.parser.TokenQueue.unescape(java.lang.String)'
[ERROR]   SessionTest.testPathScopedCookiesOnRedirect:111->assertEchoEndpoint:93->keyEls:29 » NoSuchMethod 'java.lang.String org.jsoup.parser.TokenQueue.unescape(java.lang.String)'
[ERROR]   ElementTest.cssEscapedAmp:1449 » NoSuchMethod 'java.lang.String org.jsoup.parser.TokenQueue.escapeCssIdentifier(java.lang.String)'
[ERROR]   ElementTest.cssSelectorCombined:2970 » NoSuchMethod 'java.lang.String org.jsoup.parser.TokenQueue.escapeCssIdentifier(java.lang.String)'
[ERROR]   ElementTest.cssSelectorDoesntStackOverflow:2905 » NoSuchMethod 'java.lang.String org.jsoup.parser.TokenQueue.escapeCssIdentifier(java.lang.String)'
[ERROR]   ElementTest.cssSelectorEscaped:1431 » NoSuchMethod 'java.lang.String org.jsoup.parser.TokenQueue.escapeCssIdentifier(java.lang.String)'
[ERROR]   ElementTest.cssSelectorEscapedClass:1461 » NoSuchMethod 'java.lang.String org.jsoup.parser.TokenQueue.escapeCssIdentifier(java.lang.String)'
[ERROR]   ElementTest.cssSelectorNoDoc:2863 » NoSuchMethod 'java.lang.String org.jsoup.parser.TokenQueue.escapeCssIdentifier(java.lang.String)'
[ERROR]   ElementTest.cssSelectorNoParent:2868 » NoSuchMethod 'java.lang.String org.jsoup.parser.TokenQueue.escapeCssIdentifier(java.lang.String)'
[ERROR]   ElementTest.cssSelectorParentWithId:2878 » NoSuchMethod 'java.lang.String org.jsoup.parser.TokenQueue.escapeCssIdentifier(java.lang.String)'
[ERROR]   ElementTest.cssSelectorUnbalanced:2933 » NoSuchMethod 'java.lang.String org.jsoup.parser.TokenQueue.escapeCssIdentifier(java.lang.String)'
[ERROR]   ElementTest.cssSelectorWithAsterisk:2945 » NoSuchMethod 'java.lang.String org.jsoup.parser.TokenQueue.escapeCssIdentifier(java.lang.String)'
[ERROR]   ElementTest.cssSelectorWithBracket:2921 » NoSuchMethod 'java.lang.String org.jsoup.parser.TokenQueue.escapeCssIdentifier(java.lang.String)'
[ERROR]   ElementTest.cssSelectorWithNonUniqueId:2885 » NoSuchMethod 'java.lang.String org.jsoup.parser.TokenQueue.unescape(java.lang.String)'
[ERROR]   ElementTest.cssSelectorWithPipe:2957 » NoSuchMethod 'java.lang.String org.jsoup.parser.TokenQueue.escapeCssIdentifier(java.lang.String)'
[ERROR]   ElementTest.deselect:3392 » NoSuchMethod 'java.lang.String org.jsoup.parser.TokenQueue.unescape(java.lang.String)'
[ERROR]   ElementTest.doesntDeleteZWJWhenNormalizingText:2284 » NoSuchMethod 'java.lang.String org.jsoup.parser.TokenQueue.unescape(java.lang.String)'
[ERROR]   ElementTest.prevElementSibling:268 » NoSuchMethod 'java.lang.String org.jsoup.parser.TokenQueue.unescape(java.lang.String)'
[ERROR]   ElementTest.testCssPath:1397 » NoSuchMethod 'java.lang.String org.jsoup.parser.TokenQueue.escapeCssIdentifier(java.lang.String)'
[ERROR]   ElementTest.testCssPathDuplicateIds:1414 » NoSuchMethod 'java.lang.String org.jsoup.parser.TokenQueue.escapeCssIdentifier(java.lang.String)'
[ERROR]   ElementTest.testNamespacedElements:1690 » NoSuchMethod 'java.lang.String org.jsoup.parser.TokenQueue.escapeCssIdentifier(java.lang.String)'
[ERROR]   ElementTest.testNormalizesInvisiblesInText:1978 » NoSuchMethod 'java.lang.String org.jsoup.parser.TokenQueue.unescape(java.lang.String)'
[ERROR]   ElementTest.testNormalizesNbspInText:1961 » NoSuchMethod 'java.lang.String org.jsoup.parser.TokenQueue.unescape(java.lang.String)'
[ERROR]   FormElementTest.formSubmissionCarriesCookiesFromSession:203 » NoSuchMethod 'java.lang.String org.jsoup.parser.TokenQueue.unescape(java.lang.String)'
[ERROR]   NodeIteratorTest.canIterateJustOneSibling:64 » NoSuchMethod 'java.lang.String org.jsoup.parser.TokenQueue.unescape(java.lang.String)'
[ERROR]   HtmlParserTest.canSelectIntoTemplate:1637 » NoSuchMethod 'java.lang.String org.jsoup.parser.TokenQueue.unescape(java.lang.String)'
[ERROR]   TokenQueueTest.testNestedQuotes:153->validateNestedQuotes:160 » NoSuchMethod 'java.lang.String org.jsoup.parser.TokenQueue.escapeCssIdentifier(java.lang.String)'
[ERROR]   ElementsTest.siblings:369 » NoSuchMethod 'java.lang.String org.jsoup.parser.TokenQueue.unescape(java.lang.String)'
[ERROR]   NodesTest.after:20 » NoSuchMethod 'java.lang.String org.jsoup.parser.TokenQueue.unescape(java.lang.String)'
[ERROR]   NodesTest.before:13 » NoSuchMethod 'java.lang.String org.jsoup.parser.TokenQueue.unescape(java.lang.String)'
[ERROR]   NodesTest.wrap:27 » NoSuchMethod 'java.lang.String org.jsoup.parser.TokenQueue.unescape(java.lang.String)'
[ERROR]   QueryParserTest.hasNodeSelector:234 » NoSuchMethod 'java.lang.String org.jsoup.parser.TokenQueue.unescape(java.lang.String)'
[ERROR]   QueryParserTest.parsesEscapedSubqueries:201 » NoSuchMethod 'java.lang.String org.jsoup.parser.TokenQueue.escapeCssIdentifier(java.lang.String)'
[ERROR]   SelectorTest.cdataNodes:1711 » NoSuchMethod 'java.lang.String org.jsoup.parser.TokenQueue.unescape(java.lang.String)'
[ERROR]   SelectorTest.containsData:940 » NoSuchMethod 'java.lang.String org.jsoup.parser.TokenQueue.unescape(java.lang.String)'
[ERROR]   SelectorTest.containsData:940 » NoSuchMethod 'java.lang.String org.jsoup.parser.TokenQueue.unescape(java.lang.String)'
[ERROR]   SelectorTest.containsOwn:745 » NoSuchMethod 'java.lang.String org.jsoup.parser.TokenQueue.unescape(java.lang.String)'
[ERROR]   SelectorTest.containsOwn:745 » NoSuchMethod 'java.lang.String org.jsoup.parser.TokenQueue.unescape(java.lang.String)'
[ERROR]   SelectorTest.containsTextQueryIsNormalized:1174 » NoSuchMethod 'java.lang.String org.jsoup.parser.TokenQueue.unescape(java.lang.String)'
[ERROR]   SelectorTest.containsWholeOwnText:724 » NoSuchMethod 'java.lang.String org.jsoup.parser.TokenQueue.unescape(java.lang.String)'
[ERROR]   SelectorTest.containsWholeText:704 » NoSuchMethod 'java.lang.String org.jsoup.parser.TokenQueue.unescape(java.lang.String)'
[ERROR]   SelectorTest.containsWithQuote:962 » NoSuchMethod 'java.lang.String org.jsoup.parser.TokenQueue.unescape(java.lang.String)'
[ERROR]   SelectorTest.datanode:1562 » NoSuchMethod 'java.lang.String org.jsoup.parser.TokenQueue.unescape(java.lang.String)'
[ERROR]   SelectorTest.descendantComment:1527 » NoSuchMethod 'java.lang.String org.jsoup.parser.TokenQueue.unescape(java.lang.String)'
[ERROR]   SelectorTest.escapeCssIdentifier:1491 » NoSuchMethod 'java.lang.String org.jsoup.parser.TokenQueue.escapeCssIdentifier(java.lang.String)'
[ERROR]   SelectorTest.hasCommentWithText:1514 » NoSuchMethod 'java.lang.String org.jsoup.parser.TokenQueue.unescape(java.lang.String)'
[ERROR]   SelectorTest.leafNodeContains:1578 » NoSuchMethod 'java.lang.String org.jsoup.parser.TokenQueue.unescape(java.lang.String)'
[ERROR]   SelectorTest.nodeContains:1586 » NoSuchMethod 'java.lang.String org.jsoup.parser.TokenQueue.unescape(java.lang.String)'
[ERROR]   SelectorTest.selectComment:1598 » NoSuchMethod 'java.lang.String org.jsoup.parser.TokenQueue.unescape(java.lang.String)'
[ERROR]   SelectorTest.selectSameElements:919 » NoSuchMethod 'java.lang.String org.jsoup.parser.TokenQueue.unescape(java.lang.String)'
[ERROR]   SelectorTest.selectSupplementaryCharacter:890 » NoSuchMethod 'java.lang.String org.jsoup.parser.TokenQueue.unescape(java.lang.String)'
[ERROR]   SelectorTest.testCombinedWithContains:268 » NoSuchMethod 'java.lang.String org.jsoup.parser.TokenQueue.unescape(java.lang.String)'
[ERROR]   SelectorTest.testNamespacedTag:170 » NoSuchMethod 'java.lang.String org.jsoup.parser.TokenQueue.unescape(java.lang.String)'
[ERROR]   SelectorTest.testNestedHas:638 » NoSuchMethod 'java.lang.String org.jsoup.parser.TokenQueue.unescape(java.lang.String)'
[ERROR]   SelectorTest.testPseudoContains:665 » NoSuchMethod 'java.lang.String org.jsoup.parser.TokenQueue.unescape(java.lang.String)'
[ERROR]   SelectorTest.testPseudoContains:665 » NoSuchMethod 'java.lang.String org.jsoup.parser.TokenQueue.unescape(java.lang.String)'
[ERROR]   SelectorTest.testPsuedoContainsWithParentheses:691 » NoSuchMethod 'java.lang.String org.jsoup.parser.TokenQueue.unescape(java.lang.String)'
[ERROR]   SelectorTest.testWildcardNamespacedTag:185 » NoSuchMethod 'java.lang.String org.jsoup.parser.TokenQueue.unescape(java.lang.String)'
[ERROR]   SelectorTest.testWildcardNamespacedXmlTag:211 » NoSuchMethod 'java.lang.String org.jsoup.parser.TokenQueue.unescape(java.lang.String)'
[ERROR]   XpathTest.cssAndXpathEquivalents:106 » NoSuchMethod 'java.lang.String org.jsoup.parser.TokenQueue.unescape(java.lang.String)'
[ERROR] Tests run: 1971, Failures: 0, Errors: 121, Skipped: 0
[ERROR] Failed to execute goal org.apache.maven.plugins:maven-surefire-plugin:3.5.5:test (default-test) on project jsoup: 
[ERROR] 
[ERROR] See /data/henrique/langchain_prototype/new/data/repositories/jsoup/target/surefire-reports for the individual test results.
[ERROR] See dump files (if any exist) [date].dump, [date]-jvmRun[N].dump and [date].dumpstream.
[ERROR] -> [Help 1]
[ERROR] 
[ERROR] To see the full stack trace of the errors, re-run Maven with the -e switch.
[ERROR] Re-run Maven using the -X switch to enable full debug logging.
[ERROR] 
[ERROR] For more information about the errors and possible solutions, please read the following articles:
[ERROR] [Help 1] http://cwiki.apache.org/confluence/display/MAVEN/MojoFailureException
