[ERROR] Tests run: 7, Failures: 0, Errors: 2, Skipped: 0, Time elapsed: 0.023 s <<< FAILURE! -- in org.jsoup.safety.SafelistTest
[ERROR] org.jsoup.safety.SafelistTest.isSafeAttributeDoesNotModifyLiveAttribute -- Time elapsed: 0.009 s <<< ERROR!
java.lang.NoSuchMethodError: 'java.lang.String org.jsoup.internal.StringUtil.resolve(java.lang.String, java.lang.String)'
	at org.jsoup.nodes.Node.absUrl(Node.java:265)
	at org.jsoup.safety.Safelist.getProtocolValue(Safelist.java:505)
	at org.jsoup.safety.Safelist.isSafeAttribute(Safelist.java:492)
	at org.jsoup.safety.SafelistTest.isSafeAttributeDoesNotModifyLiveAttribute(SafelistTest.java:71)
	at java.base/java.lang.reflect.Method.invoke(Method.java:580)
	at java.base/java.util.ArrayList.forEach(ArrayList.java:1597)
	at java.base/java.util.ArrayList.forEach(ArrayList.java:1597)

[ERROR] org.jsoup.safety.SafelistTest.testCopyConstructor_noSideEffectOnProtocols -- Time elapsed: 0.001 s <<< ERROR!
java.lang.NoSuchMethodError: 'java.lang.String org.jsoup.internal.StringUtil.resolve(java.lang.String, java.lang.String)'
	at org.jsoup.nodes.Node.absUrl(Node.java:265)
	at org.jsoup.safety.Safelist.getProtocolValue(Safelist.java:505)
	at org.jsoup.safety.Safelist.isSafeAttribute(Safelist.java:492)
	at org.jsoup.safety.SafelistTest.testCopyConstructor_noSideEffectOnProtocols(SafelistTest.java:61)
	at java.base/java.lang.reflect.Method.invoke(Method.java:580)
	at java.base/java.util.ArrayList.forEach(ArrayList.java:1597)
	at java.base/java.util.ArrayList.forEach(ArrayList.java:1597)

[ERROR] Tests run: 57, Failures: 1, Errors: 29, Skipped: 0, Time elapsed: 0.188 s <<< FAILURE! -- in org.jsoup.safety.CleanerTest
[ERROR] org.jsoup.safety.CleanerTest.testHandlesEmptyAttributes -- Time elapsed: 0.003 s <<< ERROR!
java.lang.NoSuchMethodError: 'java.lang.String org.jsoup.internal.StringUtil.resolve(java.lang.String, java.lang.String)'
	at org.jsoup.nodes.Node.absUrl(Node.java:265)
	at org.jsoup.safety.Safelist.getProtocolValue(Safelist.java:505)
	at org.jsoup.safety.Safelist.isSafeAttribute(Safelist.java:492)
	at org.jsoup.safety.Cleaner.createSafeElement(Cleaner.java:195)
	at org.jsoup.safety.Cleaner.access$100(Cleaner.java:41)
	at org.jsoup.safety.Cleaner$CleaningVisitor.head(Cleaner.java:151)
	at org.jsoup.select.NodeTraversor.traverse(NodeTraversor.java:45)
	at org.jsoup.select.NodeVisitor.traverse(NodeVisitor.java:73)
	at org.jsoup.safety.Cleaner.copySafeNodes(Cleaner.java:182)
	at org.jsoup.safety.Cleaner.clean(Cleaner.java:64)
	at org.jsoup.Jsoup.clean(Jsoup.java:353)
	at org.jsoup.Jsoup.clean(Jsoup.java:388)
	at org.jsoup.safety.CleanerTest.testHandlesEmptyAttributes(CleanerTest.java:195)
	at java.base/java.lang.reflect.Method.invoke(Method.java:580)
	at java.base/java.util.ArrayList.forEach(ArrayList.java:1597)
	at java.base/java.util.ArrayList.forEach(ArrayList.java:1597)

[ERROR] org.jsoup.safety.CleanerTest.dropsConcealedJavascriptProtocolWhenRelativesLinksDisabled -- Time elapsed: 0.004 s <<< ERROR!
java.lang.NoSuchMethodError: 'java.lang.String org.jsoup.internal.StringUtil.resolve(java.lang.String, java.lang.String)'
	at org.jsoup.nodes.Node.absUrl(Node.java:265)
	at org.jsoup.safety.Safelist.getProtocolValue(Safelist.java:505)
	at org.jsoup.safety.Safelist.isSafeAttribute(Safelist.java:492)
	at org.jsoup.safety.Cleaner.createSafeElement(Cleaner.java:195)
	at org.jsoup.safety.Cleaner.access$100(Cleaner.java:41)
	at org.jsoup.safety.Cleaner$CleaningVisitor.head(Cleaner.java:151)
	at org.jsoup.select.NodeTraversor.traverse(NodeTraversor.java:45)
	at org.jsoup.select.NodeVisitor.traverse(NodeVisitor.java:73)
	at org.jsoup.safety.Cleaner.copySafeNodes(Cleaner.java:182)
	at org.jsoup.safety.Cleaner.clean(Cleaner.java:64)
	at org.jsoup.Jsoup.clean(Jsoup.java:353)
	at org.jsoup.safety.CleanerTest.dropsConcealedJavascriptProtocolWhenRelativesLinksDisabled(CleanerTest.java:363)
	at java.base/java.lang.reflect.Method.invoke(Method.java:580)
	at java.base/java.util.ArrayList.forEach(ArrayList.java:1597)
	at java.base/java.util.ArrayList.forEach(ArrayList.java:1597)

[ERROR] org.jsoup.safety.CleanerTest.basicBehaviourTest -- Time elapsed: 0.003 s <<< ERROR!
java.lang.NoSuchMethodError: 'java.lang.String org.jsoup.internal.StringUtil.resolve(java.lang.String, java.lang.String)'
	at org.jsoup.nodes.Node.absUrl(Node.java:265)
	at org.jsoup.safety.Safelist.getProtocolValue(Safelist.java:505)
	at org.jsoup.safety.Safelist.isSafeAttribute(Safelist.java:492)
	at org.jsoup.safety.Cleaner.createSafeElement(Cleaner.java:195)
	at org.jsoup.safety.Cleaner.access$100(Cleaner.java:41)
	at org.jsoup.safety.Cleaner$CleaningVisitor.head(Cleaner.java:151)
	at org.jsoup.select.NodeTraversor.traverse(NodeTraversor.java:45)
	at org.jsoup.select.NodeVisitor.traverse(NodeVisitor.java:73)
	at org.jsoup.safety.Cleaner.copySafeNodes(Cleaner.java:182)
	at org.jsoup.safety.Cleaner.clean(Cleaner.java:64)
	at org.jsoup.Jsoup.clean(Jsoup.java:353)
	at org.jsoup.Jsoup.clean(Jsoup.java:388)
	at org.jsoup.safety.CleanerTest.basicBehaviourTest(CleanerTest.java:47)
	at java.base/java.lang.reflect.Method.invoke(Method.java:580)
	at java.base/java.util.ArrayList.forEach(ArrayList.java:1597)
	at java.base/java.util.ArrayList.forEach(ArrayList.java:1597)

[ERROR] org.jsoup.safety.CleanerTest.handlesCustomProtocols -- Time elapsed: 0.002 s <<< ERROR!
java.lang.NoSuchMethodError: 'java.lang.String org.jsoup.internal.StringUtil.resolve(java.lang.String, java.lang.String)'
	at org.jsoup.nodes.Node.absUrl(Node.java:265)
	at org.jsoup.safety.Safelist.getProtocolValue(Safelist.java:505)
	at org.jsoup.safety.Safelist.isSafeAttribute(Safelist.java:492)
	at org.jsoup.safety.Cleaner.createSafeElement(Cleaner.java:195)
	at org.jsoup.safety.Cleaner.access$100(Cleaner.java:41)
	at org.jsoup.safety.Cleaner$CleaningVisitor.head(Cleaner.java:151)
	at org.jsoup.select.NodeTraversor.traverse(NodeTraversor.java:45)
	at org.jsoup.select.NodeVisitor.traverse(NodeVisitor.java:73)
	at org.jsoup.safety.Cleaner.copySafeNodes(Cleaner.java:182)
	at org.jsoup.safety.Cleaner.clean(Cleaner.java:64)
	at org.jsoup.Jsoup.clean(Jsoup.java:353)
	at org.jsoup.Jsoup.clean(Jsoup.java:388)
	at org.jsoup.safety.CleanerTest.handlesCustomProtocols(CleanerTest.java:370)
	at java.base/java.lang.reflect.Method.invoke(Method.java:580)
	at java.base/java.util.ArrayList.forEach(ArrayList.java:1597)
	at java.base/java.util.ArrayList.forEach(ArrayList.java:1597)

[ERROR] org.jsoup.safety.CleanerTest.testIsValidBodyHtml -- Time elapsed: 0.002 s <<< ERROR!
java.lang.NoSuchMethodError: 'java.lang.String org.jsoup.internal.StringUtil.resolve(java.lang.String, java.lang.String)'
	at org.jsoup.nodes.Node.absUrl(Node.java:265)
	at org.jsoup.safety.Safelist.getProtocolValue(Safelist.java:505)
	at org.jsoup.safety.Safelist.isSafeAttribute(Safelist.java:492)
	at org.jsoup.safety.Cleaner.createSafeElement(Cleaner.java:195)
	at org.jsoup.safety.Cleaner.access$100(Cleaner.java:41)
	at org.jsoup.safety.Cleaner$CleaningVisitor.head(Cleaner.java:151)
	at org.jsoup.select.NodeTraversor.traverse(NodeTraversor.java:45)
	at org.jsoup.select.NodeVisitor.traverse(NodeVisitor.java:73)
	at org.jsoup.safety.Cleaner.copySafeNodes(Cleaner.java:182)
	at org.jsoup.safety.Cleaner.isValidBodyHtml(Cleaner.java:129)
	at org.jsoup.Jsoup.isValid(Jsoup.java:435)
	at org.jsoup.safety.CleanerTest.testIsValidBodyHtml(CleanerTest.java:209)
	at java.base/java.lang.reflect.Method.invoke(Method.java:580)
	at java.base/java.util.ArrayList.forEach(ArrayList.java:1597)
	at java.base/java.util.ArrayList.forEach(ArrayList.java:1597)

[ERROR] org.jsoup.safety.CleanerTest.handlesNoHrefAttribute -- Time elapsed: 0.002 s <<< ERROR!
java.lang.NoSuchMethodError: 'java.lang.String org.jsoup.internal.StringUtil.resolve(java.lang.String, java.lang.String)'
	at org.jsoup.nodes.Node.absUrl(Node.java:265)
	at org.jsoup.safety.Safelist.getProtocolValue(Safelist.java:505)
	at org.jsoup.safety.Safelist.isSafeAttribute(Safelist.java:492)
	at org.jsoup.safety.Cleaner.createSafeElement(Cleaner.java:195)
	at org.jsoup.safety.Cleaner.access$100(Cleaner.java:41)
	at org.jsoup.safety.Cleaner$CleaningVisitor.head(Cleaner.java:151)
	at org.jsoup.select.NodeTraversor.traverse(NodeTraversor.java:45)
	at org.jsoup.select.NodeVisitor.traverse(NodeVisitor.java:73)
	at org.jsoup.safety.Cleaner.copySafeNodes(Cleaner.java:182)
	at org.jsoup.safety.Cleaner.clean(Cleaner.java:64)
	at org.jsoup.Jsoup.clean(Jsoup.java:353)
	at org.jsoup.Jsoup.clean(Jsoup.java:388)
	at org.jsoup.safety.CleanerTest.handlesNoHrefAttribute(CleanerTest.java:470)
	at java.base/java.lang.reflect.Method.invoke(Method.java:580)
	at java.base/java.util.ArrayList.forEach(ArrayList.java:1597)
	at java.base/java.util.ArrayList.forEach(ArrayList.java:1597)

[ERROR] org.jsoup.safety.CleanerTest.safeListedProtocolShouldBeRetained(Locale)[1] -- Time elapsed: 0.004 s <<< ERROR!
java.lang.NoSuchMethodError: 'java.lang.String org.jsoup.internal.StringUtil.resolve(java.lang.String, java.lang.String)'
	at org.jsoup.nodes.Node.absUrl(Node.java:265)
	at org.jsoup.safety.Safelist.getProtocolValue(Safelist.java:505)
	at org.jsoup.safety.Safelist.isSafeAttribute(Safelist.java:492)
	at org.jsoup.safety.Cleaner.createSafeElement(Cleaner.java:195)
	at org.jsoup.safety.Cleaner.access$100(Cleaner.java:41)
	at org.jsoup.safety.Cleaner$CleaningVisitor.head(Cleaner.java:151)
	at org.jsoup.select.NodeTraversor.traverse(NodeTraversor.java:45)
	at org.jsoup.select.NodeVisitor.traverse(NodeVisitor.java:73)
	at org.jsoup.safety.Cleaner.copySafeNodes(Cleaner.java:182)
	at org.jsoup.safety.Cleaner.clean(Cleaner.java:64)
	at org.jsoup.Jsoup.clean(Jsoup.java:353)
	at org.jsoup.Jsoup.clean(Jsoup.java:388)
	at org.jsoup.safety.CleanerTest.safeListedProtocolShouldBeRetained(CleanerTest.java:130)
	at java.base/java.lang.reflect.Method.invoke(Method.java:580)
	at java.base/java.util.Optional.ifPresent(Optional.java:178)
	at java.base/java.util.stream.ForEachOps$ForEachOp$OfRef.accept(ForEachOps.java:184)
	at java.base/java.util.stream.ReferencePipeline$3$1.accept(ReferencePipeline.java:215)
	at java.base/java.util.Spliterators$ArraySpliterator.forEachRemaining(Spliterators.java:1024)
	at java.base/java.util.stream.ReferencePipeline$Head.forEach(ReferencePipeline.java:807)
	at java.base/java.util.stream.ReferencePipeline$7$1FlatMap.accept(ReferencePipeline.java:294)
	at java.base/java.util.stream.ReferencePipeline$3$1.accept(ReferencePipeline.java:215)
	at java.base/java.util.stream.ReferencePipeline$3$1.accept(ReferencePipeline.java:215)
	at java.base/java.util.stream.ReferencePipeline$3$1.accept(ReferencePipeline.java:215)
	at java.base/java.util.ArrayList$ArrayListSpliterator.forEachRemaining(ArrayList.java:1709)
	at java.base/java.util.stream.AbstractPipeline.copyInto(AbstractPipeline.java:570)
	at java.base/java.util.stream.AbstractPipeline.wrapAndCopyInto(AbstractPipeline.java:560)
	at java.base/java.util.stream.ForEachOps$ForEachOp.evaluateSequential(ForEachOps.java:151)
	at java.base/java.util.stream.ForEachOps$ForEachOp$OfRef.evaluateSequential(ForEachOps.java:174)
	at java.base/java.util.stream.AbstractPipeline.evaluate(AbstractPipeline.java:265)
	at java.base/java.util.stream.ReferencePipeline.forEach(ReferencePipeline.java:636)
	at java.base/java.util.ArrayList.forEach(ArrayList.java:1597)
	at java.base/java.util.ArrayList.forEach(ArrayList.java:1597)

[ERROR] org.jsoup.safety.CleanerTest.safeListedProtocolShouldBeRetained(Locale)[2] -- Time elapsed: 0.002 s <<< ERROR!
java.lang.NoSuchMethodError: 'java.lang.String org.jsoup.internal.StringUtil.resolve(java.lang.String, java.lang.String)'
	at org.jsoup.nodes.Node.absUrl(Node.java:265)
	at org.jsoup.safety.Safelist.getProtocolValue(Safelist.java:505)
	at org.jsoup.safety.Safelist.isSafeAttribute(Safelist.java:492)
	at org.jsoup.safety.Cleaner.createSafeElement(Cleaner.java:195)
	at org.jsoup.safety.Cleaner.access$100(Cleaner.java:41)
	at org.jsoup.safety.Cleaner$CleaningVisitor.head(Cleaner.java:151)
	at org.jsoup.select.NodeTraversor.traverse(NodeTraversor.java:45)
	at org.jsoup.select.NodeVisitor.traverse(NodeVisitor.java:73)
	at org.jsoup.safety.Cleaner.copySafeNodes(Cleaner.java:182)
	at org.jsoup.safety.Cleaner.clean(Cleaner.java:64)
	at org.jsoup.Jsoup.clean(Jsoup.java:353)
	at org.jsoup.Jsoup.clean(Jsoup.java:388)
	at org.jsoup.safety.CleanerTest.safeListedProtocolShouldBeRetained(CleanerTest.java:130)
	at java.base/java.lang.reflect.Method.invoke(Method.java:580)
	at java.base/java.util.Optional.ifPresent(Optional.java:178)
	at java.base/java.util.stream.ForEachOps$ForEachOp$OfRef.accept(ForEachOps.java:184)
	at java.base/java.util.stream.ReferencePipeline$3$1.accept(ReferencePipeline.java:215)
	at java.base/java.util.Spliterators$ArraySpliterator.forEachRemaining(Spliterators.java:1024)
	at java.base/java.util.stream.ReferencePipeline$Head.forEach(ReferencePipeline.java:807)
	at java.base/java.util.stream.ReferencePipeline$7$1FlatMap.accept(ReferencePipeline.java:294)
	at java.base/java.util.stream.ReferencePipeline$3$1.accept(ReferencePipeline.java:215)
	at java.base/java.util.stream.ReferencePipeline$3$1.accept(ReferencePipeline.java:215)
	at java.base/java.util.stream.ReferencePipeline$3$1.accept(ReferencePipeline.java:215)
	at java.base/java.util.ArrayList$ArrayListSpliterator.forEachRemaining(ArrayList.java:1709)
	at java.base/java.util.stream.AbstractPipeline.copyInto(AbstractPipeline.java:570)
	at java.base/java.util.stream.AbstractPipeline.wrapAndCopyInto(AbstractPipeline.java:560)
	at java.base/java.util.stream.ForEachOps$ForEachOp.evaluateSequential(ForEachOps.java:151)
	at java.base/java.util.stream.ForEachOps$ForEachOp$OfRef.evaluateSequential(ForEachOps.java:174)
	at java.base/java.util.stream.AbstractPipeline.evaluate(AbstractPipeline.java:265)
	at java.base/java.util.stream.ReferencePipeline.forEach(ReferencePipeline.java:636)
	at java.base/java.util.ArrayList.forEach(ArrayList.java:1597)
	at java.base/java.util.ArrayList.forEach(ArrayList.java:1597)

[ERROR] org.jsoup.safety.CleanerTest.canonicalizesNofollowEnforcedAttribute -- Time elapsed: 0.001 s <<< ERROR!
java.lang.NoSuchMethodError: 'java.lang.String org.jsoup.internal.StringUtil.resolve(java.lang.String, java.lang.String)'
	at org.jsoup.nodes.Node.absUrl(Node.java:265)
	at org.jsoup.safety.Safelist.getProtocolValue(Safelist.java:505)
	at org.jsoup.safety.Safelist.isSafeAttribute(Safelist.java:492)
	at org.jsoup.safety.Cleaner.createSafeElement(Cleaner.java:195)
	at org.jsoup.safety.Cleaner.access$100(Cleaner.java:41)
	at org.jsoup.safety.Cleaner$CleaningVisitor.head(Cleaner.java:151)
	at org.jsoup.select.NodeTraversor.traverse(NodeTraversor.java:45)
	at org.jsoup.select.NodeVisitor.traverse(NodeVisitor.java:73)
	at org.jsoup.safety.Cleaner.copySafeNodes(Cleaner.java:182)
	at org.jsoup.safety.Cleaner.clean(Cleaner.java:64)
	at org.jsoup.safety.CleanerTest.canonicalizesNofollowEnforcedAttribute(CleanerTest.java:595)
	at java.base/java.lang.reflect.Method.invoke(Method.java:580)
	at java.base/java.util.ArrayList.forEach(ArrayList.java:1597)
	at java.base/java.util.ArrayList.forEach(ArrayList.java:1597)

[ERROR] org.jsoup.safety.CleanerTest.isValidDoesNotModifyInputDocumentWhenResolvingRelativeLinks -- Time elapsed: 0.002 s <<< ERROR!
java.lang.NoSuchMethodError: 'java.lang.String org.jsoup.internal.StringUtil.resolve(java.lang.String, java.lang.String)'
	at org.jsoup.nodes.Node.absUrl(Node.java:265)
	at org.jsoup.safety.Safelist.getProtocolValue(Safelist.java:505)
	at org.jsoup.safety.Safelist.isSafeAttribute(Safelist.java:492)
	at org.jsoup.safety.Cleaner.createSafeElement(Cleaner.java:195)
	at org.jsoup.safety.Cleaner.access$100(Cleaner.java:41)
	at org.jsoup.safety.Cleaner$CleaningVisitor.head(Cleaner.java:151)
	at org.jsoup.select.NodeTraversor.traverse(NodeTraversor.java:45)
	at org.jsoup.select.NodeVisitor.traverse(NodeVisitor.java:73)
	at org.jsoup.safety.Cleaner.copySafeNodes(Cleaner.java:182)
	at org.jsoup.safety.Cleaner.isValid(Cleaner.java:96)
	at org.jsoup.safety.CleanerTest.isValidDoesNotModifyInputDocumentWhenResolvingRelativeLinks(CleanerTest.java:301)
	at java.base/java.lang.reflect.Method.invoke(Method.java:580)
	at java.base/java.util.ArrayList.forEach(ArrayList.java:1597)
	at java.base/java.util.ArrayList.forEach(ArrayList.java:1597)

[ERROR] org.jsoup.safety.CleanerTest.preservesRelativeLinksIfConfigured -- Time elapsed: 0.001 s <<< ERROR!
java.lang.NoSuchMethodError: 'java.lang.String org.jsoup.internal.StringUtil.resolve(java.lang.String, java.lang.String)'
	at org.jsoup.nodes.Node.absUrl(Node.java:265)
	at org.jsoup.safety.Safelist.getProtocolValue(Safelist.java:505)
	at org.jsoup.safety.Safelist.isSafeAttribute(Safelist.java:492)
	at org.jsoup.safety.Cleaner.createSafeElement(Cleaner.java:195)
	at org.jsoup.safety.Cleaner.access$100(Cleaner.java:41)
	at org.jsoup.safety.Cleaner$CleaningVisitor.head(Cleaner.java:151)
	at org.jsoup.select.NodeTraversor.traverse(NodeTraversor.java:45)
	at org.jsoup.select.NodeVisitor.traverse(NodeVisitor.java:73)
	at org.jsoup.safety.Cleaner.copySafeNodes(Cleaner.java:182)
	at org.jsoup.safety.Cleaner.clean(Cleaner.java:64)
	at org.jsoup.Jsoup.clean(Jsoup.java:353)
	at org.jsoup.safety.CleanerTest.preservesRelativeLinksIfConfigured(CleanerTest.java:330)
	at java.base/java.lang.reflect.Method.invoke(Method.java:580)
	at java.base/java.util.ArrayList.forEach(ArrayList.java:1597)
	at java.base/java.util.ArrayList.forEach(ArrayList.java:1597)

[ERROR] org.jsoup.safety.CleanerTest.preservesMatchingSourceNofollowWhenEnforcementSuppressed -- Time elapsed: 0.001 s <<< ERROR!
java.lang.NoSuchMethodError: 'java.lang.String org.jsoup.internal.StringUtil.resolve(java.lang.String, java.lang.String)'
	at org.jsoup.nodes.Node.absUrl(Node.java:265)
	at org.jsoup.safety.Safelist.getProtocolValue(Safelist.java:505)
	at org.jsoup.safety.Safelist.isSafeAttribute(Safelist.java:492)
	at org.jsoup.safety.Cleaner.createSafeElement(Cleaner.java:195)
	at org.jsoup.safety.Cleaner.access$100(Cleaner.java:41)
	at org.jsoup.safety.Cleaner$CleaningVisitor.head(Cleaner.java:151)
	at org.jsoup.select.NodeTraversor.traverse(NodeTraversor.java:45)
	at org.jsoup.select.NodeVisitor.traverse(NodeVisitor.java:73)
	at org.jsoup.safety.Cleaner.copySafeNodes(Cleaner.java:182)
	at org.jsoup.safety.Cleaner.clean(Cleaner.java:64)
	at org.jsoup.safety.CleanerTest.preservesMatchingSourceNofollowWhenEnforcementSuppressed(CleanerTest.java:602)
	at java.base/java.lang.reflect.Method.invoke(Method.java:580)
	at java.base/java.util.ArrayList.forEach(ArrayList.java:1597)
	at java.base/java.util.ArrayList.forEach(ArrayList.java:1597)

[ERROR] org.jsoup.safety.CleanerTest.allPseudoTagProtocolsNormalizeRelativeLinks -- Time elapsed: 0.001 s <<< ERROR!
java.lang.NoSuchMethodError: 'java.lang.String org.jsoup.internal.StringUtil.resolve(java.lang.String, java.lang.String)'
	at org.jsoup.nodes.Node.absUrl(Node.java:265)
	at org.jsoup.safety.Safelist.getProtocolValue(Safelist.java:505)
	at org.jsoup.safety.Safelist.isSafeAttribute(Safelist.java:492)
	at org.jsoup.safety.Safelist.isSafeAttribute(Safelist.java:501)
	at org.jsoup.safety.Cleaner.createSafeElement(Cleaner.java:195)
	at org.jsoup.safety.Cleaner.access$100(Cleaner.java:41)
	at org.jsoup.safety.Cleaner$CleaningVisitor.head(Cleaner.java:151)
	at org.jsoup.select.NodeTraversor.traverse(NodeTraversor.java:45)
	at org.jsoup.select.NodeVisitor.traverse(NodeVisitor.java:73)
	at org.jsoup.safety.Cleaner.copySafeNodes(Cleaner.java:182)
	at org.jsoup.safety.Cleaner.clean(Cleaner.java:64)
	at org.jsoup.safety.CleanerTest.allPseudoTagProtocolsNormalizeRelativeLinks(CleanerTest.java:314)
	at java.base/java.lang.reflect.Method.invoke(Method.java:580)
	at java.base/java.util.ArrayList.forEach(ArrayList.java:1597)
	at java.base/java.util.ArrayList.forEach(ArrayList.java:1597)

[ERROR] org.jsoup.safety.CleanerTest.dropsJavascriptWhenRelativeLinks -- Time elapsed: 0.002 s <<< ERROR!
java.lang.NoSuchMethodError: 'java.lang.String org.jsoup.internal.StringUtil.resolve(java.lang.String, java.lang.String)'
	at org.jsoup.nodes.Node.absUrl(Node.java:265)
	at org.jsoup.safety.Safelist.getProtocolValue(Safelist.java:505)
	at org.jsoup.safety.Safelist.isSafeAttribute(Safelist.java:492)
	at org.jsoup.safety.Cleaner.createSafeElement(Cleaner.java:195)
	at org.jsoup.safety.Cleaner.access$100(Cleaner.java:41)
	at org.jsoup.safety.Cleaner$CleaningVisitor.head(Cleaner.java:151)
	at org.jsoup.select.NodeTraversor.traverse(NodeTraversor.java:45)
	at org.jsoup.select.NodeVisitor.traverse(NodeVisitor.java:73)
	at org.jsoup.safety.Cleaner.copySafeNodes(Cleaner.java:182)
	at org.jsoup.safety.Cleaner.clean(Cleaner.java:64)
	at org.jsoup.Jsoup.clean(Jsoup.java:353)
	at org.jsoup.Jsoup.clean(Jsoup.java:388)
	at org.jsoup.safety.CleanerTest.dropsJavascriptWhenRelativeLinks(CleanerTest.java:343)
	at java.base/java.lang.reflect.Method.invoke(Method.java:580)
	at java.base/java.util.ArrayList.forEach(ArrayList.java:1597)
	at java.base/java.util.ArrayList.forEach(ArrayList.java:1597)

[ERROR] org.jsoup.safety.CleanerTest.allAttributes -- Time elapsed: 0.001 s <<< ERROR!
java.lang.NoSuchMethodError: 'java.lang.String org.jsoup.internal.StringUtil.resolve(java.lang.String, java.lang.String)'
	at org.jsoup.nodes.Node.absUrl(Node.java:265)
	at org.jsoup.safety.Safelist.getProtocolValue(Safelist.java:505)
	at org.jsoup.safety.Safelist.isSafeAttribute(Safelist.java:492)
	at org.jsoup.safety.Cleaner.createSafeElement(Cleaner.java:195)
	at org.jsoup.safety.Cleaner.access$100(Cleaner.java:41)
	at org.jsoup.safety.Cleaner$CleaningVisitor.head(Cleaner.java:151)
	at org.jsoup.select.NodeTraversor.traverse(NodeTraversor.java:45)
	at org.jsoup.select.NodeVisitor.traverse(NodeVisitor.java:73)
	at org.jsoup.safety.Cleaner.copySafeNodes(Cleaner.java:182)
	at org.jsoup.safety.Cleaner.clean(Cleaner.java:64)
	at org.jsoup.Jsoup.clean(Jsoup.java:353)
	at org.jsoup.Jsoup.clean(Jsoup.java:388)
	at org.jsoup.safety.CleanerTest.allAttributes(CleanerTest.java:85)
	at java.base/java.lang.reflect.Method.invoke(Method.java:580)
	at java.base/java.util.ArrayList.forEach(ArrayList.java:1597)
	at java.base/java.util.ArrayList.forEach(ArrayList.java:1597)

[ERROR] org.jsoup.safety.CleanerTest.testCleanAnchorProtocol -- Time elapsed: 0.002 s <<< ERROR!
java.lang.NoSuchMethodError: 'java.lang.String org.jsoup.internal.StringUtil.resolve(java.lang.String, java.lang.String)'
	at org.jsoup.nodes.Node.absUrl(Node.java:265)
	at org.jsoup.safety.Safelist.getProtocolValue(Safelist.java:505)
	at org.jsoup.safety.Safelist.isSafeAttribute(Safelist.java:492)
	at org.jsoup.safety.Cleaner.createSafeElement(Cleaner.java:195)
	at org.jsoup.safety.Cleaner.access$100(Cleaner.java:41)
	at org.jsoup.safety.Cleaner$CleaningVisitor.head(Cleaner.java:151)
	at org.jsoup.select.NodeTraversor.traverse(NodeTraversor.java:45)
	at org.jsoup.select.NodeVisitor.traverse(NodeVisitor.java:73)
	at org.jsoup.safety.Cleaner.copySafeNodes(Cleaner.java:182)
	at org.jsoup.safety.Cleaner.clean(Cleaner.java:64)
	at org.jsoup.Jsoup.clean(Jsoup.java:353)
	at org.jsoup.Jsoup.clean(Jsoup.java:388)
	at org.jsoup.safety.CleanerTest.testCleanAnchorProtocol(CleanerTest.java:170)
	at java.base/java.lang.reflect.Method.invoke(Method.java:580)
	at java.base/java.util.ArrayList.forEach(ArrayList.java:1597)
	at java.base/java.util.ArrayList.forEach(ArrayList.java:1597)

[ERROR] org.jsoup.safety.CleanerTest.nofollowOnlyOnExternalLinks -- Time elapsed: 0.002 s <<< ERROR!
java.lang.NoSuchMethodError: 'java.lang.String org.jsoup.internal.StringUtil.resolve(java.lang.String, java.lang.String)'
	at org.jsoup.nodes.Node.absUrl(Node.java:265)
	at org.jsoup.safety.Safelist.getProtocolValue(Safelist.java:505)
	at org.jsoup.safety.Safelist.isSafeAttribute(Safelist.java:492)
	at org.jsoup.safety.Cleaner.createSafeElement(Cleaner.java:195)
	at org.jsoup.safety.Cleaner.access$100(Cleaner.java:41)
	at org.jsoup.safety.Cleaner$CleaningVisitor.head(Cleaner.java:151)
	at org.jsoup.select.NodeTraversor.traverse(NodeTraversor.java:45)
	at org.jsoup.select.NodeVisitor.traverse(NodeVisitor.java:73)
	at org.jsoup.safety.Cleaner.copySafeNodes(Cleaner.java:182)
	at org.jsoup.safety.Cleaner.clean(Cleaner.java:64)
	at org.jsoup.Jsoup.clean(Jsoup.java:353)
	at org.jsoup.safety.CleanerTest.nofollowOnlyOnExternalLinks(CleanerTest.java:561)
	at java.base/java.lang.reflect.Method.invoke(Method.java:580)
	at java.base/java.util.ArrayList.forEach(ArrayList.java:1597)
	at java.base/java.util.ArrayList.forEach(ArrayList.java:1597)

[ERROR] org.jsoup.safety.CleanerTest.testRemoveEnforcedAttributes -- Time elapsed: 0.001 s <<< ERROR!
java.lang.NoSuchMethodError: 'java.lang.String org.jsoup.internal.StringUtil.resolve(java.lang.String, java.lang.String)'
	at org.jsoup.nodes.Node.absUrl(Node.java:265)
	at org.jsoup.safety.Safelist.getProtocolValue(Safelist.java:505)
	at org.jsoup.safety.Safelist.isSafeAttribute(Safelist.java:492)
	at org.jsoup.safety.Cleaner.createSafeElement(Cleaner.java:195)
	at org.jsoup.safety.Cleaner.access$100(Cleaner.java:41)
	at org.jsoup.safety.Cleaner$CleaningVisitor.head(Cleaner.java:151)
	at org.jsoup.select.NodeTraversor.traverse(NodeTraversor.java:45)
	at org.jsoup.select.NodeVisitor.traverse(NodeVisitor.java:73)
	at org.jsoup.safety.Cleaner.copySafeNodes(Cleaner.java:182)
	at org.jsoup.safety.Cleaner.clean(Cleaner.java:64)
	at org.jsoup.Jsoup.clean(Jsoup.java:353)
	at org.jsoup.Jsoup.clean(Jsoup.java:388)
	at org.jsoup.safety.CleanerTest.testRemoveEnforcedAttributes(CleanerTest.java:107)
	at java.base/java.lang.reflect.Method.invoke(Method.java:580)
	at java.base/java.util.ArrayList.forEach(ArrayList.java:1597)
	at java.base/java.util.ArrayList.forEach(ArrayList.java:1597)

[ERROR] org.jsoup.safety.CleanerTest.cleanDoesNotModifyInputDocumentWhenResolvingRelativeLinks -- Time elapsed: 0.001 s <<< ERROR!
java.lang.NoSuchMethodError: 'java.lang.String org.jsoup.internal.StringUtil.resolve(java.lang.String, java.lang.String)'
	at org.jsoup.nodes.Node.absUrl(Node.java:265)
	at org.jsoup.safety.Safelist.getProtocolValue(Safelist.java:505)
	at org.jsoup.safety.Safelist.isSafeAttribute(Safelist.java:492)
	at org.jsoup.safety.Cleaner.createSafeElement(Cleaner.java:195)
	at org.jsoup.safety.Cleaner.access$100(Cleaner.java:41)
	at org.jsoup.safety.Cleaner$CleaningVisitor.head(Cleaner.java:151)
	at org.jsoup.select.NodeTraversor.traverse(NodeTraversor.java:45)
	at org.jsoup.select.NodeVisitor.traverse(NodeVisitor.java:73)
	at org.jsoup.safety.Cleaner.copySafeNodes(Cleaner.java:182)
	at org.jsoup.safety.Cleaner.clean(Cleaner.java:64)
	at org.jsoup.safety.CleanerTest.cleanDoesNotModifyInputDocumentWhenResolvingRelativeLinks(CleanerTest.java:290)
	at java.base/java.lang.reflect.Method.invoke(Method.java:580)
	at java.base/java.util.ArrayList.forEach(ArrayList.java:1597)
	at java.base/java.util.ArrayList.forEach(ArrayList.java:1597)

[ERROR] org.jsoup.safety.CleanerTest.configuredCleanerMayBeSharedAcrossThreads -- Time elapsed: 0.008 s <<< FAILURE!
java.lang.AssertionError: Concurrent cleaner use failed
	at org.jsoup.safety.CleanerTest.configuredCleanerMayBeSharedAcrossThreads(CleanerTest.java:272)
	at java.base/java.lang.reflect.Method.invoke(Method.java:580)
	at java.base/java.util.ArrayList.forEach(ArrayList.java:1597)
	at java.base/java.util.ArrayList.forEach(ArrayList.java:1597)
Caused by: java.lang.NoSuchMethodError: 'java.lang.String org.jsoup.internal.StringUtil.resolve(java.lang.String, java.lang.String)'
	at org.jsoup.nodes.Node.absUrl(Node.java:265)
	at org.jsoup.safety.Safelist.getProtocolValue(Safelist.java:505)
	at org.jsoup.safety.Safelist.isSafeAttribute(Safelist.java:492)
	at org.jsoup.safety.Cleaner.createSafeElement(Cleaner.java:195)
	at org.jsoup.safety.Cleaner.access$100(Cleaner.java:41)
	at org.jsoup.safety.Cleaner$CleaningVisitor.head(Cleaner.java:151)
	at org.jsoup.select.NodeTraversor.traverse(NodeTraversor.java:45)
	at org.jsoup.select.NodeVisitor.traverse(NodeVisitor.java:73)
	at org.jsoup.safety.Cleaner.copySafeNodes(Cleaner.java:182)
	at org.jsoup.safety.Cleaner.clean(Cleaner.java:64)
	at org.jsoup.safety.CleanerTest.lambda$configuredCleanerMayBeSharedAcrossThreads$0(CleanerTest.java:255)
	at java.base/java.lang.Thread.run(Thread.java:1575)

[ERROR] org.jsoup.safety.CleanerTest.resolvesRelativeLinks -- Time elapsed: 0.001 s <<< ERROR!
java.lang.NoSuchMethodError: 'java.lang.String org.jsoup.internal.StringUtil.resolve(java.lang.String, java.lang.String)'
	at org.jsoup.nodes.Node.absUrl(Node.java:265)
	at org.jsoup.safety.Safelist.getProtocolValue(Safelist.java:505)
	at org.jsoup.safety.Safelist.isSafeAttribute(Safelist.java:492)
	at org.jsoup.safety.Cleaner.createSafeElement(Cleaner.java:195)
	at org.jsoup.safety.Cleaner.access$100(Cleaner.java:41)
	at org.jsoup.safety.Cleaner$CleaningVisitor.head(Cleaner.java:151)
	at org.jsoup.select.NodeTraversor.traverse(NodeTraversor.java:45)
	at org.jsoup.select.NodeVisitor.traverse(NodeVisitor.java:73)
	at org.jsoup.safety.Cleaner.copySafeNodes(Cleaner.java:182)
	at org.jsoup.safety.Cleaner.clean(Cleaner.java:64)
	at org.jsoup.Jsoup.clean(Jsoup.java:353)
	at org.jsoup.safety.CleanerTest.resolvesRelativeLinks(CleanerTest.java:282)
	at java.base/java.lang.reflect.Method.invoke(Method.java:580)
	at java.base/java.util.ArrayList.forEach(ArrayList.java:1597)
	at java.base/java.util.ArrayList.forEach(ArrayList.java:1597)

[ERROR] org.jsoup.safety.CleanerTest.cleanerPreservesCaseVariantOfMatchingEnforcedAttribute -- Time elapsed: 0.001 s <<< ERROR!
java.lang.NoSuchMethodError: 'java.lang.String org.jsoup.internal.StringUtil.resolve(java.lang.String, java.lang.String)'
	at org.jsoup.nodes.Node.absUrl(Node.java:265)
	at org.jsoup.safety.Safelist.getProtocolValue(Safelist.java:505)
	at org.jsoup.safety.Safelist.isSafeAttribute(Safelist.java:492)
	at org.jsoup.safety.Cleaner.createSafeElement(Cleaner.java:195)
	at org.jsoup.safety.Cleaner.access$100(Cleaner.java:41)
	at org.jsoup.safety.Cleaner$CleaningVisitor.head(Cleaner.java:151)
	at org.jsoup.select.NodeTraversor.traverse(NodeTraversor.java:45)
	at org.jsoup.select.NodeVisitor.traverse(NodeVisitor.java:73)
	at org.jsoup.safety.Cleaner.copySafeNodes(Cleaner.java:182)
	at org.jsoup.safety.Cleaner.clean(Cleaner.java:64)
	at org.jsoup.safety.CleanerTest.cleanerPreservesCaseVariantOfMatchingEnforcedAttribute(CleanerTest.java:479)
	at java.base/java.lang.reflect.Method.invoke(Method.java:580)
	at java.base/java.util.ArrayList.forEach(ArrayList.java:1597)
	at java.base/java.util.ArrayList.forEach(ArrayList.java:1597)

[ERROR] org.jsoup.safety.CleanerTest.testRemoveProtocols -- Time elapsed: 0.001 s <<< ERROR!
java.lang.NoSuchMethodError: 'java.lang.String org.jsoup.internal.StringUtil.resolve(java.lang.String, java.lang.String)'
	at org.jsoup.nodes.Node.absUrl(Node.java:265)
	at org.jsoup.safety.Safelist.getProtocolValue(Safelist.java:505)
	at org.jsoup.safety.Safelist.isSafeAttribute(Safelist.java:492)
	at org.jsoup.safety.Cleaner.createSafeElement(Cleaner.java:195)
	at org.jsoup.safety.Cleaner.access$100(Cleaner.java:41)
	at org.jsoup.safety.Cleaner$CleaningVisitor.head(Cleaner.java:151)
	at org.jsoup.select.NodeTraversor.traverse(NodeTraversor.java:45)
	at org.jsoup.select.NodeVisitor.traverse(NodeVisitor.java:73)
	at org.jsoup.safety.Cleaner.copySafeNodes(Cleaner.java:182)
	at org.jsoup.safety.Cleaner.clean(Cleaner.java:64)
	at org.jsoup.Jsoup.clean(Jsoup.java:353)
	at org.jsoup.Jsoup.clean(Jsoup.java:388)
	at org.jsoup.safety.CleanerTest.testRemoveProtocols(CleanerTest.java:115)
	at java.base/java.lang.reflect.Method.invoke(Method.java:580)
	at java.base/java.util.ArrayList.forEach(ArrayList.java:1597)
	at java.base/java.util.ArrayList.forEach(ArrayList.java:1597)

[ERROR] org.jsoup.safety.CleanerTest.testDropImageScript -- Time elapsed: 0.001 s <<< ERROR!
java.lang.NoSuchMethodError: 'java.lang.String org.jsoup.internal.StringUtil.resolve(java.lang.String, java.lang.String)'
	at org.jsoup.nodes.Node.absUrl(Node.java:265)
	at org.jsoup.safety.Safelist.getProtocolValue(Safelist.java:505)
	at org.jsoup.safety.Safelist.isSafeAttribute(Safelist.java:492)
	at org.jsoup.safety.Cleaner.createSafeElement(Cleaner.java:195)
	at org.jsoup.safety.Cleaner.access$100(Cleaner.java:41)
	at org.jsoup.safety.Cleaner$CleaningVisitor.head(Cleaner.java:151)
	at org.jsoup.select.NodeTraversor.traverse(NodeTraversor.java:45)
	at org.jsoup.select.NodeVisitor.traverse(NodeVisitor.java:73)
	at org.jsoup.safety.Cleaner.copySafeNodes(Cleaner.java:182)
	at org.jsoup.safety.Cleaner.clean(Cleaner.java:64)
	at org.jsoup.Jsoup.clean(Jsoup.java:353)
	at org.jsoup.Jsoup.clean(Jsoup.java:388)
	at org.jsoup.safety.CleanerTest.testDropImageScript(CleanerTest.java:155)
	at java.base/java.lang.reflect.Method.invoke(Method.java:580)
	at java.base/java.util.ArrayList.forEach(ArrayList.java:1597)
	at java.base/java.util.ArrayList.forEach(ArrayList.java:1597)

[ERROR] org.jsoup.safety.CleanerTest.handlesAttributesWithNoValue -- Time elapsed: 0.001 s <<< ERROR!
java.lang.NoSuchMethodError: 'java.lang.String org.jsoup.internal.StringUtil.resolve(java.lang.String, java.lang.String)'
	at org.jsoup.nodes.Node.absUrl(Node.java:265)
	at org.jsoup.safety.Safelist.getProtocolValue(Safelist.java:505)
	at org.jsoup.safety.Safelist.isSafeAttribute(Safelist.java:492)
	at org.jsoup.safety.Cleaner.createSafeElement(Cleaner.java:195)
	at org.jsoup.safety.Cleaner.access$100(Cleaner.java:41)
	at org.jsoup.safety.Cleaner$CleaningVisitor.head(Cleaner.java:151)
	at org.jsoup.select.NodeTraversor.traverse(NodeTraversor.java:45)
	at org.jsoup.select.NodeVisitor.traverse(NodeVisitor.java:73)
	at org.jsoup.safety.Cleaner.copySafeNodes(Cleaner.java:182)
	at org.jsoup.safety.Cleaner.clean(Cleaner.java:64)
	at org.jsoup.Jsoup.clean(Jsoup.java:353)
	at org.jsoup.Jsoup.clean(Jsoup.java:388)
	at org.jsoup.safety.CleanerTest.handlesAttributesWithNoValue(CleanerTest.java:462)
	at java.base/java.lang.reflect.Method.invoke(Method.java:580)
	at java.base/java.util.ArrayList.forEach(ArrayList.java:1597)
	at java.base/java.util.ArrayList.forEach(ArrayList.java:1597)

[ERROR] org.jsoup.safety.CleanerTest.dropsUnresolvableRelativeLinks -- Time elapsed: 0.001 s <<< ERROR!
java.lang.NoSuchMethodError: 'java.lang.String org.jsoup.internal.StringUtil.resolve(java.lang.String, java.lang.String)'
	at org.jsoup.nodes.Node.absUrl(Node.java:265)
	at org.jsoup.safety.Safelist.getProtocolValue(Safelist.java:505)
	at org.jsoup.safety.Safelist.isSafeAttribute(Safelist.java:492)
	at org.jsoup.safety.Cleaner.createSafeElement(Cleaner.java:195)
	at org.jsoup.safety.Cleaner.access$100(Cleaner.java:41)
	at org.jsoup.safety.Cleaner$CleaningVisitor.head(Cleaner.java:151)
	at org.jsoup.select.NodeTraversor.traverse(NodeTraversor.java:45)
	at org.jsoup.select.NodeVisitor.traverse(NodeVisitor.java:73)
	at org.jsoup.safety.Cleaner.copySafeNodes(Cleaner.java:182)
	at org.jsoup.safety.Cleaner.clean(Cleaner.java:64)
	at org.jsoup.Jsoup.clean(Jsoup.java:353)
	at org.jsoup.Jsoup.clean(Jsoup.java:388)
	at org.jsoup.safety.CleanerTest.dropsUnresolvableRelativeLinks(CleanerTest.java:336)
	at java.base/java.lang.reflect.Method.invoke(Method.java:580)
	at java.base/java.util.ArrayList.forEach(ArrayList.java:1597)
	at java.base/java.util.ArrayList.forEach(ArrayList.java:1597)

[ERROR] org.jsoup.safety.CleanerTest.removeProtocols -- Time elapsed: 0.001 s <<< ERROR!
java.lang.NoSuchMethodError: 'java.lang.String org.jsoup.internal.StringUtil.resolve(java.lang.String, java.lang.String)'
	at org.jsoup.nodes.Node.absUrl(Node.java:265)
	at org.jsoup.safety.Safelist.getProtocolValue(Safelist.java:505)
	at org.jsoup.safety.Safelist.isSafeAttribute(Safelist.java:492)
	at org.jsoup.safety.Cleaner.createSafeElement(Cleaner.java:195)
	at org.jsoup.safety.Cleaner.access$100(Cleaner.java:41)
	at org.jsoup.safety.Cleaner$CleaningVisitor.head(Cleaner.java:151)
	at org.jsoup.select.NodeTraversor.traverse(NodeTraversor.java:45)
	at org.jsoup.select.NodeVisitor.traverse(NodeVisitor.java:73)
	at org.jsoup.safety.Cleaner.copySafeNodes(Cleaner.java:182)
	at org.jsoup.safety.Cleaner.clean(Cleaner.java:64)
	at org.jsoup.Jsoup.clean(Jsoup.java:353)
	at org.jsoup.Jsoup.clean(Jsoup.java:388)
	at org.jsoup.safety.CleanerTest.removeProtocols(CleanerTest.java:97)
	at java.base/java.lang.reflect.Method.invoke(Method.java:580)
	at java.base/java.util.ArrayList.forEach(ArrayList.java:1597)
	at java.base/java.util.ArrayList.forEach(ArrayList.java:1597)

[ERROR] org.jsoup.safety.CleanerTest.dropsConcealedJavascriptProtocolWhenRelativesLinksEnabled -- Time elapsed: 0.001 s <<< ERROR!
java.lang.NoSuchMethodError: 'java.lang.String org.jsoup.internal.StringUtil.resolve(java.lang.String, java.lang.String)'
	at org.jsoup.nodes.Node.absUrl(Node.java:265)
	at org.jsoup.safety.Safelist.getProtocolValue(Safelist.java:505)
	at org.jsoup.safety.Safelist.isSafeAttribute(Safelist.java:492)
	at org.jsoup.safety.Cleaner.createSafeElement(Cleaner.java:195)
	at org.jsoup.safety.Cleaner.access$100(Cleaner.java:41)
	at org.jsoup.safety.Cleaner$CleaningVisitor.head(Cleaner.java:151)
	at org.jsoup.select.NodeTraversor.traverse(NodeTraversor.java:45)
	at org.jsoup.select.NodeVisitor.traverse(NodeVisitor.java:73)
	at org.jsoup.safety.Cleaner.copySafeNodes(Cleaner.java:182)
	at org.jsoup.safety.Cleaner.clean(Cleaner.java:64)
	at org.jsoup.Jsoup.clean(Jsoup.java:353)
	at org.jsoup.safety.CleanerTest.dropsConcealedJavascriptProtocolWhenRelativesLinksEnabled(CleanerTest.java:350)
	at java.base/java.lang.reflect.Method.invoke(Method.java:580)
	at java.base/java.util.ArrayList.forEach(ArrayList.java:1597)
	at java.base/java.util.ArrayList.forEach(ArrayList.java:1597)

[ERROR] org.jsoup.safety.CleanerTest.testCleanJavascriptHref -- Time elapsed: 0.001 s <<< ERROR!
java.lang.NoSuchMethodError: 'java.lang.String org.jsoup.internal.StringUtil.resolve(java.lang.String, java.lang.String)'
	at org.jsoup.nodes.Node.absUrl(Node.java:265)
	at org.jsoup.safety.Safelist.getProtocolValue(Safelist.java:505)
	at org.jsoup.safety.Safelist.isSafeAttribute(Safelist.java:492)
	at org.jsoup.safety.Cleaner.createSafeElement(Cleaner.java:195)
	at org.jsoup.safety.Cleaner.access$100(Cleaner.java:41)
	at org.jsoup.safety.Cleaner$CleaningVisitor.head(Cleaner.java:151)
	at org.jsoup.select.NodeTraversor.traverse(NodeTraversor.java:45)
	at org.jsoup.select.NodeVisitor.traverse(NodeVisitor.java:73)
	at org.jsoup.safety.Cleaner.copySafeNodes(Cleaner.java:182)
	at org.jsoup.safety.Cleaner.clean(Cleaner.java:64)
	at org.jsoup.Jsoup.clean(Jsoup.java:353)
	at org.jsoup.Jsoup.clean(Jsoup.java:388)
	at org.jsoup.safety.CleanerTest.testCleanJavascriptHref(CleanerTest.java:161)
	at java.base/java.lang.reflect.Method.invoke(Method.java:580)
	at java.base/java.util.ArrayList.forEach(ArrayList.java:1597)
	at java.base/java.util.ArrayList.forEach(ArrayList.java:1597)

[ERROR] org.jsoup.safety.CleanerTest.basicWithImagesTest -- Time elapsed: 0.001 s <<< ERROR!
java.lang.NoSuchMethodError: 'java.lang.String org.jsoup.internal.StringUtil.resolve(java.lang.String, java.lang.String)'
	at org.jsoup.nodes.Node.absUrl(Node.java:265)
	at org.jsoup.safety.Safelist.getProtocolValue(Safelist.java:505)
	at org.jsoup.safety.Safelist.isSafeAttribute(Safelist.java:492)
	at org.jsoup.safety.Cleaner.createSafeElement(Cleaner.java:195)
	at org.jsoup.safety.Cleaner.access$100(Cleaner.java:41)
	at org.jsoup.safety.Cleaner$CleaningVisitor.head(Cleaner.java:151)
	at org.jsoup.select.NodeTraversor.traverse(NodeTraversor.java:45)
	at org.jsoup.select.NodeVisitor.traverse(NodeVisitor.java:73)
	at org.jsoup.safety.Cleaner.copySafeNodes(Cleaner.java:182)
	at org.jsoup.safety.Cleaner.clean(Cleaner.java:64)
	at org.jsoup.Jsoup.clean(Jsoup.java:353)
	at org.jsoup.Jsoup.clean(Jsoup.java:388)
	at org.jsoup.safety.CleanerTest.basicWithImagesTest(CleanerTest.java:55)
	at java.base/java.lang.reflect.Method.invoke(Method.java:580)
	at java.base/java.util.ArrayList.forEach(ArrayList.java:1597)
	at java.base/java.util.ArrayList.forEach(ArrayList.java:1597)

[ERROR] Tests run: 37, Failures: 0, Errors: 10, Skipped: 0, Time elapsed: 0.057 s <<< FAILURE! -- in org.jsoup.nodes.NodeTest
[ERROR] org.jsoup.nodes.NodeTest.handlesAbsOnProtocolessAbsoluteUris -- Time elapsed: 0.001 s <<< ERROR!
java.lang.NoSuchMethodError: 'java.lang.String org.jsoup.internal.StringUtil.resolve(java.lang.String, java.lang.String)'
	at org.jsoup.nodes.Node.absUrl(Node.java:265)
	at org.jsoup.nodes.NodeTest.handlesAbsOnProtocolessAbsoluteUris(NodeTest.java:111)
	at java.base/java.lang.reflect.Method.invoke(Method.java:580)
	at java.base/java.util.ArrayList.forEach(ArrayList.java:1597)
	at java.base/java.util.ArrayList.forEach(ArrayList.java:1597)

[ERROR] org.jsoup.nodes.NodeTest.handleAbsOnLocalhostFileUris -- Time elapsed: 0.002 s <<< ERROR!
java.lang.NoSuchMethodError: 'java.lang.String org.jsoup.internal.StringUtil.resolve(java.lang.String, java.lang.String)'
	at org.jsoup.nodes.Node.absUrl(Node.java:265)
	at org.jsoup.nodes.NodeTest.handleAbsOnLocalhostFileUris(NodeTest.java:100)
	at java.base/java.lang.reflect.Method.invoke(Method.java:580)
	at java.base/java.util.ArrayList.forEach(ArrayList.java:1597)
	at java.base/java.util.ArrayList.forEach(ArrayList.java:1597)

[ERROR] org.jsoup.nodes.NodeTest.handlesAbsOnUnknownProtocols -- Time elapsed: 0.001 s <<< ERROR!
java.lang.NoSuchMethodError: 'java.lang.String org.jsoup.internal.StringUtil.resolve(java.lang.String, java.lang.String)'
	at org.jsoup.nodes.Node.absUrl(Node.java:265)
	at org.jsoup.nodes.NodeTest.handlesAbsOnUnknownProtocols(NodeTest.java:145)
	at java.base/java.lang.reflect.Method.invoke(Method.java:580)
	at java.base/java.util.ArrayList.forEach(ArrayList.java:1597)
	at java.base/java.util.ArrayList.forEach(ArrayList.java:1597)

[ERROR] org.jsoup.nodes.NodeTest.absHandlesDotFromIndex -- Time elapsed: 0.001 s <<< ERROR!
java.lang.NoSuchMethodError: 'java.lang.String org.jsoup.internal.StringUtil.resolve(java.lang.String, java.lang.String)'
	at org.jsoup.nodes.Node.absUrl(Node.java:265)
	at org.jsoup.nodes.NodeTest.absHandlesDotFromIndex(NodeTest.java:134)
	at java.base/java.lang.reflect.Method.invoke(Method.java:580)
	at java.base/java.util.ArrayList.forEach(ArrayList.java:1597)
	at java.base/java.util.ArrayList.forEach(ArrayList.java:1597)

[ERROR] org.jsoup.nodes.NodeTest.absHandlesRelativeQuery -- Time elapsed: 0.001 s <<< ERROR!
java.lang.NoSuchMethodError: 'java.lang.String org.jsoup.internal.StringUtil.resolve(java.lang.String, java.lang.String)'
	at org.jsoup.nodes.Node.absUrl(Node.java:265)
	at org.jsoup.nodes.NodeTest.absHandlesRelativeQuery(NodeTest.java:125)
	at java.base/java.lang.reflect.Method.invoke(Method.java:580)
	at java.base/java.util.ArrayList.forEach(ArrayList.java:1597)
	at java.base/java.util.ArrayList.forEach(ArrayList.java:1597)

[ERROR] org.jsoup.nodes.NodeTest.handlesBaseUri -- Time elapsed: 0.001 s <<< ERROR!
java.lang.NoSuchMethodError: 'java.lang.String org.jsoup.internal.StringUtil.resolve(java.lang.String, java.lang.String)'
	at org.jsoup.nodes.Node.absUrl(Node.java:265)
	at org.jsoup.nodes.NodeTest.handlesBaseUri(NodeTest.java:27)
	at java.base/java.lang.reflect.Method.invoke(Method.java:580)
	at java.base/java.util.ArrayList.forEach(ArrayList.java:1597)
	at java.base/java.util.ArrayList.forEach(ArrayList.java:1597)

[ERROR] org.jsoup.nodes.NodeTest.handlesAbsOnImage -- Time elapsed: 0.001 s <<< ERROR!
java.lang.NoSuchMethodError: 'java.lang.String org.jsoup.internal.StringUtil.resolve(java.lang.String, java.lang.String)'
	at org.jsoup.nodes.Node.absUrl(Node.java:265)
	at org.jsoup.nodes.Node.attr(Node.java:133)
	at org.jsoup.nodes.NodeTest.handlesAbsOnImage(NodeTest.java:61)
	at java.base/java.lang.reflect.Method.invoke(Method.java:580)
	at java.base/java.util.ArrayList.forEach(ArrayList.java:1597)
	at java.base/java.util.ArrayList.forEach(ArrayList.java:1597)

[ERROR] org.jsoup.nodes.NodeTest.handleAbsOnFileUris -- Time elapsed: 0.001 s <<< ERROR!
java.lang.NoSuchMethodError: 'java.lang.String org.jsoup.internal.StringUtil.resolve(java.lang.String, java.lang.String)'
	at org.jsoup.nodes.Node.absUrl(Node.java:265)
	at org.jsoup.nodes.NodeTest.handleAbsOnFileUris(NodeTest.java:91)
	at java.base/java.lang.reflect.Method.invoke(Method.java:580)
	at java.base/java.util.ArrayList.forEach(ArrayList.java:1597)
	at java.base/java.util.ArrayList.forEach(ArrayList.java:1597)

[ERROR] org.jsoup.nodes.NodeTest.handlesAbsPrefixOnHasAttr -- Time elapsed: 0.002 s <<< ERROR!
java.lang.NoSuchMethodError: 'java.lang.String org.jsoup.internal.StringUtil.resolve(java.lang.String, java.lang.String)'
	at org.jsoup.nodes.Node.absUrl(Node.java:265)
	at org.jsoup.nodes.Node.hasAttr(Node.java:180)
	at org.jsoup.nodes.NodeTest.handlesAbsPrefixOnHasAttr(NodeTest.java:71)
	at java.base/java.lang.reflect.Method.invoke(Method.java:580)
	at java.base/java.util.ArrayList.forEach(ArrayList.java:1597)
	at java.base/java.util.ArrayList.forEach(ArrayList.java:1597)

[ERROR] org.jsoup.nodes.NodeTest.handlesAbsPrefix -- Time elapsed: 0.001 s <<< ERROR!
java.lang.NoSuchMethodError: 'java.lang.String org.jsoup.internal.StringUtil.resolve(java.lang.String, java.lang.String)'
	at org.jsoup.nodes.Node.absUrl(Node.java:265)
	at org.jsoup.nodes.Node.attr(Node.java:133)
	at org.jsoup.nodes.NodeTest.handlesAbsPrefix(NodeTest.java:54)
	at java.base/java.lang.reflect.Method.invoke(Method.java:580)
	at java.base/java.util.ArrayList.forEach(ArrayList.java:1597)
	at java.base/java.util.ArrayList.forEach(ArrayList.java:1597)

[ERROR] Tests run: 13, Failures: 0, Errors: 2, Skipped: 0, Time elapsed: 0.865 s <<< FAILURE! -- in org.jsoup.nodes.FormElementTest
[ERROR] org.jsoup.nodes.FormElementTest.formSubmissionCarriesCookiesFromSession -- Time elapsed: 0.284 s <<< ERROR!
java.lang.NoSuchMethodError: 'java.lang.String org.jsoup.internal.StringUtil.resolve(java.lang.String, java.lang.String)'
	at org.jsoup.nodes.Node.absUrl(Node.java:265)
	at org.jsoup.nodes.FormElement.submit(FormElement.java:81)
	at org.jsoup.nodes.FormElementTest.formSubmissionCarriesCookiesFromSession(FormElementTest.java:200)
	at java.base/java.lang.reflect.Method.invoke(Method.java:580)
	at java.base/java.util.ArrayList.forEach(ArrayList.java:1597)
	at java.base/java.util.ArrayList.forEach(ArrayList.java:1597)

[ERROR] org.jsoup.nodes.FormElementTest.createsSubmitableConnection -- Time elapsed: 0.002 s <<< ERROR!
java.lang.NoSuchMethodError: 'java.lang.String org.jsoup.internal.StringUtil.resolve(java.lang.String, java.lang.String)'
	at org.jsoup.nodes.Node.absUrl(Node.java:265)
	at org.jsoup.nodes.FormElement.submit(FormElement.java:81)
	at org.jsoup.nodes.FormElementTest.createsSubmitableConnection(FormElementTest.java:76)
	at java.base/java.lang.reflect.Method.invoke(Method.java:580)
	at java.base/java.util.ArrayList.forEach(ArrayList.java:1597)
	at java.base/java.util.ArrayList.forEach(ArrayList.java:1597)

[ERROR] Tests run: 37, Failures: 0, Errors: 2, Skipped: 0, Time elapsed: 0.076 s <<< FAILURE! -- in org.jsoup.nodes.DocumentTest
[ERROR] org.jsoup.nodes.DocumentTest.testOverflowClone -- Time elapsed: 0.011 s <<< ERROR!
java.lang.NoSuchMethodError: 'java.lang.String org.jsoup.internal.StringUtil.resolve(java.lang.String, java.lang.String)'
	at org.jsoup.nodes.Node.absUrl(Node.java:265)
	at org.jsoup.parser.HtmlTreeBuilder.maybeSetBaseUri(HtmlTreeBuilder.java:264)
	at org.jsoup.parser.HtmlTreeBuilderState$4.process(HtmlTreeBuilderState.java:132)
	at org.jsoup.parser.HtmlTreeBuilder.process(HtmlTreeBuilder.java:150)
	at org.jsoup.parser.TreeBuilder.stepParser(TreeBuilder.java:125)
	at org.jsoup.parser.TreeBuilder.runParser(TreeBuilder.java:106)
	at org.jsoup.parser.TreeBuilder.parse(TreeBuilder.java:77)
	at org.jsoup.parser.Parser.parse(Parser.java:264)
	at org.jsoup.Jsoup.parse(Jsoup.java:78)
	at org.jsoup.nodes.DocumentTest.testOverflowClone(DocumentTest.java:207)
	at java.base/java.lang.reflect.Method.invoke(Method.java:580)
	at java.base/java.util.ArrayList.forEach(ArrayList.java:1597)
	at java.base/java.util.ArrayList.forEach(ArrayList.java:1597)

[ERROR] org.jsoup.nodes.DocumentTest.testLocation -- Time elapsed: 0.002 s <<< ERROR!
java.lang.NoSuchMethodError: 'java.lang.String org.jsoup.internal.StringUtil.resolve(java.lang.String, java.lang.String)'
	at org.jsoup.nodes.Node.absUrl(Node.java:265)
	at org.jsoup.parser.HtmlTreeBuilder.maybeSetBaseUri(HtmlTreeBuilder.java:264)
	at org.jsoup.parser.HtmlTreeBuilderState$4.process(HtmlTreeBuilderState.java:132)
	at org.jsoup.parser.HtmlTreeBuilder.process(HtmlTreeBuilder.java:150)
	at org.jsoup.parser.TreeBuilder.stepParser(TreeBuilder.java:125)
	at org.jsoup.parser.TreeBuilder.runParser(TreeBuilder.java:106)
	at org.jsoup.parser.TreeBuilder.parse(TreeBuilder.java:77)
	at org.jsoup.parser.Parser.parseInput(Parser.java:91)
	at org.jsoup.helper.DataUtil.parseInputStream(DataUtil.java:334)
	at org.jsoup.helper.DataUtil.parseInputStream(DataUtil.java:230)
	at org.jsoup.helper.DataUtil.load(DataUtil.java:120)
	at org.jsoup.helper.DataUtil.load(DataUtil.java:102)
	at org.jsoup.helper.DataUtil.load(DataUtil.java:69)
	at org.jsoup.Jsoup.parse(Jsoup.java:137)
	at org.jsoup.nodes.DocumentTest.testLocation(DocumentTest.java:145)
	at java.base/java.lang.reflect.Method.invoke(Method.java:580)
	at java.base/java.util.ArrayList.forEach(ArrayList.java:1597)
	at java.base/java.util.ArrayList.forEach(ArrayList.java:1597)

[ERROR] Tests run: 266, Failures: 0, Errors: 2, Skipped: 0, Time elapsed: 0.834 s <<< FAILURE! -- in org.jsoup.nodes.ElementTest
[ERROR] org.jsoup.nodes.ElementTest.testRelativeUrls -- Time elapsed: 0.001 s <<< ERROR!
java.lang.NoSuchMethodError: 'java.lang.String org.jsoup.internal.StringUtil.resolve(java.lang.String, java.lang.String)'
	at org.jsoup.nodes.Node.absUrl(Node.java:265)
	at org.jsoup.nodes.ElementTest.testRelativeUrls(ElementTest.java:1627)
	at java.base/java.lang.reflect.Method.invoke(Method.java:580)
	at java.base/java.util.ArrayList.forEach(ArrayList.java:1597)
	at java.base/java.util.ArrayList.forEach(ArrayList.java:1597)

[ERROR] org.jsoup.nodes.ElementTest.testRelativeIdnUrls -- Time elapsed: 0.001 s <<< ERROR!
java.lang.NoSuchMethodError: 'java.lang.String org.jsoup.internal.StringUtil.resolve(java.lang.String, java.lang.String)'
	at org.jsoup.nodes.Node.absUrl(Node.java:265)
	at org.jsoup.nodes.ElementTest.testRelativeIdnUrls(ElementTest.java:1645)
	at java.base/java.lang.reflect.Method.invoke(Method.java:580)
	at java.base/java.util.ArrayList.forEach(ArrayList.java:1597)
	at java.base/java.util.ArrayList.forEach(ArrayList.java:1597)

[ERROR] Tests run: 16, Failures: 0, Errors: 1, Skipped: 0, Time elapsed: 0.011 s <<< FAILURE! -- in org.jsoup.nodes.TextNodeTest
[ERROR] org.jsoup.nodes.TextNodeTest.leafNodeAttributes -- Time elapsed: 0.001 s <<< ERROR!
java.lang.NoSuchMethodError: 'java.lang.String org.jsoup.internal.StringUtil.resolve(java.lang.String, java.lang.String)'
	at org.jsoup.nodes.Node.absUrl(Node.java:265)
	at org.jsoup.nodes.LeafNode.absUrl(LeafNode.java:104)
	at org.jsoup.nodes.TextNodeTest.leafNodeAttributes(TextNodeTest.java:213)
	at java.base/java.lang.reflect.Method.invoke(Method.java:580)
	at java.base/java.util.ArrayList.forEach(ArrayList.java:1597)
	at java.base/java.util.ArrayList.forEach(ArrayList.java:1597)

[ERROR] Tests run: 34, Failures: 0, Errors: 1, Skipped: 0, Time elapsed: 0.098 s <<< FAILURE! -- in org.jsoup.helper.DataUtilTest
[ERROR] org.jsoup.helper.DataUtilTest.streamParserWorksWhenCharsetDetectionFullyReadsFile -- Time elapsed: 0.001 s <<< ERROR!
java.lang.NoSuchMethodError: 'java.lang.String org.jsoup.internal.StringUtil.resolve(java.lang.String, java.lang.String)'
	at org.jsoup.nodes.Node.absUrl(Node.java:265)
	at org.jsoup.parser.HtmlTreeBuilder.maybeSetBaseUri(HtmlTreeBuilder.java:264)
	at org.jsoup.parser.HtmlTreeBuilderState$4.process(HtmlTreeBuilderState.java:132)
	at org.jsoup.parser.HtmlTreeBuilder.process(HtmlTreeBuilder.java:150)
	at org.jsoup.parser.TreeBuilder.stepParser(TreeBuilder.java:125)
	at org.jsoup.parser.TreeBuilder.runParser(TreeBuilder.java:106)
	at org.jsoup.parser.TreeBuilder.parse(TreeBuilder.java:77)
	at org.jsoup.parser.Parser.parseInput(Parser.java:91)
	at org.jsoup.helper.DataUtil.detectCharset(DataUtil.java:266)
	at org.jsoup.helper.DataUtil.detectCharsetForStreamParser(DataUtil.java:247)
	at org.jsoup.helper.DataUtil.streamParser(DataUtil.java:143)
	at org.jsoup.helper.DataUtilTest.streamParserWorksWhenCharsetDetectionFullyReadsFile(DataUtilTest.java:206)
	at java.base/java.lang.reflect.Method.invoke(Method.java:580)
	at java.base/java.util.ArrayList.forEach(ArrayList.java:1597)
	at java.base/java.util.ArrayList.forEach(ArrayList.java:1597)

WARNING: :matchText selector is deprecated and will be removed in jsoup 1.24.1. Use Element#selectNodes(String, Class) with selector ::textnode and class TextNode instead.
[ERROR] Tests run: 54, Failures: 0, Errors: 3, Skipped: 0, Time elapsed: 0.026 s <<< FAILURE! -- in org.jsoup.select.ElementsTest
[ERROR] org.jsoup.select.ElementsTest.eachAttr -- Time elapsed: 0.001 s <<< ERROR!
java.lang.NoSuchMethodError: 'java.lang.String org.jsoup.internal.StringUtil.resolve(java.lang.String, java.lang.String)'
	at org.jsoup.nodes.Node.absUrl(Node.java:265)
	at org.jsoup.nodes.Node.hasAttr(Node.java:180)
	at org.jsoup.select.Elements.eachAttr(Elements.java:116)
	at org.jsoup.select.ElementsTest.eachAttr(ElementsTest.java:433)
	at java.base/java.lang.reflect.Method.invoke(Method.java:580)
	at java.base/java.util.ArrayList.forEach(ArrayList.java:1597)
	at java.base/java.util.ArrayList.forEach(ArrayList.java:1597)

[ERROR] org.jsoup.select.ElementsTest.absAttr -- Time elapsed: 0.001 s <<< ERROR!
java.lang.NoSuchMethodError: 'java.lang.String org.jsoup.internal.StringUtil.resolve(java.lang.String, java.lang.String)'
	at org.jsoup.nodes.Node.absUrl(Node.java:265)
	at org.jsoup.nodes.Node.hasAttr(Node.java:180)
	at org.jsoup.select.Elements.attr(Elements.java:87)
	at org.jsoup.select.ElementsTest.absAttr(ElementsTest.java:82)
	at java.base/java.lang.reflect.Method.invoke(Method.java:580)
	at java.base/java.util.ArrayList.forEach(ArrayList.java:1597)
	at java.base/java.util.ArrayList.forEach(ArrayList.java:1597)

[ERROR] org.jsoup.select.ElementsTest.hasAbsAttr -- Time elapsed: 0.001 s <<< ERROR!
java.lang.NoSuchMethodError: 'java.lang.String org.jsoup.internal.StringUtil.resolve(java.lang.String, java.lang.String)'
	at org.jsoup.nodes.Node.absUrl(Node.java:265)
	at org.jsoup.nodes.Node.hasAttr(Node.java:180)
	at org.jsoup.select.Elements.hasAttr(Elements.java:100)
	at org.jsoup.select.ElementsTest.hasAbsAttr(ElementsTest.java:65)
	at java.base/java.lang.reflect.Method.invoke(Method.java:580)
	at java.base/java.util.ArrayList.forEach(ArrayList.java:1597)
	at java.base/java.util.ArrayList.forEach(ArrayList.java:1597)

[ERROR] Tests run: 216, Failures: 0, Errors: 4, Skipped: 0, Time elapsed: 0.017 s <<< FAILURE! -- in org.jsoup.parser.HtmlParserTest$DeepHtmlTrees
[ERROR] org.jsoup.parser.HtmlParserTest.handlesProtocolRelativeUrl -- Time elapsed: 0.001 s <<< ERROR!
java.lang.NoSuchMethodError: 'java.lang.String org.jsoup.internal.StringUtil.resolve(java.lang.String, java.lang.String)'
	at org.jsoup.nodes.Node.absUrl(Node.java:265)
	at org.jsoup.parser.HtmlParserTest.handlesProtocolRelativeUrl(HtmlParserTest.java:344)
	at java.base/java.lang.reflect.Method.invoke(Method.java:580)
	at java.base/java.util.ArrayList.forEach(ArrayList.java:1597)
	at java.base/java.util.ArrayList.forEach(ArrayList.java:1597)

[ERROR] org.jsoup.parser.HtmlParserTest.handlesBaseTags -- Time elapsed: 0.001 s <<< ERROR!
java.lang.NoSuchMethodError: 'java.lang.String org.jsoup.internal.StringUtil.resolve(java.lang.String, java.lang.String)'
	at org.jsoup.nodes.Node.absUrl(Node.java:265)
	at org.jsoup.parser.HtmlTreeBuilder.maybeSetBaseUri(HtmlTreeBuilder.java:264)
	at org.jsoup.parser.HtmlTreeBuilderState$4.process(HtmlTreeBuilderState.java:132)
	at org.jsoup.parser.HtmlTreeBuilder.process(HtmlTreeBuilder.java:225)
	at org.jsoup.parser.HtmlTreeBuilderState$7.inBodyStartTag(HtmlTreeBuilderState.java:633)
	at org.jsoup.parser.HtmlTreeBuilderState$7.process(HtmlTreeBuilderState.java:309)
	at org.jsoup.parser.HtmlTreeBuilder.process(HtmlTreeBuilder.java:150)
	at org.jsoup.parser.TreeBuilder.stepParser(TreeBuilder.java:125)
	at org.jsoup.parser.TreeBuilder.runParser(TreeBuilder.java:106)
	at org.jsoup.parser.TreeBuilder.parse(TreeBuilder.java:77)
	at org.jsoup.parser.Parser.parse(Parser.java:264)
	at org.jsoup.Jsoup.parse(Jsoup.java:37)
	at org.jsoup.parser.HtmlParserTest.handlesBaseTags(HtmlParserTest.java:324)
	at java.base/java.lang.reflect.Method.invoke(Method.java:580)
	at java.base/java.util.ArrayList.forEach(ArrayList.java:1597)
	at java.base/java.util.ArrayList.forEach(ArrayList.java:1597)

[ERROR] org.jsoup.parser.HtmlParserTest.handlesBaseWithoutHref -- Time elapsed: 0 s <<< ERROR!
java.lang.NoSuchMethodError: 'java.lang.String org.jsoup.internal.StringUtil.resolve(java.lang.String, java.lang.String)'
	at org.jsoup.nodes.Node.absUrl(Node.java:265)
	at org.jsoup.nodes.Node.attr(Node.java:133)
	at org.jsoup.parser.HtmlParserTest.handlesBaseWithoutHref(HtmlParserTest.java:603)
	at java.base/java.lang.reflect.Method.invoke(Method.java:580)
	at java.base/java.util.ArrayList.forEach(ArrayList.java:1597)
	at java.base/java.util.ArrayList.forEach(ArrayList.java:1597)

[ERROR] org.jsoup.parser.HtmlParserTest.parsesBodyFragment -- Time elapsed: 0 s <<< ERROR!
java.lang.NoSuchMethodError: 'java.lang.String org.jsoup.internal.StringUtil.resolve(java.lang.String, java.lang.String)'
	at org.jsoup.nodes.Node.absUrl(Node.java:265)
	at org.jsoup.parser.HtmlParserTest.parsesBodyFragment(HtmlParserTest.java:459)
	at java.base/java.lang.reflect.Method.invoke(Method.java:580)
	at java.base/java.util.ArrayList.forEach(ArrayList.java:1597)
	at java.base/java.util.ArrayList.forEach(ArrayList.java:1597)

[ERROR] Tests run: 53, Failures: 0, Errors: 2, Skipped: 0, Time elapsed: 0.028 s <<< FAILURE! -- in org.jsoup.parser.XmlTreeBuilderTest
[ERROR] org.jsoup.parser.XmlTreeBuilderTest.testSimpleXmlParse -- Time elapsed: 0.001 s <<< ERROR!
java.lang.NoSuchMethodError: 'java.lang.String org.jsoup.internal.StringUtil.resolve(java.lang.String, java.lang.String)'
	at org.jsoup.nodes.Node.absUrl(Node.java:265)
	at org.jsoup.parser.XmlTreeBuilderTest.testSimpleXmlParse(XmlTreeBuilderTest.java:35)
	at java.base/java.lang.reflect.Method.invoke(Method.java:580)
	at java.base/java.util.ArrayList.forEach(ArrayList.java:1597)
	at java.base/java.util.ArrayList.forEach(ArrayList.java:1597)

[ERROR] org.jsoup.parser.XmlTreeBuilderTest.xmlFragment -- Time elapsed: 0 s <<< ERROR!
java.lang.NoSuchMethodError: 'java.lang.String org.jsoup.internal.StringUtil.resolve(java.lang.String, java.lang.String)'
	at org.jsoup.nodes.Node.absUrl(Node.java:265)
	at org.jsoup.parser.XmlTreeBuilderTest.xmlFragment(XmlTreeBuilderTest.java:97)
	at java.base/java.lang.reflect.Method.invoke(Method.java:580)
	at java.base/java.util.ArrayList.forEach(ArrayList.java:1597)
	at java.base/java.util.ArrayList.forEach(ArrayList.java:1597)

[ERROR] Tests run: 5, Failures: 0, Errors: 1, Skipped: 0, Time elapsed: 0.094 s <<< FAILURE! -- in org.jsoup.integration.SessionTest
[ERROR] org.jsoup.integration.SessionTest.testPathScopedCookiesOnRedirect -- Time elapsed: 0.012 s <<< ERROR!
java.lang.NoSuchMethodError: 'java.net.URL org.jsoup.internal.StringUtil.resolve(java.net.URL, java.lang.String)'
	at org.jsoup.helper.HttpConnection$Response.execute(HttpConnection.java:909)
	at org.jsoup.helper.HttpConnection$Response.execute(HttpConnection.java:868)
	at org.jsoup.helper.HttpConnection.execute(HttpConnection.java:366)
	at org.jsoup.helper.HttpConnection.get(HttpConnection.java:351)
	at org.jsoup.integration.SessionTest.testPathScopedCookiesOnRedirect(SessionTest.java:107)
	at java.base/java.lang.reflect.Method.invoke(Method.java:580)
	at java.base/java.util.ArrayList.forEach(ArrayList.java:1597)
	at java.base/java.util.ArrayList.forEach(ArrayList.java:1597)

[ERROR] Tests run: 153, Failures: 0, Errors: 2, Skipped: 0, Time elapsed: 3.748 s <<< FAILURE! -- in org.jsoup.integration.FuzzFixesTest
[ERROR] org.jsoup.integration.FuzzFixesTest.testHtmlParse(File)[28] -- Time elapsed: 0.001 s <<< ERROR!
java.lang.NoSuchMethodError: 'java.lang.String org.jsoup.internal.StringUtil.resolve(java.lang.String, java.lang.String)'
	at org.jsoup.nodes.Node.absUrl(Node.java:265)
	at org.jsoup.parser.HtmlTreeBuilder.maybeSetBaseUri(HtmlTreeBuilder.java:264)
	at org.jsoup.parser.HtmlTreeBuilderState$4.process(HtmlTreeBuilderState.java:132)
	at org.jsoup.parser.HtmlTreeBuilder.process(HtmlTreeBuilder.java:150)
	at org.jsoup.parser.HtmlTreeBuilderState$3.process(HtmlTreeBuilderState.java:104)
	at org.jsoup.parser.HtmlTreeBuilder.process(HtmlTreeBuilder.java:150)
	at org.jsoup.parser.HtmlTreeBuilderState$2.anythingElse(HtmlTreeBuilderState.java:78)
	at org.jsoup.parser.HtmlTreeBuilderState$2.process(HtmlTreeBuilderState.java:70)
	at org.jsoup.parser.HtmlTreeBuilder.process(HtmlTreeBuilder.java:150)
	at org.jsoup.parser.HtmlTreeBuilderState$1.process(HtmlTreeBuilderState.java:47)
	at org.jsoup.parser.HtmlTreeBuilder.process(HtmlTreeBuilder.java:150)
	at org.jsoup.parser.TreeBuilder.stepParser(TreeBuilder.java:125)
	at org.jsoup.parser.TreeBuilder.runParser(TreeBuilder.java:106)
	at org.jsoup.parser.TreeBuilder.parse(TreeBuilder.java:77)
	at org.jsoup.parser.Parser.parseInput(Parser.java:91)
	at org.jsoup.helper.DataUtil.parseInputStream(DataUtil.java:334)
	at org.jsoup.helper.DataUtil.parseInputStream(DataUtil.java:230)
	at org.jsoup.helper.DataUtil.load(DataUtil.java:120)
	at org.jsoup.helper.DataUtil.load(DataUtil.java:102)
	at org.jsoup.helper.DataUtil.load(DataUtil.java:69)
	at org.jsoup.Jsoup.parse(Jsoup.java:137)
	at org.jsoup.integration.FuzzFixesTest.testHtmlParse(FuzzFixesTest.java:59)
	at java.base/java.lang.reflect.Method.invoke(Method.java:580)
	at java.base/java.util.Optional.ifPresent(Optional.java:178)
	at java.base/java.util.stream.ForEachOps$ForEachOp$OfRef.accept(ForEachOps.java:184)
	at java.base/java.util.stream.ReferencePipeline$3$1.accept(ReferencePipeline.java:215)
	at java.base/java.util.stream.ForEachOps$ForEachOp$OfRef.accept(ForEachOps.java:184)
	at java.base/java.util.stream.ForEachOps$ForEachOp$OfRef.accept(ForEachOps.java:184)
	at java.base/java.util.stream.ReferencePipeline$3$1.accept(ReferencePipeline.java:215)
	at java.base/java.util.Spliterators$ArraySpliterator.forEachRemaining(Spliterators.java:1024)
	at java.base/java.util.stream.ReferencePipeline$Head.forEach(ReferencePipeline.java:807)
	at java.base/java.util.stream.ReferencePipeline$7$1FlatMap.accept(ReferencePipeline.java:294)
	at java.base/java.util.stream.ReferencePipeline$3$1.accept(ReferencePipeline.java:215)
	at java.base/java.util.stream.ReferencePipeline$3$1.accept(ReferencePipeline.java:215)
	at java.base/java.util.stream.ReferencePipeline$3$1.accept(ReferencePipeline.java:215)
	at java.base/java.util.Spliterators$ArraySpliterator.forEachRemaining(Spliterators.java:1024)
	at java.base/java.util.stream.AbstractPipeline.copyInto(AbstractPipeline.java:570)
	at java.base/java.util.stream.AbstractPipeline.wrapAndCopyInto(AbstractPipeline.java:560)
	at java.base/java.util.stream.ForEachOps$ForEachOp.evaluateSequential(ForEachOps.java:151)
	at java.base/java.util.stream.ForEachOps$ForEachOp$OfRef.evaluateSequential(ForEachOps.java:174)
	at java.base/java.util.stream.AbstractPipeline.evaluate(AbstractPipeline.java:265)
	at java.base/java.util.stream.ReferencePipeline.forEach(ReferencePipeline.java:636)
	at java.base/java.util.stream.ReferencePipeline$7$1FlatMap.accept(ReferencePipeline.java:294)
	at java.base/java.util.ArrayList$ArrayListSpliterator.forEachRemaining(ArrayList.java:1709)
	at java.base/java.util.stream.AbstractPipeline.copyInto(AbstractPipeline.java:570)
	at java.base/java.util.stream.AbstractPipeline.wrapAndCopyInto(AbstractPipeline.java:560)
	at java.base/java.util.stream.ForEachOps$ForEachOp.evaluateSequential(ForEachOps.java:151)
	at java.base/java.util.stream.ForEachOps$ForEachOp$OfRef.evaluateSequential(ForEachOps.java:174)
	at java.base/java.util.stream.AbstractPipeline.evaluate(AbstractPipeline.java:265)
	at java.base/java.util.stream.ReferencePipeline.forEach(ReferencePipeline.java:636)
	at java.base/java.util.stream.ReferencePipeline$7$1FlatMap.accept(ReferencePipeline.java:294)
	at java.base/java.util.stream.ReferencePipeline$3$1.accept(ReferencePipeline.java:215)
	at java.base/java.util.stream.ReferencePipeline$3$1.accept(ReferencePipeline.java:215)
	at java.base/java.util.stream.ReferencePipeline$3$1.accept(ReferencePipeline.java:215)
	at java.base/java.util.ArrayList$ArrayListSpliterator.forEachRemaining(ArrayList.java:1709)
	at java.base/java.util.stream.AbstractPipeline.copyInto(AbstractPipeline.java:570)
	at java.base/java.util.stream.AbstractPipeline.wrapAndCopyInto(AbstractPipeline.java:560)
	at java.base/java.util.stream.ForEachOps$ForEachOp.evaluateSequential(ForEachOps.java:151)
	at java.base/java.util.stream.ForEachOps$ForEachOp$OfRef.evaluateSequential(ForEachOps.java:174)
	at java.base/java.util.stream.AbstractPipeline.evaluate(AbstractPipeline.java:265)
	at java.base/java.util.stream.ReferencePipeline.forEach(ReferencePipeline.java:636)
	at java.base/java.util.ArrayList.forEach(ArrayList.java:1597)
	at java.base/java.util.ArrayList.forEach(ArrayList.java:1597)

[ERROR] org.jsoup.integration.FuzzFixesTest.testHtmlFragmentParse(File)[28] -- Time elapsed: 0.001 s <<< ERROR!
java.lang.NoSuchMethodError: 'java.lang.String org.jsoup.internal.StringUtil.resolve(java.lang.String, java.lang.String)'
	at org.jsoup.nodes.Node.absUrl(Node.java:265)
	at org.jsoup.parser.HtmlTreeBuilder.maybeSetBaseUri(HtmlTreeBuilder.java:264)
	at org.jsoup.parser.HtmlTreeBuilderState$4.process(HtmlTreeBuilderState.java:132)
	at org.jsoup.parser.HtmlTreeBuilder.process(HtmlTreeBuilder.java:225)
	at org.jsoup.parser.HtmlTreeBuilderState$7.inBodyStartTag(HtmlTreeBuilderState.java:633)
	at org.jsoup.parser.HtmlTreeBuilderState$7.process(HtmlTreeBuilderState.java:309)
	at org.jsoup.parser.HtmlTreeBuilder.process(HtmlTreeBuilder.java:150)
	at org.jsoup.parser.TreeBuilder.stepParser(TreeBuilder.java:125)
	at org.jsoup.parser.TreeBuilder.runParser(TreeBuilder.java:106)
	at org.jsoup.parser.TreeBuilder.parseFragment(TreeBuilder.java:84)
	at org.jsoup.parser.Parser.parseFragment(Parser.java:279)
	at org.jsoup.parser.Parser.parseBodyFragment(Parser.java:323)
	at org.jsoup.Jsoup.parseBodyFragment(Jsoup.java:309)
	at org.jsoup.integration.FuzzFixesTest.testHtmlFragmentParse(FuzzFixesTest.java:69)
	at java.base/java.lang.reflect.Method.invoke(Method.java:580)
	at java.base/java.util.Optional.ifPresent(Optional.java:178)
	at java.base/java.util.stream.ForEachOps$ForEachOp$OfRef.accept(ForEachOps.java:184)
	at java.base/java.util.stream.ReferencePipeline$3$1.accept(ReferencePipeline.java:215)
	at java.base/java.util.stream.ForEachOps$ForEachOp$OfRef.accept(ForEachOps.java:184)
	at java.base/java.util.stream.ForEachOps$ForEachOp$OfRef.accept(ForEachOps.java:184)
	at java.base/java.util.stream.ReferencePipeline$3$1.accept(ReferencePipeline.java:215)
	at java.base/java.util.Spliterators$ArraySpliterator.forEachRemaining(Spliterators.java:1024)
	at java.base/java.util.stream.ReferencePipeline$Head.forEach(ReferencePipeline.java:807)
	at java.base/java.util.stream.ReferencePipeline$7$1FlatMap.accept(ReferencePipeline.java:294)
	at java.base/java.util.stream.ReferencePipeline$3$1.accept(ReferencePipeline.java:215)
	at java.base/java.util.stream.ReferencePipeline$3$1.accept(ReferencePipeline.java:215)
	at java.base/java.util.stream.ReferencePipeline$3$1.accept(ReferencePipeline.java:215)
	at java.base/java.util.Spliterators$ArraySpliterator.forEachRemaining(Spliterators.java:1024)
	at java.base/java.util.stream.AbstractPipeline.copyInto(AbstractPipeline.java:570)
	at java.base/java.util.stream.AbstractPipeline.wrapAndCopyInto(AbstractPipeline.java:560)
	at java.base/java.util.stream.ForEachOps$ForEachOp.evaluateSequential(ForEachOps.java:151)
	at java.base/java.util.stream.ForEachOps$ForEachOp$OfRef.evaluateSequential(ForEachOps.java:174)
	at java.base/java.util.stream.AbstractPipeline.evaluate(AbstractPipeline.java:265)
	at java.base/java.util.stream.ReferencePipeline.forEach(ReferencePipeline.java:636)
	at java.base/java.util.stream.ReferencePipeline$7$1FlatMap.accept(ReferencePipeline.java:294)
	at java.base/java.util.ArrayList$ArrayListSpliterator.forEachRemaining(ArrayList.java:1709)
	at java.base/java.util.stream.AbstractPipeline.copyInto(AbstractPipeline.java:570)
	at java.base/java.util.stream.AbstractPipeline.wrapAndCopyInto(AbstractPipeline.java:560)
	at java.base/java.util.stream.ForEachOps$ForEachOp.evaluateSequential(ForEachOps.java:151)
	at java.base/java.util.stream.ForEachOps$ForEachOp$OfRef.evaluateSequential(ForEachOps.java:174)
	at java.base/java.util.stream.AbstractPipeline.evaluate(AbstractPipeline.java:265)
	at java.base/java.util.stream.ReferencePipeline.forEach(ReferencePipeline.java:636)
	at java.base/java.util.stream.ReferencePipeline$7$1FlatMap.accept(ReferencePipeline.java:294)
	at java.base/java.util.stream.ReferencePipeline$3$1.accept(ReferencePipeline.java:215)
	at java.base/java.util.stream.ReferencePipeline$3$1.accept(ReferencePipeline.java:215)
	at java.base/java.util.stream.ReferencePipeline$3$1.accept(ReferencePipeline.java:215)
	at java.base/java.util.ArrayList$ArrayListSpliterator.forEachRemaining(ArrayList.java:1709)
	at java.base/java.util.stream.AbstractPipeline.copyInto(AbstractPipeline.java:570)
	at java.base/java.util.stream.AbstractPipeline.wrapAndCopyInto(AbstractPipeline.java:560)
	at java.base/java.util.stream.ForEachOps$ForEachOp.evaluateSequential(ForEachOps.java:151)
	at java.base/java.util.stream.ForEachOps$ForEachOp$OfRef.evaluateSequential(ForEachOps.java:174)
	at java.base/java.util.stream.AbstractPipeline.evaluate(AbstractPipeline.java:265)
	at java.base/java.util.stream.ReferencePipeline.forEach(ReferencePipeline.java:636)
	at java.base/java.util.ArrayList.forEach(ArrayList.java:1597)
	at java.base/java.util.ArrayList.forEach(ArrayList.java:1597)

[ERROR] Tests run: 73, Failures: 0, Errors: 14, Skipped: 0, Time elapsed: 1.177 s <<< FAILURE! -- in org.jsoup.integration.HttpClientConnectTest
[ERROR] org.jsoup.integration.HttpClientConnectTest.multiCookieSet -- Time elapsed: 0.008 s <<< ERROR!
java.lang.NoSuchMethodError: 'java.net.URL org.jsoup.internal.StringUtil.resolve(java.net.URL, java.lang.String)'
	at org.jsoup.helper.HttpConnection$Response.execute(HttpConnection.java:909)
	at org.jsoup.helper.HttpConnection$Response.execute(HttpConnection.java:868)
	at org.jsoup.helper.HttpConnection.execute(HttpConnection.java:366)
	at org.jsoup.integration.ConnectTest.multiCookieSet(ConnectTest.java:488)
	at java.base/java.lang.reflect.Method.invoke(Method.java:580)
	at java.base/java.util.ArrayList.forEach(ArrayList.java:1597)
	at java.base/java.util.ArrayList.forEach(ArrayList.java:1597)

[ERROR] org.jsoup.integration.HttpClientConnectTest.bufferedStreamParserWorksWhenCharsetDetectionFullyReadsResponse -- Time elapsed: 0.011 s <<< ERROR!
java.lang.NoSuchMethodError: 'java.lang.String org.jsoup.internal.StringUtil.resolve(java.lang.String, java.lang.String)'
	at org.jsoup.nodes.Node.absUrl(Node.java:265)
	at org.jsoup.parser.HtmlTreeBuilder.maybeSetBaseUri(HtmlTreeBuilder.java:264)
	at org.jsoup.parser.HtmlTreeBuilderState$4.process(HtmlTreeBuilderState.java:132)
	at org.jsoup.parser.HtmlTreeBuilder.process(HtmlTreeBuilder.java:150)
	at org.jsoup.parser.TreeBuilder.stepParser(TreeBuilder.java:125)
	at org.jsoup.parser.TreeBuilder.runParser(TreeBuilder.java:106)
	at org.jsoup.parser.TreeBuilder.parse(TreeBuilder.java:77)
	at org.jsoup.parser.Parser.parseInput(Parser.java:91)
	at org.jsoup.helper.DataUtil.detectCharset(DataUtil.java:266)
	at org.jsoup.helper.DataUtil.detectCharsetForStreamParser(DataUtil.java:247)
	at org.jsoup.helper.HttpConnection$Response.streamParser(HttpConnection.java:1017)
	at org.jsoup.integration.ConnectTest.bufferedStreamParserWorksWhenCharsetDetectionFullyReadsResponse(ConnectTest.java:444)
	at java.base/java.lang.reflect.Method.invoke(Method.java:580)
	at java.base/java.util.ArrayList.forEach(ArrayList.java:1597)
	at java.base/java.util.ArrayList.forEach(ArrayList.java:1597)

[ERROR] org.jsoup.integration.HttpClientConnectTest.formLoginFlow -- Time elapsed: 0.008 s <<< ERROR!
java.lang.NoSuchMethodError: 'java.lang.String org.jsoup.internal.StringUtil.resolve(java.lang.String, java.lang.String)'
	at org.jsoup.nodes.Node.absUrl(Node.java:265)
	at org.jsoup.nodes.FormElement.submit(FormElement.java:81)
	at org.jsoup.integration.ConnectTest.formLoginFlow(ConnectTest.java:903)
	at java.base/java.lang.reflect.Method.invoke(Method.java:580)
	at java.base/java.util.ArrayList.forEach(ArrayList.java:1597)
	at java.base/java.util.ArrayList.forEach(ArrayList.java:1597)

[ERROR] org.jsoup.integration.HttpClientConnectTest.postHtmlFile -- Time elapsed: 0.006 s <<< ERROR!
java.lang.NoSuchMethodError: 'java.lang.String org.jsoup.internal.StringUtil.resolve(java.lang.String, java.lang.String)'
	at org.jsoup.nodes.Node.absUrl(Node.java:265)
	at org.jsoup.nodes.FormElement.submit(FormElement.java:81)
	at org.jsoup.integration.ConnectTest.postHtmlFile(ConnectTest.java:734)
	at java.base/java.lang.reflect.Method.invoke(Method.java:580)
	at java.base/java.util.ArrayList.forEach(ArrayList.java:1597)
	at java.base/java.util.ArrayList.forEach(ArrayList.java:1597)

[ERROR] org.jsoup.integration.HttpClientConnectTest.handlesRedirect -- Time elapsed: 0.005 s <<< ERROR!
java.lang.NoSuchMethodError: 'java.net.URL org.jsoup.internal.StringUtil.resolve(java.net.URL, java.lang.String)'
	at org.jsoup.helper.HttpConnection$Response.execute(HttpConnection.java:909)
	at org.jsoup.helper.HttpConnection$Response.execute(HttpConnection.java:868)
	at org.jsoup.helper.HttpConnection.execute(HttpConnection.java:366)
	at org.jsoup.helper.HttpConnection.get(HttpConnection.java:351)
	at org.jsoup.integration.ConnectTest.handlesRedirect(ConnectTest.java:560)
	at java.base/java.lang.reflect.Method.invoke(Method.java:580)
	at java.base/java.util.ArrayList.forEach(ArrayList.java:1597)
	at java.base/java.util.ArrayList.forEach(ArrayList.java:1597)

[ERROR] org.jsoup.integration.HttpClientConnectTest.formLoginFlow2 -- Time elapsed: 0.007 s <<< ERROR!
java.lang.NoSuchMethodError: 'java.lang.String org.jsoup.internal.StringUtil.resolve(java.lang.String, java.lang.String)'
	at org.jsoup.nodes.Node.absUrl(Node.java:265)
	at org.jsoup.nodes.FormElement.submit(FormElement.java:81)
	at org.jsoup.integration.ConnectTest.formLoginFlow2(ConnectTest.java:937)
	at java.base/java.lang.reflect.Method.invoke(Method.java:580)
	at java.base/java.util.ArrayList.forEach(ArrayList.java:1597)
	at java.base/java.util.ArrayList.forEach(ArrayList.java:1597)

[ERROR] org.jsoup.integration.HttpClientConnectTest.willEscapePathInRedirect -- Time elapsed: 0.006 s <<< ERROR!
java.lang.NoSuchMethodError: 'java.net.URL org.jsoup.internal.StringUtil.resolve(java.net.URL, java.lang.String)'
	at org.jsoup.helper.HttpConnection$Response.execute(HttpConnection.java:909)
	at org.jsoup.helper.HttpConnection$Response.execute(HttpConnection.java:868)
	at org.jsoup.helper.HttpConnection.execute(HttpConnection.java:366)
	at org.jsoup.helper.HttpConnection.get(HttpConnection.java:351)
	at org.jsoup.integration.ConnectTest.willEscapePathInRedirect(ConnectTest.java:973)
	at java.base/java.lang.reflect.Method.invoke(Method.java:580)
	at java.base/java.util.ArrayList.forEach(ArrayList.java:1597)
	at java.base/java.util.ArrayList.forEach(ArrayList.java:1597)

[ERROR] org.jsoup.integration.HttpClientConnectTest.doesPostFor307 -- Time elapsed: 0.006 s <<< ERROR!
java.lang.NoSuchMethodError: 'java.net.URL org.jsoup.internal.StringUtil.resolve(java.net.URL, java.lang.String)'
	at org.jsoup.helper.HttpConnection$Response.execute(HttpConnection.java:909)
	at org.jsoup.helper.HttpConnection$Response.execute(HttpConnection.java:868)
	at org.jsoup.helper.HttpConnection.execute(HttpConnection.java:366)
	at org.jsoup.helper.HttpConnection.post(HttpConnection.java:359)
	at org.jsoup.integration.ConnectTest.doesPostFor307(ConnectTest.java:596)
	at java.base/java.lang.reflect.Method.invoke(Method.java:580)
	at java.base/java.util.ArrayList.forEach(ArrayList.java:1597)
	at java.base/java.util.ArrayList.forEach(ArrayList.java:1597)

[ERROR] org.jsoup.integration.HttpClientConnectTest.baseHrefCorrectAfterHttpEquiv -- Time elapsed: 0.006 s <<< ERROR!
java.lang.NoSuchMethodError: 'java.lang.String org.jsoup.internal.StringUtil.resolve(java.lang.String, java.lang.String)'
	at org.jsoup.nodes.Node.absUrl(Node.java:265)
	at org.jsoup.parser.HtmlTreeBuilder.maybeSetBaseUri(HtmlTreeBuilder.java:264)
	at org.jsoup.parser.HtmlTreeBuilderState$4.process(HtmlTreeBuilderState.java:132)
	at org.jsoup.parser.HtmlTreeBuilder.process(HtmlTreeBuilder.java:150)
	at org.jsoup.parser.TreeBuilder.stepParser(TreeBuilder.java:125)
	at org.jsoup.parser.TreeBuilder.runParser(TreeBuilder.java:106)
	at org.jsoup.parser.TreeBuilder.parse(TreeBuilder.java:77)
	at org.jsoup.parser.Parser.parseInput(Parser.java:91)
	at org.jsoup.helper.DataUtil.detectCharset(DataUtil.java:266)
	at org.jsoup.helper.DataUtil.detectCharset(DataUtil.java:242)
	at org.jsoup.helper.DataUtil.parseInputStream(DataUtil.java:229)
	at org.jsoup.helper.HttpConnection$Response.parse(HttpConnection.java:1007)
	at org.jsoup.integration.ConnectTest.baseHrefCorrectAfterHttpEquiv(ConnectTest.java:835)
	at java.base/java.lang.reflect.Method.invoke(Method.java:580)
	at java.base/java.util.ArrayList.forEach(ArrayList.java:1597)
	at java.base/java.util.ArrayList.forEach(ArrayList.java:1597)

[ERROR] org.jsoup.integration.HttpClientConnectTest.bufferedParseWorksWhenCharsetDetectionFullyReadsResponse -- Time elapsed: 0.006 s <<< ERROR!
java.lang.NoSuchMethodError: 'java.lang.String org.jsoup.internal.StringUtil.resolve(java.lang.String, java.lang.String)'
	at org.jsoup.nodes.Node.absUrl(Node.java:265)
	at org.jsoup.parser.HtmlTreeBuilder.maybeSetBaseUri(HtmlTreeBuilder.java:264)
	at org.jsoup.parser.HtmlTreeBuilderState$4.process(HtmlTreeBuilderState.java:132)
	at org.jsoup.parser.HtmlTreeBuilder.process(HtmlTreeBuilder.java:150)
	at org.jsoup.parser.TreeBuilder.stepParser(TreeBuilder.java:125)
	at org.jsoup.parser.TreeBuilder.runParser(TreeBuilder.java:106)
	at org.jsoup.parser.TreeBuilder.parse(TreeBuilder.java:77)
	at org.jsoup.parser.Parser.parseInput(Parser.java:91)
	at org.jsoup.helper.DataUtil.detectCharset(DataUtil.java:266)
	at org.jsoup.helper.DataUtil.detectCharset(DataUtil.java:242)
	at org.jsoup.helper.DataUtil.parseInputStream(DataUtil.java:229)
	at org.jsoup.helper.HttpConnection$Response.parse(HttpConnection.java:1007)
	at org.jsoup.integration.ConnectTest.bufferedParseWorksWhenCharsetDetectionFullyReadsResponse(ConnectTest.java:434)
	at java.base/java.lang.reflect.Method.invoke(Method.java:580)
	at java.base/java.util.ArrayList.forEach(ArrayList.java:1597)
	at java.base/java.util.ArrayList.forEach(ArrayList.java:1597)

[ERROR] org.jsoup.integration.HttpClientConnectTest.handlesEmptyRedirect -- Time elapsed: 0.005 s <<< ERROR!
java.lang.NoSuchMethodError: 'java.net.URL org.jsoup.internal.StringUtil.resolve(java.net.URL, java.lang.String)'
	at org.jsoup.helper.HttpConnection$Response.execute(HttpConnection.java:909)
	at org.jsoup.helper.HttpConnection$Response.execute(HttpConnection.java:868)
	at org.jsoup.helper.HttpConnection.execute(HttpConnection.java:366)
	at org.jsoup.integration.ConnectTest.handlesEmptyRedirect(ConnectTest.java:572)
	at java.base/java.lang.reflect.Method.invoke(Method.java:580)
	at java.base/java.util.ArrayList.forEach(ArrayList.java:1597)
	at java.base/java.util.ArrayList.forEach(ArrayList.java:1597)

[ERROR] org.jsoup.integration.HttpClientConnectTest.doesNotPostFor302 -- Time elapsed: 0.007 s <<< ERROR!
java.lang.NoSuchMethodError: 'java.net.URL org.jsoup.internal.StringUtil.resolve(java.net.URL, java.lang.String)'
	at org.jsoup.helper.HttpConnection$Response.execute(HttpConnection.java:909)
	at org.jsoup.helper.HttpConnection$Response.execute(HttpConnection.java:868)
	at org.jsoup.helper.HttpConnection.execute(HttpConnection.java:366)
	at org.jsoup.helper.HttpConnection.post(HttpConnection.java:359)
	at org.jsoup.integration.ConnectTest.doesNotPostFor302(ConnectTest.java:584)
	at java.base/java.lang.reflect.Method.invoke(Method.java:580)
	at java.base/java.util.ArrayList.forEach(ArrayList.java:1597)
	at java.base/java.util.ArrayList.forEach(ArrayList.java:1597)

[ERROR] org.jsoup.integration.HttpClientConnectTest.secFetchHeadersSurviveRedirect -- Time elapsed: 0.008 s <<< ERROR!
java.lang.NoSuchMethodError: 'java.net.URL org.jsoup.internal.StringUtil.resolve(java.net.URL, java.lang.String)'
	at org.jsoup.helper.HttpConnection$Response.execute(HttpConnection.java:909)
	at org.jsoup.helper.HttpConnection$Response.execute(HttpConnection.java:868)
	at org.jsoup.helper.HttpConnection.execute(HttpConnection.java:366)
	at org.jsoup.helper.HttpConnection.get(HttpConnection.java:351)
	at org.jsoup.integration.ConnectTest.secFetchHeadersSurviveRedirect(ConnectTest.java:212)
	at java.base/java.lang.reflect.Method.invoke(Method.java:580)
	at java.base/java.util.ArrayList.forEach(ArrayList.java:1597)
	at java.base/java.util.ArrayList.forEach(ArrayList.java:1597)

[ERROR] org.jsoup.integration.HttpClientConnectTest.requestCookiesSurviveRedirect -- Time elapsed: 0.009 s <<< ERROR!
java.lang.NoSuchMethodError: 'java.net.URL org.jsoup.internal.StringUtil.resolve(java.net.URL, java.lang.String)'
	at org.jsoup.helper.HttpConnection$Response.execute(HttpConnection.java:909)
	at org.jsoup.helper.HttpConnection$Response.execute(HttpConnection.java:868)
	at org.jsoup.helper.HttpConnection.execute(HttpConnection.java:366)
	at org.jsoup.integration.ConnectTest.requestCookiesSurviveRedirect(ConnectTest.java:508)
	at java.base/java.lang.reflect.Method.invoke(Method.java:580)
	at java.base/java.util.ArrayList.forEach(ArrayList.java:1597)
	at java.base/java.util.ArrayList.forEach(ArrayList.java:1597)

[ERROR] Tests run: 5, Failures: 0, Errors: 1, Skipped: 0, Time elapsed: 0.094 s <<< FAILURE! -- in org.jsoup.integration.HttpClientSessionTest
[ERROR] org.jsoup.integration.HttpClientSessionTest.testPathScopedCookiesOnRedirect -- Time elapsed: 0.044 s <<< ERROR!
java.lang.NoSuchMethodError: 'java.net.URL org.jsoup.internal.StringUtil.resolve(java.net.URL, java.lang.String)'
	at org.jsoup.helper.HttpConnection$Response.execute(HttpConnection.java:909)
	at org.jsoup.helper.HttpConnection$Response.execute(HttpConnection.java:868)
	at org.jsoup.helper.HttpConnection.execute(HttpConnection.java:366)
	at org.jsoup.helper.HttpConnection.get(HttpConnection.java:351)
	at org.jsoup.integration.SessionTest.testPathScopedCookiesOnRedirect(SessionTest.java:107)
	at java.base/java.lang.reflect.Method.invoke(Method.java:580)
	at java.base/java.util.ArrayList.forEach(ArrayList.java:1597)
	at java.base/java.util.ArrayList.forEach(ArrayList.java:1597)

[ERROR] Tests run: 73, Failures: 0, Errors: 14, Skipped: 0, Time elapsed: 0.835 s <<< FAILURE! -- in org.jsoup.integration.ConnectTest
[ERROR] org.jsoup.integration.ConnectTest.multiCookieSet -- Time elapsed: 0.006 s <<< ERROR!
java.lang.NoSuchMethodError: 'java.net.URL org.jsoup.internal.StringUtil.resolve(java.net.URL, java.lang.String)'
	at org.jsoup.helper.HttpConnection$Response.execute(HttpConnection.java:909)
	at org.jsoup.helper.HttpConnection$Response.execute(HttpConnection.java:868)
	at org.jsoup.helper.HttpConnection.execute(HttpConnection.java:366)
	at org.jsoup.integration.ConnectTest.multiCookieSet(ConnectTest.java:488)
	at java.base/java.lang.reflect.Method.invoke(Method.java:580)
	at java.base/java.util.ArrayList.forEach(ArrayList.java:1597)
	at java.base/java.util.ArrayList.forEach(ArrayList.java:1597)

[ERROR] org.jsoup.integration.ConnectTest.bufferedStreamParserWorksWhenCharsetDetectionFullyReadsResponse -- Time elapsed: 0.004 s <<< ERROR!
java.lang.NoSuchMethodError: 'java.lang.String org.jsoup.internal.StringUtil.resolve(java.lang.String, java.lang.String)'
	at org.jsoup.nodes.Node.absUrl(Node.java:265)
	at org.jsoup.parser.HtmlTreeBuilder.maybeSetBaseUri(HtmlTreeBuilder.java:264)
	at org.jsoup.parser.HtmlTreeBuilderState$4.process(HtmlTreeBuilderState.java:132)
	at org.jsoup.parser.HtmlTreeBuilder.process(HtmlTreeBuilder.java:150)
	at org.jsoup.parser.TreeBuilder.stepParser(TreeBuilder.java:125)
	at org.jsoup.parser.TreeBuilder.runParser(TreeBuilder.java:106)
	at org.jsoup.parser.TreeBuilder.parse(TreeBuilder.java:77)
	at org.jsoup.parser.Parser.parseInput(Parser.java:91)
	at org.jsoup.helper.DataUtil.detectCharset(DataUtil.java:266)
	at org.jsoup.helper.DataUtil.detectCharsetForStreamParser(DataUtil.java:247)
	at org.jsoup.helper.HttpConnection$Response.streamParser(HttpConnection.java:1017)
	at org.jsoup.integration.ConnectTest.bufferedStreamParserWorksWhenCharsetDetectionFullyReadsResponse(ConnectTest.java:444)
	at java.base/java.lang.reflect.Method.invoke(Method.java:580)
	at java.base/java.util.ArrayList.forEach(ArrayList.java:1597)
	at java.base/java.util.ArrayList.forEach(ArrayList.java:1597)

[ERROR] org.jsoup.integration.ConnectTest.formLoginFlow -- Time elapsed: 0.005 s <<< ERROR!
java.lang.NoSuchMethodError: 'java.lang.String org.jsoup.internal.StringUtil.resolve(java.lang.String, java.lang.String)'
	at org.jsoup.nodes.Node.absUrl(Node.java:265)
	at org.jsoup.nodes.FormElement.submit(FormElement.java:81)
	at org.jsoup.integration.ConnectTest.formLoginFlow(ConnectTest.java:903)
	at java.base/java.lang.reflect.Method.invoke(Method.java:580)
	at java.base/java.util.ArrayList.forEach(ArrayList.java:1597)
	at java.base/java.util.ArrayList.forEach(ArrayList.java:1597)

[ERROR] org.jsoup.integration.ConnectTest.postHtmlFile -- Time elapsed: 0.004 s <<< ERROR!
java.lang.NoSuchMethodError: 'java.lang.String org.jsoup.internal.StringUtil.resolve(java.lang.String, java.lang.String)'
	at org.jsoup.nodes.Node.absUrl(Node.java:265)
	at org.jsoup.nodes.FormElement.submit(FormElement.java:81)
	at org.jsoup.integration.ConnectTest.postHtmlFile(ConnectTest.java:734)
	at java.base/java.lang.reflect.Method.invoke(Method.java:580)
	at java.base/java.util.ArrayList.forEach(ArrayList.java:1597)
	at java.base/java.util.ArrayList.forEach(ArrayList.java:1597)

[ERROR] org.jsoup.integration.ConnectTest.handlesRedirect -- Time elapsed: 0.003 s <<< ERROR!
java.lang.NoSuchMethodError: 'java.net.URL org.jsoup.internal.StringUtil.resolve(java.net.URL, java.lang.String)'
	at org.jsoup.helper.HttpConnection$Response.execute(HttpConnection.java:909)
	at org.jsoup.helper.HttpConnection$Response.execute(HttpConnection.java:868)
	at org.jsoup.helper.HttpConnection.execute(HttpConnection.java:366)
	at org.jsoup.helper.HttpConnection.get(HttpConnection.java:351)
	at org.jsoup.integration.ConnectTest.handlesRedirect(ConnectTest.java:560)
	at java.base/java.lang.reflect.Method.invoke(Method.java:580)
	at java.base/java.util.ArrayList.forEach(ArrayList.java:1597)
	at java.base/java.util.ArrayList.forEach(ArrayList.java:1597)

[ERROR] org.jsoup.integration.ConnectTest.formLoginFlow2 -- Time elapsed: 0.004 s <<< ERROR!
java.lang.NoSuchMethodError: 'java.lang.String org.jsoup.internal.StringUtil.resolve(java.lang.String, java.lang.String)'
	at org.jsoup.nodes.Node.absUrl(Node.java:265)
	at org.jsoup.nodes.FormElement.submit(FormElement.java:81)
	at org.jsoup.integration.ConnectTest.formLoginFlow2(ConnectTest.java:937)
	at java.base/java.lang.reflect.Method.invoke(Method.java:580)
	at java.base/java.util.ArrayList.forEach(ArrayList.java:1597)
	at java.base/java.util.ArrayList.forEach(ArrayList.java:1597)

[ERROR] org.jsoup.integration.ConnectTest.willEscapePathInRedirect -- Time elapsed: 0.003 s <<< ERROR!
java.lang.NoSuchMethodError: 'java.net.URL org.jsoup.internal.StringUtil.resolve(java.net.URL, java.lang.String)'
	at org.jsoup.helper.HttpConnection$Response.execute(HttpConnection.java:909)
	at org.jsoup.helper.HttpConnection$Response.execute(HttpConnection.java:868)
	at org.jsoup.helper.HttpConnection.execute(HttpConnection.java:366)
	at org.jsoup.helper.HttpConnection.get(HttpConnection.java:351)
	at org.jsoup.integration.ConnectTest.willEscapePathInRedirect(ConnectTest.java:973)
	at java.base/java.lang.reflect.Method.invoke(Method.java:580)
	at java.base/java.util.ArrayList.forEach(ArrayList.java:1597)
	at java.base/java.util.ArrayList.forEach(ArrayList.java:1597)

[ERROR] org.jsoup.integration.ConnectTest.doesPostFor307 -- Time elapsed: 0.003 s <<< ERROR!
java.lang.NoSuchMethodError: 'java.net.URL org.jsoup.internal.StringUtil.resolve(java.net.URL, java.lang.String)'
	at org.jsoup.helper.HttpConnection$Response.execute(HttpConnection.java:909)
	at org.jsoup.helper.HttpConnection$Response.execute(HttpConnection.java:868)
	at org.jsoup.helper.HttpConnection.execute(HttpConnection.java:366)
	at org.jsoup.helper.HttpConnection.post(HttpConnection.java:359)
	at org.jsoup.integration.ConnectTest.doesPostFor307(ConnectTest.java:596)
	at java.base/java.lang.reflect.Method.invoke(Method.java:580)
	at java.base/java.util.ArrayList.forEach(ArrayList.java:1597)
	at java.base/java.util.ArrayList.forEach(ArrayList.java:1597)

[ERROR] org.jsoup.integration.ConnectTest.baseHrefCorrectAfterHttpEquiv -- Time elapsed: 0.004 s <<< ERROR!
java.lang.NoSuchMethodError: 'java.lang.String org.jsoup.internal.StringUtil.resolve(java.lang.String, java.lang.String)'
	at org.jsoup.nodes.Node.absUrl(Node.java:265)
	at org.jsoup.parser.HtmlTreeBuilder.maybeSetBaseUri(HtmlTreeBuilder.java:264)
	at org.jsoup.parser.HtmlTreeBuilderState$4.process(HtmlTreeBuilderState.java:132)
	at org.jsoup.parser.HtmlTreeBuilder.process(HtmlTreeBuilder.java:150)
	at org.jsoup.parser.TreeBuilder.stepParser(TreeBuilder.java:125)
	at org.jsoup.parser.TreeBuilder.runParser(TreeBuilder.java:106)
	at org.jsoup.parser.TreeBuilder.parse(TreeBuilder.java:77)
	at org.jsoup.parser.Parser.parseInput(Parser.java:91)
	at org.jsoup.helper.DataUtil.detectCharset(DataUtil.java:266)
	at org.jsoup.helper.DataUtil.detectCharset(DataUtil.java:242)
	at org.jsoup.helper.DataUtil.parseInputStream(DataUtil.java:229)
	at org.jsoup.helper.HttpConnection$Response.parse(HttpConnection.java:1007)
	at org.jsoup.integration.ConnectTest.baseHrefCorrectAfterHttpEquiv(ConnectTest.java:835)
	at java.base/java.lang.reflect.Method.invoke(Method.java:580)
	at java.base/java.util.ArrayList.forEach(ArrayList.java:1597)
	at java.base/java.util.ArrayList.forEach(ArrayList.java:1597)

[ERROR] org.jsoup.integration.ConnectTest.bufferedParseWorksWhenCharsetDetectionFullyReadsResponse -- Time elapsed: 0.004 s <<< ERROR!
java.lang.NoSuchMethodError: 'java.lang.String org.jsoup.internal.StringUtil.resolve(java.lang.String, java.lang.String)'
	at org.jsoup.nodes.Node.absUrl(Node.java:265)
	at org.jsoup.parser.HtmlTreeBuilder.maybeSetBaseUri(HtmlTreeBuilder.java:264)
	at org.jsoup.parser.HtmlTreeBuilderState$4.process(HtmlTreeBuilderState.java:132)
	at org.jsoup.parser.HtmlTreeBuilder.process(HtmlTreeBuilder.java:150)
	at org.jsoup.parser.TreeBuilder.stepParser(TreeBuilder.java:125)
	at org.jsoup.parser.TreeBuilder.runParser(TreeBuilder.java:106)
	at org.jsoup.parser.TreeBuilder.parse(TreeBuilder.java:77)
	at org.jsoup.parser.Parser.parseInput(Parser.java:91)
	at org.jsoup.helper.DataUtil.detectCharset(DataUtil.java:266)
	at org.jsoup.helper.DataUtil.detectCharset(DataUtil.java:242)
	at org.jsoup.helper.DataUtil.parseInputStream(DataUtil.java:229)
	at org.jsoup.helper.HttpConnection$Response.parse(HttpConnection.java:1007)
	at org.jsoup.integration.ConnectTest.bufferedParseWorksWhenCharsetDetectionFullyReadsResponse(ConnectTest.java:434)
	at java.base/java.lang.reflect.Method.invoke(Method.java:580)
	at java.base/java.util.ArrayList.forEach(ArrayList.java:1597)
	at java.base/java.util.ArrayList.forEach(ArrayList.java:1597)

[ERROR] org.jsoup.integration.ConnectTest.handlesEmptyRedirect -- Time elapsed: 0.004 s <<< ERROR!
java.lang.NoSuchMethodError: 'java.net.URL org.jsoup.internal.StringUtil.resolve(java.net.URL, java.lang.String)'
	at org.jsoup.helper.HttpConnection$Response.execute(HttpConnection.java:909)
	at org.jsoup.helper.HttpConnection$Response.execute(HttpConnection.java:868)
	at org.jsoup.helper.HttpConnection.execute(HttpConnection.java:366)
	at org.jsoup.integration.ConnectTest.handlesEmptyRedirect(ConnectTest.java:572)
	at java.base/java.lang.reflect.Method.invoke(Method.java:580)
	at java.base/java.util.ArrayList.forEach(ArrayList.java:1597)
	at java.base/java.util.ArrayList.forEach(ArrayList.java:1597)

[ERROR] org.jsoup.integration.ConnectTest.doesNotPostFor302 -- Time elapsed: 0.004 s <<< ERROR!
java.lang.NoSuchMethodError: 'java.net.URL org.jsoup.internal.StringUtil.resolve(java.net.URL, java.lang.String)'
	at org.jsoup.helper.HttpConnection$Response.execute(HttpConnection.java:909)
	at org.jsoup.helper.HttpConnection$Response.execute(HttpConnection.java:868)
	at org.jsoup.helper.HttpConnection.execute(HttpConnection.java:366)
	at org.jsoup.helper.HttpConnection.post(HttpConnection.java:359)
	at org.jsoup.integration.ConnectTest.doesNotPostFor302(ConnectTest.java:584)
	at java.base/java.lang.reflect.Method.invoke(Method.java:580)
	at java.base/java.util.ArrayList.forEach(ArrayList.java:1597)
	at java.base/java.util.ArrayList.forEach(ArrayList.java:1597)

[ERROR] org.jsoup.integration.ConnectTest.secFetchHeadersSurviveRedirect -- Time elapsed: 0.004 s <<< ERROR!
java.lang.NoSuchMethodError: 'java.net.URL org.jsoup.internal.StringUtil.resolve(java.net.URL, java.lang.String)'
	at org.jsoup.helper.HttpConnection$Response.execute(HttpConnection.java:909)
	at org.jsoup.helper.HttpConnection$Response.execute(HttpConnection.java:868)
	at org.jsoup.helper.HttpConnection.execute(HttpConnection.java:366)
	at org.jsoup.helper.HttpConnection.get(HttpConnection.java:351)
	at org.jsoup.integration.ConnectTest.secFetchHeadersSurviveRedirect(ConnectTest.java:212)
	at java.base/java.lang.reflect.Method.invoke(Method.java:580)
	at java.base/java.util.ArrayList.forEach(ArrayList.java:1597)
	at java.base/java.util.ArrayList.forEach(ArrayList.java:1597)

[ERROR] org.jsoup.integration.ConnectTest.requestCookiesSurviveRedirect -- Time elapsed: 0.003 s <<< ERROR!
java.lang.NoSuchMethodError: 'java.net.URL org.jsoup.internal.StringUtil.resolve(java.net.URL, java.lang.String)'
	at org.jsoup.helper.HttpConnection$Response.execute(HttpConnection.java:909)
	at org.jsoup.helper.HttpConnection$Response.execute(HttpConnection.java:868)
	at org.jsoup.helper.HttpConnection.execute(HttpConnection.java:366)
	at org.jsoup.integration.ConnectTest.requestCookiesSurviveRedirect(ConnectTest.java:508)
	at java.base/java.lang.reflect.Method.invoke(Method.java:580)
	at java.base/java.util.ArrayList.forEach(ArrayList.java:1597)
	at java.base/java.util.ArrayList.forEach(ArrayList.java:1597)

[ERROR] Tests run: 8, Failures: 0, Errors: 1, Skipped: 0, Time elapsed: 0.418 s <<< FAILURE! -- in org.jsoup.integration.ProxyTest
[ERROR] org.jsoup.integration.ProxyTest.redirectViaProxy -- Time elapsed: 0.009 s <<< ERROR!
java.lang.NoSuchMethodError: 'java.net.URL org.jsoup.internal.StringUtil.resolve(java.net.URL, java.lang.String)'
	at org.jsoup.helper.HttpConnection$Response.execute(HttpConnection.java:909)
	at org.jsoup.helper.HttpConnection$Response.execute(HttpConnection.java:868)
	at org.jsoup.helper.HttpConnection.execute(HttpConnection.java:366)
	at org.jsoup.integration.ProxyTest.redirectViaProxy(ProxyTest.java:68)
	at java.base/java.lang.reflect.Method.invoke(Method.java:580)
	at java.base/java.util.ArrayList.forEach(ArrayList.java:1597)
	at java.base/java.util.ArrayList.forEach(ArrayList.java:1597)

[ERROR] Failures: 
[ERROR]   CleanerTest.configuredCleanerMayBeSharedAcrossThreads:272 Concurrent cleaner use failed
[ERROR] Errors: 
[ERROR]   DataUtilTest.streamParserWorksWhenCharsetDetectionFullyReadsFile:206 » NoSuchMethod 'java.lang.String org.jsoup.internal.StringUtil.resolve(java.lang.String, java.lang.String)'
[ERROR]   ConnectTest.baseHrefCorrectAfterHttpEquiv:835 » NoSuchMethod 'java.lang.String org.jsoup.internal.StringUtil.resolve(java.lang.String, java.lang.String)'
[ERROR]   ConnectTest.bufferedParseWorksWhenCharsetDetectionFullyReadsResponse:434 » NoSuchMethod 'java.lang.String org.jsoup.internal.StringUtil.resolve(java.lang.String, java.lang.String)'
[ERROR]   ConnectTest.bufferedStreamParserWorksWhenCharsetDetectionFullyReadsResponse:444 » NoSuchMethod 'java.lang.String org.jsoup.internal.StringUtil.resolve(java.lang.String, java.lang.String)'
[ERROR]   ConnectTest.doesNotPostFor302:584 » NoSuchMethod 'java.net.URL org.jsoup.internal.StringUtil.resolve(java.net.URL, java.lang.String)'
[ERROR]   ConnectTest.doesPostFor307:596 » NoSuchMethod 'java.net.URL org.jsoup.internal.StringUtil.resolve(java.net.URL, java.lang.String)'
[ERROR]   ConnectTest.formLoginFlow:903 » NoSuchMethod 'java.lang.String org.jsoup.internal.StringUtil.resolve(java.lang.String, java.lang.String)'
[ERROR]   ConnectTest.formLoginFlow2:937 » NoSuchMethod 'java.lang.String org.jsoup.internal.StringUtil.resolve(java.lang.String, java.lang.String)'
[ERROR]   ConnectTest.handlesEmptyRedirect:572 » NoSuchMethod 'java.net.URL org.jsoup.internal.StringUtil.resolve(java.net.URL, java.lang.String)'
[ERROR]   ConnectTest.handlesRedirect:560 » NoSuchMethod 'java.net.URL org.jsoup.internal.StringUtil.resolve(java.net.URL, java.lang.String)'
[ERROR]   ConnectTest.multiCookieSet:488 » NoSuchMethod 'java.net.URL org.jsoup.internal.StringUtil.resolve(java.net.URL, java.lang.String)'
[ERROR]   ConnectTest.postHtmlFile:734 » NoSuchMethod 'java.lang.String org.jsoup.internal.StringUtil.resolve(java.lang.String, java.lang.String)'
[ERROR]   ConnectTest.requestCookiesSurviveRedirect:508 » NoSuchMethod 'java.net.URL org.jsoup.internal.StringUtil.resolve(java.net.URL, java.lang.String)'
[ERROR]   ConnectTest.secFetchHeadersSurviveRedirect:212 » NoSuchMethod 'java.net.URL org.jsoup.internal.StringUtil.resolve(java.net.URL, java.lang.String)'
[ERROR]   ConnectTest.willEscapePathInRedirect:973 » NoSuchMethod 'java.net.URL org.jsoup.internal.StringUtil.resolve(java.net.URL, java.lang.String)'
[ERROR]   FuzzFixesTest.testHtmlFragmentParse:69 » NoSuchMethod 'java.lang.String org.jsoup.internal.StringUtil.resolve(java.lang.String, java.lang.String)'
[ERROR]   FuzzFixesTest.testHtmlParse:59 » NoSuchMethod 'java.lang.String org.jsoup.internal.StringUtil.resolve(java.lang.String, java.lang.String)'
[ERROR]   HttpClientConnectTest>ConnectTest.baseHrefCorrectAfterHttpEquiv:835 » NoSuchMethod 'java.lang.String org.jsoup.internal.StringUtil.resolve(java.lang.String, java.lang.String)'
[ERROR]   HttpClientConnectTest>ConnectTest.bufferedParseWorksWhenCharsetDetectionFullyReadsResponse:434 » NoSuchMethod 'java.lang.String org.jsoup.internal.StringUtil.resolve(java.lang.String, java.lang.String)'
[ERROR]   HttpClientConnectTest>ConnectTest.bufferedStreamParserWorksWhenCharsetDetectionFullyReadsResponse:444 » NoSuchMethod 'java.lang.String org.jsoup.internal.StringUtil.resolve(java.lang.String, java.lang.String)'
[ERROR]   HttpClientConnectTest>ConnectTest.doesNotPostFor302:584 » NoSuchMethod 'java.net.URL org.jsoup.internal.StringUtil.resolve(java.net.URL, java.lang.String)'
[ERROR]   HttpClientConnectTest>ConnectTest.doesPostFor307:596 » NoSuchMethod 'java.net.URL org.jsoup.internal.StringUtil.resolve(java.net.URL, java.lang.String)'
[ERROR]   HttpClientConnectTest>ConnectTest.formLoginFlow:903 » NoSuchMethod 'java.lang.String org.jsoup.internal.StringUtil.resolve(java.lang.String, java.lang.String)'
[ERROR]   HttpClientConnectTest>ConnectTest.formLoginFlow2:937 » NoSuchMethod 'java.lang.String org.jsoup.internal.StringUtil.resolve(java.lang.String, java.lang.String)'
[ERROR]   HttpClientConnectTest>ConnectTest.handlesEmptyRedirect:572 » NoSuchMethod 'java.net.URL org.jsoup.internal.StringUtil.resolve(java.net.URL, java.lang.String)'
[ERROR]   HttpClientConnectTest>ConnectTest.handlesRedirect:560 » NoSuchMethod 'java.net.URL org.jsoup.internal.StringUtil.resolve(java.net.URL, java.lang.String)'
[ERROR]   HttpClientConnectTest>ConnectTest.multiCookieSet:488 » NoSuchMethod 'java.net.URL org.jsoup.internal.StringUtil.resolve(java.net.URL, java.lang.String)'
[ERROR]   HttpClientConnectTest>ConnectTest.postHtmlFile:734 » NoSuchMethod 'java.lang.String org.jsoup.internal.StringUtil.resolve(java.lang.String, java.lang.String)'
[ERROR]   HttpClientConnectTest>ConnectTest.requestCookiesSurviveRedirect:508 » NoSuchMethod 'java.net.URL org.jsoup.internal.StringUtil.resolve(java.net.URL, java.lang.String)'
[ERROR]   HttpClientConnectTest>ConnectTest.secFetchHeadersSurviveRedirect:212 » NoSuchMethod 'java.net.URL org.jsoup.internal.StringUtil.resolve(java.net.URL, java.lang.String)'
[ERROR]   HttpClientConnectTest>ConnectTest.willEscapePathInRedirect:973 » NoSuchMethod 'java.net.URL org.jsoup.internal.StringUtil.resolve(java.net.URL, java.lang.String)'
[ERROR]   HttpClientSessionTest>SessionTest.testPathScopedCookiesOnRedirect:107 » NoSuchMethod 'java.net.URL org.jsoup.internal.StringUtil.resolve(java.net.URL, java.lang.String)'
[ERROR]   ProxyTest.redirectViaProxy:68 » NoSuchMethod 'java.net.URL org.jsoup.internal.StringUtil.resolve(java.net.URL, java.lang.String)'
[ERROR]   SessionTest.testPathScopedCookiesOnRedirect:107 » NoSuchMethod 'java.net.URL org.jsoup.internal.StringUtil.resolve(java.net.URL, java.lang.String)'
[ERROR]   DocumentTest.testLocation:145 » NoSuchMethod 'java.lang.String org.jsoup.internal.StringUtil.resolve(java.lang.String, java.lang.String)'
[ERROR]   DocumentTest.testOverflowClone:207 » NoSuchMethod 'java.lang.String org.jsoup.internal.StringUtil.resolve(java.lang.String, java.lang.String)'
[ERROR]   ElementTest.testRelativeIdnUrls:1645 » NoSuchMethod 'java.lang.String org.jsoup.internal.StringUtil.resolve(java.lang.String, java.lang.String)'
[ERROR]   ElementTest.testRelativeUrls:1627 » NoSuchMethod 'java.lang.String org.jsoup.internal.StringUtil.resolve(java.lang.String, java.lang.String)'
[ERROR]   FormElementTest.createsSubmitableConnection:76 » NoSuchMethod 'java.lang.String org.jsoup.internal.StringUtil.resolve(java.lang.String, java.lang.String)'
[ERROR]   FormElementTest.formSubmissionCarriesCookiesFromSession:200 » NoSuchMethod 'java.lang.String org.jsoup.internal.StringUtil.resolve(java.lang.String, java.lang.String)'
[ERROR]   NodeTest.absHandlesDotFromIndex:134 » NoSuchMethod 'java.lang.String org.jsoup.internal.StringUtil.resolve(java.lang.String, java.lang.String)'
[ERROR]   NodeTest.absHandlesRelativeQuery:125 » NoSuchMethod 'java.lang.String org.jsoup.internal.StringUtil.resolve(java.lang.String, java.lang.String)'
[ERROR]   NodeTest.handleAbsOnFileUris:91 » NoSuchMethod 'java.lang.String org.jsoup.internal.StringUtil.resolve(java.lang.String, java.lang.String)'
[ERROR]   NodeTest.handleAbsOnLocalhostFileUris:100 » NoSuchMethod 'java.lang.String org.jsoup.internal.StringUtil.resolve(java.lang.String, java.lang.String)'
[ERROR]   NodeTest.handlesAbsOnImage:61 » NoSuchMethod 'java.lang.String org.jsoup.internal.StringUtil.resolve(java.lang.String, java.lang.String)'
[ERROR]   NodeTest.handlesAbsOnProtocolessAbsoluteUris:111 » NoSuchMethod 'java.lang.String org.jsoup.internal.StringUtil.resolve(java.lang.String, java.lang.String)'
[ERROR]   NodeTest.handlesAbsOnUnknownProtocols:145 » NoSuchMethod 'java.lang.String org.jsoup.internal.StringUtil.resolve(java.lang.String, java.lang.String)'
[ERROR]   NodeTest.handlesAbsPrefix:54 » NoSuchMethod 'java.lang.String org.jsoup.internal.StringUtil.resolve(java.lang.String, java.lang.String)'
[ERROR]   NodeTest.handlesAbsPrefixOnHasAttr:71 » NoSuchMethod 'java.lang.String org.jsoup.internal.StringUtil.resolve(java.lang.String, java.lang.String)'
[ERROR]   NodeTest.handlesBaseUri:27 » NoSuchMethod 'java.lang.String org.jsoup.internal.StringUtil.resolve(java.lang.String, java.lang.String)'
[ERROR]   TextNodeTest.leafNodeAttributes:213 » NoSuchMethod 'java.lang.String org.jsoup.internal.StringUtil.resolve(java.lang.String, java.lang.String)'
[ERROR]   HtmlParserTest.handlesBaseTags:324 » NoSuchMethod 'java.lang.String org.jsoup.internal.StringUtil.resolve(java.lang.String, java.lang.String)'
[ERROR]   HtmlParserTest.handlesBaseWithoutHref:603 » NoSuchMethod 'java.lang.String org.jsoup.internal.StringUtil.resolve(java.lang.String, java.lang.String)'
[ERROR]   HtmlParserTest.handlesProtocolRelativeUrl:344 » NoSuchMethod 'java.lang.String org.jsoup.internal.StringUtil.resolve(java.lang.String, java.lang.String)'
[ERROR]   HtmlParserTest.parsesBodyFragment:459 » NoSuchMethod 'java.lang.String org.jsoup.internal.StringUtil.resolve(java.lang.String, java.lang.String)'
[ERROR]   XmlTreeBuilderTest.testSimpleXmlParse:35 » NoSuchMethod 'java.lang.String org.jsoup.internal.StringUtil.resolve(java.lang.String, java.lang.String)'
[ERROR]   XmlTreeBuilderTest.xmlFragment:97 » NoSuchMethod 'java.lang.String org.jsoup.internal.StringUtil.resolve(java.lang.String, java.lang.String)'
[ERROR]   CleanerTest.allAttributes:85 » NoSuchMethod 'java.lang.String org.jsoup.internal.StringUtil.resolve(java.lang.String, java.lang.String)'
[ERROR]   CleanerTest.allPseudoTagProtocolsNormalizeRelativeLinks:314 » NoSuchMethod 'java.lang.String org.jsoup.internal.StringUtil.resolve(java.lang.String, java.lang.String)'
[ERROR]   CleanerTest.basicBehaviourTest:47 » NoSuchMethod 'java.lang.String org.jsoup.internal.StringUtil.resolve(java.lang.String, java.lang.String)'
[ERROR]   CleanerTest.basicWithImagesTest:55 » NoSuchMethod 'java.lang.String org.jsoup.internal.StringUtil.resolve(java.lang.String, java.lang.String)'
[ERROR]   CleanerTest.canonicalizesNofollowEnforcedAttribute:595 » NoSuchMethod 'java.lang.String org.jsoup.internal.StringUtil.resolve(java.lang.String, java.lang.String)'
[ERROR]   CleanerTest.cleanDoesNotModifyInputDocumentWhenResolvingRelativeLinks:290 » NoSuchMethod 'java.lang.String org.jsoup.internal.StringUtil.resolve(java.lang.String, java.lang.String)'
[ERROR]   CleanerTest.cleanerPreservesCaseVariantOfMatchingEnforcedAttribute:479 » NoSuchMethod 'java.lang.String org.jsoup.internal.StringUtil.resolve(java.lang.String, java.lang.String)'
[ERROR]   CleanerTest.dropsConcealedJavascriptProtocolWhenRelativesLinksDisabled:363 » NoSuchMethod 'java.lang.String org.jsoup.internal.StringUtil.resolve(java.lang.String, java.lang.String)'
[ERROR]   CleanerTest.dropsConcealedJavascriptProtocolWhenRelativesLinksEnabled:350 » NoSuchMethod 'java.lang.String org.jsoup.internal.StringUtil.resolve(java.lang.String, java.lang.String)'
[ERROR]   CleanerTest.dropsJavascriptWhenRelativeLinks:343 » NoSuchMethod 'java.lang.String org.jsoup.internal.StringUtil.resolve(java.lang.String, java.lang.String)'
[ERROR]   CleanerTest.dropsUnresolvableRelativeLinks:336 » NoSuchMethod 'java.lang.String org.jsoup.internal.StringUtil.resolve(java.lang.String, java.lang.String)'
[ERROR]   CleanerTest.handlesAttributesWithNoValue:462 » NoSuchMethod 'java.lang.String org.jsoup.internal.StringUtil.resolve(java.lang.String, java.lang.String)'
[ERROR]   CleanerTest.handlesCustomProtocols:370 » NoSuchMethod 'java.lang.String org.jsoup.internal.StringUtil.resolve(java.lang.String, java.lang.String)'
[ERROR]   CleanerTest.handlesNoHrefAttribute:470 » NoSuchMethod 'java.lang.String org.jsoup.internal.StringUtil.resolve(java.lang.String, java.lang.String)'
[ERROR]   CleanerTest.isValidDoesNotModifyInputDocumentWhenResolvingRelativeLinks:301 » NoSuchMethod 'java.lang.String org.jsoup.internal.StringUtil.resolve(java.lang.String, java.lang.String)'
[ERROR]   CleanerTest.nofollowOnlyOnExternalLinks:561 » NoSuchMethod 'java.lang.String org.jsoup.internal.StringUtil.resolve(java.lang.String, java.lang.String)'
[ERROR]   CleanerTest.preservesMatchingSourceNofollowWhenEnforcementSuppressed:602 » NoSuchMethod 'java.lang.String org.jsoup.internal.StringUtil.resolve(java.lang.String, java.lang.String)'
[ERROR]   CleanerTest.preservesRelativeLinksIfConfigured:330 » NoSuchMethod 'java.lang.String org.jsoup.internal.StringUtil.resolve(java.lang.String, java.lang.String)'
[ERROR]   CleanerTest.removeProtocols:97 » NoSuchMethod 'java.lang.String org.jsoup.internal.StringUtil.resolve(java.lang.String, java.lang.String)'
[ERROR]   CleanerTest.resolvesRelativeLinks:282 » NoSuchMethod 'java.lang.String org.jsoup.internal.StringUtil.resolve(java.lang.String, java.lang.String)'
[ERROR]   CleanerTest.safeListedProtocolShouldBeRetained:130 » NoSuchMethod 'java.lang.String org.jsoup.internal.StringUtil.resolve(java.lang.String, java.lang.String)'
[ERROR]   CleanerTest.safeListedProtocolShouldBeRetained:130 » NoSuchMethod 'java.lang.String org.jsoup.internal.StringUtil.resolve(java.lang.String, java.lang.String)'
[ERROR]   CleanerTest.testCleanAnchorProtocol:170 » NoSuchMethod 'java.lang.String org.jsoup.internal.StringUtil.resolve(java.lang.String, java.lang.String)'
[ERROR]   CleanerTest.testCleanJavascriptHref:161 » NoSuchMethod 'java.lang.String org.jsoup.internal.StringUtil.resolve(java.lang.String, java.lang.String)'
[ERROR]   CleanerTest.testDropImageScript:155 » NoSuchMethod 'java.lang.String org.jsoup.internal.StringUtil.resolve(java.lang.String, java.lang.String)'
[ERROR]   CleanerTest.testHandlesEmptyAttributes:195 » NoSuchMethod 'java.lang.String org.jsoup.internal.StringUtil.resolve(java.lang.String, java.lang.String)'
[ERROR]   CleanerTest.testIsValidBodyHtml:209 » NoSuchMethod 'java.lang.String org.jsoup.internal.StringUtil.resolve(java.lang.String, java.lang.String)'
[ERROR]   CleanerTest.testRemoveEnforcedAttributes:107 » NoSuchMethod 'java.lang.String org.jsoup.internal.StringUtil.resolve(java.lang.String, java.lang.String)'
[ERROR]   CleanerTest.testRemoveProtocols:115 » NoSuchMethod 'java.lang.String org.jsoup.internal.StringUtil.resolve(java.lang.String, java.lang.String)'
[ERROR]   SafelistTest.isSafeAttributeDoesNotModifyLiveAttribute:71 » NoSuchMethod 'java.lang.String org.jsoup.internal.StringUtil.resolve(java.lang.String, java.lang.String)'
[ERROR]   SafelistTest.testCopyConstructor_noSideEffectOnProtocols:61 » NoSuchMethod 'java.lang.String org.jsoup.internal.StringUtil.resolve(java.lang.String, java.lang.String)'
[ERROR]   ElementsTest.absAttr:82 » NoSuchMethod 'java.lang.String org.jsoup.internal.StringUtil.resolve(java.lang.String, java.lang.String)'
[ERROR]   ElementsTest.eachAttr:433 » NoSuchMethod 'java.lang.String org.jsoup.internal.StringUtil.resolve(java.lang.String, java.lang.String)'
[ERROR]   ElementsTest.hasAbsAttr:65 » NoSuchMethod 'java.lang.String org.jsoup.internal.StringUtil.resolve(java.lang.String, java.lang.String)'
[ERROR] Tests run: 1970, Failures: 1, Errors: 91, Skipped: 0
[ERROR] Failed to execute goal org.apache.maven.plugins:maven-surefire-plugin:3.5.5:test (default-test) on project jsoup: There are test failures.
[ERROR] 
[ERROR] See /data/henrique/langchain_prototype/new/data/repositories/jsoup/target/surefire-reports for the individual test results.
[ERROR] See dump files (if any exist) [date].dump, [date]-jvmRun[N].dump and [date].dumpstream.
[ERROR] -> [Help 1]
[ERROR] 
[ERROR] To see the full stack trace of the errors, re-run Maven with the -e switch.
[ERROR] Re-run Maven using the -X switch to enable full debug logging.
[ERROR] 
[ERROR] For more information about the errors and possible solutions, please read the following articles:
[ERROR] [Help 1] http://cwiki.apache.org/confluence/display/MAVEN/MojoFailureException
