[ERROR] Tests run: 57, Failures: 0, Errors: 2, Skipped: 0, Time elapsed: 0.263 s <<< FAILURE! -- in org.jsoup.safety.CleanerTest
[ERROR] org.jsoup.safety.CleanerTest.copiesOutputSettings -- Time elapsed: 0.005 s <<< ERROR!
java.lang.NoSuchMethodError: 'org.jsoup.nodes.Document$OutputSettings org.jsoup.nodes.Document$OutputSettings.syntax(org.jsoup.nodes.Document$OutputSettings$Syntax)'
	at org.jsoup.safety.CleanerTest.copiesOutputSettings(CleanerTest.java:501)
	at java.base/java.lang.reflect.Method.invoke(Method.java:580)
	at java.base/java.util.ArrayList.forEach(ArrayList.java:1597)
	at java.base/java.util.ArrayList.forEach(ArrayList.java:1597)

[ERROR] org.jsoup.safety.CleanerTest.supplyOutputSettings -- Time elapsed: 0.001 s <<< ERROR!
java.lang.NoSuchMethodError: 'org.jsoup.nodes.Document$OutputSettings org.jsoup.nodes.Document$OutputSettings.prettyPrint(boolean)'
	at org.jsoup.safety.CleanerTest.supplyOutputSettings(CleanerTest.java:400)
	at java.base/java.lang.reflect.Method.invoke(Method.java:580)
	at java.base/java.util.ArrayList.forEach(ArrayList.java:1597)
	at java.base/java.util.ArrayList.forEach(ArrayList.java:1597)

[ERROR] Tests run: 1, Failures: 0, Errors: 1, Skipped: 0, Time elapsed: 0.005 s <<< FAILURE! -- in org.jsoup.JsoupTest
[ERROR] org.jsoup.JsoupTest.parseWithPath -- Time elapsed: 0.003 s <<< ERROR!
java.lang.NoSuchMethodError: 'org.jsoup.nodes.Document$OutputSettings org.jsoup.nodes.Document$OutputSettings.charset(java.nio.charset.Charset)'
	at org.jsoup.helper.DataUtil.parseInputStream(DataUtil.java:339)
	at org.jsoup.helper.DataUtil.parseInputStream(DataUtil.java:230)
	at org.jsoup.helper.DataUtil.load(DataUtil.java:120)
	at org.jsoup.helper.DataUtil.load(DataUtil.java:102)
	at org.jsoup.Jsoup.parse(Jsoup.java:202)
	at org.jsoup.JsoupTest.parseWithPath(JsoupTest.java:20)
	at java.base/java.lang.reflect.Method.invoke(Method.java:580)
	at java.base/java.util.ArrayList.forEach(ArrayList.java:1597)
	at java.base/java.util.ArrayList.forEach(ArrayList.java:1597)

[ERROR] Tests run: 21, Failures: 0, Errors: 8, Skipped: 0, Time elapsed: 0.035 s <<< FAILURE! -- in org.jsoup.nodes.EntitiesTest
[ERROR] org.jsoup.nodes.EntitiesTest.escapeSupplementaryCharacter -- Time elapsed: 0.002 s <<< ERROR!
java.lang.NoSuchMethodError: 'org.jsoup.nodes.Document$OutputSettings org.jsoup.nodes.Document$OutputSettings.charset(java.lang.String)'
	at org.jsoup.nodes.EntitiesTest.escapeSupplementaryCharacter(EntitiesTest.java:83)
	at java.base/java.lang.reflect.Method.invoke(Method.java:580)
	at java.base/java.util.ArrayList.forEach(ArrayList.java:1597)
	at java.base/java.util.ArrayList.forEach(ArrayList.java:1597)

[ERROR] org.jsoup.nodes.EntitiesTest.escape -- Time elapsed: 0.001 s <<< ERROR!
java.lang.NoSuchMethodError: 'org.jsoup.nodes.Document$OutputSettings org.jsoup.nodes.Document$OutputSettings.charset(java.lang.String)'
	at org.jsoup.nodes.EntitiesTest.escape(EntitiesTest.java:16)
	at java.base/java.lang.reflect.Method.invoke(Method.java:580)
	at java.base/java.util.ArrayList.forEach(ArrayList.java:1597)
	at java.base/java.util.ArrayList.forEach(ArrayList.java:1597)

[ERROR] org.jsoup.nodes.EntitiesTest.alwaysEscapeLtAndGtInAttributeValues -- Time elapsed: 0.002 s <<< ERROR!
java.lang.NoSuchMethodError: 'org.jsoup.nodes.Document$OutputSettings org.jsoup.nodes.Document$OutputSettings.escapeMode(org.jsoup.nodes.Entities$EscapeMode)'
	at org.jsoup.nodes.EntitiesTest.alwaysEscapeLtAndGtInAttributeValues(EntitiesTest.java:162)
	at java.base/java.lang.reflect.Method.invoke(Method.java:580)
	at java.base/java.util.ArrayList.forEach(ArrayList.java:1597)
	at java.base/java.util.ArrayList.forEach(ArrayList.java:1597)

[ERROR] org.jsoup.nodes.EntitiesTest.caseSensitive -- Time elapsed: 0.001 s <<< ERROR!
java.lang.NoSuchMethodError: 'org.jsoup.nodes.Document$OutputSettings org.jsoup.nodes.Document$OutputSettings.charset(java.lang.String)'
	at org.jsoup.nodes.EntitiesTest.caseSensitive(EntitiesTest.java:126)
	at java.base/java.lang.reflect.Method.invoke(Method.java:580)
	at java.base/java.util.ArrayList.forEach(ArrayList.java:1597)
	at java.base/java.util.ArrayList.forEach(ArrayList.java:1597)

[ERROR] org.jsoup.nodes.EntitiesTest.controlCharactersAreEscaped -- Time elapsed: 0.003 s <<< ERROR!
java.lang.NoSuchMethodError: 'org.jsoup.nodes.Document$OutputSettings org.jsoup.nodes.Document$OutputSettings.syntax(org.jsoup.nodes.Document$OutputSettings$Syntax)'
	at org.jsoup.parser.XmlTreeBuilder.initialiseParse(XmlTreeBuilder.java:50)
	at org.jsoup.parser.TreeBuilder.parse(TreeBuilder.java:76)
	at org.jsoup.parser.Parser.parseInput(Parser.java:89)
	at org.jsoup.parser.Parser.parseInput(Parser.java:75)
	at org.jsoup.Jsoup.parse(Jsoup.java:51)
	at org.jsoup.nodes.EntitiesTest.controlCharactersAreEscaped(EntitiesTest.java:176)
	at java.base/java.lang.reflect.Method.invoke(Method.java:580)
	at java.base/java.util.ArrayList.forEach(ArrayList.java:1597)
	at java.base/java.util.ArrayList.forEach(ArrayList.java:1597)

[ERROR] org.jsoup.nodes.EntitiesTest.escapedSupplementary -- Time elapsed: 0.001 s <<< ERROR!
java.lang.NoSuchMethodError: 'org.jsoup.nodes.Document$OutputSettings org.jsoup.nodes.Document$OutputSettings.charset(java.lang.String)'
	at org.jsoup.nodes.EntitiesTest.escapedSupplementary(EntitiesTest.java:45)
	at java.base/java.lang.reflect.Method.invoke(Method.java:580)
	at java.base/java.util.ArrayList.forEach(ArrayList.java:1597)
	at java.base/java.util.ArrayList.forEach(ArrayList.java:1597)

[ERROR] org.jsoup.nodes.EntitiesTest.letterDigitEntities -- Time elapsed: 0.001 s <<< ERROR!
java.lang.NoSuchMethodError: 'org.jsoup.nodes.Document$OutputSettings org.jsoup.nodes.Document$OutputSettings.charset(java.lang.String)'
	at org.jsoup.nodes.EntitiesTest.letterDigitEntities(EntitiesTest.java:142)
	at java.base/java.lang.reflect.Method.invoke(Method.java:580)
	at java.base/java.util.ArrayList.forEach(ArrayList.java:1597)
	at java.base/java.util.ArrayList.forEach(ArrayList.java:1597)

[ERROR] org.jsoup.nodes.EntitiesTest.unescapeMultiChars -- Time elapsed: 0.001 s <<< ERROR!
java.lang.NoSuchMethodError: 'org.jsoup.nodes.Document$OutputSettings org.jsoup.nodes.Document$OutputSettings.charset(java.lang.String)'
	at org.jsoup.nodes.EntitiesTest.unescapeMultiChars(EntitiesTest.java:57)
	at java.base/java.lang.reflect.Method.invoke(Method.java:580)
	at java.base/java.util.ArrayList.forEach(ArrayList.java:1597)
	at java.base/java.util.ArrayList.forEach(ArrayList.java:1597)

[ERROR] Tests run: 37, Failures: 0, Errors: 1, Skipped: 0, Time elapsed: 0.048 s <<< FAILURE! -- in org.jsoup.nodes.NodeTest
[ERROR] org.jsoup.nodes.NodeTest.clonedNodesHaveOwnerDocsAndIndependentSettings -- Time elapsed: 0.001 s <<< ERROR!
java.lang.NoSuchMethodError: 'org.jsoup.nodes.Document$OutputSettings org.jsoup.nodes.Document$OutputSettings.prettyPrint(boolean)'
	at org.jsoup.nodes.NodeTest.clonedNodesHaveOwnerDocsAndIndependentSettings(NodeTest.java:414)
	at java.base/java.lang.reflect.Method.invoke(Method.java:580)
	at java.base/java.util.ArrayList.forEach(ArrayList.java:1597)
	at java.base/java.util.ArrayList.forEach(ArrayList.java:1597)

[ERROR] Tests run: 13, Failures: 0, Errors: 1, Skipped: 0, Time elapsed: 2.024 s <<< FAILURE! -- in org.jsoup.nodes.FormElementTest
[ERROR] org.jsoup.nodes.FormElementTest.formSubmissionCarriesCookiesFromSession -- Time elapsed: 0.582 s <<< ERROR!
java.lang.NoSuchMethodError: 'org.jsoup.nodes.Document$OutputSettings org.jsoup.nodes.Document$OutputSettings.charset(java.nio.charset.Charset)'
	at org.jsoup.helper.DataUtil.parseInputStream(DataUtil.java:339)
	at org.jsoup.helper.DataUtil.parseInputStream(DataUtil.java:230)
	at org.jsoup.helper.HttpConnection$Response.parse(HttpConnection.java:1007)
	at org.jsoup.helper.HttpConnection.get(HttpConnection.java:353)
	at org.jsoup.nodes.FormElementTest.formSubmissionCarriesCookiesFromSession(FormElementTest.java:195)
	at java.base/java.lang.reflect.Method.invoke(Method.java:580)
	at java.base/java.util.ArrayList.forEach(ArrayList.java:1597)
	at java.base/java.util.ArrayList.forEach(ArrayList.java:1597)

[ERROR] Tests run: 7, Failures: 0, Errors: 2, Skipped: 0, Time elapsed: 0.058 s <<< FAILURE! -- in org.jsoup.nodes.PrinterTest
[ERROR] org.jsoup.nodes.PrinterTest.outline -- Time elapsed: 0.029 s <<< ERROR!
java.lang.NoSuchMethodError: 'org.jsoup.nodes.Document$OutputSettings org.jsoup.nodes.Document$OutputSettings.outline(boolean)'
	at org.jsoup.nodes.PrinterTest.outline(PrinterTest.java:44)
	at java.base/java.lang.reflect.Method.invoke(Method.java:580)
	at java.base/java.util.ArrayList.forEach(ArrayList.java:1597)
	at java.base/java.util.ArrayList.forEach(ArrayList.java:1597)

[ERROR] org.jsoup.nodes.PrinterTest.passthru -- Time elapsed: 0.007 s <<< ERROR!
java.lang.NoSuchMethodError: 'org.jsoup.nodes.Document$OutputSettings org.jsoup.nodes.Document$OutputSettings.prettyPrint(boolean)'
	at org.jsoup.nodes.PrinterTest.passthru(PrinterTest.java:32)
	at java.base/java.lang.reflect.Method.invoke(Method.java:580)
	at java.base/java.util.ArrayList.forEach(ArrayList.java:1597)
	at java.base/java.util.ArrayList.forEach(ArrayList.java:1597)

[ERROR] Tests run: 8, Failures: 0, Errors: 2, Skipped: 0, Time elapsed: 0.023 s <<< FAILURE! -- in org.jsoup.nodes.CommentTest
[ERROR] org.jsoup.nodes.CommentTest.testHtmlNoPretty -- Time elapsed: 0.002 s <<< ERROR!
java.lang.NoSuchMethodError: 'org.jsoup.nodes.Document$OutputSettings org.jsoup.nodes.Document$OutputSettings.prettyPrint(boolean)'
	at org.jsoup.nodes.CommentTest.testHtmlNoPretty(CommentTest.java:37)
	at java.base/java.lang.reflect.Method.invoke(Method.java:580)
	at java.base/java.util.ArrayList.forEach(ArrayList.java:1597)
	at java.base/java.util.ArrayList.forEach(ArrayList.java:1597)

[ERROR] org.jsoup.nodes.CommentTest.asXmlDeclaration -- Time elapsed: 0.002 s <<< ERROR!
java.lang.NoSuchMethodError: 'org.jsoup.nodes.Document$OutputSettings org.jsoup.nodes.Document$OutputSettings.syntax(org.jsoup.nodes.Document$OutputSettings$Syntax)'
	at org.jsoup.parser.XmlTreeBuilder.initialiseParse(XmlTreeBuilder.java:50)
	at org.jsoup.parser.TreeBuilder.parseFragment(TreeBuilder.java:82)
	at org.jsoup.parser.Parser.parseFragmentInput(Parser.java:119)
	at org.jsoup.parser.Parser.parseFragmentInput(Parser.java:104)
	at org.jsoup.nodes.Comment.asXmlDeclaration(Comment.java:76)
	at org.jsoup.nodes.CommentTest.asXmlDeclaration(CommentTest.java:76)
	at java.base/java.lang.reflect.Method.invoke(Method.java:580)
	at java.base/java.util.ArrayList.forEach(ArrayList.java:1597)
	at java.base/java.util.ArrayList.forEach(ArrayList.java:1597)

Exception in thread "Thread-11" java.lang.NoSuchMethodError: 'org.jsoup.nodes.Document$OutputSettings org.jsoup.nodes.Document$OutputSettings.charset(java.nio.charset.Charset)'
	at org.jsoup.nodes.DocumentTest.lambda$parseAndHtmlOnDifferentThreads$0(DocumentTest.java:481)
	at java.base/java.lang.Thread.run(Thread.java:1575)
[ERROR] Tests run: 37, Failures: 1, Errors: 12, Skipped: 0, Time elapsed: 1.152 s <<< FAILURE! -- in org.jsoup.nodes.DocumentTest
[ERROR] org.jsoup.nodes.DocumentTest.testOutputEncoding -- Time elapsed: 0.005 s <<< ERROR!
java.lang.NoSuchMethodError: 'org.jsoup.nodes.Document$OutputSettings org.jsoup.nodes.Document$OutputSettings.charset(java.lang.String)'
	at org.jsoup.nodes.DocumentTest.testOutputEncoding(DocumentTest.java:63)
	at java.base/java.lang.reflect.Method.invoke(Method.java:580)
	at java.base/java.util.ArrayList.forEach(ArrayList.java:1597)
	at java.base/java.util.ArrayList.forEach(ArrayList.java:1597)

[ERROR] org.jsoup.nodes.DocumentTest.testHtmlAppendable -- Time elapsed: 0.002 s <<< ERROR!
java.lang.NoSuchMethodError: 'org.jsoup.nodes.Document$OutputSettings org.jsoup.nodes.Document$OutputSettings.prettyPrint(boolean)'
	at org.jsoup.nodes.DocumentTest.testHtmlAppendable(DocumentTest.java:194)
	at java.base/java.lang.reflect.Method.invoke(Method.java:580)
	at java.base/java.util.ArrayList.forEach(ArrayList.java:1597)
	at java.base/java.util.ArrayList.forEach(ArrayList.java:1597)

[ERROR] org.jsoup.nodes.DocumentTest.testLocation -- Time elapsed: 0.010 s <<< ERROR!
java.lang.NoSuchMethodError: 'org.jsoup.nodes.Document$OutputSettings org.jsoup.nodes.Document$OutputSettings.charset(java.nio.charset.Charset)'
	at org.jsoup.helper.DataUtil.parseInputStream(DataUtil.java:339)
	at org.jsoup.helper.DataUtil.parseInputStream(DataUtil.java:230)
	at org.jsoup.helper.DataUtil.load(DataUtil.java:120)
	at org.jsoup.helper.DataUtil.load(DataUtil.java:102)
	at org.jsoup.helper.DataUtil.load(DataUtil.java:69)
	at org.jsoup.Jsoup.parse(Jsoup.java:137)
	at org.jsoup.nodes.DocumentTest.testLocation(DocumentTest.java:145)
	at java.base/java.lang.reflect.Method.invoke(Method.java:580)
	at java.base/java.util.ArrayList.forEach(ArrayList.java:1597)
	at java.base/java.util.ArrayList.forEach(ArrayList.java:1597)

[ERROR] org.jsoup.nodes.DocumentTest.testShiftJisRoundtrip -- Time elapsed: 0.016 s <<< ERROR!
java.lang.NoSuchMethodError: 'org.jsoup.nodes.Document$OutputSettings org.jsoup.nodes.Document$OutputSettings.charset(java.nio.charset.Charset)'
	at org.jsoup.helper.DataUtil.parseInputStream(DataUtil.java:339)
	at org.jsoup.helper.DataUtil.parseInputStream(DataUtil.java:230)
	at org.jsoup.helper.DataUtil.load(DataUtil.java:180)
	at org.jsoup.Jsoup.parse(Jsoup.java:267)
	at org.jsoup.nodes.DocumentTest.testShiftJisRoundtrip(DocumentTest.java:460)
	at java.base/java.lang.reflect.Method.invoke(Method.java:580)
	at java.base/java.util.ArrayList.forEach(ArrayList.java:1597)
	at java.base/java.util.ArrayList.forEach(ArrayList.java:1597)

[ERROR] org.jsoup.nodes.DocumentTest.testXhtmlReferences -- Time elapsed: 0.002 s <<< ERROR!
java.lang.NoSuchMethodError: 'org.jsoup.nodes.Document$OutputSettings org.jsoup.nodes.Document$OutputSettings.escapeMode(org.jsoup.nodes.Entities$EscapeMode)'
	at org.jsoup.nodes.DocumentTest.testXhtmlReferences(DocumentTest.java:73)
	at java.base/java.lang.reflect.Method.invoke(Method.java:580)
	at java.base/java.util.ArrayList.forEach(ArrayList.java:1597)
	at java.base/java.util.ArrayList.forEach(ArrayList.java:1597)

[ERROR] org.jsoup.nodes.DocumentTest.testMetaCharsetUpdateXmlNoCharset -- Time elapsed: 0.001 s <<< ERROR!
java.lang.NoSuchMethodError: 'org.jsoup.nodes.Document$OutputSettings org.jsoup.nodes.Document$OutputSettings.syntax(org.jsoup.nodes.Document$OutputSettings$Syntax)'
	at org.jsoup.nodes.DocumentTest.createXmlDocument(DocumentTest.java:424)
	at org.jsoup.nodes.DocumentTest.testMetaCharsetUpdateXmlNoCharset(DocumentTest.java:381)
	at java.base/java.lang.reflect.Method.invoke(Method.java:580)
	at java.base/java.util.ArrayList.forEach(ArrayList.java:1597)
	at java.base/java.util.ArrayList.forEach(ArrayList.java:1597)

[ERROR] org.jsoup.nodes.DocumentTest.testMetaCharsetUpdateXmlDisabled -- Time elapsed: 0.002 s <<< ERROR!
java.lang.NoSuchMethodError: 'org.jsoup.nodes.Document$OutputSettings org.jsoup.nodes.Document$OutputSettings.syntax(org.jsoup.nodes.Document$OutputSettings$Syntax)'
	at org.jsoup.nodes.DocumentTest.createXmlDocument(DocumentTest.java:424)
	at org.jsoup.nodes.DocumentTest.testMetaCharsetUpdateXmlDisabled(DocumentTest.java:394)
	at java.base/java.lang.reflect.Method.invoke(Method.java:580)
	at java.base/java.util.ArrayList.forEach(ArrayList.java:1597)
	at java.base/java.util.ArrayList.forEach(ArrayList.java:1597)

[ERROR] org.jsoup.nodes.DocumentTest.testMetaCharsetUpdateXmlIso8859 -- Time elapsed: 0.002 s <<< ERROR!
java.lang.NoSuchMethodError: 'org.jsoup.nodes.Document$OutputSettings org.jsoup.nodes.Document$OutputSettings.syntax(org.jsoup.nodes.Document$OutputSettings$Syntax)'
	at org.jsoup.nodes.DocumentTest.createXmlDocument(DocumentTest.java:424)
	at org.jsoup.nodes.DocumentTest.testMetaCharsetUpdateXmlIso8859(DocumentTest.java:366)
	at java.base/java.lang.reflect.Method.invoke(Method.java:580)
	at java.base/java.util.ArrayList.forEach(ArrayList.java:1597)
	at java.base/java.util.ArrayList.forEach(ArrayList.java:1597)

[ERROR] org.jsoup.nodes.DocumentTest.parseAndHtmlOnDifferentThreads -- Time elapsed: 0.017 s <<< FAILURE!
org.opentest4j.AssertionFailedError: expected: <US-ASCII> but was: <UTF-8>
	at org.junit.jupiter.api.AssertionFailureBuilder.build(AssertionFailureBuilder.java:151)
	at org.junit.jupiter.api.AssertionFailureBuilder.buildAndThrow(AssertionFailureBuilder.java:132)
	at org.junit.jupiter.api.AssertEquals.failNotEqual(AssertEquals.java:197)
	at org.junit.jupiter.api.AssertEquals.assertEquals(AssertEquals.java:182)
	at org.junit.jupiter.api.AssertEquals.assertEquals(AssertEquals.java:177)
	at org.junit.jupiter.api.Assertions.assertEquals(Assertions.java:1145)
	at org.jsoup.nodes.DocumentTest.parseAndHtmlOnDifferentThreads(DocumentTest.java:487)
	at java.base/java.lang.reflect.Method.invoke(Method.java:580)
	at java.base/java.util.ArrayList.forEach(ArrayList.java:1597)
	at java.base/java.util.ArrayList.forEach(ArrayList.java:1597)

[ERROR] org.jsoup.nodes.DocumentTest.testMetaCharsetUpdateXmlUtf8 -- Time elapsed: 0.001 s <<< ERROR!
java.lang.NoSuchMethodError: 'org.jsoup.nodes.Document$OutputSettings org.jsoup.nodes.Document$OutputSettings.syntax(org.jsoup.nodes.Document$OutputSettings$Syntax)'
	at org.jsoup.nodes.DocumentTest.createXmlDocument(DocumentTest.java:424)
	at org.jsoup.nodes.DocumentTest.testMetaCharsetUpdateXmlUtf8(DocumentTest.java:351)
	at java.base/java.lang.reflect.Method.invoke(Method.java:580)
	at java.base/java.util.ArrayList.forEach(ArrayList.java:1597)
	at java.base/java.util.ArrayList.forEach(ArrayList.java:1597)

[ERROR] org.jsoup.nodes.DocumentTest.testHtmlAndXmlSyntax -- Time elapsed: 0.005 s <<< ERROR!
java.lang.NoSuchMethodError: 'org.jsoup.nodes.Document$OutputSettings org.jsoup.nodes.Document$OutputSettings.syntax(org.jsoup.nodes.Document$OutputSettings$Syntax)'
	at org.jsoup.nodes.DocumentTest.testHtmlAndXmlSyntax(DocumentTest.java:165)
	at java.base/java.lang.reflect.Method.invoke(Method.java:580)
	at java.base/java.util.ArrayList.forEach(ArrayList.java:1597)
	at java.base/java.util.ArrayList.forEach(ArrayList.java:1597)

[ERROR] org.jsoup.nodes.DocumentTest.testMetaCharsetUpdateXmlDisabledNoChanges -- Time elapsed: 0.004 s <<< ERROR!
java.lang.NoSuchMethodError: 'org.jsoup.nodes.Document$OutputSettings org.jsoup.nodes.Document$OutputSettings.syntax(org.jsoup.nodes.Document$OutputSettings$Syntax)'
	at org.jsoup.nodes.DocumentTest.createXmlDocument(DocumentTest.java:424)
	at org.jsoup.nodes.DocumentTest.testMetaCharsetUpdateXmlDisabledNoChanges(DocumentTest.java:402)
	at java.base/java.lang.reflect.Method.invoke(Method.java:580)
	at java.base/java.util.ArrayList.forEach(ArrayList.java:1597)
	at java.base/java.util.ArrayList.forEach(ArrayList.java:1597)

[ERROR] org.jsoup.nodes.DocumentTest.charsetOnEmptyDoc -- Time elapsed: 0.001 s <<< ERROR!
java.lang.NoSuchMethodError: 'org.jsoup.nodes.Document$OutputSettings org.jsoup.nodes.Document$OutputSettings.syntax(org.jsoup.nodes.Document$OutputSettings$Syntax)'
	at org.jsoup.nodes.DocumentTest.charsetOnEmptyDoc(DocumentTest.java:438)
	at java.base/java.lang.reflect.Method.invoke(Method.java:580)
	at java.base/java.util.ArrayList.forEach(ArrayList.java:1597)
	at java.base/java.util.ArrayList.forEach(ArrayList.java:1597)

[ERROR] Tests run: 6, Failures: 0, Errors: 1, Skipped: 0, Time elapsed: 0.027 s <<< FAILURE! -- in org.jsoup.nodes.DocumentTypeTest
[ERROR] org.jsoup.nodes.DocumentTypeTest.testRoundTrip -- Time elapsed: 0.002 s <<< ERROR!
java.lang.NoSuchMethodError: 'org.jsoup.nodes.Document$OutputSettings org.jsoup.nodes.Document$OutputSettings.syntax(org.jsoup.nodes.Document$OutputSettings$Syntax)'
	at org.jsoup.parser.XmlTreeBuilder.initialiseParse(XmlTreeBuilder.java:50)
	at org.jsoup.parser.TreeBuilder.parse(TreeBuilder.java:76)
	at org.jsoup.parser.Parser.parseInput(Parser.java:89)
	at org.jsoup.parser.Parser.parseInput(Parser.java:75)
	at org.jsoup.Jsoup.parse(Jsoup.java:51)
	at org.jsoup.nodes.DocumentTypeTest.xmlOutput(DocumentTypeTest.java:81)
	at org.jsoup.nodes.DocumentTypeTest.testRoundTrip(DocumentTypeTest.java:51)
	at java.base/java.lang.reflect.Method.invoke(Method.java:580)
	at java.base/java.util.ArrayList.forEach(ArrayList.java:1597)
	at java.base/java.util.ArrayList.forEach(ArrayList.java:1597)

[ERROR] Tests run: 264, Failures: 0, Errors: 21, Skipped: 0, Time elapsed: 1.913 s <<< FAILURE! -- in org.jsoup.nodes.ElementTest
[ERROR] org.jsoup.nodes.ElementTest.testFormatOutline -- Time elapsed: 0.010 s <<< ERROR!
java.lang.NoSuchMethodError: 'org.jsoup.nodes.Document$OutputSettings org.jsoup.nodes.Document$OutputSettings.outline(boolean)'
	at org.jsoup.nodes.ElementTest.testFormatOutline(ElementTest.java:534)
	at java.base/java.lang.reflect.Method.invoke(Method.java:580)
	at java.base/java.util.ArrayList.forEach(ArrayList.java:1597)
	at java.base/java.util.ArrayList.forEach(ArrayList.java:1597)

[ERROR] org.jsoup.nodes.ElementTest.elementBrText -- Time elapsed: 0.005 s <<< ERROR!
java.lang.NoSuchMethodError: 'org.jsoup.nodes.Document$OutputSettings org.jsoup.nodes.Document$OutputSettings.prettyPrint(boolean)'
	at org.jsoup.nodes.ElementTest.elementBrText(ElementTest.java:2621)
	at java.base/java.lang.reflect.Method.invoke(Method.java:580)
	at java.base/java.util.ArrayList.forEach(ArrayList.java:1597)
	at java.base/java.util.ArrayList.forEach(ArrayList.java:1597)

[ERROR] org.jsoup.nodes.ElementTest.testHtmlContainsOuter -- Time elapsed: 0.001 s <<< ERROR!
java.lang.NoSuchMethodError: 'org.jsoup.nodes.Document$OutputSettings org.jsoup.nodes.Document$OutputSettings.indentAmount(int)'
	at org.jsoup.nodes.ElementTest.testHtmlContainsOuter(ElementTest.java:1220)
	at java.base/java.lang.reflect.Method.invoke(Method.java:580)
	at java.base/java.util.ArrayList.forEach(ArrayList.java:1597)
	at java.base/java.util.ArrayList.forEach(ArrayList.java:1597)

[ERROR] org.jsoup.nodes.ElementTest.htmlToXmlNormalizes -- Time elapsed: 0.007 s <<< ERROR!
java.lang.NoSuchMethodError: 'org.jsoup.nodes.Document$OutputSettings org.jsoup.nodes.Document$OutputSettings.prettyPrint(boolean)'
	at org.jsoup.nodes.ElementTest.htmlToXmlNormalizes(ElementTest.java:3341)
	at java.base/java.lang.reflect.Method.invoke(Method.java:580)
	at java.base/java.util.ArrayList.forEach(ArrayList.java:1597)
	at java.base/java.util.ArrayList.forEach(ArrayList.java:1597)

[ERROR] org.jsoup.nodes.ElementTest.cloneRetainsParser -- Time elapsed: 0.001 s <<< ERROR!
java.lang.NoSuchMethodError: 'org.jsoup.nodes.Document$OutputSettings org.jsoup.nodes.Document$OutputSettings.syntax(org.jsoup.nodes.Document$OutputSettings$Syntax)'
	at org.jsoup.parser.XmlTreeBuilder.initialiseParse(XmlTreeBuilder.java:50)
	at org.jsoup.parser.TreeBuilder.parse(TreeBuilder.java:76)
	at org.jsoup.parser.Parser.parseInput(Parser.java:89)
	at org.jsoup.parser.Parser.parseInput(Parser.java:75)
	at org.jsoup.Jsoup.parse(Jsoup.java:65)
	at org.jsoup.nodes.ElementTest.cloneRetainsParser(ElementTest.java:1180)
	at java.base/java.lang.reflect.Method.invoke(Method.java:580)
	at java.base/java.util.ArrayList.forEach(ArrayList.java:1597)
	at java.base/java.util.ArrayList.forEach(ArrayList.java:1597)

[ERROR] org.jsoup.nodes.ElementTest.datanodesOutputCdataInXhtml -- Time elapsed: 0.002 s <<< ERROR!
java.lang.NoSuchMethodError: 'org.jsoup.nodes.Document$OutputSettings org.jsoup.nodes.Document$OutputSettings.syntax(org.jsoup.nodes.Document$OutputSettings$Syntax)'
	at org.jsoup.nodes.ElementTest.datanodesOutputCdataInXhtml(ElementTest.java:3135)
	at java.base/java.lang.reflect.Method.invoke(Method.java:580)
	at java.base/java.util.ArrayList.forEach(ArrayList.java:1597)
	at java.base/java.util.ArrayList.forEach(ArrayList.java:1597)

[ERROR] org.jsoup.nodes.ElementTest.datanodesOutputExistingCdataInXhtml -- Time elapsed: 0.001 s <<< ERROR!
java.lang.NoSuchMethodError: 'org.jsoup.nodes.Document$OutputSettings org.jsoup.nodes.Document$OutputSettings.syntax(org.jsoup.nodes.Document$OutputSettings$Syntax)'
	at org.jsoup.nodes.ElementTest.datanodesOutputExistingCdataInXhtml(ElementTest.java:3168)
	at java.base/java.lang.reflect.Method.invoke(Method.java:580)
	at java.base/java.util.ArrayList.forEach(ArrayList.java:1597)
	at java.base/java.util.ArrayList.forEach(ArrayList.java:1597)

[ERROR] org.jsoup.nodes.ElementTest.prettySerializationRoundTrips(OutputSettings) -- Time elapsed: 0.007 s <<< ERROR!
java.lang.NoSuchMethodError: 'org.jsoup.nodes.Document$OutputSettings org.jsoup.nodes.Document$OutputSettings.prettyPrint(boolean)'
	at org.jsoup.nodes.ElementTest.testOutputSettings(ElementTest.java:2579)
	at java.base/java.lang.reflect.Method.invoke(Method.java:580)
	at java.base/java.util.stream.ReferencePipeline$3$1.accept(ReferencePipeline.java:215)
	at java.base/java.util.stream.ReferencePipeline$3$1.accept(ReferencePipeline.java:215)
	at java.base/java.util.stream.ReferencePipeline$3$1.accept(ReferencePipeline.java:215)
	at java.base/java.util.Spliterators$ArraySpliterator.forEachRemaining(Spliterators.java:1024)
	at java.base/java.util.stream.AbstractPipeline.copyInto(AbstractPipeline.java:570)
	at java.base/java.util.stream.AbstractPipeline.wrapAndCopyInto(AbstractPipeline.java:560)
	at java.base/java.util.stream.ForEachOps$ForEachOp.evaluateSequential(ForEachOps.java:151)
	at java.base/java.util.stream.ForEachOps$ForEachOp$OfRef.evaluateSequential(ForEachOps.java:174)
	at java.base/java.util.stream.AbstractPipeline.evaluate(AbstractPipeline.java:265)
	at java.base/java.util.stream.ReferencePipeline.forEach(ReferencePipeline.java:636)
	at java.base/java.util.stream.ReferencePipeline$7$1FlatMap.accept(ReferencePipeline.java:294)
	at java.base/java.util.ArrayList$ArrayListSpliterator.forEachRemaining(ArrayList.java:1709)
	at java.base/java.util.stream.AbstractPipeline.copyInto(AbstractPipeline.java:570)
	at java.base/java.util.stream.AbstractPipeline.wrapAndCopyInto(AbstractPipeline.java:560)
	at java.base/java.util.stream.ForEachOps$ForEachOp.evaluateSequential(ForEachOps.java:151)
	at java.base/java.util.stream.ForEachOps$ForEachOp$OfRef.evaluateSequential(ForEachOps.java:174)
	at java.base/java.util.stream.AbstractPipeline.evaluate(AbstractPipeline.java:265)
	at java.base/java.util.stream.ReferencePipeline.forEach(ReferencePipeline.java:636)
	at java.base/java.util.stream.ReferencePipeline$7$1FlatMap.accept(ReferencePipeline.java:294)
	at java.base/java.util.stream.ReferencePipeline$3$1.accept(ReferencePipeline.java:215)
	at java.base/java.util.stream.ReferencePipeline$3$1.accept(ReferencePipeline.java:215)
	at java.base/java.util.stream.ReferencePipeline$3$1.accept(ReferencePipeline.java:215)
	at java.base/java.util.ArrayList$ArrayListSpliterator.forEachRemaining(ArrayList.java:1709)
	at java.base/java.util.stream.AbstractPipeline.copyInto(AbstractPipeline.java:570)
	at java.base/java.util.stream.AbstractPipeline.wrapAndCopyInto(AbstractPipeline.java:560)
	at java.base/java.util.stream.ForEachOps$ForEachOp.evaluateSequential(ForEachOps.java:151)
	at java.base/java.util.stream.ForEachOps$ForEachOp$OfRef.evaluateSequential(ForEachOps.java:174)
	at java.base/java.util.stream.AbstractPipeline.evaluate(AbstractPipeline.java:265)
	at java.base/java.util.stream.ReferencePipeline.forEach(ReferencePipeline.java:636)
	at java.base/java.util.ArrayList.forEach(ArrayList.java:1597)
	at java.base/java.util.ArrayList.forEach(ArrayList.java:1597)

[ERROR] org.jsoup.nodes.ElementTest.invalidCharactersDiscardedInXml -- Time elapsed: 0.001 s <<< ERROR!
java.lang.NoSuchMethodError: 'org.jsoup.nodes.Document$OutputSettings org.jsoup.nodes.Document$OutputSettings.syntax(org.jsoup.nodes.Document$OutputSettings$Syntax)'
	at org.jsoup.nodes.ElementTest.invalidCharactersDiscardedInXml(ElementTest.java:3354)
	at java.base/java.lang.reflect.Method.invoke(Method.java:580)
	at java.base/java.util.ArrayList.forEach(ArrayList.java:1597)
	at java.base/java.util.ArrayList.forEach(ArrayList.java:1597)

[ERROR] org.jsoup.nodes.ElementTest.clonedElementsHaveOwnerDocsAndIndependentSettings -- Time elapsed: 0.001 s <<< ERROR!
java.lang.NoSuchMethodError: 'org.jsoup.nodes.Document$OutputSettings org.jsoup.nodes.Document$OutputSettings.prettyPrint(boolean)'
	at org.jsoup.nodes.ElementTest.clonedElementsHaveOwnerDocsAndIndependentSettings(ElementTest.java:2556)
	at java.base/java.lang.reflect.Method.invoke(Method.java:580)
	at java.base/java.util.ArrayList.forEach(ArrayList.java:1597)
	at java.base/java.util.ArrayList.forEach(ArrayList.java:1597)

[ERROR] org.jsoup.nodes.ElementTest.doctypeIsPrettyPrinted -- Time elapsed: 0.001 s <<< ERROR!
java.lang.NoSuchMethodError: 'org.jsoup.nodes.Document$OutputSettings org.jsoup.nodes.Document$OutputSettings.prettyPrint(boolean)'
	at org.jsoup.nodes.ElementTest.doctypeIsPrettyPrinted(ElementTest.java:2771)
	at java.base/java.lang.reflect.Method.invoke(Method.java:580)
	at java.base/java.util.ArrayList.forEach(ArrayList.java:1597)
	at java.base/java.util.ArrayList.forEach(ArrayList.java:1597)

[ERROR] org.jsoup.nodes.ElementTest.preformatFlowsToChildTextNodes -- Time elapsed: 0.002 s <<< ERROR!
java.lang.NoSuchMethodError: 'org.jsoup.nodes.Document$OutputSettings org.jsoup.nodes.Document$OutputSettings.indentAmount(int)'
	at org.jsoup.nodes.ElementTest.preformatFlowsToChildTextNodes(ElementTest.java:2654)
	at java.base/java.lang.reflect.Method.invoke(Method.java:580)
	at java.base/java.util.ArrayList.forEach(ArrayList.java:1597)
	at java.base/java.util.ArrayList.forEach(ArrayList.java:1597)

[ERROR] org.jsoup.nodes.ElementTest.testPrettyAndOutlineWithEnDashBody -- Time elapsed: 0.001 s <<< ERROR!
java.lang.NoSuchMethodError: 'org.jsoup.nodes.Document$OutputSettings org.jsoup.nodes.Document$OutputSettings.outline(boolean)'
	at org.jsoup.nodes.ElementTest.testPrettyAndOutlineWithEnDashBody(ElementTest.java:602)
	at java.base/java.lang.reflect.Method.invoke(Method.java:580)
	at java.base/java.util.ArrayList.forEach(ArrayList.java:1597)
	at java.base/java.util.ArrayList.forEach(ArrayList.java:1597)

[ERROR] org.jsoup.nodes.ElementTest.testNotPrettyWithEnDashBody -- Time elapsed: 0.001 s <<< ERROR!
java.lang.NoSuchMethodError: 'org.jsoup.nodes.Document$OutputSettings org.jsoup.nodes.Document$OutputSettings.prettyPrint(boolean)'
	at org.jsoup.nodes.ElementTest.testNotPrettyWithEnDashBody(ElementTest.java:585)
	at java.base/java.lang.reflect.Method.invoke(Method.java:580)
	at java.base/java.util.ArrayList.forEach(ArrayList.java:1597)
	at java.base/java.util.ArrayList.forEach(ArrayList.java:1597)

[ERROR] org.jsoup.nodes.ElementTest.testSetIndent -- Time elapsed: 0.001 s <<< ERROR!
java.lang.NoSuchMethodError: 'org.jsoup.nodes.Document$OutputSettings org.jsoup.nodes.Document$OutputSettings.indentAmount(int)'
	at org.jsoup.nodes.ElementTest.testSetIndent(ElementTest.java:541)
	at java.base/java.lang.reflect.Method.invoke(Method.java:580)
	at java.base/java.util.ArrayList.forEach(ArrayList.java:1597)
	at java.base/java.util.ArrayList.forEach(ArrayList.java:1597)

[ERROR] org.jsoup.nodes.ElementTest.testNormalizesInvisiblesInText -- Time elapsed: 0.001 s <<< ERROR!
java.lang.NoSuchMethodError: 'org.jsoup.nodes.Document$OutputSettings org.jsoup.nodes.Document$OutputSettings.charset(java.lang.String)'
	at org.jsoup.nodes.ElementTest.testNormalizesInvisiblesInText(ElementTest.java:1973)
	at java.base/java.lang.reflect.Method.invoke(Method.java:580)
	at java.base/java.util.ArrayList.forEach(ArrayList.java:1597)
	at java.base/java.util.ArrayList.forEach(ArrayList.java:1597)

[ERROR] org.jsoup.nodes.ElementTest.prettyPrintScriptsDoesNotGrowOnRepeat -- Time elapsed: 0.001 s <<< ERROR!
java.lang.NoSuchMethodError: 'org.jsoup.nodes.Document$OutputSettings org.jsoup.nodes.Document$OutputSettings.prettyPrint(boolean)'
	at org.jsoup.nodes.ElementTest.prettyPrintScriptsDoesNotGrowOnRepeat(ElementTest.java:2605)
	at java.base/java.lang.reflect.Method.invoke(Method.java:580)
	at java.base/java.util.ArrayList.forEach(ArrayList.java:1597)
	at java.base/java.util.ArrayList.forEach(ArrayList.java:1597)

[ERROR] org.jsoup.nodes.ElementTest.testIndentLevel -- Time elapsed: 0.002 s <<< ERROR!
java.lang.NoSuchMethodError: 'org.jsoup.nodes.Document$OutputSettings org.jsoup.nodes.Document$OutputSettings.maxPaddingWidth(int)'
	at org.jsoup.nodes.ElementTest.testIndentLevel(ElementTest.java:560)
	at java.base/java.lang.reflect.Method.invoke(Method.java:580)
	at java.base/java.util.ArrayList.forEach(ArrayList.java:1597)
	at java.base/java.util.ArrayList.forEach(ArrayList.java:1597)

[ERROR] org.jsoup.nodes.ElementTest.xmlSyntaxSetsEscapeMode -- Time elapsed: 0.005 s <<< ERROR!
java.lang.NoSuchMethodError: 'org.jsoup.nodes.Document$OutputSettings org.jsoup.nodes.Document$OutputSettings.charset(java.lang.String)'
	at org.jsoup.nodes.ElementTest.xmlSyntaxSetsEscapeMode(ElementTest.java:3277)
	at java.base/java.lang.reflect.Method.invoke(Method.java:580)
	at java.base/java.util.ArrayList.forEach(ArrayList.java:1597)
	at java.base/java.util.ArrayList.forEach(ArrayList.java:1597)

[ERROR] org.jsoup.nodes.ElementTest.testNotPretty -- Time elapsed: 0.001 s <<< ERROR!
java.lang.NoSuchMethodError: 'org.jsoup.nodes.Document$OutputSettings org.jsoup.nodes.Document$OutputSettings.prettyPrint(boolean)'
	at org.jsoup.nodes.ElementTest.testNotPretty(ElementTest.java:574)
	at java.base/java.lang.reflect.Method.invoke(Method.java:580)
	at java.base/java.util.ArrayList.forEach(ArrayList.java:1597)
	at java.base/java.util.ArrayList.forEach(ArrayList.java:1597)

[ERROR] org.jsoup.nodes.ElementTest.testScriptTextHtmlSetAsData -- Time elapsed: 0.002 s <<< ERROR!
java.lang.NoSuchMethodError: 'org.jsoup.nodes.Document$OutputSettings org.jsoup.nodes.Document$OutputSettings.syntax(org.jsoup.nodes.Document$OutputSettings$Syntax)'
	at org.jsoup.parser.XmlTreeBuilder.initialiseParse(XmlTreeBuilder.java:50)
	at org.jsoup.parser.TreeBuilder.parse(TreeBuilder.java:76)
	at org.jsoup.parser.Parser.parseInput(Parser.java:89)
	at org.jsoup.parser.Parser.parseInput(Parser.java:75)
	at org.jsoup.nodes.ElementTest.testScriptTextHtmlSetAsData(ElementTest.java:2371)
	at java.base/java.lang.reflect.Method.invoke(Method.java:580)
	at java.base/java.util.ArrayList.forEach(ArrayList.java:1597)
	at java.base/java.util.ArrayList.forEach(ArrayList.java:1597)

[ERROR] Tests run: 7, Failures: 0, Errors: 7, Skipped: 0, Time elapsed: 0.013 s <<< FAILURE! -- in org.jsoup.nodes.DataNodeTest
[ERROR] org.jsoup.nodes.DataNodeTest.xmlOutputOtherWithoutCData -- Time elapsed: 0.002 s <<< ERROR!
java.lang.NoSuchMethodError: 'org.jsoup.nodes.Document$OutputSettings org.jsoup.nodes.Document$OutputSettings.syntax(org.jsoup.nodes.Document$OutputSettings$Syntax)'
	at org.jsoup.nodes.DataNodeTest.xmlOutputOtherWithoutCData(DataNodeTest.java:64)
	at java.base/java.lang.reflect.Method.invoke(Method.java:580)
	at java.base/java.util.ArrayList.forEach(ArrayList.java:1597)
	at java.base/java.util.ArrayList.forEach(ArrayList.java:1597)

[ERROR] org.jsoup.nodes.DataNodeTest.xmlOutputStyleWithoutCData -- Time elapsed: 0.003 s <<< ERROR!
java.lang.NoSuchMethodError: 'org.jsoup.nodes.Document$OutputSettings org.jsoup.nodes.Document$OutputSettings.syntax(org.jsoup.nodes.Document$OutputSettings$Syntax)'
	at org.jsoup.nodes.DataNodeTest.xmlOutputStyleWithoutCData(DataNodeTest.java:46)
	at java.base/java.lang.reflect.Method.invoke(Method.java:580)
	at java.base/java.util.ArrayList.forEach(ArrayList.java:1597)
	at java.base/java.util.ArrayList.forEach(ArrayList.java:1597)

[ERROR] org.jsoup.nodes.DataNodeTest.xmlOutputStyleWithCData -- Time elapsed: 0.001 s <<< ERROR!
java.lang.NoSuchMethodError: 'org.jsoup.nodes.Document$OutputSettings org.jsoup.nodes.Document$OutputSettings.syntax(org.jsoup.nodes.Document$OutputSettings$Syntax)'
	at org.jsoup.nodes.DataNodeTest.xmlOutputStyleWithCData(DataNodeTest.java:37)
	at java.base/java.lang.reflect.Method.invoke(Method.java:580)
	at java.base/java.util.ArrayList.forEach(ArrayList.java:1597)
	at java.base/java.util.ArrayList.forEach(ArrayList.java:1597)

[ERROR] org.jsoup.nodes.DataNodeTest.xmlOutputScriptWithCData -- Time elapsed: 0 s <<< ERROR!
java.lang.NoSuchMethodError: 'org.jsoup.nodes.Document$OutputSettings org.jsoup.nodes.Document$OutputSettings.syntax(org.jsoup.nodes.Document$OutputSettings$Syntax)'
	at org.jsoup.nodes.DataNodeTest.xmlOutputScriptWithCData(DataNodeTest.java:19)
	at java.base/java.lang.reflect.Method.invoke(Method.java:580)
	at java.base/java.util.ArrayList.forEach(ArrayList.java:1597)
	at java.base/java.util.ArrayList.forEach(ArrayList.java:1597)

[ERROR] org.jsoup.nodes.DataNodeTest.xmlOutputOrphanWithoutCData -- Time elapsed: 0.001 s <<< ERROR!
java.lang.NoSuchMethodError: 'org.jsoup.nodes.Document$OutputSettings org.jsoup.nodes.Document$OutputSettings.syntax(org.jsoup.nodes.Document$OutputSettings$Syntax)'
	at org.jsoup.nodes.DataNodeTest.xmlOutputOrphanWithoutCData(DataNodeTest.java:72)
	at java.base/java.lang.reflect.Method.invoke(Method.java:580)
	at java.base/java.util.ArrayList.forEach(ArrayList.java:1597)
	at java.base/java.util.ArrayList.forEach(ArrayList.java:1597)

[ERROR] org.jsoup.nodes.DataNodeTest.xmlOutputOtherWithCData -- Time elapsed: 0.001 s <<< ERROR!
java.lang.NoSuchMethodError: 'org.jsoup.nodes.Document$OutputSettings org.jsoup.nodes.Document$OutputSettings.syntax(org.jsoup.nodes.Document$OutputSettings$Syntax)'
	at org.jsoup.nodes.DataNodeTest.xmlOutputOtherWithCData(DataNodeTest.java:55)
	at java.base/java.lang.reflect.Method.invoke(Method.java:580)
	at java.base/java.util.ArrayList.forEach(ArrayList.java:1597)
	at java.base/java.util.ArrayList.forEach(ArrayList.java:1597)

[ERROR] org.jsoup.nodes.DataNodeTest.xmlOutputScriptWithoutCData -- Time elapsed: 0 s <<< ERROR!
java.lang.NoSuchMethodError: 'org.jsoup.nodes.Document$OutputSettings org.jsoup.nodes.Document$OutputSettings.syntax(org.jsoup.nodes.Document$OutputSettings$Syntax)'
	at org.jsoup.nodes.DataNodeTest.xmlOutputScriptWithoutCData(DataNodeTest.java:28)
	at java.base/java.lang.reflect.Method.invoke(Method.java:580)
	at java.base/java.util.ArrayList.forEach(ArrayList.java:1597)
	at java.base/java.util.ArrayList.forEach(ArrayList.java:1597)

[ERROR] Tests run: 25, Failures: 0, Errors: 7, Skipped: 0, Time elapsed: 0.464 s <<< FAILURE! -- in org.jsoup.helper.W3CDomTest
[ERROR] org.jsoup.helper.W3CDomTest.explicitXmlNamespacesRoundTripThroughW3cDom -- Time elapsed: 0.001 s <<< ERROR!
java.lang.NoSuchMethodError: 'org.jsoup.nodes.Document$OutputSettings org.jsoup.nodes.Document$OutputSettings.syntax(org.jsoup.nodes.Document$OutputSettings$Syntax)'
	at org.jsoup.parser.XmlTreeBuilder.initialiseParse(XmlTreeBuilder.java:50)
	at org.jsoup.parser.TreeBuilder.parse(TreeBuilder.java:76)
	at org.jsoup.parser.Parser.parseInput(Parser.java:89)
	at org.jsoup.parser.Parser.parseInput(Parser.java:75)
	at org.jsoup.Jsoup.parse(Jsoup.java:51)
	at org.jsoup.helper.W3CDomTest.explicitXmlNamespacesRoundTripThroughW3cDom(W3CDomTest.java:174)
	at java.base/java.lang.reflect.Method.invoke(Method.java:580)
	at java.base/java.util.ArrayList.forEach(ArrayList.java:1597)
	at java.base/java.util.ArrayList.forEach(ArrayList.java:1597)

[ERROR] org.jsoup.helper.W3CDomTest.namespacePreservation -- Time elapsed: 0.005 s <<< ERROR!
java.lang.NoSuchMethodError: 'org.jsoup.nodes.Document$OutputSettings org.jsoup.nodes.Document$OutputSettings.syntax(org.jsoup.nodes.Document$OutputSettings$Syntax)'
	at org.jsoup.parser.XmlTreeBuilder.initialiseParse(XmlTreeBuilder.java:50)
	at org.jsoup.parser.TreeBuilder.parse(TreeBuilder.java:76)
	at org.jsoup.parser.Parser.parseInput(Parser.java:89)
	at org.jsoup.helper.DataUtil.parseInputStream(DataUtil.java:334)
	at org.jsoup.helper.DataUtil.parseInputStream(DataUtil.java:230)
	at org.jsoup.helper.DataUtil.load(DataUtil.java:120)
	at org.jsoup.helper.DataUtil.load(DataUtil.java:87)
	at org.jsoup.Jsoup.parse(Jsoup.java:186)
	at org.jsoup.helper.W3CDomTest.namespacePreservation(W3CDomTest.java:92)
	at java.base/java.lang.reflect.Method.invoke(Method.java:580)
	at java.base/java.util.ArrayList.forEach(ArrayList.java:1597)
	at java.base/java.util.ArrayList.forEach(ArrayList.java:1597)

[ERROR] org.jsoup.helper.W3CDomTest.doesNotExpandEntities(Parser)[2] -- Time elapsed: 0.001 s <<< ERROR!
java.lang.NoSuchMethodError: 'org.jsoup.nodes.Document$OutputSettings org.jsoup.nodes.Document$OutputSettings.syntax(org.jsoup.nodes.Document$OutputSettings$Syntax)'
	at org.jsoup.parser.XmlTreeBuilder.initialiseParse(XmlTreeBuilder.java:50)
	at org.jsoup.parser.TreeBuilder.parse(TreeBuilder.java:76)
	at org.jsoup.parser.Parser.parseInput(Parser.java:89)
	at org.jsoup.parser.Parser.parseInput(Parser.java:75)
	at org.jsoup.Jsoup.parse(Jsoup.java:65)
	at org.jsoup.helper.W3CDomTest.doesNotExpandEntities(W3CDomTest.java:521)
	at java.base/java.lang.reflect.Method.invoke(Method.java:580)
	at java.base/java.util.Optional.ifPresent(Optional.java:178)
	at java.base/java.util.stream.ForEachOps$ForEachOp$OfRef.accept(ForEachOps.java:184)
	at java.base/java.util.stream.ReferencePipeline$3$1.accept(ReferencePipeline.java:215)
	at java.base/java.util.stream.ForEachOps$ForEachOp$OfRef.accept(ForEachOps.java:184)
	at java.base/java.util.stream.ForEachOps$ForEachOp$OfRef.accept(ForEachOps.java:184)
	at java.base/java.util.stream.ReferencePipeline$3$1.accept(ReferencePipeline.java:215)
	at java.base/java.util.Spliterators$ArraySpliterator.forEachRemaining(Spliterators.java:1024)
	at java.base/java.util.stream.ReferencePipeline$Head.forEach(ReferencePipeline.java:807)
	at java.base/java.util.stream.ReferencePipeline$7$1FlatMap.accept(ReferencePipeline.java:294)
	at java.base/java.util.stream.ReferencePipeline$3$1.accept(ReferencePipeline.java:215)
	at java.base/java.util.stream.ReferencePipeline$3$1.accept(ReferencePipeline.java:215)
	at java.base/java.util.stream.ReferencePipeline$3$1.accept(ReferencePipeline.java:215)
	at java.base/java.util.Spliterators$ArraySpliterator.forEachRemaining(Spliterators.java:1024)
	at java.base/java.util.stream.AbstractPipeline.copyInto(AbstractPipeline.java:570)
	at java.base/java.util.stream.AbstractPipeline.wrapAndCopyInto(AbstractPipeline.java:560)
	at java.base/java.util.stream.ForEachOps$ForEachOp.evaluateSequential(ForEachOps.java:151)
	at java.base/java.util.stream.ForEachOps$ForEachOp$OfRef.evaluateSequential(ForEachOps.java:174)
	at java.base/java.util.stream.AbstractPipeline.evaluate(AbstractPipeline.java:265)
	at java.base/java.util.stream.ReferencePipeline.forEach(ReferencePipeline.java:636)
	at java.base/java.util.stream.ReferencePipeline$7$1FlatMap.accept(ReferencePipeline.java:294)
	at java.base/java.util.ArrayList$ArrayListSpliterator.forEachRemaining(ArrayList.java:1709)
	at java.base/java.util.stream.AbstractPipeline.copyInto(AbstractPipeline.java:570)
	at java.base/java.util.stream.AbstractPipeline.wrapAndCopyInto(AbstractPipeline.java:560)
	at java.base/java.util.stream.ForEachOps$ForEachOp.evaluateSequential(ForEachOps.java:151)
	at java.base/java.util.stream.ForEachOps$ForEachOp$OfRef.evaluateSequential(ForEachOps.java:174)
	at java.base/java.util.stream.AbstractPipeline.evaluate(AbstractPipeline.java:265)
	at java.base/java.util.stream.ReferencePipeline.forEach(ReferencePipeline.java:636)
	at java.base/java.util.stream.ReferencePipeline$7$1FlatMap.accept(ReferencePipeline.java:294)
	at java.base/java.util.stream.ReferencePipeline$3$1.accept(ReferencePipeline.java:215)
	at java.base/java.util.stream.ReferencePipeline$3$1.accept(ReferencePipeline.java:215)
	at java.base/java.util.stream.ReferencePipeline$3$1.accept(ReferencePipeline.java:215)
	at java.base/java.util.ArrayList$ArrayListSpliterator.forEachRemaining(ArrayList.java:1709)
	at java.base/java.util.stream.AbstractPipeline.copyInto(AbstractPipeline.java:570)
	at java.base/java.util.stream.AbstractPipeline.wrapAndCopyInto(AbstractPipeline.java:560)
	at java.base/java.util.stream.ForEachOps$ForEachOp.evaluateSequential(ForEachOps.java:151)
	at java.base/java.util.stream.ForEachOps$ForEachOp$OfRef.evaluateSequential(ForEachOps.java:174)
	at java.base/java.util.stream.AbstractPipeline.evaluate(AbstractPipeline.java:265)
	at java.base/java.util.stream.ReferencePipeline.forEach(ReferencePipeline.java:636)
	at java.base/java.util.ArrayList.forEach(ArrayList.java:1597)
	at java.base/java.util.ArrayList.forEach(ArrayList.java:1597)

[ERROR] org.jsoup.helper.W3CDomTest.xmlInputDocMaintainsHtmlAttributeNames -- Time elapsed: 0.001 s <<< ERROR!
java.lang.NoSuchMethodError: 'org.jsoup.nodes.Document$OutputSettings org.jsoup.nodes.Document$OutputSettings.syntax(org.jsoup.nodes.Document$OutputSettings$Syntax)'
	at org.jsoup.helper.W3CDomTest.xmlInputDocMaintainsHtmlAttributeNames(W3CDomTest.java:227)
	at java.base/java.lang.reflect.Method.invoke(Method.java:580)
	at java.base/java.util.ArrayList.forEach(ArrayList.java:1597)
	at java.base/java.util.ArrayList.forEach(ArrayList.java:1597)

[ERROR] org.jsoup.helper.W3CDomTest.canXmlParseCdataNodes -- Time elapsed: 0.001 s <<< ERROR!
java.lang.NoSuchMethodError: 'org.jsoup.nodes.Document$OutputSettings org.jsoup.nodes.Document$OutputSettings.syntax(org.jsoup.nodes.Document$OutputSettings$Syntax)'
	at org.jsoup.helper.W3CDomTest.canXmlParseCdataNodes(W3CDomTest.java:456)
	at java.base/java.lang.reflect.Method.invoke(Method.java:580)
	at java.base/java.util.ArrayList.forEach(ArrayList.java:1597)
	at java.base/java.util.ArrayList.forEach(ArrayList.java:1597)

[ERROR] org.jsoup.helper.W3CDomTest.plainXmlElementsDoNotUseReservedXmlNamespace -- Time elapsed: 0.001 s <<< ERROR!
java.lang.NoSuchMethodError: 'org.jsoup.nodes.Document$OutputSettings org.jsoup.nodes.Document$OutputSettings.syntax(org.jsoup.nodes.Document$OutputSettings$Syntax)'
	at org.jsoup.parser.XmlTreeBuilder.initialiseParse(XmlTreeBuilder.java:50)
	at org.jsoup.parser.TreeBuilder.parse(TreeBuilder.java:76)
	at org.jsoup.parser.Parser.parseInput(Parser.java:89)
	at org.jsoup.parser.Parser.parseInput(Parser.java:75)
	at org.jsoup.Jsoup.parse(Jsoup.java:51)
	at org.jsoup.helper.W3CDomTest.plainXmlElementsDoNotUseReservedXmlNamespace(W3CDomTest.java:152)
	at java.base/java.lang.reflect.Method.invoke(Method.java:580)
	at java.base/java.util.ArrayList.forEach(ArrayList.java:1597)
	at java.base/java.util.ArrayList.forEach(ArrayList.java:1597)

[ERROR] org.jsoup.helper.W3CDomTest.handlesHtmlElsWithLt -- Time elapsed: 0.002 s <<< ERROR!
java.lang.NoSuchMethodError: 'org.jsoup.nodes.Document$OutputSettings org.jsoup.nodes.Document$OutputSettings.syntax(org.jsoup.nodes.Document$OutputSettings$Syntax)'
	at org.jsoup.helper.W3CDomTest.handlesHtmlElsWithLt(W3CDomTest.java:259)
	at java.base/java.lang.reflect.Method.invoke(Method.java:580)
	at java.base/java.util.ArrayList.forEach(ArrayList.java:1597)
	at java.base/java.util.ArrayList.forEach(ArrayList.java:1597)

[ERROR] Tests run: 34, Failures: 0, Errors: 12, Skipped: 0, Time elapsed: 0.266 s <<< FAILURE! -- in org.jsoup.helper.DataUtilTest
[ERROR] org.jsoup.helper.DataUtilTest.firstMetaElementWithCharsetShouldBeUsedForDecoding -- Time elapsed: 0.002 s <<< ERROR!
java.lang.NoSuchMethodError: 'org.jsoup.nodes.Document$OutputSettings org.jsoup.nodes.Document$OutputSettings.charset(java.nio.charset.Charset)'
	at org.jsoup.helper.DataUtil.parseInputStream(DataUtil.java:339)
	at org.jsoup.helper.DataUtil.parseInputStream(DataUtil.java:230)
	at org.jsoup.helper.DataUtilTest.firstMetaElementWithCharsetShouldBeUsedForDecoding(DataUtilTest.java:131)
	at java.base/java.lang.reflect.Method.invoke(Method.java:580)
	at java.base/java.util.ArrayList.forEach(ArrayList.java:1597)
	at java.base/java.util.ArrayList.forEach(ArrayList.java:1597)

[ERROR] org.jsoup.helper.DataUtilTest.secondMetaElementWithContentTypeContainsCharsetParameter -- Time elapsed: 0.017 s <<< ERROR!
java.lang.NoSuchMethodError: 'org.jsoup.nodes.Document$OutputSettings org.jsoup.nodes.Document$OutputSettings.charset(java.nio.charset.Charset)'
	at org.jsoup.helper.DataUtil.parseInputStream(DataUtil.java:339)
	at org.jsoup.helper.DataUtil.parseInputStream(DataUtil.java:230)
	at org.jsoup.helper.DataUtilTest.secondMetaElementWithContentTypeContainsCharsetParameter(DataUtilTest.java:119)
	at java.base/java.lang.reflect.Method.invoke(Method.java:580)
	at java.base/java.util.ArrayList.forEach(ArrayList.java:1597)
	at java.base/java.util.ArrayList.forEach(ArrayList.java:1597)

[ERROR] org.jsoup.helper.DataUtilTest.supportsUTF8BOM -- Time elapsed: 0.002 s <<< ERROR!
java.lang.NoSuchMethodError: 'org.jsoup.nodes.Document$OutputSettings org.jsoup.nodes.Document$OutputSettings.charset(java.nio.charset.Charset)'
	at org.jsoup.helper.DataUtil.parseInputStream(DataUtil.java:339)
	at org.jsoup.helper.DataUtil.parseInputStream(DataUtil.java:230)
	at org.jsoup.helper.DataUtil.load(DataUtil.java:120)
	at org.jsoup.helper.DataUtil.load(DataUtil.java:102)
	at org.jsoup.helper.DataUtil.load(DataUtil.java:69)
	at org.jsoup.Jsoup.parse(Jsoup.java:137)
	at org.jsoup.helper.DataUtilTest.supportsUTF8BOM(DataUtilTest.java:213)
	at java.base/java.lang.reflect.Method.invoke(Method.java:580)
	at java.base/java.util.ArrayList.forEach(ArrayList.java:1597)
	at java.base/java.util.ArrayList.forEach(ArrayList.java:1597)

[ERROR] org.jsoup.helper.DataUtilTest.charsetSniffingCanReuseTruncatedPreParse -- Time elapsed: 0.008 s <<< ERROR!
java.lang.NoSuchMethodError: 'org.jsoup.nodes.Document$OutputSettings org.jsoup.nodes.Document$OutputSettings.charset(java.nio.charset.Charset)'
	at org.jsoup.helper.DataUtil.parseInputStream(DataUtil.java:339)
	at org.jsoup.helper.DataUtilTest.charsetSniffingCanReuseTruncatedPreParse(DataUtilTest.java:388)
	at java.base/java.lang.reflect.Method.invoke(Method.java:580)
	at java.base/java.util.ArrayList.forEach(ArrayList.java:1597)
	at java.base/java.util.ArrayList.forEach(ArrayList.java:1597)

[ERROR] org.jsoup.helper.DataUtilTest.discardsSpuriousByteOrderMarkWhenNoCharsetSet -- Time elapsed: 0.001 s <<< ERROR!
java.lang.NoSuchMethodError: 'org.jsoup.nodes.Document$OutputSettings org.jsoup.nodes.Document$OutputSettings.charset(java.nio.charset.Charset)'
	at org.jsoup.helper.DataUtil.parseInputStream(DataUtil.java:339)
	at org.jsoup.helper.DataUtil.parseInputStream(DataUtil.java:230)
	at org.jsoup.helper.DataUtilTest.discardsSpuriousByteOrderMarkWhenNoCharsetSet(DataUtilTest.java:60)
	at java.base/java.lang.reflect.Method.invoke(Method.java:580)
	at java.base/java.util.ArrayList.forEach(ArrayList.java:1597)
	at java.base/java.util.ArrayList.forEach(ArrayList.java:1597)

[ERROR] org.jsoup.helper.DataUtilTest.discardsSpuriousByteOrderMark -- Time elapsed: 0.001 s <<< ERROR!
java.lang.NoSuchMethodError: 'org.jsoup.nodes.Document$OutputSettings org.jsoup.nodes.Document$OutputSettings.charset(java.nio.charset.Charset)'
	at org.jsoup.helper.DataUtil.parseInputStream(DataUtil.java:339)
	at org.jsoup.helper.DataUtil.parseInputStream(DataUtil.java:230)
	at org.jsoup.helper.DataUtilTest.discardsSpuriousByteOrderMark(DataUtilTest.java:53)
	at java.base/java.lang.reflect.Method.invoke(Method.java:580)
	at java.base/java.util.ArrayList.forEach(ArrayList.java:1597)
	at java.base/java.util.ArrayList.forEach(ArrayList.java:1597)

[ERROR] org.jsoup.helper.DataUtilTest.supportsBOMinFiles -- Time elapsed: 0.001 s <<< ERROR!
java.lang.NoSuchMethodError: 'org.jsoup.nodes.Document$OutputSettings org.jsoup.nodes.Document$OutputSettings.charset(java.nio.charset.Charset)'
	at org.jsoup.helper.DataUtil.parseInputStream(DataUtil.java:339)
	at org.jsoup.helper.DataUtil.parseInputStream(DataUtil.java:230)
	at org.jsoup.helper.DataUtil.load(DataUtil.java:120)
	at org.jsoup.helper.DataUtil.load(DataUtil.java:102)
	at org.jsoup.helper.DataUtil.load(DataUtil.java:69)
	at org.jsoup.Jsoup.parse(Jsoup.java:137)
	at org.jsoup.helper.DataUtilTest.supportsBOMinFiles(DataUtilTest.java:157)
	at java.base/java.lang.reflect.Method.invoke(Method.java:580)
	at java.base/java.util.ArrayList.forEach(ArrayList.java:1597)
	at java.base/java.util.ArrayList.forEach(ArrayList.java:1597)

[ERROR] org.jsoup.helper.DataUtilTest.parseSurrogateAcrossBuffer -- Time elapsed: 0.021 s <<< ERROR!
java.lang.NoSuchMethodError: 'org.jsoup.nodes.Document$OutputSettings org.jsoup.nodes.Document$OutputSettings.charset(java.nio.charset.Charset)'
	at org.jsoup.helper.DataUtil.parseInputStream(DataUtil.java:339)
	at org.jsoup.helper.DataUtil.parseInputStream(DataUtil.java:230)
	at org.jsoup.helper.DataUtil.load(DataUtil.java:120)
	at org.jsoup.helper.DataUtil.load(DataUtil.java:102)
	at org.jsoup.Jsoup.parse(Jsoup.java:235)
	at org.jsoup.helper.DataUtilTest.parseSurrogateAcrossBuffer(DataUtilTest.java:367)
	at java.base/java.lang.reflect.Method.invoke(Method.java:580)
	at java.base/java.util.ArrayList.forEach(ArrayList.java:1597)
	at java.base/java.util.ArrayList.forEach(ArrayList.java:1597)

[ERROR] org.jsoup.helper.DataUtilTest.parseSequenceInputStream -- Time elapsed: 0.002 s <<< ERROR!
java.lang.NoSuchMethodError: 'org.jsoup.nodes.Document$OutputSettings org.jsoup.nodes.Document$OutputSettings.charset(java.nio.charset.Charset)'
	at org.jsoup.helper.DataUtil.parseInputStream(DataUtil.java:339)
	at org.jsoup.helper.DataUtil.parseInputStream(DataUtil.java:230)
	at org.jsoup.helper.DataUtilTest.parseSequenceInputStream(DataUtilTest.java:149)
	at java.base/java.lang.reflect.Method.invoke(Method.java:580)
	at java.base/java.util.ArrayList.forEach(ArrayList.java:1597)
	at java.base/java.util.ArrayList.forEach(ArrayList.java:1597)

[ERROR] org.jsoup.helper.DataUtilTest.supportsZippedUTF8BOM -- Time elapsed: 0.002 s <<< ERROR!
java.lang.NoSuchMethodError: 'org.jsoup.nodes.Document$OutputSettings org.jsoup.nodes.Document$OutputSettings.charset(java.nio.charset.Charset)'
	at org.jsoup.helper.DataUtil.parseInputStream(DataUtil.java:339)
	at org.jsoup.helper.DataUtil.parseInputStream(DataUtil.java:230)
	at org.jsoup.helper.DataUtil.load(DataUtil.java:120)
	at org.jsoup.helper.DataUtil.load(DataUtil.java:102)
	at org.jsoup.helper.DataUtil.load(DataUtil.java:69)
	at org.jsoup.Jsoup.parse(Jsoup.java:137)
	at org.jsoup.helper.DataUtilTest.supportsZippedUTF8BOM(DataUtilTest.java:228)
	at java.base/java.lang.reflect.Method.invoke(Method.java:580)
	at java.base/java.util.ArrayList.forEach(ArrayList.java:1597)
	at java.base/java.util.ArrayList.forEach(ArrayList.java:1597)

[ERROR] org.jsoup.helper.DataUtilTest.handlesChunkedInputStream -- Time elapsed: 0.047 s <<< ERROR!
java.lang.NoSuchMethodError: 'org.jsoup.nodes.Document$OutputSettings org.jsoup.nodes.Document$OutputSettings.charset(java.nio.charset.Charset)'
	at org.jsoup.helper.DataUtil.parseInputStream(DataUtil.java:339)
	at org.jsoup.helper.DataUtil.parseInputStream(DataUtil.java:230)
	at org.jsoup.helper.DataUtil.load(DataUtil.java:180)
	at org.jsoup.Jsoup.parse(Jsoup.java:267)
	at org.jsoup.helper.DataUtilTest.handlesChunkedInputStream(DataUtilTest.java:334)
	at java.base/java.lang.reflect.Method.invoke(Method.java:580)
	at java.base/java.util.ArrayList.forEach(ArrayList.java:1597)
	at java.base/java.util.ArrayList.forEach(ArrayList.java:1597)

[ERROR] org.jsoup.helper.DataUtilTest.supportsXmlCharsetDeclaration -- Time elapsed: 0.012 s <<< ERROR!
java.lang.NoSuchMethodError: 'org.jsoup.nodes.Document$OutputSettings org.jsoup.nodes.Document$OutputSettings.syntax(org.jsoup.nodes.Document$OutputSettings$Syntax)'
	at org.jsoup.parser.XmlTreeBuilder.initialiseParse(XmlTreeBuilder.java:50)
	at org.jsoup.parser.TreeBuilder.parseFragment(TreeBuilder.java:82)
	at org.jsoup.parser.Parser.parseFragmentInput(Parser.java:119)
	at org.jsoup.parser.Parser.parseFragmentInput(Parser.java:104)
	at org.jsoup.nodes.Comment.asXmlDeclaration(Comment.java:76)
	at org.jsoup.helper.DataUtil.detectCharset(DataUtil.java:296)
	at org.jsoup.helper.DataUtil.detectCharset(DataUtil.java:242)
	at org.jsoup.helper.DataUtil.parseInputStream(DataUtil.java:229)
	at org.jsoup.helper.DataUtil.load(DataUtil.java:180)
	at org.jsoup.Jsoup.parse(Jsoup.java:267)
	at org.jsoup.helper.DataUtilTest.supportsXmlCharsetDeclaration(DataUtilTest.java:250)
	at java.base/java.lang.reflect.Method.invoke(Method.java:580)
	at java.base/java.util.ArrayList.forEach(ArrayList.java:1597)
	at java.base/java.util.ArrayList.forEach(ArrayList.java:1597)

[ERROR] Tests run: 17, Failures: 0, Errors: 8, Skipped: 0, Time elapsed: 0.047 s <<< FAILURE! -- in org.jsoup.select.QueryParserTest
[ERROR] org.jsoup.select.QueryParserTest.idDescenderClassOrder -- Time elapsed: 0.002 s <<< ERROR!
java.lang.NoSuchMethodError: 'org.jsoup.nodes.Document$OutputSettings org.jsoup.nodes.Document$OutputSettings.outline(boolean)'
	at org.jsoup.select.EvaluatorDebug.asDocument(EvaluatorDebug.java:15)
	at org.jsoup.select.EvaluatorDebug.sexpr(EvaluatorDebug.java:55)
	at org.jsoup.select.EvaluatorDebug.sexpr(EvaluatorDebug.java:51)
	at org.jsoup.select.QueryParserTest.idDescenderClassOrder(QueryParserTest.java:114)
	at java.base/java.lang.reflect.Method.invoke(Method.java:580)
	at java.base/java.util.ArrayList.forEach(ArrayList.java:1597)
	at java.base/java.util.ArrayList.forEach(ArrayList.java:1597)

[ERROR] org.jsoup.select.QueryParserTest.testImmediateParentRun -- Time elapsed: 0.001 s <<< ERROR!
java.lang.NoSuchMethodError: 'org.jsoup.nodes.Document$OutputSettings org.jsoup.nodes.Document$OutputSettings.outline(boolean)'
	at org.jsoup.select.EvaluatorDebug.asDocument(EvaluatorDebug.java:15)
	at org.jsoup.select.EvaluatorDebug.sexpr(EvaluatorDebug.java:55)
	at org.jsoup.select.EvaluatorDebug.sexpr(EvaluatorDebug.java:51)
	at org.jsoup.select.QueryParserTest.testImmediateParentRun(QueryParserTest.java:34)
	at java.base/java.lang.reflect.Method.invoke(Method.java:580)
	at java.base/java.util.ArrayList.forEach(ArrayList.java:1597)
	at java.base/java.util.ArrayList.forEach(ArrayList.java:1597)

[ERROR] org.jsoup.select.QueryParserTest.testOrGetsCorrectPrecedence -- Time elapsed: 0.004 s <<< ERROR!
java.lang.NoSuchMethodError: 'org.jsoup.nodes.Document$OutputSettings org.jsoup.nodes.Document$OutputSettings.outline(boolean)'
	at org.jsoup.select.EvaluatorDebug.asDocument(EvaluatorDebug.java:15)
	at org.jsoup.select.EvaluatorDebug.sexpr(EvaluatorDebug.java:55)
	at org.jsoup.select.EvaluatorDebug.sexpr(EvaluatorDebug.java:51)
	at org.jsoup.select.QueryParserTest.testOrGetsCorrectPrecedence(QueryParserTest.java:52)
	at java.base/java.lang.reflect.Method.invoke(Method.java:580)
	at java.base/java.util.ArrayList.forEach(ArrayList.java:1597)
	at java.base/java.util.ArrayList.forEach(ArrayList.java:1597)

[ERROR] org.jsoup.select.QueryParserTest.testParsesMultiCorrectly -- Time elapsed: 0.006 s <<< ERROR!
java.lang.NoSuchMethodError: 'org.jsoup.nodes.Document$OutputSettings org.jsoup.nodes.Document$OutputSettings.outline(boolean)'
	at org.jsoup.select.EvaluatorDebug.asDocument(EvaluatorDebug.java:15)
	at org.jsoup.select.EvaluatorDebug.sexpr(EvaluatorDebug.java:55)
	at org.jsoup.select.EvaluatorDebug.sexpr(EvaluatorDebug.java:51)
	at org.jsoup.select.QueryParserTest.testParsesMultiCorrectly(QueryParserTest.java:81)
	at java.base/java.lang.reflect.Method.invoke(Method.java:580)
	at java.base/java.util.ArrayList.forEach(ArrayList.java:1597)
	at java.base/java.util.ArrayList.forEach(ArrayList.java:1597)

[ERROR] org.jsoup.select.QueryParserTest.structuralEvaluatorsToString -- Time elapsed: 0.002 s <<< ERROR!
java.lang.NoSuchMethodError: 'org.jsoup.nodes.Document$OutputSettings org.jsoup.nodes.Document$OutputSettings.outline(boolean)'
	at org.jsoup.select.EvaluatorDebug.asDocument(EvaluatorDebug.java:15)
	at org.jsoup.select.EvaluatorDebug.sexpr(EvaluatorDebug.java:55)
	at org.jsoup.select.EvaluatorDebug.sexpr(EvaluatorDebug.java:51)
	at org.jsoup.select.QueryParserTest.structuralEvaluatorsToString(QueryParserTest.java:173)
	at java.base/java.lang.reflect.Method.invoke(Method.java:580)
	at java.base/java.util.ArrayList.forEach(ArrayList.java:1597)
	at java.base/java.util.ArrayList.forEach(ArrayList.java:1597)

[ERROR] org.jsoup.select.QueryParserTest.hasNodeSelector -- Time elapsed: 0.001 s <<< ERROR!
java.lang.NoSuchMethodError: 'org.jsoup.nodes.Document$OutputSettings org.jsoup.nodes.Document$OutputSettings.outline(boolean)'
	at org.jsoup.select.EvaluatorDebug.asDocument(EvaluatorDebug.java:15)
	at org.jsoup.select.EvaluatorDebug.sexpr(EvaluatorDebug.java:55)
	at org.jsoup.select.QueryParserTest.hasNodeSelector(QueryParserTest.java:235)
	at java.base/java.lang.reflect.Method.invoke(Method.java:580)
	at java.base/java.util.ArrayList.forEach(ArrayList.java:1597)
	at java.base/java.util.ArrayList.forEach(ArrayList.java:1597)

[ERROR] org.jsoup.select.QueryParserTest.parsesEscapedSubqueries -- Time elapsed: 0.002 s <<< ERROR!
java.lang.NoSuchMethodError: 'org.jsoup.nodes.Document$OutputSettings org.jsoup.nodes.Document$OutputSettings.outline(boolean)'
	at org.jsoup.select.EvaluatorDebug.asDocument(EvaluatorDebug.java:15)
	at org.jsoup.select.EvaluatorDebug.sexpr(EvaluatorDebug.java:55)
	at org.jsoup.select.EvaluatorDebug.sexpr(EvaluatorDebug.java:51)
	at org.jsoup.select.QueryParserTest.parsesEscapedSubqueries(QueryParserTest.java:208)
	at java.base/java.lang.reflect.Method.invoke(Method.java:580)
	at java.base/java.util.ArrayList.forEach(ArrayList.java:1597)
	at java.base/java.util.ArrayList.forEach(ArrayList.java:1597)

[ERROR] org.jsoup.select.QueryParserTest.parsesOrAfterAttribute -- Time elapsed: 0.001 s <<< ERROR!
java.lang.NoSuchMethodError: 'org.jsoup.nodes.Document$OutputSettings org.jsoup.nodes.Document$OutputSettings.outline(boolean)'
	at org.jsoup.select.EvaluatorDebug.asDocument(EvaluatorDebug.java:15)
	at org.jsoup.select.EvaluatorDebug.sexpr(EvaluatorDebug.java:55)
	at org.jsoup.select.EvaluatorDebug.sexpr(EvaluatorDebug.java:51)
	at org.jsoup.select.QueryParserTest.parsesOrAfterAttribute(QueryParserTest.java:180)
	at java.base/java.lang.reflect.Method.invoke(Method.java:580)
	at java.base/java.util.ArrayList.forEach(ArrayList.java:1597)
	at java.base/java.util.ArrayList.forEach(ArrayList.java:1597)

WARNING: :matchText selector is deprecated and will be removed in jsoup 1.24.1. Use Element#selectNodes(String, Class) with selector ::textnode and class TextNode instead.
[ERROR] Tests run: 142, Failures: 0, Errors: 20, Skipped: 0, Time elapsed: 0.346 s <<< FAILURE! -- in org.jsoup.select.SelectorTest
[ERROR] org.jsoup.select.SelectorTest.wildcardNamespaceMatchesNoNamespace -- Time elapsed: 0.006 s <<< ERROR!
java.lang.NoSuchMethodError: 'org.jsoup.nodes.Document$OutputSettings org.jsoup.nodes.Document$OutputSettings.syntax(org.jsoup.nodes.Document$OutputSettings$Syntax)'
	at org.jsoup.parser.XmlTreeBuilder.initialiseParse(XmlTreeBuilder.java:50)
	at org.jsoup.parser.TreeBuilder.parse(TreeBuilder.java:76)
	at org.jsoup.parser.Parser.parseInput(Parser.java:89)
	at org.jsoup.parser.Parser.parseInput(Parser.java:75)
	at org.jsoup.Jsoup.parse(Jsoup.java:51)
	at org.jsoup.select.SelectorTest.wildcardNamespaceMatchesNoNamespace(SelectorTest.java:1160)
	at java.base/java.lang.reflect.Method.invoke(Method.java:580)
	at java.base/java.util.ArrayList.forEach(ArrayList.java:1597)
	at java.base/java.util.ArrayList.forEach(ArrayList.java:1597)

[ERROR] org.jsoup.select.SelectorTest.precedingComment -- Time elapsed: 0.002 s <<< ERROR!
java.lang.NoSuchMethodError: 'org.jsoup.nodes.Document$OutputSettings org.jsoup.nodes.Document$OutputSettings.outline(boolean)'
	at org.jsoup.select.EvaluatorDebug.asDocument(EvaluatorDebug.java:15)
	at org.jsoup.select.EvaluatorDebug.sexpr(EvaluatorDebug.java:55)
	at org.jsoup.select.EvaluatorDebug.sexpr(EvaluatorDebug.java:51)
	at org.jsoup.select.SelectorTest.precedingComment(SelectorTest.java:1549)
	at java.base/java.lang.reflect.Method.invoke(Method.java:580)
	at java.base/java.util.ArrayList.forEach(ArrayList.java:1597)
	at java.base/java.util.ArrayList.forEach(ArrayList.java:1597)

[ERROR] org.jsoup.select.SelectorTest.testWildcardNamespacedXmlTag -- Time elapsed: 0.003 s <<< ERROR!
java.lang.NoSuchMethodError: 'org.jsoup.nodes.Document$OutputSettings org.jsoup.nodes.Document$OutputSettings.syntax(org.jsoup.nodes.Document$OutputSettings$Syntax)'
	at org.jsoup.parser.XmlTreeBuilder.initialiseParse(XmlTreeBuilder.java:50)
	at org.jsoup.parser.TreeBuilder.parse(TreeBuilder.java:76)
	at org.jsoup.parser.Parser.parseInput(Parser.java:89)
	at org.jsoup.parser.Parser.parseInput(Parser.java:75)
	at org.jsoup.Jsoup.parse(Jsoup.java:51)
	at org.jsoup.select.SelectorTest.testWildcardNamespacedXmlTag(SelectorTest.java:197)
	at java.base/java.lang.reflect.Method.invoke(Method.java:580)
	at java.base/java.util.ArrayList.forEach(ArrayList.java:1597)
	at java.base/java.util.ArrayList.forEach(ArrayList.java:1597)

[ERROR] org.jsoup.select.SelectorTest.xml_lowercase_simple_name -- Time elapsed: 0.002 s <<< ERROR!
java.lang.NoSuchMethodError: 'org.jsoup.nodes.Document$OutputSettings org.jsoup.nodes.Document$OutputSettings.syntax(org.jsoup.nodes.Document$OutputSettings$Syntax)'
	at org.jsoup.parser.XmlTreeBuilder.initialiseParse(XmlTreeBuilder.java:50)
	at org.jsoup.parser.TreeBuilder.parse(TreeBuilder.java:76)
	at org.jsoup.parser.Parser.parseInput(Parser.java:89)
	at org.jsoup.parser.Parser.parseInput(Parser.java:75)
	at org.jsoup.Jsoup.parse(Jsoup.java:51)
	at org.jsoup.select.SelectorTest.xml_lowercase_simple_name(SelectorTest.java:1094)
	at java.base/java.lang.reflect.Method.invoke(Method.java:580)
	at java.base/java.util.ArrayList.forEach(ArrayList.java:1597)
	at java.base/java.util.ArrayList.forEach(ArrayList.java:1597)

[ERROR] org.jsoup.select.SelectorTest.testWildCardNamespacedCaseVariations -- Time elapsed: 0.001 s <<< ERROR!
java.lang.NoSuchMethodError: 'org.jsoup.nodes.Document$OutputSettings org.jsoup.nodes.Document$OutputSettings.syntax(org.jsoup.nodes.Document$OutputSettings$Syntax)'
	at org.jsoup.parser.XmlTreeBuilder.initialiseParse(XmlTreeBuilder.java:50)
	at org.jsoup.parser.TreeBuilder.parse(TreeBuilder.java:76)
	at org.jsoup.parser.Parser.parseInput(Parser.java:89)
	at org.jsoup.parser.Parser.parseInput(Parser.java:75)
	at org.jsoup.Jsoup.parse(Jsoup.java:51)
	at org.jsoup.select.SelectorTest.testWildCardNamespacedCaseVariations(SelectorTest.java:216)
	at java.base/java.lang.reflect.Method.invoke(Method.java:580)
	at java.base/java.util.ArrayList.forEach(ArrayList.java:1597)
	at java.base/java.util.ArrayList.forEach(ArrayList.java:1597)

[ERROR] org.jsoup.select.SelectorTest.descendantComment -- Time elapsed: 0.001 s <<< ERROR!
java.lang.NoSuchMethodError: 'org.jsoup.nodes.Document$OutputSettings org.jsoup.nodes.Document$OutputSettings.outline(boolean)'
	at org.jsoup.select.EvaluatorDebug.asDocument(EvaluatorDebug.java:15)
	at org.jsoup.select.EvaluatorDebug.sexpr(EvaluatorDebug.java:55)
	at org.jsoup.select.EvaluatorDebug.sexpr(EvaluatorDebug.java:51)
	at org.jsoup.select.SelectorTest.descendantComment(SelectorTest.java:1522)
	at java.base/java.lang.reflect.Method.invoke(Method.java:580)
	at java.base/java.util.ArrayList.forEach(ArrayList.java:1597)
	at java.base/java.util.ArrayList.forEach(ArrayList.java:1597)

[ERROR] org.jsoup.select.SelectorTest.xml_lowercase_wildcard_name -- Time elapsed: 0.001 s <<< ERROR!
java.lang.NoSuchMethodError: 'org.jsoup.nodes.Document$OutputSettings org.jsoup.nodes.Document$OutputSettings.syntax(org.jsoup.nodes.Document$OutputSettings$Syntax)'
	at org.jsoup.parser.XmlTreeBuilder.initialiseParse(XmlTreeBuilder.java:50)
	at org.jsoup.parser.TreeBuilder.parse(TreeBuilder.java:76)
	at org.jsoup.parser.Parser.parseInput(Parser.java:89)
	at org.jsoup.parser.Parser.parseInput(Parser.java:75)
	at org.jsoup.Jsoup.parse(Jsoup.java:51)
	at org.jsoup.select.SelectorTest.xml_lowercase_wildcard_name(SelectorTest.java:1100)
	at java.base/java.lang.reflect.Method.invoke(Method.java:580)
	at java.base/java.util.ArrayList.forEach(ArrayList.java:1597)
	at java.base/java.util.ArrayList.forEach(ArrayList.java:1597)

[ERROR] org.jsoup.select.SelectorTest.nodeWithElementAncestor -- Time elapsed: 0.001 s <<< ERROR!
java.lang.NoSuchMethodError: 'org.jsoup.nodes.Document$OutputSettings org.jsoup.nodes.Document$OutputSettings.outline(boolean)'
	at org.jsoup.select.EvaluatorDebug.asDocument(EvaluatorDebug.java:15)
	at org.jsoup.select.EvaluatorDebug.sexpr(EvaluatorDebug.java:55)
	at org.jsoup.select.EvaluatorDebug.sexpr(EvaluatorDebug.java:51)
	at org.jsoup.select.SelectorTest.nodeWithElementAncestor(SelectorTest.java:1540)
	at java.base/java.lang.reflect.Method.invoke(Method.java:580)
	at java.base/java.util.ArrayList.forEach(ArrayList.java:1597)
	at java.base/java.util.ArrayList.forEach(ArrayList.java:1597)

[ERROR] org.jsoup.select.SelectorTest.blankNodes -- Time elapsed: 0.002 s <<< ERROR!
java.lang.NoSuchMethodError: 'org.jsoup.nodes.Document$OutputSettings org.jsoup.nodes.Document$OutputSettings.outline(boolean)'
	at org.jsoup.select.EvaluatorDebug.asDocument(EvaluatorDebug.java:15)
	at org.jsoup.select.EvaluatorDebug.sexpr(EvaluatorDebug.java:55)
	at org.jsoup.select.SelectorTest.blankNodes(SelectorTest.java:1654)
	at java.base/java.lang.reflect.Method.invoke(Method.java:580)
	at java.base/java.util.ArrayList.forEach(ArrayList.java:1597)
	at java.base/java.util.ArrayList.forEach(ArrayList.java:1597)

[ERROR] org.jsoup.select.SelectorTest.leafNodeContains -- Time elapsed: 0.001 s <<< ERROR!
java.lang.NoSuchMethodError: 'org.jsoup.nodes.Document$OutputSettings org.jsoup.nodes.Document$OutputSettings.outline(boolean)'
	at org.jsoup.select.EvaluatorDebug.asDocument(EvaluatorDebug.java:15)
	at org.jsoup.select.EvaluatorDebug.sexpr(EvaluatorDebug.java:55)
	at org.jsoup.select.EvaluatorDebug.sexpr(EvaluatorDebug.java:51)
	at org.jsoup.select.SelectorTest.leafNodeContains(SelectorTest.java:1578)
	at java.base/java.lang.reflect.Method.invoke(Method.java:580)
	at java.base/java.util.ArrayList.forEach(ArrayList.java:1597)
	at java.base/java.util.ArrayList.forEach(ArrayList.java:1597)

[ERROR] org.jsoup.select.SelectorTest.xml_mixed_case_wildcard_name -- Time elapsed: 0.001 s <<< ERROR!
java.lang.NoSuchMethodError: 'org.jsoup.nodes.Document$OutputSettings org.jsoup.nodes.Document$OutputSettings.syntax(org.jsoup.nodes.Document$OutputSettings$Syntax)'
	at org.jsoup.parser.XmlTreeBuilder.initialiseParse(XmlTreeBuilder.java:50)
	at org.jsoup.parser.TreeBuilder.parse(TreeBuilder.java:76)
	at org.jsoup.parser.Parser.parseInput(Parser.java:89)
	at org.jsoup.parser.Parser.parseInput(Parser.java:75)
	at org.jsoup.Jsoup.parse(Jsoup.java:51)
	at org.jsoup.select.SelectorTest.xml_mixed_case_wildcard_name(SelectorTest.java:1088)
	at java.base/java.lang.reflect.Method.invoke(Method.java:580)
	at java.base/java.util.ArrayList.forEach(ArrayList.java:1597)
	at java.base/java.util.ArrayList.forEach(ArrayList.java:1597)

[ERROR] org.jsoup.select.SelectorTest.matchText -- Time elapsed: 0.001 s <<< ERROR!
java.lang.NoSuchMethodError: 'org.jsoup.nodes.Document$OutputSettings org.jsoup.nodes.Document$OutputSettings.prettyPrint(boolean)'
	at org.jsoup.select.SelectorTest.matchText(SelectorTest.java:988)
	at java.base/java.lang.reflect.Method.invoke(Method.java:580)
	at java.base/java.util.ArrayList.forEach(ArrayList.java:1597)
	at java.base/java.util.ArrayList.forEach(ArrayList.java:1597)

[ERROR] org.jsoup.select.SelectorTest.xml_mixed_case_simple_name -- Time elapsed: 0.001 s <<< ERROR!
java.lang.NoSuchMethodError: 'org.jsoup.nodes.Document$OutputSettings org.jsoup.nodes.Document$OutputSettings.syntax(org.jsoup.nodes.Document$OutputSettings$Syntax)'
	at org.jsoup.parser.XmlTreeBuilder.initialiseParse(XmlTreeBuilder.java:50)
	at org.jsoup.parser.TreeBuilder.parse(TreeBuilder.java:76)
	at org.jsoup.parser.Parser.parseInput(Parser.java:89)
	at org.jsoup.parser.Parser.parseInput(Parser.java:75)
	at org.jsoup.Jsoup.parse(Jsoup.java:51)
	at org.jsoup.select.SelectorTest.xml_mixed_case_simple_name(SelectorTest.java:1082)
	at java.base/java.lang.reflect.Method.invoke(Method.java:580)
	at java.base/java.util.ArrayList.forEach(ArrayList.java:1597)
	at java.base/java.util.ArrayList.forEach(ArrayList.java:1597)

[ERROR] org.jsoup.select.SelectorTest.xmlWildcardNamespaceTest -- Time elapsed: 0.001 s <<< ERROR!
java.lang.NoSuchMethodError: 'org.jsoup.nodes.Document$OutputSettings org.jsoup.nodes.Document$OutputSettings.syntax(org.jsoup.nodes.Document$OutputSettings$Syntax)'
	at org.jsoup.parser.XmlTreeBuilder.initialiseParse(XmlTreeBuilder.java:50)
	at org.jsoup.parser.TreeBuilder.parse(TreeBuilder.java:76)
	at org.jsoup.parser.Parser.parseInput(Parser.java:89)
	at org.jsoup.parser.Parser.parseInput(Parser.java:75)
	at org.jsoup.Jsoup.parse(Jsoup.java:51)
	at org.jsoup.select.SelectorTest.xmlWildcardNamespaceTest(SelectorTest.java:1116)
	at java.base/java.lang.reflect.Method.invoke(Method.java:580)
	at java.base/java.util.ArrayList.forEach(ArrayList.java:1597)
	at java.base/java.util.ArrayList.forEach(ArrayList.java:1597)

[ERROR] org.jsoup.select.SelectorTest.leafNode -- Time elapsed: 0.006 s <<< ERROR!
java.lang.NoSuchMethodError: 'org.jsoup.nodes.Document$OutputSettings org.jsoup.nodes.Document$OutputSettings.outline(boolean)'
	at org.jsoup.select.EvaluatorDebug.asDocument(EvaluatorDebug.java:15)
	at org.jsoup.select.EvaluatorDebug.sexpr(EvaluatorDebug.java:55)
	at org.jsoup.select.EvaluatorDebug.sexpr(EvaluatorDebug.java:51)
	at org.jsoup.select.SelectorTest.leafNode(SelectorTest.java:1570)
	at java.base/java.lang.reflect.Method.invoke(Method.java:580)
	at java.base/java.util.ArrayList.forEach(ArrayList.java:1597)
	at java.base/java.util.ArrayList.forEach(ArrayList.java:1597)

[ERROR] org.jsoup.select.SelectorTest.cdataNodes -- Time elapsed: 0.001 s <<< ERROR!
java.lang.NoSuchMethodError: 'org.jsoup.nodes.Document$OutputSettings org.jsoup.nodes.Document$OutputSettings.syntax(org.jsoup.nodes.Document$OutputSettings$Syntax)'
	at org.jsoup.parser.XmlTreeBuilder.initialiseParse(XmlTreeBuilder.java:50)
	at org.jsoup.parser.TreeBuilder.parse(TreeBuilder.java:76)
	at org.jsoup.parser.Parser.parseInput(Parser.java:89)
	at org.jsoup.parser.Parser.parseInput(Parser.java:75)
	at org.jsoup.Jsoup.parse(Jsoup.java:65)
	at org.jsoup.select.SelectorTest.cdataNodes(SelectorTest.java:1694)
	at java.base/java.lang.reflect.Method.invoke(Method.java:580)
	at java.base/java.util.ArrayList.forEach(ArrayList.java:1597)
	at java.base/java.util.ArrayList.forEach(ArrayList.java:1597)

[ERROR] org.jsoup.select.SelectorTest.nodeMatches -- Time elapsed: 0.004 s <<< ERROR!
java.lang.NoSuchMethodError: 'org.jsoup.nodes.Document$OutputSettings org.jsoup.nodes.Document$OutputSettings.outline(boolean)'
	at org.jsoup.select.EvaluatorDebug.asDocument(EvaluatorDebug.java:15)
	at org.jsoup.select.EvaluatorDebug.sexpr(EvaluatorDebug.java:55)
	at org.jsoup.select.SelectorTest.nodeMatches(SelectorTest.java:1682)
	at java.base/java.lang.reflect.Method.invoke(Method.java:580)
	at java.base/java.util.ArrayList.forEach(ArrayList.java:1597)
	at java.base/java.util.ArrayList.forEach(ArrayList.java:1597)

[ERROR] org.jsoup.select.SelectorTest.selectComment -- Time elapsed: 0.001 s <<< ERROR!
java.lang.NoSuchMethodError: 'org.jsoup.nodes.Document$OutputSettings org.jsoup.nodes.Document$OutputSettings.outline(boolean)'
	at org.jsoup.select.EvaluatorDebug.asDocument(EvaluatorDebug.java:15)
	at org.jsoup.select.EvaluatorDebug.sexpr(EvaluatorDebug.java:55)
	at org.jsoup.select.EvaluatorDebug.sexpr(EvaluatorDebug.java:51)
	at org.jsoup.select.SelectorTest.selectComment(SelectorTest.java:1598)
	at java.base/java.lang.reflect.Method.invoke(Method.java:580)
	at java.base/java.util.ArrayList.forEach(ArrayList.java:1597)
	at java.base/java.util.ArrayList.forEach(ArrayList.java:1597)

[ERROR] org.jsoup.select.SelectorTest.datanode -- Time elapsed: 0.001 s <<< ERROR!
java.lang.NoSuchMethodError: 'org.jsoup.nodes.Document$OutputSettings org.jsoup.nodes.Document$OutputSettings.outline(boolean)'
	at org.jsoup.select.EvaluatorDebug.asDocument(EvaluatorDebug.java:15)
	at org.jsoup.select.EvaluatorDebug.sexpr(EvaluatorDebug.java:55)
	at org.jsoup.select.EvaluatorDebug.sexpr(EvaluatorDebug.java:51)
	at org.jsoup.select.SelectorTest.datanode(SelectorTest.java:1562)
	at java.base/java.lang.reflect.Method.invoke(Method.java:580)
	at java.base/java.util.ArrayList.forEach(ArrayList.java:1597)
	at java.base/java.util.ArrayList.forEach(ArrayList.java:1597)

[ERROR] org.jsoup.select.SelectorTest.orAfterClass -- Time elapsed: 0.001 s <<< ERROR!
java.lang.NoSuchMethodError: 'org.jsoup.nodes.Document$OutputSettings org.jsoup.nodes.Document$OutputSettings.outline(boolean)'
	at org.jsoup.select.EvaluatorDebug.asDocument(EvaluatorDebug.java:15)
	at org.jsoup.select.EvaluatorDebug.sexpr(EvaluatorDebug.java:55)
	at org.jsoup.select.EvaluatorDebug.sexpr(EvaluatorDebug.java:51)
	at org.jsoup.select.SelectorTest.orAfterClass(SelectorTest.java:1309)
	at java.base/java.lang.reflect.Method.invoke(Method.java:580)
	at java.base/java.util.ArrayList.forEach(ArrayList.java:1597)
	at java.base/java.util.ArrayList.forEach(ArrayList.java:1597)

[ERROR] Tests run: 18, Failures: 0, Errors: 16, Skipped: 0, Time elapsed: 0.084 s <<< FAILURE! -- in org.jsoup.select.XpathTest
[ERROR] org.jsoup.select.XpathTest.notNamespaceAware -- Time elapsed: 0.003 s <<< ERROR!
java.lang.NoSuchMethodError: 'org.jsoup.nodes.Document$OutputSettings org.jsoup.nodes.Document$OutputSettings.syntax(org.jsoup.nodes.Document$OutputSettings$Syntax)'
	at org.jsoup.parser.XmlTreeBuilder.initialiseParse(XmlTreeBuilder.java:50)
	at org.jsoup.parser.TreeBuilder.parse(TreeBuilder.java:76)
	at org.jsoup.parser.Parser.parseInput(Parser.java:89)
	at org.jsoup.parser.Parser.parseInput(Parser.java:75)
	at org.jsoup.Jsoup.parse(Jsoup.java:65)
	at org.jsoup.select.XpathTest.notNamespaceAware(XpathTest.java:203)
	at java.base/java.lang.reflect.Method.invoke(Method.java:580)
	at java.base/java.util.ArrayList.forEach(ArrayList.java:1597)
	at java.base/java.util.ArrayList.forEach(ArrayList.java:1597)

[ERROR] org.jsoup.select.XpathTest.supportsLocalname -- Time elapsed: 0.001 s <<< ERROR!
java.lang.NoSuchMethodError: 'org.jsoup.nodes.Document$OutputSettings org.jsoup.nodes.Document$OutputSettings.syntax(org.jsoup.nodes.Document$OutputSettings$Syntax)'
	at org.jsoup.parser.XmlTreeBuilder.initialiseParse(XmlTreeBuilder.java:50)
	at org.jsoup.parser.TreeBuilder.parse(TreeBuilder.java:76)
	at org.jsoup.parser.Parser.parseInput(Parser.java:89)
	at org.jsoup.parser.Parser.parseInput(Parser.java:75)
	at org.jsoup.Jsoup.parse(Jsoup.java:65)
	at org.jsoup.select.XpathTest.supportsLocalname(XpathTest.java:84)
	at java.base/java.lang.reflect.Method.invoke(Method.java:580)
	at java.base/java.util.ArrayList.forEach(ArrayList.java:1597)
	at java.base/java.util.ArrayList.forEach(ArrayList.java:1597)

[ERROR] org.jsoup.select.XpathTest.canSupplyAlternateFactoryImpl -- Time elapsed: 0.001 s <<< ERROR!
java.lang.NoSuchMethodError: 'org.jsoup.nodes.Document$OutputSettings org.jsoup.nodes.Document$OutputSettings.syntax(org.jsoup.nodes.Document$OutputSettings$Syntax)'
	at org.jsoup.parser.XmlTreeBuilder.initialiseParse(XmlTreeBuilder.java:50)
	at org.jsoup.parser.TreeBuilder.parse(TreeBuilder.java:76)
	at org.jsoup.parser.Parser.parseInput(Parser.java:89)
	at org.jsoup.parser.Parser.parseInput(Parser.java:75)
	at org.jsoup.Jsoup.parse(Jsoup.java:65)
	at org.jsoup.select.XpathTest.canSupplyAlternateFactoryImpl(XpathTest.java:189)
	at java.base/java.lang.reflect.Method.invoke(Method.java:580)
	at java.base/java.util.ArrayList.forEach(ArrayList.java:1597)
	at java.base/java.util.ArrayList.forEach(ArrayList.java:1597)

[ERROR] org.jsoup.select.XpathTest.cssAndXpathEquivalents(Document, String, String)[1] -- Time elapsed: 0.004 s <<< ERROR!
java.lang.IllegalArgumentException: Sorry, no can do!
	at org.jsoup.select.XpathTest$AlternateXpathFactory.newXPath(XpathTest.java:280)
	at org.jsoup.helper.W3CDom.selectXpath(W3CDom.java:289)
	at org.jsoup.nodes.NodeUtils.selectXpath(NodeUtils.java:52)
	at org.jsoup.nodes.Element.selectXpath(Element.java:785)
	at org.jsoup.select.XpathTest.cssAndXpathEquivalents(XpathTest.java:107)
	at java.base/java.lang.reflect.Method.invoke(Method.java:580)
	at java.base/java.util.Optional.ifPresent(Optional.java:178)
	at java.base/java.util.stream.ForEachOps$ForEachOp$OfRef.accept(ForEachOps.java:184)
	at java.base/java.util.stream.ReferencePipeline$3$1.accept(ReferencePipeline.java:215)
	at java.base/java.util.stream.ForEachOps$ForEachOp$OfRef.accept(ForEachOps.java:184)
	at java.base/java.util.stream.ForEachOps$ForEachOp$OfRef.accept(ForEachOps.java:184)
	at java.base/java.util.stream.ReferencePipeline$3$1.accept(ReferencePipeline.java:215)
	at java.base/java.util.Spliterators$ArraySpliterator.forEachRemaining(Spliterators.java:1024)
	at java.base/java.util.stream.ReferencePipeline$Head.forEach(ReferencePipeline.java:807)
	at java.base/java.util.stream.ReferencePipeline$7$1FlatMap.accept(ReferencePipeline.java:294)
	at java.base/java.util.stream.ReferencePipeline$3$1.accept(ReferencePipeline.java:215)
	at java.base/java.util.stream.ReferencePipeline$3$1.accept(ReferencePipeline.java:215)
	at java.base/java.util.stream.ReferencePipeline$3$1.accept(ReferencePipeline.java:215)
	at java.base/java.util.Spliterators$ArraySpliterator.forEachRemaining(Spliterators.java:1024)
	at java.base/java.util.stream.AbstractPipeline.copyInto(AbstractPipeline.java:570)
	at java.base/java.util.stream.AbstractPipeline.wrapAndCopyInto(AbstractPipeline.java:560)
	at java.base/java.util.stream.ForEachOps$ForEachOp.evaluateSequential(ForEachOps.java:151)
	at java.base/java.util.stream.ForEachOps$ForEachOp$OfRef.evaluateSequential(ForEachOps.java:174)
	at java.base/java.util.stream.AbstractPipeline.evaluate(AbstractPipeline.java:265)
	at java.base/java.util.stream.ReferencePipeline.forEach(ReferencePipeline.java:636)
	at java.base/java.util.stream.ReferencePipeline$7$1FlatMap.accept(ReferencePipeline.java:294)
	at java.base/java.util.ArrayList$ArrayListSpliterator.forEachRemaining(ArrayList.java:1709)
	at java.base/java.util.stream.AbstractPipeline.copyInto(AbstractPipeline.java:570)
	at java.base/java.util.stream.AbstractPipeline.wrapAndCopyInto(AbstractPipeline.java:560)
	at java.base/java.util.stream.ForEachOps$ForEachOp.evaluateSequential(ForEachOps.java:151)
	at java.base/java.util.stream.ForEachOps$ForEachOp$OfRef.evaluateSequential(ForEachOps.java:174)
	at java.base/java.util.stream.AbstractPipeline.evaluate(AbstractPipeline.java:265)
	at java.base/java.util.stream.ReferencePipeline.forEach(ReferencePipeline.java:636)
	at java.base/java.util.stream.ReferencePipeline$7$1FlatMap.accept(ReferencePipeline.java:294)
	at java.base/java.util.stream.ReferencePipeline$3$1.accept(ReferencePipeline.java:215)
	at java.base/java.util.stream.ReferencePipeline$3$1.accept(ReferencePipeline.java:215)
	at java.base/java.util.stream.ReferencePipeline$3$1.accept(ReferencePipeline.java:215)
	at java.base/java.util.ArrayList$ArrayListSpliterator.forEachRemaining(ArrayList.java:1709)
	at java.base/java.util.stream.AbstractPipeline.copyInto(AbstractPipeline.java:570)
	at java.base/java.util.stream.AbstractPipeline.wrapAndCopyInto(AbstractPipeline.java:560)
	at java.base/java.util.stream.ForEachOps$ForEachOp.evaluateSequential(ForEachOps.java:151)
	at java.base/java.util.stream.ForEachOps$ForEachOp$OfRef.evaluateSequential(ForEachOps.java:174)
	at java.base/java.util.stream.AbstractPipeline.evaluate(AbstractPipeline.java:265)
	at java.base/java.util.stream.ReferencePipeline.forEach(ReferencePipeline.java:636)
	at java.base/java.util.ArrayList.forEach(ArrayList.java:1597)
	at java.base/java.util.ArrayList.forEach(ArrayList.java:1597)

[ERROR] org.jsoup.select.XpathTest.cssAndXpathEquivalents(Document, String, String)[2] -- Time elapsed: 0.002 s <<< ERROR!
java.lang.IllegalArgumentException: Sorry, no can do!
	at org.jsoup.select.XpathTest$AlternateXpathFactory.newXPath(XpathTest.java:280)
	at org.jsoup.helper.W3CDom.selectXpath(W3CDom.java:289)
	at org.jsoup.nodes.NodeUtils.selectXpath(NodeUtils.java:52)
	at org.jsoup.nodes.Element.selectXpath(Element.java:785)
	at org.jsoup.select.XpathTest.cssAndXpathEquivalents(XpathTest.java:107)
	at java.base/java.lang.reflect.Method.invoke(Method.java:580)
	at java.base/java.util.Optional.ifPresent(Optional.java:178)
	at java.base/java.util.stream.ForEachOps$ForEachOp$OfRef.accept(ForEachOps.java:184)
	at java.base/java.util.stream.ReferencePipeline$3$1.accept(ReferencePipeline.java:215)
	at java.base/java.util.stream.ForEachOps$ForEachOp$OfRef.accept(ForEachOps.java:184)
	at java.base/java.util.stream.ForEachOps$ForEachOp$OfRef.accept(ForEachOps.java:184)
	at java.base/java.util.stream.ReferencePipeline$3$1.accept(ReferencePipeline.java:215)
	at java.base/java.util.Spliterators$ArraySpliterator.forEachRemaining(Spliterators.java:1024)
	at java.base/java.util.stream.ReferencePipeline$Head.forEach(ReferencePipeline.java:807)
	at java.base/java.util.stream.ReferencePipeline$7$1FlatMap.accept(ReferencePipeline.java:294)
	at java.base/java.util.stream.ReferencePipeline$3$1.accept(ReferencePipeline.java:215)
	at java.base/java.util.stream.ReferencePipeline$3$1.accept(ReferencePipeline.java:215)
	at java.base/java.util.stream.ReferencePipeline$3$1.accept(ReferencePipeline.java:215)
	at java.base/java.util.Spliterators$ArraySpliterator.forEachRemaining(Spliterators.java:1024)
	at java.base/java.util.stream.AbstractPipeline.copyInto(AbstractPipeline.java:570)
	at java.base/java.util.stream.AbstractPipeline.wrapAndCopyInto(AbstractPipeline.java:560)
	at java.base/java.util.stream.ForEachOps$ForEachOp.evaluateSequential(ForEachOps.java:151)
	at java.base/java.util.stream.ForEachOps$ForEachOp$OfRef.evaluateSequential(ForEachOps.java:174)
	at java.base/java.util.stream.AbstractPipeline.evaluate(AbstractPipeline.java:265)
	at java.base/java.util.stream.ReferencePipeline.forEach(ReferencePipeline.java:636)
	at java.base/java.util.stream.ReferencePipeline$7$1FlatMap.accept(ReferencePipeline.java:294)
	at java.base/java.util.ArrayList$ArrayListSpliterator.forEachRemaining(ArrayList.java:1709)
	at java.base/java.util.stream.AbstractPipeline.copyInto(AbstractPipeline.java:570)
	at java.base/java.util.stream.AbstractPipeline.wrapAndCopyInto(AbstractPipeline.java:560)
	at java.base/java.util.stream.ForEachOps$ForEachOp.evaluateSequential(ForEachOps.java:151)
	at java.base/java.util.stream.ForEachOps$ForEachOp$OfRef.evaluateSequential(ForEachOps.java:174)
	at java.base/java.util.stream.AbstractPipeline.evaluate(AbstractPipeline.java:265)
	at java.base/java.util.stream.ReferencePipeline.forEach(ReferencePipeline.java:636)
	at java.base/java.util.stream.ReferencePipeline$7$1FlatMap.accept(ReferencePipeline.java:294)
	at java.base/java.util.stream.ReferencePipeline$3$1.accept(ReferencePipeline.java:215)
	at java.base/java.util.stream.ReferencePipeline$3$1.accept(ReferencePipeline.java:215)
	at java.base/java.util.stream.ReferencePipeline$3$1.accept(ReferencePipeline.java:215)
	at java.base/java.util.ArrayList$ArrayListSpliterator.forEachRemaining(ArrayList.java:1709)
	at java.base/java.util.stream.AbstractPipeline.copyInto(AbstractPipeline.java:570)
	at java.base/java.util.stream.AbstractPipeline.wrapAndCopyInto(AbstractPipeline.java:560)
	at java.base/java.util.stream.ForEachOps$ForEachOp.evaluateSequential(ForEachOps.java:151)
	at java.base/java.util.stream.ForEachOps$ForEachOp$OfRef.evaluateSequential(ForEachOps.java:174)
	at java.base/java.util.stream.AbstractPipeline.evaluate(AbstractPipeline.java:265)
	at java.base/java.util.stream.ReferencePipeline.forEach(ReferencePipeline.java:636)
	at java.base/java.util.ArrayList.forEach(ArrayList.java:1597)
	at java.base/java.util.ArrayList.forEach(ArrayList.java:1597)

[ERROR] org.jsoup.select.XpathTest.cssAndXpathEquivalents(Document, String, String)[3] -- Time elapsed: 0.003 s <<< ERROR!
java.lang.IllegalArgumentException: Sorry, no can do!
	at org.jsoup.select.XpathTest$AlternateXpathFactory.newXPath(XpathTest.java:280)
	at org.jsoup.helper.W3CDom.selectXpath(W3CDom.java:289)
	at org.jsoup.nodes.NodeUtils.selectXpath(NodeUtils.java:52)
	at org.jsoup.nodes.Element.selectXpath(Element.java:785)
	at org.jsoup.select.XpathTest.cssAndXpathEquivalents(XpathTest.java:107)
	at java.base/java.lang.reflect.Method.invoke(Method.java:580)
	at java.base/java.util.Optional.ifPresent(Optional.java:178)
	at java.base/java.util.stream.ForEachOps$ForEachOp$OfRef.accept(ForEachOps.java:184)
	at java.base/java.util.stream.ReferencePipeline$3$1.accept(ReferencePipeline.java:215)
	at java.base/java.util.stream.ForEachOps$ForEachOp$OfRef.accept(ForEachOps.java:184)
	at java.base/java.util.stream.ForEachOps$ForEachOp$OfRef.accept(ForEachOps.java:184)
	at java.base/java.util.stream.ReferencePipeline$3$1.accept(ReferencePipeline.java:215)
	at java.base/java.util.Spliterators$ArraySpliterator.forEachRemaining(Spliterators.java:1024)
	at java.base/java.util.stream.ReferencePipeline$Head.forEach(ReferencePipeline.java:807)
	at java.base/java.util.stream.ReferencePipeline$7$1FlatMap.accept(ReferencePipeline.java:294)
	at java.base/java.util.stream.ReferencePipeline$3$1.accept(ReferencePipeline.java:215)
	at java.base/java.util.stream.ReferencePipeline$3$1.accept(ReferencePipeline.java:215)
	at java.base/java.util.stream.ReferencePipeline$3$1.accept(ReferencePipeline.java:215)
	at java.base/java.util.Spliterators$ArraySpliterator.forEachRemaining(Spliterators.java:1024)
	at java.base/java.util.stream.AbstractPipeline.copyInto(AbstractPipeline.java:570)
	at java.base/java.util.stream.AbstractPipeline.wrapAndCopyInto(AbstractPipeline.java:560)
	at java.base/java.util.stream.ForEachOps$ForEachOp.evaluateSequential(ForEachOps.java:151)
	at java.base/java.util.stream.ForEachOps$ForEachOp$OfRef.evaluateSequential(ForEachOps.java:174)
	at java.base/java.util.stream.AbstractPipeline.evaluate(AbstractPipeline.java:265)
	at java.base/java.util.stream.ReferencePipeline.forEach(ReferencePipeline.java:636)
	at java.base/java.util.stream.ReferencePipeline$7$1FlatMap.accept(ReferencePipeline.java:294)
	at java.base/java.util.ArrayList$ArrayListSpliterator.forEachRemaining(ArrayList.java:1709)
	at java.base/java.util.stream.AbstractPipeline.copyInto(AbstractPipeline.java:570)
	at java.base/java.util.stream.AbstractPipeline.wrapAndCopyInto(AbstractPipeline.java:560)
	at java.base/java.util.stream.ForEachOps$ForEachOp.evaluateSequential(ForEachOps.java:151)
	at java.base/java.util.stream.ForEachOps$ForEachOp$OfRef.evaluateSequential(ForEachOps.java:174)
	at java.base/java.util.stream.AbstractPipeline.evaluate(AbstractPipeline.java:265)
	at java.base/java.util.stream.ReferencePipeline.forEach(ReferencePipeline.java:636)
	at java.base/java.util.stream.ReferencePipeline$7$1FlatMap.accept(ReferencePipeline.java:294)
	at java.base/java.util.stream.ReferencePipeline$3$1.accept(ReferencePipeline.java:215)
	at java.base/java.util.stream.ReferencePipeline$3$1.accept(ReferencePipeline.java:215)
	at java.base/java.util.stream.ReferencePipeline$3$1.accept(ReferencePipeline.java:215)
	at java.base/java.util.ArrayList$ArrayListSpliterator.forEachRemaining(ArrayList.java:1709)
	at java.base/java.util.stream.AbstractPipeline.copyInto(AbstractPipeline.java:570)
	at java.base/java.util.stream.AbstractPipeline.wrapAndCopyInto(AbstractPipeline.java:560)
	at java.base/java.util.stream.ForEachOps$ForEachOp.evaluateSequential(ForEachOps.java:151)
	at java.base/java.util.stream.ForEachOps$ForEachOp$OfRef.evaluateSequential(ForEachOps.java:174)
	at java.base/java.util.stream.AbstractPipeline.evaluate(AbstractPipeline.java:265)
	at java.base/java.util.stream.ReferencePipeline.forEach(ReferencePipeline.java:636)
	at java.base/java.util.ArrayList.forEach(ArrayList.java:1597)
	at java.base/java.util.ArrayList.forEach(ArrayList.java:1597)

[ERROR] org.jsoup.select.XpathTest.cssAndXpathEquivalents(Document, String, String)[4] -- Time elapsed: 0.002 s <<< ERROR!
java.lang.IllegalArgumentException: Sorry, no can do!
	at org.jsoup.select.XpathTest$AlternateXpathFactory.newXPath(XpathTest.java:280)
	at org.jsoup.helper.W3CDom.selectXpath(W3CDom.java:289)
	at org.jsoup.nodes.NodeUtils.selectXpath(NodeUtils.java:52)
	at org.jsoup.nodes.Element.selectXpath(Element.java:785)
	at org.jsoup.select.XpathTest.cssAndXpathEquivalents(XpathTest.java:107)
	at java.base/java.lang.reflect.Method.invoke(Method.java:580)
	at java.base/java.util.Optional.ifPresent(Optional.java:178)
	at java.base/java.util.stream.ForEachOps$ForEachOp$OfRef.accept(ForEachOps.java:184)
	at java.base/java.util.stream.ReferencePipeline$3$1.accept(ReferencePipeline.java:215)
	at java.base/java.util.stream.ForEachOps$ForEachOp$OfRef.accept(ForEachOps.java:184)
	at java.base/java.util.stream.ForEachOps$ForEachOp$OfRef.accept(ForEachOps.java:184)
	at java.base/java.util.stream.ReferencePipeline$3$1.accept(ReferencePipeline.java:215)
	at java.base/java.util.Spliterators$ArraySpliterator.forEachRemaining(Spliterators.java:1024)
	at java.base/java.util.stream.ReferencePipeline$Head.forEach(ReferencePipeline.java:807)
	at java.base/java.util.stream.ReferencePipeline$7$1FlatMap.accept(ReferencePipeline.java:294)
	at java.base/java.util.stream.ReferencePipeline$3$1.accept(ReferencePipeline.java:215)
	at java.base/java.util.stream.ReferencePipeline$3$1.accept(ReferencePipeline.java:215)
	at java.base/java.util.stream.ReferencePipeline$3$1.accept(ReferencePipeline.java:215)
	at java.base/java.util.Spliterators$ArraySpliterator.forEachRemaining(Spliterators.java:1024)
	at java.base/java.util.stream.AbstractPipeline.copyInto(AbstractPipeline.java:570)
	at java.base/java.util.stream.AbstractPipeline.wrapAndCopyInto(AbstractPipeline.java:560)
	at java.base/java.util.stream.ForEachOps$ForEachOp.evaluateSequential(ForEachOps.java:151)
	at java.base/java.util.stream.ForEachOps$ForEachOp$OfRef.evaluateSequential(ForEachOps.java:174)
	at java.base/java.util.stream.AbstractPipeline.evaluate(AbstractPipeline.java:265)
	at java.base/java.util.stream.ReferencePipeline.forEach(ReferencePipeline.java:636)
	at java.base/java.util.stream.ReferencePipeline$7$1FlatMap.accept(ReferencePipeline.java:294)
	at java.base/java.util.ArrayList$ArrayListSpliterator.forEachRemaining(ArrayList.java:1709)
	at java.base/java.util.stream.AbstractPipeline.copyInto(AbstractPipeline.java:570)
	at java.base/java.util.stream.AbstractPipeline.wrapAndCopyInto(AbstractPipeline.java:560)
	at java.base/java.util.stream.ForEachOps$ForEachOp.evaluateSequential(ForEachOps.java:151)
	at java.base/java.util.stream.ForEachOps$ForEachOp$OfRef.evaluateSequential(ForEachOps.java:174)
	at java.base/java.util.stream.AbstractPipeline.evaluate(AbstractPipeline.java:265)
	at java.base/java.util.stream.ReferencePipeline.forEach(ReferencePipeline.java:636)
	at java.base/java.util.stream.ReferencePipeline$7$1FlatMap.accept(ReferencePipeline.java:294)
	at java.base/java.util.stream.ReferencePipeline$3$1.accept(ReferencePipeline.java:215)
	at java.base/java.util.stream.ReferencePipeline$3$1.accept(ReferencePipeline.java:215)
	at java.base/java.util.stream.ReferencePipeline$3$1.accept(ReferencePipeline.java:215)
	at java.base/java.util.ArrayList$ArrayListSpliterator.forEachRemaining(ArrayList.java:1709)
	at java.base/java.util.stream.AbstractPipeline.copyInto(AbstractPipeline.java:570)
	at java.base/java.util.stream.AbstractPipeline.wrapAndCopyInto(AbstractPipeline.java:560)
	at java.base/java.util.stream.ForEachOps$ForEachOp.evaluateSequential(ForEachOps.java:151)
	at java.base/java.util.stream.ForEachOps$ForEachOp$OfRef.evaluateSequential(ForEachOps.java:174)
	at java.base/java.util.stream.AbstractPipeline.evaluate(AbstractPipeline.java:265)
	at java.base/java.util.stream.ReferencePipeline.forEach(ReferencePipeline.java:636)
	at java.base/java.util.ArrayList.forEach(ArrayList.java:1597)
	at java.base/java.util.ArrayList.forEach(ArrayList.java:1597)

[ERROR] org.jsoup.select.XpathTest.emptyElementsIfNoResults -- Time elapsed: 0.002 s <<< ERROR!
java.lang.IllegalArgumentException: Sorry, no can do!
	at org.jsoup.select.XpathTest$AlternateXpathFactory.newXPath(XpathTest.java:280)
	at org.jsoup.helper.W3CDom.selectXpath(W3CDom.java:289)
	at org.jsoup.nodes.NodeUtils.selectXpath(NodeUtils.java:52)
	at org.jsoup.nodes.Element.selectXpath(Element.java:785)
	at org.jsoup.select.XpathTest.emptyElementsIfNoResults(XpathTest.java:58)
	at java.base/java.lang.reflect.Method.invoke(Method.java:580)
	at java.base/java.util.ArrayList.forEach(ArrayList.java:1597)
	at java.base/java.util.ArrayList.forEach(ArrayList.java:1597)

[ERROR] org.jsoup.select.XpathTest.supportsXpath -- Time elapsed: 0.002 s <<< ERROR!
java.lang.IllegalArgumentException: Sorry, no can do!
	at org.jsoup.select.XpathTest$AlternateXpathFactory.newXPath(XpathTest.java:280)
	at org.jsoup.helper.W3CDom.selectXpath(W3CDom.java:289)
	at org.jsoup.nodes.NodeUtils.selectXpath(NodeUtils.java:52)
	at org.jsoup.nodes.Element.selectXpath(Element.java:785)
	at org.jsoup.select.XpathTest.supportsXpath(XpathTest.java:32)
	at java.base/java.lang.reflect.Method.invoke(Method.java:580)
	at java.base/java.util.ArrayList.forEach(ArrayList.java:1597)
	at java.base/java.util.ArrayList.forEach(ArrayList.java:1597)

[ERROR] org.jsoup.select.XpathTest.selectOutsideOfElementTree -- Time elapsed: 0.001 s <<< ERROR!
java.lang.IllegalArgumentException: Sorry, no can do!
	at org.jsoup.select.XpathTest$AlternateXpathFactory.newXPath(XpathTest.java:280)
	at org.jsoup.helper.W3CDom.selectXpath(W3CDom.java:289)
	at org.jsoup.nodes.NodeUtils.selectXpath(NodeUtils.java:52)
	at org.jsoup.nodes.Element.selectXpath(Element.java:785)
	at org.jsoup.select.XpathTest.selectOutsideOfElementTree(XpathTest.java:156)
	at java.base/java.lang.reflect.Method.invoke(Method.java:580)
	at java.base/java.util.ArrayList.forEach(ArrayList.java:1597)
	at java.base/java.util.ArrayList.forEach(ArrayList.java:1597)

[ERROR] org.jsoup.select.XpathTest.canDitchNamespaces -- Time elapsed: 0.001 s <<< ERROR!
java.lang.NoSuchMethodError: 'org.jsoup.nodes.Document$OutputSettings org.jsoup.nodes.Document$OutputSettings.syntax(org.jsoup.nodes.Document$OutputSettings$Syntax)'
	at org.jsoup.parser.XmlTreeBuilder.initialiseParse(XmlTreeBuilder.java:50)
	at org.jsoup.parser.TreeBuilder.parse(TreeBuilder.java:76)
	at org.jsoup.parser.Parser.parseInput(Parser.java:89)
	at org.jsoup.parser.Parser.parseInput(Parser.java:75)
	at org.jsoup.Jsoup.parse(Jsoup.java:65)
	at org.jsoup.select.XpathTest.canDitchNamespaces(XpathTest.java:93)
	at java.base/java.lang.reflect.Method.invoke(Method.java:580)
	at java.base/java.util.ArrayList.forEach(ArrayList.java:1597)
	at java.base/java.util.ArrayList.forEach(ArrayList.java:1597)

[ERROR] org.jsoup.select.XpathTest.withSemiInAttributeName -- Time elapsed: 0.002 s <<< ERROR!
java.lang.IllegalArgumentException: Sorry, no can do!
	at org.jsoup.select.XpathTest$AlternateXpathFactory.newXPath(XpathTest.java:280)
	at org.jsoup.helper.W3CDom.selectXpath(W3CDom.java:289)
	at org.jsoup.nodes.NodeUtils.selectXpath(NodeUtils.java:52)
	at org.jsoup.nodes.Element.selectXpath(Element.java:785)
	at org.jsoup.select.XpathTest.withSemiInAttributeName(XpathTest.java:243)
	at java.base/java.lang.reflect.Method.invoke(Method.java:580)
	at java.base/java.util.ArrayList.forEach(ArrayList.java:1597)
	at java.base/java.util.ArrayList.forEach(ArrayList.java:1597)

[ERROR] org.jsoup.select.XpathTest.supportsPrefixes -- Time elapsed: 0.001 s <<< ERROR!
java.lang.NoSuchMethodError: 'org.jsoup.nodes.Document$OutputSettings org.jsoup.nodes.Document$OutputSettings.syntax(org.jsoup.nodes.Document$OutputSettings$Syntax)'
	at org.jsoup.parser.XmlTreeBuilder.initialiseParse(XmlTreeBuilder.java:50)
	at org.jsoup.parser.TreeBuilder.parse(TreeBuilder.java:76)
	at org.jsoup.parser.Parser.parseInput(Parser.java:89)
	at org.jsoup.parser.Parser.parseInput(Parser.java:75)
	at org.jsoup.Jsoup.parse(Jsoup.java:65)
	at org.jsoup.select.XpathTest.supportsPrefixes(XpathTest.java:218)
	at java.base/java.lang.reflect.Method.invoke(Method.java:580)
	at java.base/java.util.ArrayList.forEach(ArrayList.java:1597)
	at java.base/java.util.ArrayList.forEach(ArrayList.java:1597)

[ERROR] org.jsoup.select.XpathTest.selectByAttribute -- Time elapsed: 0.004 s <<< ERROR!
java.lang.IllegalArgumentException: Sorry, no can do!
	at org.jsoup.select.XpathTest$AlternateXpathFactory.newXPath(XpathTest.java:280)
	at org.jsoup.helper.W3CDom.selectXpath(W3CDom.java:289)
	at org.jsoup.nodes.NodeUtils.selectXpath(NodeUtils.java:52)
	at org.jsoup.nodes.Element.selectXpath(Element.java:785)
	at org.jsoup.select.XpathTest.selectByAttribute(XpathTest.java:148)
	at java.base/java.lang.reflect.Method.invoke(Method.java:580)
	at java.base/java.util.ArrayList.forEach(ArrayList.java:1597)
	at java.base/java.util.ArrayList.forEach(ArrayList.java:1597)

[ERROR] org.jsoup.select.XpathTest.throwsSelectException -- Time elapsed: 0.002 s <<< ERROR!
java.lang.IllegalArgumentException: Sorry, no can do!
	at org.jsoup.select.XpathTest$AlternateXpathFactory.newXPath(XpathTest.java:280)
	at org.jsoup.helper.W3CDom.selectXpath(W3CDom.java:289)
	at org.jsoup.nodes.NodeUtils.selectXpath(NodeUtils.java:52)
	at org.jsoup.nodes.Element.selectXpath(Element.java:785)
	at org.jsoup.select.XpathTest.throwsSelectException(XpathTest.java:66)
	at java.base/java.lang.reflect.Method.invoke(Method.java:580)
	at java.base/java.util.ArrayList.forEach(ArrayList.java:1597)
	at java.base/java.util.ArrayList.forEach(ArrayList.java:1597)

[ERROR] org.jsoup.select.XpathTest.supportsXpathFromElement -- Time elapsed: 0.004 s <<< ERROR!
java.lang.IllegalArgumentException: Sorry, no can do!
	at org.jsoup.select.XpathTest$AlternateXpathFactory.newXPath(XpathTest.java:280)
	at org.jsoup.helper.W3CDom.selectXpath(W3CDom.java:289)
	at org.jsoup.nodes.NodeUtils.selectXpath(NodeUtils.java:52)
	at org.jsoup.nodes.Element.selectXpath(Element.java:785)
	at org.jsoup.select.XpathTest.supportsXpathFromElement(XpathTest.java:44)
	at java.base/java.lang.reflect.Method.invoke(Method.java:580)
	at java.base/java.util.ArrayList.forEach(ArrayList.java:1597)
	at java.base/java.util.ArrayList.forEach(ArrayList.java:1597)

[ERROR] Tests run: 54, Failures: 0, Errors: 2, Skipped: 0, Time elapsed: 0.072 s <<< FAILURE! -- in org.jsoup.select.ElementsTest
[ERROR] org.jsoup.select.ElementsTest.remove -- Time elapsed: 0.001 s <<< ERROR!
java.lang.NoSuchMethodError: 'org.jsoup.nodes.Document$OutputSettings org.jsoup.nodes.Document$OutputSettings.prettyPrint(boolean)'
	at org.jsoup.select.ElementsTest.remove(ElementsTest.java:227)
	at java.base/java.lang.reflect.Method.invoke(Method.java:580)
	at java.base/java.util.ArrayList.forEach(ArrayList.java:1597)
	at java.base/java.util.ArrayList.forEach(ArrayList.java:1597)

[ERROR] org.jsoup.select.ElementsTest.empty -- Time elapsed: 0.001 s <<< ERROR!
java.lang.NoSuchMethodError: 'org.jsoup.nodes.Document$OutputSettings org.jsoup.nodes.Document$OutputSettings.prettyPrint(boolean)'
	at org.jsoup.select.ElementsTest.empty(ElementsTest.java:219)
	at java.base/java.lang.reflect.Method.invoke(Method.java:580)
	at java.base/java.util.ArrayList.forEach(ArrayList.java:1597)
	at java.base/java.util.ArrayList.forEach(ArrayList.java:1597)

[ERROR] Tests run: 216, Failures: 0, Errors: 16, Skipped: 0, Time elapsed: 0.029 s <<< FAILURE! -- in org.jsoup.parser.HtmlParserTest$DeepHtmlTrees
[ERROR] org.jsoup.parser.HtmlParserTest.handleContentAfterBody -- Time elapsed: 0 s <<< ERROR!
java.lang.NoSuchMethodError: 'org.jsoup.nodes.Document$OutputSettings org.jsoup.nodes.Document$OutputSettings.prettyPrint(boolean)'
	at org.jsoup.parser.HtmlParserTest.handleContentAfterBody(HtmlParserTest.java:1474)
	at java.base/java.lang.reflect.Method.invoke(Method.java:580)
	at java.base/java.util.ArrayList.forEach(ArrayList.java:1597)
	at java.base/java.util.ArrayList.forEach(ArrayList.java:1597)

[ERROR] org.jsoup.parser.HtmlParserTest.handlesXmlDeclAndCommentsBeforeDoctype -- Time elapsed: 0.001 s <<< ERROR!
java.lang.NoSuchMethodError: 'org.jsoup.nodes.Document$OutputSettings org.jsoup.nodes.Document$OutputSettings.charset(java.nio.charset.Charset)'
	at org.jsoup.helper.DataUtil.parseInputStream(DataUtil.java:339)
	at org.jsoup.helper.DataUtil.parseInputStream(DataUtil.java:230)
	at org.jsoup.helper.DataUtil.load(DataUtil.java:120)
	at org.jsoup.helper.DataUtil.load(DataUtil.java:102)
	at org.jsoup.helper.DataUtil.load(DataUtil.java:69)
	at org.jsoup.Jsoup.parse(Jsoup.java:152)
	at org.jsoup.parser.HtmlParserTest.handlesXmlDeclAndCommentsBeforeDoctype(HtmlParserTest.java:1294)
	at java.base/java.lang.reflect.Method.invoke(Method.java:580)
	at java.base/java.util.ArrayList.forEach(ArrayList.java:1597)
	at java.base/java.util.ArrayList.forEach(ArrayList.java:1597)

[ERROR] org.jsoup.parser.HtmlParserTest.fallbackToUtfIfCantEncode -- Time elapsed: 0.003 s <<< ERROR!
java.lang.NoSuchMethodError: 'org.jsoup.nodes.Document$OutputSettings org.jsoup.nodes.Document$OutputSettings.charset(java.nio.charset.Charset)'
	at org.jsoup.helper.DataUtil.parseInputStream(DataUtil.java:339)
	at org.jsoup.helper.DataUtil.parseInputStream(DataUtil.java:230)
	at org.jsoup.helper.DataUtil.load(DataUtil.java:180)
	at org.jsoup.Jsoup.parse(Jsoup.java:267)
	at org.jsoup.parser.HtmlParserTest.fallbackToUtfIfCantEncode(HtmlParserTest.java:1321)
	at java.base/java.lang.reflect.Method.invoke(Method.java:580)
	at java.base/java.util.ArrayList.forEach(ArrayList.java:1597)
	at java.base/java.util.ArrayList.forEach(ArrayList.java:1597)

[ERROR] org.jsoup.parser.HtmlParserTest.customSelfClosingVoidTagsRoundTrip -- Time elapsed: 0.001 s <<< ERROR!
java.lang.NoSuchMethodError: 'org.jsoup.nodes.Document$OutputSettings org.jsoup.nodes.Document$OutputSettings.syntax(org.jsoup.nodes.Document$OutputSettings$Syntax)'
	at org.jsoup.parser.HtmlParserTest.customSelfClosingVoidTagsRoundTrip(HtmlParserTest.java:2149)
	at java.base/java.lang.reflect.Method.invoke(Method.java:580)
	at java.base/java.util.ArrayList.forEach(ArrayList.java:1597)
	at java.base/java.util.ArrayList.forEach(ArrayList.java:1597)

[ERROR] org.jsoup.parser.HtmlParserTest.preserveWhitespaceInHead -- Time elapsed: 0.001 s <<< ERROR!
java.lang.NoSuchMethodError: 'org.jsoup.nodes.Document$OutputSettings org.jsoup.nodes.Document$OutputSettings.prettyPrint(boolean)'
	at org.jsoup.parser.HtmlParserTest.preserveWhitespaceInHead(HtmlParserTest.java:1467)
	at java.base/java.lang.reflect.Method.invoke(Method.java:580)
	at java.base/java.util.ArrayList.forEach(ArrayList.java:1597)
	at java.base/java.util.ArrayList.forEach(ArrayList.java:1597)

[ERROR] org.jsoup.parser.HtmlParserTest.characterReaderBuffer -- Time elapsed: 0.002 s <<< ERROR!
java.lang.NoSuchMethodError: 'org.jsoup.nodes.Document$OutputSettings org.jsoup.nodes.Document$OutputSettings.charset(java.nio.charset.Charset)'
	at org.jsoup.helper.DataUtil.parseInputStream(DataUtil.java:339)
	at org.jsoup.helper.DataUtil.parseInputStream(DataUtil.java:230)
	at org.jsoup.helper.DataUtil.load(DataUtil.java:120)
	at org.jsoup.helper.DataUtil.load(DataUtil.java:102)
	at org.jsoup.helper.DataUtil.load(DataUtil.java:69)
	at org.jsoup.Jsoup.parse(Jsoup.java:152)
	at org.jsoup.parser.HtmlParserTest.characterReaderBuffer(HtmlParserTest.java:1332)
	at java.base/java.lang.reflect.Method.invoke(Method.java:580)
	at java.base/java.util.ArrayList.forEach(ArrayList.java:1597)
	at java.base/java.util.ArrayList.forEach(ArrayList.java:1597)

[ERROR] org.jsoup.parser.HtmlParserTest.testTemplateInsideTable -- Time elapsed: 0.001 s <<< ERROR!
java.lang.NoSuchMethodError: 'org.jsoup.nodes.Document$OutputSettings org.jsoup.nodes.Document$OutputSettings.charset(java.nio.charset.Charset)'
	at org.jsoup.helper.DataUtil.parseInputStream(DataUtil.java:339)
	at org.jsoup.helper.DataUtil.parseInputStream(DataUtil.java:230)
	at org.jsoup.helper.DataUtil.load(DataUtil.java:120)
	at org.jsoup.helper.DataUtil.load(DataUtil.java:102)
	at org.jsoup.helper.DataUtil.load(DataUtil.java:69)
	at org.jsoup.Jsoup.parse(Jsoup.java:152)
	at org.jsoup.parser.HtmlParserTest.testTemplateInsideTable(HtmlParserTest.java:1258)
	at java.base/java.lang.reflect.Method.invoke(Method.java:580)
	at java.base/java.util.ArrayList.forEach(ArrayList.java:1597)
	at java.base/java.util.ArrayList.forEach(ArrayList.java:1597)

[ERROR] org.jsoup.parser.HtmlParserTest.testInvalidTableContents -- Time elapsed: 0.002 s <<< ERROR!
java.lang.NoSuchMethodError: 'org.jsoup.nodes.Document$OutputSettings org.jsoup.nodes.Document$OutputSettings.charset(java.nio.charset.Charset)'
	at org.jsoup.helper.DataUtil.parseInputStream(DataUtil.java:339)
	at org.jsoup.helper.DataUtil.parseInputStream(DataUtil.java:230)
	at org.jsoup.helper.DataUtil.load(DataUtil.java:120)
	at org.jsoup.helper.DataUtil.load(DataUtil.java:102)
	at org.jsoup.helper.DataUtil.load(DataUtil.java:69)
	at org.jsoup.Jsoup.parse(Jsoup.java:152)
	at org.jsoup.parser.HtmlParserTest.testInvalidTableContents(HtmlParserTest.java:1087)
	at java.base/java.lang.reflect.Method.invoke(Method.java:580)
	at java.base/java.util.ArrayList.forEach(ArrayList.java:1597)
	at java.base/java.util.ArrayList.forEach(ArrayList.java:1597)

[ERROR] org.jsoup.parser.HtmlParserTest.preservesTabs -- Time elapsed: 0.002 s <<< ERROR!
java.lang.NoSuchMethodError: 'org.jsoup.nodes.Document$OutputSettings org.jsoup.nodes.Document$OutputSettings.prettyPrint(boolean)'
	at org.jsoup.parser.HtmlParserTest.preservesTabs(HtmlParserTest.java:1493)
	at java.base/java.lang.reflect.Method.invoke(Method.java:580)
	at java.base/java.util.ArrayList.forEach(ArrayList.java:1597)
	at java.base/java.util.ArrayList.forEach(ArrayList.java:1597)

[ERROR] org.jsoup.parser.HtmlParserTest.customVoidTagsBehaveLikeHtmlVoids -- Time elapsed: 0.001 s <<< ERROR!
java.lang.NoSuchMethodError: 'org.jsoup.nodes.Document$OutputSettings org.jsoup.nodes.Document$OutputSettings.syntax(org.jsoup.nodes.Document$OutputSettings$Syntax)'
	at org.jsoup.parser.HtmlParserTest.customVoidTagsBehaveLikeHtmlVoids(HtmlParserTest.java:2131)
	at java.base/java.lang.reflect.Method.invoke(Method.java:580)
	at java.base/java.util.ArrayList.forEach(ArrayList.java:1597)
	at java.base/java.util.ArrayList.forEach(ArrayList.java:1597)

[ERROR] org.jsoup.parser.HtmlParserTest.canDetectAutomaticallyAddedElements -- Time elapsed: 0 s <<< ERROR!
java.lang.NoSuchMethodError: 'org.jsoup.nodes.Document$OutputSettings org.jsoup.nodes.Document$OutputSettings.syntax(org.jsoup.nodes.Document$OutputSettings$Syntax)'
	at org.jsoup.parser.XmlTreeBuilder.initialiseParse(XmlTreeBuilder.java:50)
	at org.jsoup.parser.TreeBuilder.parse(TreeBuilder.java:76)
	at org.jsoup.parser.Parser.parseInput(Parser.java:89)
	at org.jsoup.parser.Parser.parseInput(Parser.java:75)
	at org.jsoup.Jsoup.parse(Jsoup.java:51)
	at org.jsoup.parser.HtmlParserTest.didAddElements(HtmlParserTest.java:1517)
	at org.jsoup.parser.HtmlParserTest.canDetectAutomaticallyAddedElements(HtmlParserTest.java:1510)
	at java.base/java.lang.reflect.Method.invoke(Method.java:580)
	at java.base/java.util.ArrayList.forEach(ArrayList.java:1597)
	at java.base/java.util.ArrayList.forEach(ArrayList.java:1597)

[ERROR] org.jsoup.parser.HtmlParserTest.findsBasePrefixEntity -- Time elapsed: 0.001 s <<< ERROR!
java.lang.NoSuchMethodError: 'org.jsoup.nodes.Document$OutputSettings org.jsoup.nodes.Document$OutputSettings.escapeMode(org.jsoup.nodes.Entities$EscapeMode)'
	at org.jsoup.parser.HtmlParserTest.findsBasePrefixEntity(HtmlParserTest.java:976)
	at java.base/java.lang.reflect.Method.invoke(Method.java:580)
	at java.base/java.util.ArrayList.forEach(ArrayList.java:1597)
	at java.base/java.util.ArrayList.forEach(ArrayList.java:1597)

[ERROR] org.jsoup.parser.HtmlParserTest.relaxedBaseEntityMatchAndStrictExtendedMatch -- Time elapsed: 0 s <<< ERROR!
java.lang.NoSuchMethodError: 'org.jsoup.nodes.Document$OutputSettings org.jsoup.nodes.Document$OutputSettings.escapeMode(org.jsoup.nodes.Entities$EscapeMode)'
	at org.jsoup.parser.HtmlParserTest.relaxedBaseEntityMatchAndStrictExtendedMatch(HtmlParserTest.java:968)
	at java.base/java.lang.reflect.Method.invoke(Method.java:580)
	at java.base/java.util.ArrayList.forEach(ArrayList.java:1597)
	at java.base/java.util.ArrayList.forEach(ArrayList.java:1597)

[ERROR] org.jsoup.parser.HtmlParserTest.handlesUnclosedFormattingElements -- Time elapsed: 0.002 s <<< ERROR!
java.lang.NoSuchMethodError: 'org.jsoup.nodes.Document$OutputSettings org.jsoup.nodes.Document$OutputSettings.indentAmount(int)'
	at org.jsoup.parser.HtmlParserTest.handlesUnclosedFormattingElements(HtmlParserTest.java:730)
	at java.base/java.lang.reflect.Method.invoke(Method.java:580)
	at java.base/java.util.ArrayList.forEach(ArrayList.java:1597)
	at java.base/java.util.ArrayList.forEach(ArrayList.java:1597)

[ERROR] org.jsoup.parser.HtmlParserTest.parseEmojiFromMultipointEncoded -- Time elapsed: 0.001 s <<< ERROR!
java.lang.NoSuchMethodError: 'org.jsoup.nodes.Document$OutputSettings org.jsoup.nodes.Document$OutputSettings.charset(java.lang.String)'
	at org.jsoup.parser.HtmlParserTest.parseEmojiFromMultipointEncoded(HtmlParserTest.java:1976)
	at java.base/java.lang.reflect.Method.invoke(Method.java:580)
	at java.base/java.util.ArrayList.forEach(ArrayList.java:1597)
	at java.base/java.util.ArrayList.forEach(ArrayList.java:1597)

[ERROR] org.jsoup.parser.HtmlParserTest.canControlSelfClosing -- Time elapsed: 0 s <<< ERROR!
java.lang.NoSuchMethodError: 'org.jsoup.nodes.Document$OutputSettings org.jsoup.nodes.Document$OutputSettings.syntax(org.jsoup.nodes.Document$OutputSettings$Syntax)'
	at org.jsoup.parser.HtmlParserTest.canControlSelfClosing(HtmlParserTest.java:2118)
	at java.base/java.lang.reflect.Method.invoke(Method.java:580)
	at java.base/java.util.ArrayList.forEach(ArrayList.java:1597)
	at java.base/java.util.ArrayList.forEach(ArrayList.java:1597)

[ERROR] Tests run: 35, Failures: 0, Errors: 10, Skipped: 0, Time elapsed: 0.139 s <<< FAILURE! -- in org.jsoup.parser.PositionTest
[ERROR] org.jsoup.parser.PositionTest.trackAttributePositionWithCase -- Time elapsed: 0.002 s <<< ERROR!
java.lang.NoSuchMethodError: 'org.jsoup.nodes.Document$OutputSettings org.jsoup.nodes.Document$OutputSettings.syntax(org.jsoup.nodes.Document$OutputSettings$Syntax)'
	at org.jsoup.parser.XmlTreeBuilder.initialiseParse(XmlTreeBuilder.java:50)
	at org.jsoup.parser.TreeBuilder.parse(TreeBuilder.java:76)
	at org.jsoup.parser.Parser.parseInput(Parser.java:89)
	at org.jsoup.parser.Parser.parseInput(Parser.java:75)
	at org.jsoup.Jsoup.parse(Jsoup.java:65)
	at org.jsoup.parser.PositionTest.trackAttributePositionWithCase(PositionTest.java:557)
	at java.base/java.lang.reflect.Method.invoke(Method.java:580)
	at java.base/java.util.ArrayList.forEach(ArrayList.java:1597)
	at java.base/java.util.ArrayList.forEach(ArrayList.java:1597)

[ERROR] org.jsoup.parser.PositionTest.trackAttributesPositionsDirectionalDedupes -- Time elapsed: 0.001 s <<< ERROR!
java.lang.NoSuchMethodError: 'org.jsoup.nodes.Document$OutputSettings org.jsoup.nodes.Document$OutputSettings.syntax(org.jsoup.nodes.Document$OutputSettings$Syntax)'
	at org.jsoup.parser.XmlTreeBuilder.initialiseParse(XmlTreeBuilder.java:50)
	at org.jsoup.parser.TreeBuilder.parse(TreeBuilder.java:76)
	at org.jsoup.parser.Parser.parseInput(Parser.java:89)
	at org.jsoup.parser.Parser.parseInput(Parser.java:75)
	at org.jsoup.Jsoup.parse(Jsoup.java:65)
	at org.jsoup.parser.PositionTest.trackAttributesPositionsDirectionalDedupes(PositionTest.java:604)
	at java.base/java.lang.reflect.Method.invoke(Method.java:580)
	at java.base/java.util.ArrayList.forEach(ArrayList.java:1597)
	at java.base/java.util.ArrayList.forEach(ArrayList.java:1597)

[ERROR] org.jsoup.parser.PositionTest.tracksClosingHtmlTagsInXml -- Time elapsed: 0.001 s <<< ERROR!
java.lang.NoSuchMethodError: 'org.jsoup.nodes.Document$OutputSettings org.jsoup.nodes.Document$OutputSettings.syntax(org.jsoup.nodes.Document$OutputSettings$Syntax)'
	at org.jsoup.parser.XmlTreeBuilder.initialiseParse(XmlTreeBuilder.java:50)
	at org.jsoup.parser.TreeBuilder.parse(TreeBuilder.java:76)
	at org.jsoup.parser.Parser.parseInput(Parser.java:89)
	at org.jsoup.parser.Parser.parseInput(Parser.java:75)
	at org.jsoup.Jsoup.parse(Jsoup.java:65)
	at org.jsoup.parser.PositionTest.tracksClosingHtmlTagsInXml(PositionTest.java:431)
	at java.base/java.lang.reflect.Method.invoke(Method.java:580)
	at java.base/java.util.ArrayList.forEach(ArrayList.java:1597)
	at java.base/java.util.ArrayList.forEach(ArrayList.java:1597)

[ERROR] org.jsoup.parser.PositionTest.updateKeyMaintainsRangeUc -- Time elapsed: 0 s <<< ERROR!
java.lang.NoSuchMethodError: 'org.jsoup.nodes.Document$OutputSettings org.jsoup.nodes.Document$OutputSettings.syntax(org.jsoup.nodes.Document$OutputSettings$Syntax)'
	at org.jsoup.parser.XmlTreeBuilder.initialiseParse(XmlTreeBuilder.java:50)
	at org.jsoup.parser.TreeBuilder.parse(TreeBuilder.java:76)
	at org.jsoup.parser.Parser.parseInput(Parser.java:89)
	at org.jsoup.parser.Parser.parseInput(Parser.java:75)
	at org.jsoup.Jsoup.parse(Jsoup.java:65)
	at org.jsoup.parser.PositionTest.updateKeyMaintainsRangeUc(PositionTest.java:694)
	at java.base/java.lang.reflect.Method.invoke(Method.java:580)
	at java.base/java.util.ArrayList.forEach(ArrayList.java:1597)
	at java.base/java.util.ArrayList.forEach(ArrayList.java:1597)

[ERROR] org.jsoup.parser.PositionTest.trackAttributePositionInFirstElement -- Time elapsed: 0.001 s <<< ERROR!
java.lang.NoSuchMethodError: 'org.jsoup.nodes.Document$OutputSettings org.jsoup.nodes.Document$OutputSettings.syntax(org.jsoup.nodes.Document$OutputSettings$Syntax)'
	at org.jsoup.parser.XmlTreeBuilder.initialiseParse(XmlTreeBuilder.java:50)
	at org.jsoup.parser.TreeBuilder.parse(TreeBuilder.java:76)
	at org.jsoup.parser.Parser.parseInput(Parser.java:89)
	at org.jsoup.parser.Parser.parseInput(Parser.java:75)
	at org.jsoup.Jsoup.parse(Jsoup.java:65)
	at org.jsoup.parser.PositionTest.trackAttributePositionInFirstElement(PositionTest.java:534)
	at java.base/java.lang.reflect.Method.invoke(Method.java:580)
	at java.base/java.util.ArrayList.forEach(ArrayList.java:1597)
	at java.base/java.util.ArrayList.forEach(ArrayList.java:1597)

[ERROR] org.jsoup.parser.PositionTest.tracksDocumentXml -- Time elapsed: 0.001 s <<< ERROR!
java.lang.NoSuchMethodError: 'org.jsoup.nodes.Document$OutputSettings org.jsoup.nodes.Document$OutputSettings.syntax(org.jsoup.nodes.Document$OutputSettings$Syntax)'
	at org.jsoup.parser.XmlTreeBuilder.initialiseParse(XmlTreeBuilder.java:50)
	at org.jsoup.parser.TreeBuilder.parse(TreeBuilder.java:76)
	at org.jsoup.parser.Parser.parseInput(Parser.java:89)
	at org.jsoup.parser.Parser.parseInput(Parser.java:75)
	at org.jsoup.Jsoup.parse(Jsoup.java:65)
	at org.jsoup.parser.PositionTest.tracksDocumentXml(PositionTest.java:686)
	at java.base/java.lang.reflect.Method.invoke(Method.java:580)
	at java.base/java.util.ArrayList.forEach(ArrayList.java:1597)
	at java.base/java.util.ArrayList.forEach(ArrayList.java:1597)

[ERROR] org.jsoup.parser.PositionTest.tracksFromFetch -- Time elapsed: 0.066 s <<< ERROR!
java.lang.NoSuchMethodError: 'org.jsoup.nodes.Document$OutputSettings org.jsoup.nodes.Document$OutputSettings.charset(java.nio.charset.Charset)'
	at org.jsoup.helper.DataUtil.parseInputStream(DataUtil.java:339)
	at org.jsoup.helper.DataUtil.parseInputStream(DataUtil.java:230)
	at org.jsoup.helper.HttpConnection$Response.parse(HttpConnection.java:1007)
	at org.jsoup.helper.HttpConnection.get(HttpConnection.java:353)
	at org.jsoup.parser.PositionTest.tracksFromFetch(PositionTest.java:383)
	at java.base/java.lang.reflect.Method.invoke(Method.java:580)
	at java.base/java.util.ArrayList.forEach(ArrayList.java:1597)
	at java.base/java.util.ArrayList.forEach(ArrayList.java:1597)

[ERROR] org.jsoup.parser.PositionTest.tracksXml -- Time elapsed: 0.001 s <<< ERROR!
java.lang.NoSuchMethodError: 'org.jsoup.nodes.Document$OutputSettings org.jsoup.nodes.Document$OutputSettings.syntax(org.jsoup.nodes.Document$OutputSettings$Syntax)'
	at org.jsoup.parser.XmlTreeBuilder.initialiseParse(XmlTreeBuilder.java:50)
	at org.jsoup.parser.TreeBuilder.parse(TreeBuilder.java:76)
	at org.jsoup.parser.Parser.parseInput(Parser.java:89)
	at org.jsoup.parser.Parser.parseInput(Parser.java:75)
	at org.jsoup.Jsoup.parse(Jsoup.java:65)
	at org.jsoup.parser.PositionTest.tracksXml(PositionTest.java:360)
	at java.base/java.lang.reflect.Method.invoke(Method.java:580)
	at java.base/java.util.ArrayList.forEach(ArrayList.java:1597)
	at java.base/java.util.ArrayList.forEach(ArrayList.java:1597)

[ERROR] org.jsoup.parser.PositionTest.tracksFromXmlFetch -- Time elapsed: 0.031 s <<< ERROR!
java.lang.NoSuchMethodError: 'org.jsoup.nodes.Document$OutputSettings org.jsoup.nodes.Document$OutputSettings.syntax(org.jsoup.nodes.Document$OutputSettings$Syntax)'
	at org.jsoup.parser.XmlTreeBuilder.initialiseParse(XmlTreeBuilder.java:50)
	at org.jsoup.parser.TreeBuilder.parse(TreeBuilder.java:76)
	at org.jsoup.parser.Parser.parseInput(Parser.java:89)
	at org.jsoup.helper.DataUtil.detectCharset(DataUtil.java:266)
	at org.jsoup.helper.DataUtil.detectCharset(DataUtil.java:242)
	at org.jsoup.helper.DataUtil.parseInputStream(DataUtil.java:229)
	at org.jsoup.helper.HttpConnection$Response.parse(HttpConnection.java:1007)
	at org.jsoup.helper.HttpConnection.get(HttpConnection.java:353)
	at org.jsoup.parser.PositionTest.tracksFromXmlFetch(PositionTest.java:401)
	at java.base/java.lang.reflect.Method.invoke(Method.java:580)
	at java.base/java.util.ArrayList.forEach(ArrayList.java:1597)
	at java.base/java.util.ArrayList.forEach(ArrayList.java:1597)

[ERROR] org.jsoup.parser.PositionTest.trackAttributesPositionsDedupes -- Time elapsed: 0.001 s <<< ERROR!
java.lang.NoSuchMethodError: 'org.jsoup.nodes.Document$OutputSettings org.jsoup.nodes.Document$OutputSettings.syntax(org.jsoup.nodes.Document$OutputSettings$Syntax)'
	at org.jsoup.parser.XmlTreeBuilder.initialiseParse(XmlTreeBuilder.java:50)
	at org.jsoup.parser.TreeBuilder.parse(TreeBuilder.java:76)
	at org.jsoup.parser.Parser.parseInput(Parser.java:89)
	at org.jsoup.parser.Parser.parseInput(Parser.java:75)
	at org.jsoup.Jsoup.parse(Jsoup.java:65)
	at org.jsoup.parser.PositionTest.trackAttributesPositionsDedupes(PositionTest.java:581)
	at java.base/java.lang.reflect.Method.invoke(Method.java:580)
	at java.base/java.util.ArrayList.forEach(ArrayList.java:1597)
	at java.base/java.util.ArrayList.forEach(ArrayList.java:1597)

[ERROR] Tests run: 53, Failures: 0, Errors: 53, Skipped: 0, Time elapsed: 0.069 s <<< FAILURE! -- in org.jsoup.parser.XmlTreeBuilderTest
[ERROR] org.jsoup.parser.XmlTreeBuilderTest.testPopToClose -- Time elapsed: 0.001 s <<< ERROR!
java.lang.NoSuchMethodError: 'org.jsoup.nodes.Document$OutputSettings org.jsoup.nodes.Document$OutputSettings.syntax(org.jsoup.nodes.Document$OutputSettings$Syntax)'
	at org.jsoup.parser.XmlTreeBuilder.initialiseParse(XmlTreeBuilder.java:50)
	at org.jsoup.parser.TreeBuilder.parse(TreeBuilder.java:76)
	at org.jsoup.parser.XmlTreeBuilder.parse(XmlTreeBuilder.java:88)
	at org.jsoup.parser.XmlTreeBuilderTest.testPopToClose(XmlTreeBuilderTest.java:43)
	at java.base/java.lang.reflect.Method.invoke(Method.java:580)
	at java.base/java.util.ArrayList.forEach(ArrayList.java:1597)
	at java.base/java.util.ArrayList.forEach(ArrayList.java:1597)

[ERROR] org.jsoup.parser.XmlTreeBuilderTest.disablesPrettyPrintingByDefault -- Time elapsed: 0.001 s <<< ERROR!
java.lang.NoSuchMethodError: 'org.jsoup.nodes.Document$OutputSettings org.jsoup.nodes.Document$OutputSettings.syntax(org.jsoup.nodes.Document$OutputSettings$Syntax)'
	at org.jsoup.parser.XmlTreeBuilder.initialiseParse(XmlTreeBuilder.java:50)
	at org.jsoup.parser.TreeBuilder.parse(TreeBuilder.java:76)
	at org.jsoup.parser.Parser.parseInput(Parser.java:89)
	at org.jsoup.parser.Parser.parseInput(Parser.java:75)
	at org.jsoup.Jsoup.parse(Jsoup.java:51)
	at org.jsoup.parser.XmlTreeBuilderTest.disablesPrettyPrintingByDefault(XmlTreeBuilderTest.java:184)
	at java.base/java.lang.reflect.Method.invoke(Method.java:580)
	at java.base/java.util.ArrayList.forEach(ArrayList.java:1597)
	at java.base/java.util.ArrayList.forEach(ArrayList.java:1597)

[ERROR] org.jsoup.parser.XmlTreeBuilderTest.xmlSyntaxAlwaysEscapesLtAndGtInAttributeValues -- Time elapsed: 0.001 s <<< ERROR!
java.lang.NoSuchMethodError: 'org.jsoup.nodes.Document$OutputSettings org.jsoup.nodes.Document$OutputSettings.syntax(org.jsoup.nodes.Document$OutputSettings$Syntax)'
	at org.jsoup.parser.XmlTreeBuilder.initialiseParse(XmlTreeBuilder.java:50)
	at org.jsoup.parser.TreeBuilder.parse(TreeBuilder.java:76)
	at org.jsoup.parser.Parser.parseInput(Parser.java:89)
	at org.jsoup.parser.Parser.parseInput(Parser.java:75)
	at org.jsoup.Jsoup.parse(Jsoup.java:51)
	at org.jsoup.parser.XmlTreeBuilderTest.xmlSyntaxAlwaysEscapesLtAndGtInAttributeValues(XmlTreeBuilderTest.java:265)
	at java.base/java.lang.reflect.Method.invoke(Method.java:580)
	at java.base/java.util.ArrayList.forEach(ArrayList.java:1597)
	at java.base/java.util.ArrayList.forEach(ArrayList.java:1597)

[ERROR] org.jsoup.parser.XmlTreeBuilderTest.handlesXmlDeclarationAsDeclaration -- Time elapsed: 0.001 s <<< ERROR!
java.lang.NoSuchMethodError: 'org.jsoup.nodes.Document$OutputSettings org.jsoup.nodes.Document$OutputSettings.syntax(org.jsoup.nodes.Document$OutputSettings$Syntax)'
	at org.jsoup.parser.XmlTreeBuilder.initialiseParse(XmlTreeBuilder.java:50)
	at org.jsoup.parser.TreeBuilder.parse(TreeBuilder.java:76)
	at org.jsoup.parser.Parser.parseInput(Parser.java:89)
	at org.jsoup.parser.Parser.parseInput(Parser.java:75)
	at org.jsoup.Jsoup.parse(Jsoup.java:51)
	at org.jsoup.parser.XmlTreeBuilderTest.handlesXmlDeclarationAsDeclaration(XmlTreeBuilderTest.java:86)
	at java.base/java.lang.reflect.Method.invoke(Method.java:580)
	at java.base/java.util.ArrayList.forEach(ArrayList.java:1597)
	at java.base/java.util.ArrayList.forEach(ArrayList.java:1597)

[ERROR] org.jsoup.parser.XmlTreeBuilderTest.declarationWithGt -- Time elapsed: 0.001 s <<< ERROR!
java.lang.NoSuchMethodError: 'org.jsoup.nodes.Document$OutputSettings org.jsoup.nodes.Document$OutputSettings.syntax(org.jsoup.nodes.Document$OutputSettings$Syntax)'
	at org.jsoup.parser.XmlTreeBuilder.initialiseParse(XmlTreeBuilder.java:50)
	at org.jsoup.parser.TreeBuilder.parse(TreeBuilder.java:76)
	at org.jsoup.parser.Parser.parseInput(Parser.java:89)
	at org.jsoup.parser.Parser.parseInput(Parser.java:75)
	at org.jsoup.Jsoup.parse(Jsoup.java:65)
	at org.jsoup.parser.XmlTreeBuilderTest.declarationWithGt(XmlTreeBuilderTest.java:370)
	at java.base/java.lang.reflect.Method.invoke(Method.java:580)
	at java.base/java.util.ArrayList.forEach(ArrayList.java:1597)
	at java.base/java.util.ArrayList.forEach(ArrayList.java:1597)

[ERROR] org.jsoup.parser.XmlTreeBuilderTest.dropsDuplicateAttributes -- Time elapsed: 0.001 s <<< ERROR!
java.lang.NoSuchMethodError: 'org.jsoup.nodes.Document$OutputSettings org.jsoup.nodes.Document$OutputSettings.syntax(org.jsoup.nodes.Document$OutputSettings$Syntax)'
	at org.jsoup.parser.XmlTreeBuilder.initialiseParse(XmlTreeBuilder.java:50)
	at org.jsoup.parser.TreeBuilder.parse(TreeBuilder.java:76)
	at org.jsoup.parser.Parser.parseInput(Parser.java:89)
	at org.jsoup.parser.Parser.parseInput(Parser.java:75)
	at org.jsoup.parser.XmlTreeBuilderTest.dropsDuplicateAttributes(XmlTreeBuilderTest.java:244)
	at java.base/java.lang.reflect.Method.invoke(Method.java:580)
	at java.base/java.util.ArrayList.forEach(ArrayList.java:1597)
	at java.base/java.util.ArrayList.forEach(ArrayList.java:1597)

[ERROR] org.jsoup.parser.XmlTreeBuilderTest.canSupplyWithHtmlTagSet -- Time elapsed: 0.001 s <<< ERROR!
java.lang.NoSuchMethodError: 'org.jsoup.nodes.Document$OutputSettings org.jsoup.nodes.Document$OutputSettings.syntax(org.jsoup.nodes.Document$OutputSettings$Syntax)'
	at org.jsoup.parser.XmlTreeBuilder.initialiseParse(XmlTreeBuilder.java:50)
	at org.jsoup.parser.TreeBuilder.parse(TreeBuilder.java:76)
	at org.jsoup.parser.Parser.parseInput(Parser.java:89)
	at org.jsoup.parser.Parser.parseInput(Parser.java:75)
	at org.jsoup.Jsoup.parse(Jsoup.java:65)
	at org.jsoup.parser.XmlTreeBuilderTest.canSupplyWithHtmlTagSet(XmlTreeBuilderTest.java:510)
	at java.base/java.lang.reflect.Method.invoke(Method.java:580)
	at java.base/java.util.ArrayList.forEach(ArrayList.java:1597)
	at java.base/java.util.ArrayList.forEach(ArrayList.java:1597)

[ERROR] org.jsoup.parser.XmlTreeBuilderTest.caseSensitiveDeclaration -- Time elapsed: 0.003 s <<< ERROR!
java.lang.NoSuchMethodError: 'org.jsoup.nodes.Document$OutputSettings org.jsoup.nodes.Document$OutputSettings.syntax(org.jsoup.nodes.Document$OutputSettings$Syntax)'
	at org.jsoup.parser.XmlTreeBuilder.initialiseParse(XmlTreeBuilder.java:50)
	at org.jsoup.parser.TreeBuilder.parse(TreeBuilder.java:76)
	at org.jsoup.parser.Parser.parseInput(Parser.java:89)
	at org.jsoup.parser.Parser.parseInput(Parser.java:75)
	at org.jsoup.Jsoup.parse(Jsoup.java:51)
	at org.jsoup.parser.XmlTreeBuilderTest.caseSensitiveDeclaration(XmlTreeBuilderTest.java:149)
	at java.base/java.lang.reflect.Method.invoke(Method.java:580)
	at java.base/java.util.ArrayList.forEach(ArrayList.java:1597)
	at java.base/java.util.ArrayList.forEach(ArrayList.java:1597)

[ERROR] org.jsoup.parser.XmlTreeBuilderTest.customTagsAreFlyweights -- Time elapsed: 0.001 s <<< ERROR!
java.lang.NoSuchMethodError: 'org.jsoup.nodes.Document$OutputSettings org.jsoup.nodes.Document$OutputSettings.syntax(org.jsoup.nodes.Document$OutputSettings$Syntax)'
	at org.jsoup.parser.XmlTreeBuilder.initialiseParse(XmlTreeBuilder.java:50)
	at org.jsoup.parser.TreeBuilder.parse(TreeBuilder.java:76)
	at org.jsoup.parser.Parser.parseInput(Parser.java:89)
	at org.jsoup.parser.Parser.parseInput(Parser.java:75)
	at org.jsoup.Jsoup.parse(Jsoup.java:65)
	at org.jsoup.parser.XmlTreeBuilderTest.customTagsAreFlyweights(XmlTreeBuilderTest.java:291)
	at java.base/java.lang.reflect.Method.invoke(Method.java:580)
	at java.base/java.util.ArrayList.forEach(ArrayList.java:1597)
	at java.base/java.util.ArrayList.forEach(ArrayList.java:1597)

[ERROR] org.jsoup.parser.XmlTreeBuilderTest.selfClosingOK -- Time elapsed: 0.001 s <<< ERROR!
java.lang.NoSuchMethodError: 'org.jsoup.nodes.Document$OutputSettings org.jsoup.nodes.Document$OutputSettings.syntax(org.jsoup.nodes.Document$OutputSettings$Syntax)'
	at org.jsoup.parser.XmlTreeBuilder.initialiseParse(XmlTreeBuilder.java:50)
	at org.jsoup.parser.TreeBuilder.parse(TreeBuilder.java:76)
	at org.jsoup.parser.Parser.parseInput(Parser.java:89)
	at org.jsoup.parser.Parser.parseInput(Parser.java:75)
	at org.jsoup.Jsoup.parse(Jsoup.java:51)
	at org.jsoup.parser.XmlTreeBuilderTest.selfClosingOK(XmlTreeBuilderTest.java:697)
	at java.base/java.lang.reflect.Method.invoke(Method.java:580)
	at java.base/java.util.ArrayList.forEach(ArrayList.java:1597)
	at java.base/java.util.ArrayList.forEach(ArrayList.java:1597)

[ERROR] org.jsoup.parser.XmlTreeBuilderTest.handlesDodgyXmlDecl -- Time elapsed: 0 s <<< ERROR!
java.lang.NoSuchMethodError: 'org.jsoup.nodes.Document$OutputSettings org.jsoup.nodes.Document$OutputSettings.syntax(org.jsoup.nodes.Document$OutputSettings$Syntax)'
	at org.jsoup.parser.XmlTreeBuilder.initialiseParse(XmlTreeBuilder.java:50)
	at org.jsoup.parser.TreeBuilder.parse(TreeBuilder.java:76)
	at org.jsoup.parser.Parser.parseInput(Parser.java:89)
	at org.jsoup.parser.Parser.parseInput(Parser.java:75)
	at org.jsoup.Jsoup.parse(Jsoup.java:51)
	at org.jsoup.parser.XmlTreeBuilderTest.handlesDodgyXmlDecl(XmlTreeBuilderTest.java:228)
	at java.base/java.lang.reflect.Method.invoke(Method.java:580)
	at java.base/java.util.ArrayList.forEach(ArrayList.java:1597)
	at java.base/java.util.ArrayList.forEach(ArrayList.java:1597)

[ERROR] org.jsoup.parser.XmlTreeBuilderTest.handlesLTinScript -- Time elapsed: 0 s <<< ERROR!
java.lang.NoSuchMethodError: 'org.jsoup.nodes.Document$OutputSettings org.jsoup.nodes.Document$OutputSettings.syntax(org.jsoup.nodes.Document$OutputSettings$Syntax)'
	at org.jsoup.parser.XmlTreeBuilder.initialiseParse(XmlTreeBuilder.java:50)
	at org.jsoup.parser.TreeBuilder.parse(TreeBuilder.java:76)
	at org.jsoup.parser.Parser.parseInput(Parser.java:89)
	at org.jsoup.parser.Parser.parseInput(Parser.java:75)
	at org.jsoup.Jsoup.parse(Jsoup.java:51)
	at org.jsoup.parser.XmlTreeBuilderTest.handlesLTinScript(XmlTreeBuilderTest.java:236)
	at java.base/java.lang.reflect.Method.invoke(Method.java:580)
	at java.base/java.util.ArrayList.forEach(ArrayList.java:1597)
	at java.base/java.util.ArrayList.forEach(ArrayList.java:1597)

[ERROR] org.jsoup.parser.XmlTreeBuilderTest.canSetCustomRcdataTag -- Time elapsed: 0.001 s <<< ERROR!
java.lang.NoSuchMethodError: 'org.jsoup.nodes.Document$OutputSettings org.jsoup.nodes.Document$OutputSettings.syntax(org.jsoup.nodes.Document$OutputSettings$Syntax)'
	at org.jsoup.parser.XmlTreeBuilder.initialiseParse(XmlTreeBuilder.java:50)
	at org.jsoup.parser.TreeBuilder.parse(TreeBuilder.java:76)
	at org.jsoup.parser.Parser.parseInput(Parser.java:89)
	at org.jsoup.parser.Parser.parseInput(Parser.java:75)
	at org.jsoup.Jsoup.parse(Jsoup.java:65)
	at org.jsoup.parser.XmlTreeBuilderTest.canSetCustomRcdataTag(XmlTreeBuilderTest.java:452)
	at java.base/java.lang.reflect.Method.invoke(Method.java:580)
	at java.base/java.util.ArrayList.forEach(ArrayList.java:1597)
	at java.base/java.util.ArrayList.forEach(ArrayList.java:1597)

[ERROR] org.jsoup.parser.XmlTreeBuilderTest.unprefixedDefaults -- Time elapsed: 0.001 s <<< ERROR!
java.lang.NoSuchMethodError: 'org.jsoup.nodes.Document$OutputSettings org.jsoup.nodes.Document$OutputSettings.syntax(org.jsoup.nodes.Document$OutputSettings$Syntax)'
	at org.jsoup.parser.XmlTreeBuilder.initialiseParse(XmlTreeBuilder.java:50)
	at org.jsoup.parser.TreeBuilder.parse(TreeBuilder.java:76)
	at org.jsoup.parser.Parser.parseInput(Parser.java:89)
	at org.jsoup.parser.Parser.parseInput(Parser.java:75)
	at org.jsoup.Jsoup.parse(Jsoup.java:65)
	at org.jsoup.parser.XmlTreeBuilderTest.unprefixedDefaults(XmlTreeBuilderTest.java:605)
	at java.base/java.lang.reflect.Method.invoke(Method.java:580)
	at java.base/java.util.ArrayList.forEach(ArrayList.java:1597)
	at java.base/java.util.ArrayList.forEach(ArrayList.java:1597)

[ERROR] org.jsoup.parser.XmlTreeBuilderTest.xmlOutputCorrectsInvalidAttributeNames -- Time elapsed: 0.001 s <<< ERROR!
java.lang.NoSuchMethodError: 'org.jsoup.nodes.Document$OutputSettings org.jsoup.nodes.Document$OutputSettings.syntax(org.jsoup.nodes.Document$OutputSettings$Syntax)'
	at org.jsoup.parser.XmlTreeBuilder.initialiseParse(XmlTreeBuilder.java:50)
	at org.jsoup.parser.TreeBuilder.parse(TreeBuilder.java:76)
	at org.jsoup.parser.Parser.parseInput(Parser.java:89)
	at org.jsoup.parser.Parser.parseInput(Parser.java:75)
	at org.jsoup.Jsoup.parse(Jsoup.java:65)
	at org.jsoup.parser.XmlTreeBuilderTest.xmlOutputCorrectsInvalidAttributeNames(XmlTreeBuilderTest.java:273)
	at java.base/java.lang.reflect.Method.invoke(Method.java:580)
	at java.base/java.util.ArrayList.forEach(ArrayList.java:1597)
	at java.base/java.util.ArrayList.forEach(ArrayList.java:1597)

[ERROR] org.jsoup.parser.XmlTreeBuilderTest.testSupplyParserToJsoupClass -- Time elapsed: 0.001 s <<< ERROR!
java.lang.NoSuchMethodError: 'org.jsoup.nodes.Document$OutputSettings org.jsoup.nodes.Document$OutputSettings.syntax(org.jsoup.nodes.Document$OutputSettings$Syntax)'
	at org.jsoup.parser.XmlTreeBuilder.initialiseParse(XmlTreeBuilder.java:50)
	at org.jsoup.parser.TreeBuilder.parse(TreeBuilder.java:76)
	at org.jsoup.parser.Parser.parseInput(Parser.java:89)
	at org.jsoup.parser.Parser.parseInput(Parser.java:75)
	at org.jsoup.Jsoup.parse(Jsoup.java:51)
	at org.jsoup.parser.XmlTreeBuilderTest.testSupplyParserToJsoupClass(XmlTreeBuilderTest.java:60)
	at java.base/java.lang.reflect.Method.invoke(Method.java:580)
	at java.base/java.util.ArrayList.forEach(ArrayList.java:1597)
	at java.base/java.util.ArrayList.forEach(ArrayList.java:1597)

[ERROR] org.jsoup.parser.XmlTreeBuilderTest.testParseDeclarationWithoutAttributes -- Time elapsed: 0.001 s <<< ERROR!
java.lang.NoSuchMethodError: 'org.jsoup.nodes.Document$OutputSettings org.jsoup.nodes.Document$OutputSettings.syntax(org.jsoup.nodes.Document$OutputSettings$Syntax)'
	at org.jsoup.parser.XmlTreeBuilder.initialiseParse(XmlTreeBuilder.java:50)
	at org.jsoup.parser.TreeBuilder.parse(TreeBuilder.java:76)
	at org.jsoup.parser.Parser.parseInput(Parser.java:89)
	at org.jsoup.parser.Parser.parseInput(Parser.java:75)
	at org.jsoup.Jsoup.parse(Jsoup.java:51)
	at org.jsoup.parser.XmlTreeBuilderTest.testParseDeclarationWithoutAttributes(XmlTreeBuilderTest.java:139)
	at java.base/java.lang.reflect.Method.invoke(Method.java:580)
	at java.base/java.util.ArrayList.forEach(ArrayList.java:1597)
	at java.base/java.util.ArrayList.forEach(ArrayList.java:1597)

[ERROR] org.jsoup.parser.XmlTreeBuilderTest.doesNotCloseDoctypeSubsetOnQuotedGt -- Time elapsed: 0 s <<< ERROR!
java.lang.NoSuchMethodError: 'org.jsoup.nodes.Document$OutputSettings org.jsoup.nodes.Document$OutputSettings.syntax(org.jsoup.nodes.Document$OutputSettings$Syntax)'
	at org.jsoup.parser.XmlTreeBuilder.initialiseParse(XmlTreeBuilder.java:50)
	at org.jsoup.parser.TreeBuilder.parse(TreeBuilder.java:76)
	at org.jsoup.parser.Parser.parseInput(Parser.java:89)
	at org.jsoup.parser.Parser.parseInput(Parser.java:75)
	at org.jsoup.Jsoup.parse(Jsoup.java:65)
	at org.jsoup.parser.XmlTreeBuilderTest.doesNotCloseDoctypeSubsetOnQuotedGt(XmlTreeBuilderTest.java:413)
	at java.base/java.lang.reflect.Method.invoke(Method.java:580)
	at java.base/java.util.ArrayList.forEach(ArrayList.java:1597)
	at java.base/java.util.ArrayList.forEach(ArrayList.java:1597)

[ERROR] org.jsoup.parser.XmlTreeBuilderTest.xmlNamespace -- Time elapsed: 0 s <<< ERROR!
java.lang.NoSuchMethodError: 'org.jsoup.nodes.Document$OutputSettings org.jsoup.nodes.Document$OutputSettings.syntax(org.jsoup.nodes.Document$OutputSettings$Syntax)'
	at org.jsoup.parser.XmlTreeBuilder.initialiseParse(XmlTreeBuilder.java:50)
	at org.jsoup.parser.TreeBuilder.parse(TreeBuilder.java:76)
	at org.jsoup.parser.Parser.parseInput(Parser.java:89)
	at org.jsoup.parser.Parser.parseInput(Parser.java:75)
	at org.jsoup.Jsoup.parse(Jsoup.java:65)
	at org.jsoup.parser.XmlTreeBuilderTest.xmlNamespace(XmlTreeBuilderTest.java:314)
	at java.base/java.lang.reflect.Method.invoke(Method.java:580)
	at java.base/java.util.ArrayList.forEach(ArrayList.java:1597)
	at java.base/java.util.ArrayList.forEach(ArrayList.java:1597)

[ERROR] org.jsoup.parser.XmlTreeBuilderTest.roundtripsDoctypeInternalSubset -- Time elapsed: 0 s <<< ERROR!
java.lang.NoSuchMethodError: 'org.jsoup.nodes.Document$OutputSettings org.jsoup.nodes.Document$OutputSettings.syntax(org.jsoup.nodes.Document$OutputSettings$Syntax)'
	at org.jsoup.parser.XmlTreeBuilder.initialiseParse(XmlTreeBuilder.java:50)
	at org.jsoup.parser.TreeBuilder.parse(TreeBuilder.java:76)
	at org.jsoup.parser.Parser.parseInput(Parser.java:89)
	at org.jsoup.parser.Parser.parseInput(Parser.java:75)
	at org.jsoup.Jsoup.parse(Jsoup.java:65)
	at org.jsoup.parser.XmlTreeBuilderTest.roundtripsDoctypeInternalSubset(XmlTreeBuilderTest.java:400)
	at java.base/java.lang.reflect.Method.invoke(Method.java:580)
	at java.base/java.util.ArrayList.forEach(ArrayList.java:1597)
	at java.base/java.util.ArrayList.forEach(ArrayList.java:1597)

[ERROR] org.jsoup.parser.XmlTreeBuilderTest.xmlParserHasUnlimitedDepthByDefault -- Time elapsed: 0 s <<< ERROR!
java.lang.NoSuchMethodError: 'org.jsoup.nodes.Document$OutputSettings org.jsoup.nodes.Document$OutputSettings.syntax(org.jsoup.nodes.Document$OutputSettings$Syntax)'
	at org.jsoup.parser.XmlTreeBuilder.initialiseParse(XmlTreeBuilder.java:50)
	at org.jsoup.parser.TreeBuilder.parse(TreeBuilder.java:76)
	at org.jsoup.parser.Parser.parseInput(Parser.java:89)
	at org.jsoup.parser.Parser.parseInput(Parser.java:75)
	at org.jsoup.Jsoup.parse(Jsoup.java:51)
	at org.jsoup.parser.XmlTreeBuilderTest.xmlParserHasUnlimitedDepthByDefault(XmlTreeBuilderTest.java:706)
	at java.base/java.lang.reflect.Method.invoke(Method.java:580)
	at java.base/java.util.ArrayList.forEach(ArrayList.java:1597)
	at java.base/java.util.ArrayList.forEach(ArrayList.java:1597)

[ERROR] org.jsoup.parser.XmlTreeBuilderTest.normalizesDiscordantTags -- Time elapsed: 0 s <<< ERROR!
java.lang.NoSuchMethodError: 'org.jsoup.nodes.Document$OutputSettings org.jsoup.nodes.Document$OutputSettings.syntax(org.jsoup.nodes.Document$OutputSettings$Syntax)'
	at org.jsoup.parser.XmlTreeBuilder.initialiseParse(XmlTreeBuilder.java:50)
	at org.jsoup.parser.TreeBuilder.parse(TreeBuilder.java:76)
	at org.jsoup.parser.Parser.parseInput(Parser.java:89)
	at org.jsoup.parser.Parser.parseInput(Parser.java:75)
	at org.jsoup.Jsoup.parse(Jsoup.java:51)
	at org.jsoup.parser.XmlTreeBuilderTest.normalizesDiscordantTags(XmlTreeBuilderTest.java:197)
	at java.base/java.lang.reflect.Method.invoke(Method.java:580)
	at java.base/java.util.ArrayList.forEach(ArrayList.java:1597)
	at java.base/java.util.ArrayList.forEach(ArrayList.java:1597)

[ERROR] org.jsoup.parser.XmlTreeBuilderTest.xmlHeaderIsValid -- Time elapsed: 0.001 s <<< ERROR!
java.lang.NoSuchMethodError: 'org.jsoup.nodes.Document$OutputSettings org.jsoup.nodes.Document$OutputSettings.syntax(org.jsoup.nodes.Document$OutputSettings$Syntax)'
	at org.jsoup.parser.XmlTreeBuilder.initialiseParse(XmlTreeBuilder.java:50)
	at org.jsoup.parser.TreeBuilder.parse(TreeBuilder.java:76)
	at org.jsoup.parser.Parser.parseInput(Parser.java:89)
	at org.jsoup.parser.Parser.parseInput(Parser.java:75)
	at org.jsoup.Jsoup.parse(Jsoup.java:65)
	at org.jsoup.parser.XmlTreeBuilderTest.xmlHeaderIsValid(XmlTreeBuilderTest.java:380)
	at java.base/java.lang.reflect.Method.invoke(Method.java:580)
	at java.base/java.util.ArrayList.forEach(ArrayList.java:1597)
	at java.base/java.util.ArrayList.forEach(ArrayList.java:1597)

[ERROR] org.jsoup.parser.XmlTreeBuilderTest.xmlParserRespectsConfiguredMaxDepth -- Time elapsed: 0.001 s <<< ERROR!
java.lang.NoSuchMethodError: 'org.jsoup.nodes.Document$OutputSettings org.jsoup.nodes.Document$OutputSettings.syntax(org.jsoup.nodes.Document$OutputSettings$Syntax)'
	at org.jsoup.parser.XmlTreeBuilder.initialiseParse(XmlTreeBuilder.java:50)
	at org.jsoup.parser.TreeBuilder.parse(TreeBuilder.java:76)
	at org.jsoup.parser.Parser.parseInput(Parser.java:89)
	at org.jsoup.parser.Parser.parseInput(Parser.java:75)
	at org.jsoup.Jsoup.parse(Jsoup.java:51)
	at org.jsoup.parser.XmlTreeBuilderTest.xmlParserRespectsConfiguredMaxDepth(XmlTreeBuilderTest.java:714)
	at java.base/java.lang.reflect.Method.invoke(Method.java:580)
	at java.base/java.util.ArrayList.forEach(ArrayList.java:1597)
	at java.base/java.util.ArrayList.forEach(ArrayList.java:1597)

[ERROR] org.jsoup.parser.XmlTreeBuilderTest.testDoesNotForceSelfClosingKnownTags -- Time elapsed: 0.001 s <<< ERROR!
java.lang.NoSuchMethodError: 'org.jsoup.nodes.Document$OutputSettings org.jsoup.nodes.Document$OutputSettings.syntax(org.jsoup.nodes.Document$OutputSettings$Syntax)'
	at org.jsoup.parser.XmlTreeBuilder.initialiseParse(XmlTreeBuilder.java:50)
	at org.jsoup.parser.TreeBuilder.parse(TreeBuilder.java:76)
	at org.jsoup.parser.Parser.parseInput(Parser.java:89)
	at org.jsoup.parser.Parser.parseInput(Parser.java:75)
	at org.jsoup.Jsoup.parse(Jsoup.java:51)
	at org.jsoup.parser.XmlTreeBuilderTest.testDoesNotForceSelfClosingKnownTags(XmlTreeBuilderTest.java:80)
	at java.base/java.lang.reflect.Method.invoke(Method.java:580)
	at java.base/java.util.ArrayList.forEach(ArrayList.java:1597)
	at java.base/java.util.ArrayList.forEach(ArrayList.java:1597)

[ERROR] org.jsoup.parser.XmlTreeBuilderTest.testCommentAndDocType -- Time elapsed: 0 s <<< ERROR!
java.lang.NoSuchMethodError: 'org.jsoup.nodes.Document$OutputSettings org.jsoup.nodes.Document$OutputSettings.syntax(org.jsoup.nodes.Document$OutputSettings$Syntax)'
	at org.jsoup.parser.XmlTreeBuilder.initialiseParse(XmlTreeBuilder.java:50)
	at org.jsoup.parser.TreeBuilder.parse(TreeBuilder.java:76)
	at org.jsoup.parser.XmlTreeBuilder.parse(XmlTreeBuilder.java:88)
	at org.jsoup.parser.XmlTreeBuilderTest.testCommentAndDocType(XmlTreeBuilderTest.java:52)
	at java.base/java.lang.reflect.Method.invoke(Method.java:580)
	at java.base/java.util.ArrayList.forEach(ArrayList.java:1597)
	at java.base/java.util.ArrayList.forEach(ArrayList.java:1597)

[ERROR] org.jsoup.parser.XmlTreeBuilderTest.xmlValidAttributes -- Time elapsed: 0 s <<< ERROR!
java.lang.NoSuchMethodError: 'org.jsoup.nodes.Document$OutputSettings org.jsoup.nodes.Document$OutputSettings.syntax(org.jsoup.nodes.Document$OutputSettings$Syntax)'
	at org.jsoup.parser.XmlTreeBuilder.initialiseParse(XmlTreeBuilder.java:50)
	at org.jsoup.parser.TreeBuilder.parse(TreeBuilder.java:76)
	at org.jsoup.parser.Parser.parseInput(Parser.java:89)
	at org.jsoup.parser.Parser.parseInput(Parser.java:75)
	at org.jsoup.Jsoup.parse(Jsoup.java:65)
	at org.jsoup.parser.XmlTreeBuilderTest.xmlValidAttributes(XmlTreeBuilderTest.java:282)
	at java.base/java.lang.reflect.Method.invoke(Method.java:580)
	at java.base/java.util.ArrayList.forEach(ArrayList.java:1597)
	at java.base/java.util.ArrayList.forEach(ArrayList.java:1597)

[ERROR] org.jsoup.parser.XmlTreeBuilderTest.testSimpleXmlParse -- Time elapsed: 0.001 s <<< ERROR!
java.lang.NoSuchMethodError: 'org.jsoup.nodes.Document$OutputSettings org.jsoup.nodes.Document$OutputSettings.syntax(org.jsoup.nodes.Document$OutputSettings$Syntax)'
	at org.jsoup.parser.XmlTreeBuilder.initialiseParse(XmlTreeBuilder.java:50)
	at org.jsoup.parser.TreeBuilder.parse(TreeBuilder.java:76)
	at org.jsoup.parser.XmlTreeBuilder.parse(XmlTreeBuilder.java:88)
	at org.jsoup.parser.XmlTreeBuilderTest.testSimpleXmlParse(XmlTreeBuilderTest.java:32)
	at java.base/java.lang.reflect.Method.invoke(Method.java:580)
	at java.base/java.util.ArrayList.forEach(ArrayList.java:1597)
	at java.base/java.util.ArrayList.forEach(ArrayList.java:1597)

[ERROR] org.jsoup.parser.XmlTreeBuilderTest.xmlFragment -- Time elapsed: 0.001 s <<< ERROR!
java.lang.NoSuchMethodError: 'org.jsoup.nodes.Document$OutputSettings org.jsoup.nodes.Document$OutputSettings.syntax(org.jsoup.nodes.Document$OutputSettings$Syntax)'
	at org.jsoup.parser.XmlTreeBuilder.initialiseParse(XmlTreeBuilder.java:50)
	at org.jsoup.parser.TreeBuilder.parseFragment(TreeBuilder.java:82)
	at org.jsoup.parser.Parsers.parseXmlFragment(Parsers.java:75)
	at org.jsoup.parser.Parser.parseXmlFragment(Parser.java:322)
	at org.jsoup.parser.XmlTreeBuilderTest.xmlFragment(XmlTreeBuilderTest.java:94)
	at java.base/java.lang.reflect.Method.invoke(Method.java:580)
	at java.base/java.util.ArrayList.forEach(ArrayList.java:1597)
	at java.base/java.util.ArrayList.forEach(ArrayList.java:1597)

[ERROR] org.jsoup.parser.XmlTreeBuilderTest.appendPreservesCaseByDefault -- Time elapsed: 0 s <<< ERROR!
java.lang.NoSuchMethodError: 'org.jsoup.nodes.Document$OutputSettings org.jsoup.nodes.Document$OutputSettings.syntax(org.jsoup.nodes.Document$OutputSettings$Syntax)'
	at org.jsoup.parser.XmlTreeBuilder.initialiseParse(XmlTreeBuilder.java:50)
	at org.jsoup.parser.TreeBuilder.parse(TreeBuilder.java:76)
	at org.jsoup.parser.Parser.parseInput(Parser.java:89)
	at org.jsoup.parser.Parser.parseInput(Parser.java:75)
	at org.jsoup.Jsoup.parse(Jsoup.java:51)
	at org.jsoup.parser.XmlTreeBuilderTest.appendPreservesCaseByDefault(XmlTreeBuilderTest.java:175)
	at java.base/java.lang.reflect.Method.invoke(Method.java:580)
	at java.base/java.util.ArrayList.forEach(ArrayList.java:1597)
	at java.base/java.util.ArrayList.forEach(ArrayList.java:1597)

[ERROR] org.jsoup.parser.XmlTreeBuilderTest.prettyFormatsTextInline -- Time elapsed: 0 s <<< ERROR!
java.lang.NoSuchMethodError: 'org.jsoup.nodes.Document$OutputSettings org.jsoup.nodes.Document$OutputSettings.syntax(org.jsoup.nodes.Document$OutputSettings$Syntax)'
	at org.jsoup.parser.XmlTreeBuilder.initialiseParse(XmlTreeBuilder.java:50)
	at org.jsoup.parser.TreeBuilder.parse(TreeBuilder.java:76)
	at org.jsoup.parser.Parser.parseInput(Parser.java:89)
	at org.jsoup.parser.Parser.parseInput(Parser.java:75)
	at org.jsoup.Jsoup.parse(Jsoup.java:65)
	at org.jsoup.parser.XmlTreeBuilderTest.prettyFormatsTextInline(XmlTreeBuilderTest.java:542)
	at java.base/java.lang.reflect.Method.invoke(Method.java:580)
	at java.base/java.util.ArrayList.forEach(ArrayList.java:1597)
	at java.base/java.util.ArrayList.forEach(ArrayList.java:1597)

[ERROR] org.jsoup.parser.XmlTreeBuilderTest.xmlns -- Time elapsed: 0 s <<< ERROR!
java.lang.NoSuchMethodError: 'org.jsoup.nodes.Document$OutputSettings org.jsoup.nodes.Document$OutputSettings.syntax(org.jsoup.nodes.Document$OutputSettings$Syntax)'
	at org.jsoup.parser.XmlTreeBuilder.initialiseParse(XmlTreeBuilder.java:50)
	at org.jsoup.parser.TreeBuilder.parse(TreeBuilder.java:76)
	at org.jsoup.parser.Parser.parseInput(Parser.java:89)
	at org.jsoup.parser.Parser.parseInput(Parser.java:75)
	at org.jsoup.Jsoup.parse(Jsoup.java:65)
	at org.jsoup.parser.XmlTreeBuilderTest.xmlns(XmlTreeBuilderTest.java:576)
	at java.base/java.lang.reflect.Method.invoke(Method.java:580)
	at java.base/java.util.ArrayList.forEach(ArrayList.java:1597)
	at java.base/java.util.ArrayList.forEach(ArrayList.java:1597)

[ERROR] org.jsoup.parser.XmlTreeBuilderTest.testDetectCharsetEncodingDeclaration -- Time elapsed: 0.002 s <<< ERROR!
java.lang.NoSuchMethodError: 'org.jsoup.nodes.Document$OutputSettings org.jsoup.nodes.Document$OutputSettings.syntax(org.jsoup.nodes.Document$OutputSettings$Syntax)'
	at org.jsoup.parser.XmlTreeBuilder.initialiseParse(XmlTreeBuilder.java:50)
	at org.jsoup.parser.TreeBuilder.parse(TreeBuilder.java:76)
	at org.jsoup.parser.Parser.parseInput(Parser.java:89)
	at org.jsoup.helper.DataUtil.detectCharset(DataUtil.java:266)
	at org.jsoup.helper.DataUtil.detectCharset(DataUtil.java:242)
	at org.jsoup.helper.DataUtil.parseInputStream(DataUtil.java:229)
	at org.jsoup.helper.DataUtil.load(DataUtil.java:193)
	at org.jsoup.Jsoup.parse(Jsoup.java:284)
	at org.jsoup.parser.XmlTreeBuilderTest.testDetectCharsetEncodingDeclaration(XmlTreeBuilderTest.java:118)
	at java.base/java.lang.reflect.Method.invoke(Method.java:580)
	at java.base/java.util.ArrayList.forEach(ArrayList.java:1597)
	at java.base/java.util.ArrayList.forEach(ArrayList.java:1597)

[ERROR] org.jsoup.parser.XmlTreeBuilderTest.roundTripsCdata -- Time elapsed: 0.006 s <<< ERROR!
java.lang.NoSuchMethodError: 'org.jsoup.nodes.Document$OutputSettings org.jsoup.nodes.Document$OutputSettings.syntax(org.jsoup.nodes.Document$OutputSettings$Syntax)'
	at org.jsoup.parser.XmlTreeBuilder.initialiseParse(XmlTreeBuilder.java:50)
	at org.jsoup.parser.TreeBuilder.parse(TreeBuilder.java:76)
	at org.jsoup.parser.Parser.parseInput(Parser.java:89)
	at org.jsoup.parser.Parser.parseInput(Parser.java:75)
	at org.jsoup.Jsoup.parse(Jsoup.java:51)
	at org.jsoup.parser.XmlTreeBuilderTest.roundTripsCdata(XmlTreeBuilderTest.java:204)
	at java.base/java.lang.reflect.Method.invoke(Method.java:580)
	at java.base/java.util.ArrayList.forEach(ArrayList.java:1597)
	at java.base/java.util.ArrayList.forEach(ArrayList.java:1597)

[ERROR] org.jsoup.parser.XmlTreeBuilderTest.preservesEmptyDoctypeInternalSubset -- Time elapsed: 0.001 s <<< ERROR!
java.lang.NoSuchMethodError: 'org.jsoup.nodes.Document$OutputSettings org.jsoup.nodes.Document$OutputSettings.syntax(org.jsoup.nodes.Document$OutputSettings$Syntax)'
	at org.jsoup.parser.XmlTreeBuilder.initialiseParse(XmlTreeBuilder.java:50)
	at org.jsoup.parser.TreeBuilder.parse(TreeBuilder.java:76)
	at org.jsoup.parser.Parser.parseInput(Parser.java:89)
	at org.jsoup.parser.Parser.parseInput(Parser.java:75)
	at org.jsoup.Jsoup.parse(Jsoup.java:65)
	at org.jsoup.parser.XmlTreeBuilderTest.preservesEmptyDoctypeInternalSubset(XmlTreeBuilderTest.java:423)
	at java.base/java.lang.reflect.Method.invoke(Method.java:580)
	at java.base/java.util.ArrayList.forEach(ArrayList.java:1597)
	at java.base/java.util.ArrayList.forEach(ArrayList.java:1597)

[ERROR] org.jsoup.parser.XmlTreeBuilderTest.canNormalizeCase -- Time elapsed: 0.001 s <<< ERROR!
java.lang.NoSuchMethodError: 'org.jsoup.nodes.Document$OutputSettings org.jsoup.nodes.Document$OutputSettings.syntax(org.jsoup.nodes.Document$OutputSettings$Syntax)'
	at org.jsoup.parser.XmlTreeBuilder.initialiseParse(XmlTreeBuilder.java:50)
	at org.jsoup.parser.TreeBuilder.parse(TreeBuilder.java:76)
	at org.jsoup.parser.Parser.parseInput(Parser.java:89)
	at org.jsoup.parser.Parser.parseInput(Parser.java:75)
	at org.jsoup.Jsoup.parse(Jsoup.java:51)
	at org.jsoup.parser.XmlTreeBuilderTest.canNormalizeCase(XmlTreeBuilderTest.java:191)
	at java.base/java.lang.reflect.Method.invoke(Method.java:580)
	at java.base/java.util.ArrayList.forEach(ArrayList.java:1597)
	at java.base/java.util.ArrayList.forEach(ArrayList.java:1597)

[ERROR] org.jsoup.parser.XmlTreeBuilderTest.unterminatedDoctypeSubsetConsumesToEof -- Time elapsed: 0.001 s <<< ERROR!
java.lang.NoSuchMethodError: 'org.jsoup.nodes.Document$OutputSettings org.jsoup.nodes.Document$OutputSettings.syntax(org.jsoup.nodes.Document$OutputSettings$Syntax)'
	at org.jsoup.parser.XmlTreeBuilder.initialiseParse(XmlTreeBuilder.java:50)
	at org.jsoup.parser.TreeBuilder.parse(TreeBuilder.java:76)
	at org.jsoup.parser.Parser.parseInput(Parser.java:89)
	at org.jsoup.parser.Parser.parseInput(Parser.java:75)
	at org.jsoup.Jsoup.parse(Jsoup.java:51)
	at org.jsoup.parser.XmlTreeBuilderTest.unterminatedDoctypeSubsetConsumesToEof(XmlTreeBuilderTest.java:434)
	at java.base/java.lang.reflect.Method.invoke(Method.java:580)
	at java.base/java.util.ArrayList.forEach(ArrayList.java:1597)
	at java.base/java.util.ArrayList.forEach(ArrayList.java:1597)

[ERROR] org.jsoup.parser.XmlTreeBuilderTest.cdataPreservesWhiteSpace -- Time elapsed: 0.001 s <<< ERROR!
java.lang.NoSuchMethodError: 'org.jsoup.nodes.Document$OutputSettings org.jsoup.nodes.Document$OutputSettings.syntax(org.jsoup.nodes.Document$OutputSettings$Syntax)'
	at org.jsoup.parser.XmlTreeBuilder.initialiseParse(XmlTreeBuilder.java:50)
	at org.jsoup.parser.TreeBuilder.parse(TreeBuilder.java:76)
	at org.jsoup.parser.Parser.parseInput(Parser.java:89)
	at org.jsoup.parser.Parser.parseInput(Parser.java:75)
	at org.jsoup.Jsoup.parse(Jsoup.java:51)
	at org.jsoup.parser.XmlTreeBuilderTest.cdataPreservesWhiteSpace(XmlTreeBuilderTest.java:219)
	at java.base/java.lang.reflect.Method.invoke(Method.java:580)
	at java.base/java.util.ArrayList.forEach(ArrayList.java:1597)
	at java.base/java.util.ArrayList.forEach(ArrayList.java:1597)

[ERROR] org.jsoup.parser.XmlTreeBuilderTest.canSetCustomVoid -- Time elapsed: 0.001 s <<< ERROR!
java.lang.NoSuchMethodError: 'org.jsoup.nodes.Document$OutputSettings org.jsoup.nodes.Document$OutputSettings.syntax(org.jsoup.nodes.Document$OutputSettings$Syntax)'
	at org.jsoup.parser.XmlTreeBuilder.initialiseParse(XmlTreeBuilder.java:50)
	at org.jsoup.parser.TreeBuilder.parse(TreeBuilder.java:76)
	at org.jsoup.parser.Parser.parseInput(Parser.java:89)
	at org.jsoup.parser.Parser.parseInput(Parser.java:75)
	at org.jsoup.Jsoup.parse(Jsoup.java:65)
	at org.jsoup.parser.XmlTreeBuilderTest.canSetCustomVoid(XmlTreeBuilderTest.java:502)
	at java.base/java.lang.reflect.Method.invoke(Method.java:580)
	at java.base/java.util.ArrayList.forEach(ArrayList.java:1597)
	at java.base/java.util.ArrayList.forEach(ArrayList.java:1597)

[ERROR] org.jsoup.parser.XmlTreeBuilderTest.preservesCaseByDefault -- Time elapsed: 0.001 s <<< ERROR!
java.lang.NoSuchMethodError: 'org.jsoup.nodes.Document$OutputSettings org.jsoup.nodes.Document$OutputSettings.syntax(org.jsoup.nodes.Document$OutputSettings$Syntax)'
	at org.jsoup.parser.XmlTreeBuilder.initialiseParse(XmlTreeBuilder.java:50)
	at org.jsoup.parser.TreeBuilder.parse(TreeBuilder.java:76)
	at org.jsoup.parser.Parser.parseInput(Parser.java:89)
	at org.jsoup.parser.Parser.parseInput(Parser.java:75)
	at org.jsoup.Jsoup.parse(Jsoup.java:51)
	at org.jsoup.parser.XmlTreeBuilderTest.preservesCaseByDefault(XmlTreeBuilderTest.java:168)
	at java.base/java.lang.reflect.Method.invoke(Method.java:580)
	at java.base/java.util.ArrayList.forEach(ArrayList.java:1597)
	at java.base/java.util.ArrayList.forEach(ArrayList.java:1597)

[ERROR] org.jsoup.parser.XmlTreeBuilderTest.xmlParserEnablesXmlOutputAndEscapes -- Time elapsed: 0.001 s <<< ERROR!
java.lang.NoSuchMethodError: 'org.jsoup.nodes.Document$OutputSettings org.jsoup.nodes.Document$OutputSettings.syntax(org.jsoup.nodes.Document$OutputSettings$Syntax)'
	at org.jsoup.parser.XmlTreeBuilder.initialiseParse(XmlTreeBuilder.java:50)
	at org.jsoup.parser.TreeBuilder.parse(TreeBuilder.java:76)
	at org.jsoup.parser.Parser.parseInput(Parser.java:89)
	at org.jsoup.parser.Parser.parseInput(Parser.java:75)
	at org.jsoup.Jsoup.parse(Jsoup.java:51)
	at org.jsoup.parser.XmlTreeBuilderTest.xmlParserEnablesXmlOutputAndEscapes(XmlTreeBuilderTest.java:258)
	at java.base/java.lang.reflect.Method.invoke(Method.java:580)
	at java.base/java.util.ArrayList.forEach(ArrayList.java:1597)
	at java.base/java.util.ArrayList.forEach(ArrayList.java:1597)

[ERROR] org.jsoup.parser.XmlTreeBuilderTest.emptyDefault -- Time elapsed: 0.001 s <<< ERROR!
java.lang.NoSuchMethodError: 'org.jsoup.nodes.Document$OutputSettings org.jsoup.nodes.Document$OutputSettings.syntax(org.jsoup.nodes.Document$OutputSettings$Syntax)'
	at org.jsoup.parser.XmlTreeBuilder.initialiseParse(XmlTreeBuilder.java:50)
	at org.jsoup.parser.TreeBuilder.parse(TreeBuilder.java:76)
	at org.jsoup.parser.Parser.parseInput(Parser.java:89)
	at org.jsoup.parser.Parser.parseInput(Parser.java:75)
	at org.jsoup.Jsoup.parse(Jsoup.java:65)
	at org.jsoup.parser.XmlTreeBuilderTest.emptyDefault(XmlTreeBuilderTest.java:632)
	at java.base/java.lang.reflect.Method.invoke(Method.java:580)
	at java.base/java.util.ArrayList.forEach(ArrayList.java:1597)
	at java.base/java.util.ArrayList.forEach(ArrayList.java:1597)

[ERROR] org.jsoup.parser.XmlTreeBuilderTest.testParseDeclarationAttributes -- Time elapsed: 0.001 s <<< ERROR!
java.lang.NoSuchMethodError: 'org.jsoup.nodes.Document$OutputSettings org.jsoup.nodes.Document$OutputSettings.syntax(org.jsoup.nodes.Document$OutputSettings$Syntax)'
	at org.jsoup.parser.XmlTreeBuilder.initialiseParse(XmlTreeBuilder.java:50)
	at org.jsoup.parser.TreeBuilder.parse(TreeBuilder.java:76)
	at org.jsoup.parser.Parser.parseInput(Parser.java:89)
	at org.jsoup.parser.Parser.parseInput(Parser.java:75)
	at org.jsoup.Jsoup.parse(Jsoup.java:51)
	at org.jsoup.parser.XmlTreeBuilderTest.testParseDeclarationAttributes(XmlTreeBuilderTest.java:127)
	at java.base/java.lang.reflect.Method.invoke(Method.java:580)
	at java.base/java.util.ArrayList.forEach(ArrayList.java:1597)
	at java.base/java.util.ArrayList.forEach(ArrayList.java:1597)

[ERROR] org.jsoup.parser.XmlTreeBuilderTest.testSupplyParserToDataStream -- Time elapsed: 0.001 s <<< ERROR!
java.lang.NoSuchMethodError: 'org.jsoup.nodes.Document$OutputSettings org.jsoup.nodes.Document$OutputSettings.syntax(org.jsoup.nodes.Document$OutputSettings$Syntax)'
	at org.jsoup.parser.XmlTreeBuilder.initialiseParse(XmlTreeBuilder.java:50)
	at org.jsoup.parser.TreeBuilder.parse(TreeBuilder.java:76)
	at org.jsoup.parser.Parser.parseInput(Parser.java:89)
	at org.jsoup.helper.DataUtil.detectCharset(DataUtil.java:266)
	at org.jsoup.helper.DataUtil.detectCharset(DataUtil.java:242)
	at org.jsoup.helper.DataUtil.parseInputStream(DataUtil.java:229)
	at org.jsoup.helper.DataUtil.load(DataUtil.java:193)
	at org.jsoup.Jsoup.parse(Jsoup.java:284)
	at org.jsoup.parser.XmlTreeBuilderTest.testSupplyParserToDataStream(XmlTreeBuilderTest.java:69)
	at java.base/java.lang.reflect.Method.invoke(Method.java:580)
	at java.base/java.util.ArrayList.forEach(ArrayList.java:1597)
	at java.base/java.util.ArrayList.forEach(ArrayList.java:1597)

[ERROR] org.jsoup.parser.XmlTreeBuilderTest.declarations -- Time elapsed: 0.001 s <<< ERROR!
java.lang.NoSuchMethodError: 'org.jsoup.nodes.Document$OutputSettings org.jsoup.nodes.Document$OutputSettings.syntax(org.jsoup.nodes.Document$OutputSettings$Syntax)'
	at org.jsoup.parser.XmlTreeBuilder.initialiseParse(XmlTreeBuilder.java:50)
	at org.jsoup.parser.TreeBuilder.parse(TreeBuilder.java:76)
	at org.jsoup.parser.Parser.parseInput(Parser.java:89)
	at org.jsoup.parser.Parser.parseInput(Parser.java:75)
	at org.jsoup.Jsoup.parse(Jsoup.java:65)
	at org.jsoup.parser.XmlTreeBuilderTest.declarations(XmlTreeBuilderTest.java:339)
	at java.base/java.lang.reflect.Method.invoke(Method.java:580)
	at java.base/java.util.ArrayList.forEach(ArrayList.java:1597)
	at java.base/java.util.ArrayList.forEach(ArrayList.java:1597)

[ERROR] org.jsoup.parser.XmlTreeBuilderTest.namespacedAttribute -- Time elapsed: 0.001 s <<< ERROR!
java.lang.NoSuchMethodError: 'org.jsoup.nodes.Document$OutputSettings org.jsoup.nodes.Document$OutputSettings.syntax(org.jsoup.nodes.Document$OutputSettings$Syntax)'
	at org.jsoup.parser.XmlTreeBuilder.initialiseParse(XmlTreeBuilder.java:50)
	at org.jsoup.parser.TreeBuilder.parse(TreeBuilder.java:76)
	at org.jsoup.parser.Parser.parseInput(Parser.java:89)
	at org.jsoup.parser.Parser.parseInput(Parser.java:75)
	at org.jsoup.Jsoup.parse(Jsoup.java:65)
	at org.jsoup.parser.XmlTreeBuilderTest.namespacedAttribute(XmlTreeBuilderTest.java:649)
	at java.base/java.lang.reflect.Method.invoke(Method.java:580)
	at java.base/java.util.ArrayList.forEach(ArrayList.java:1597)
	at java.base/java.util.ArrayList.forEach(ArrayList.java:1597)

[ERROR] org.jsoup.parser.XmlTreeBuilderTest.canSetCustomDataTag -- Time elapsed: 0.001 s <<< ERROR!
java.lang.NoSuchMethodError: 'org.jsoup.nodes.Document$OutputSettings org.jsoup.nodes.Document$OutputSettings.syntax(org.jsoup.nodes.Document$OutputSettings$Syntax)'
	at org.jsoup.parser.XmlTreeBuilder.initialiseParse(XmlTreeBuilder.java:50)
	at org.jsoup.parser.TreeBuilder.parse(TreeBuilder.java:76)
	at org.jsoup.parser.Parser.parseInput(Parser.java:89)
	at org.jsoup.parser.Parser.parseInput(Parser.java:75)
	at org.jsoup.Jsoup.parse(Jsoup.java:65)
	at org.jsoup.parser.XmlTreeBuilderTest.canSetCustomDataTag(XmlTreeBuilderTest.java:476)
	at java.base/java.lang.reflect.Method.invoke(Method.java:580)
	at java.base/java.util.ArrayList.forEach(ArrayList.java:1597)
	at java.base/java.util.ArrayList.forEach(ArrayList.java:1597)

[ERROR] org.jsoup.parser.XmlTreeBuilderTest.xmlParseDefaultsToHtmlOutputSyntax -- Time elapsed: 0 s <<< ERROR!
java.lang.NoSuchMethodError: 'org.jsoup.nodes.Document$OutputSettings org.jsoup.nodes.Document$OutputSettings.syntax(org.jsoup.nodes.Document$OutputSettings$Syntax)'
	at org.jsoup.parser.XmlTreeBuilder.initialiseParse(XmlTreeBuilder.java:50)
	at org.jsoup.parser.TreeBuilder.parse(TreeBuilder.java:76)
	at org.jsoup.parser.Parser.parseInput(Parser.java:89)
	at org.jsoup.parser.Parser.parseInput(Parser.java:75)
	at org.jsoup.Jsoup.parse(Jsoup.java:51)
	at org.jsoup.parser.XmlTreeBuilderTest.xmlParseDefaultsToHtmlOutputSyntax(XmlTreeBuilderTest.java:103)
	at java.base/java.lang.reflect.Method.invoke(Method.java:580)
	at java.base/java.util.ArrayList.forEach(ArrayList.java:1597)
	at java.base/java.util.ArrayList.forEach(ArrayList.java:1597)

[ERROR] org.jsoup.parser.XmlTreeBuilderTest.testCreatesValidProlog -- Time elapsed: 0 s <<< ERROR!
java.lang.NoSuchMethodError: 'org.jsoup.nodes.Document$OutputSettings org.jsoup.nodes.Document$OutputSettings.syntax(org.jsoup.nodes.Document$OutputSettings$Syntax)'
	at org.jsoup.parser.XmlTreeBuilderTest.testCreatesValidProlog(XmlTreeBuilderTest.java:156)
	at java.base/java.lang.reflect.Method.invoke(Method.java:580)
	at java.base/java.util.ArrayList.forEach(ArrayList.java:1597)
	at java.base/java.util.ArrayList.forEach(ArrayList.java:1597)

[ERROR] org.jsoup.parser.XmlTreeBuilderTest.testDoesHandleEOFInTag -- Time elapsed: 0 s <<< ERROR!
java.lang.NoSuchMethodError: 'org.jsoup.nodes.Document$OutputSettings org.jsoup.nodes.Document$OutputSettings.syntax(org.jsoup.nodes.Document$OutputSettings$Syntax)'
	at org.jsoup.parser.XmlTreeBuilder.initialiseParse(XmlTreeBuilder.java:50)
	at org.jsoup.parser.TreeBuilder.parse(TreeBuilder.java:76)
	at org.jsoup.parser.Parser.parseInput(Parser.java:89)
	at org.jsoup.parser.Parser.parseInput(Parser.java:75)
	at org.jsoup.Jsoup.parse(Jsoup.java:51)
	at org.jsoup.parser.XmlTreeBuilderTest.testDoesHandleEOFInTag(XmlTreeBuilderTest.java:110)
	at java.base/java.lang.reflect.Method.invoke(Method.java:580)
	at java.base/java.util.ArrayList.forEach(ArrayList.java:1597)
	at java.base/java.util.ArrayList.forEach(ArrayList.java:1597)

[ERROR] org.jsoup.parser.XmlTreeBuilderTest.elementsViaAppendHtmlAreNamespaced -- Time elapsed: 0 s <<< ERROR!
java.lang.NoSuchMethodError: 'org.jsoup.nodes.Document$OutputSettings org.jsoup.nodes.Document$OutputSettings.syntax(org.jsoup.nodes.Document$OutputSettings$Syntax)'
	at org.jsoup.parser.XmlTreeBuilder.initialiseParse(XmlTreeBuilder.java:50)
	at org.jsoup.parser.TreeBuilder.parse(TreeBuilder.java:76)
	at org.jsoup.parser.Parser.parseInput(Parser.java:89)
	at org.jsoup.parser.Parser.parseInput(Parser.java:75)
	at org.jsoup.Jsoup.parse(Jsoup.java:65)
	at org.jsoup.parser.XmlTreeBuilderTest.elementsViaAppendHtmlAreNamespaced(XmlTreeBuilderTest.java:669)
	at java.base/java.lang.reflect.Method.invoke(Method.java:580)
	at java.base/java.util.ArrayList.forEach(ArrayList.java:1597)
	at java.base/java.util.ArrayList.forEach(ArrayList.java:1597)

[ERROR] org.jsoup.parser.XmlTreeBuilderTest.rootHasXmlSettings -- Time elapsed: 0 s <<< ERROR!
java.lang.NoSuchMethodError: 'org.jsoup.nodes.Document$OutputSettings org.jsoup.nodes.Document$OutputSettings.syntax(org.jsoup.nodes.Document$OutputSettings$Syntax)'
	at org.jsoup.parser.XmlTreeBuilder.initialiseParse(XmlTreeBuilder.java:50)
	at org.jsoup.parser.TreeBuilder.parse(TreeBuilder.java:76)
	at org.jsoup.parser.Parser.parseInput(Parser.java:89)
	at org.jsoup.parser.Parser.parseInput(Parser.java:75)
	at org.jsoup.Jsoup.parse(Jsoup.java:65)
	at org.jsoup.parser.XmlTreeBuilderTest.rootHasXmlSettings(XmlTreeBuilderTest.java:305)
	at java.base/java.lang.reflect.Method.invoke(Method.java:580)
	at java.base/java.util.ArrayList.forEach(ArrayList.java:1597)
	at java.base/java.util.ArrayList.forEach(ArrayList.java:1597)

[ERROR] org.jsoup.parser.XmlTreeBuilderTest.readerClosedAfterParse -- Time elapsed: 0.001 s <<< ERROR!
java.lang.NoSuchMethodError: 'org.jsoup.nodes.Document$OutputSettings org.jsoup.nodes.Document$OutputSettings.syntax(org.jsoup.nodes.Document$OutputSettings$Syntax)'
	at org.jsoup.parser.XmlTreeBuilder.initialiseParse(XmlTreeBuilder.java:50)
	at org.jsoup.parser.TreeBuilder.parse(TreeBuilder.java:76)
	at org.jsoup.parser.Parser.parseInput(Parser.java:89)
	at org.jsoup.parser.Parser.parseInput(Parser.java:75)
	at org.jsoup.Jsoup.parse(Jsoup.java:51)
	at org.jsoup.parser.XmlTreeBuilderTest.readerClosedAfterParse(XmlTreeBuilderTest.java:250)
	at java.base/java.lang.reflect.Method.invoke(Method.java:580)
	at java.base/java.util.ArrayList.forEach(ArrayList.java:1597)
	at java.base/java.util.ArrayList.forEach(ArrayList.java:1597)

[ERROR] Tests run: 8, Failures: 0, Errors: 1, Skipped: 0, Time elapsed: 0.009 s <<< FAILURE! -- in org.jsoup.parser.AttributeParseTest
[ERROR] org.jsoup.parser.AttributeParseTest.dropsSlashFromAttributeName -- Time elapsed: 0.001 s <<< ERROR!
java.lang.NoSuchMethodError: 'org.jsoup.nodes.Document$OutputSettings org.jsoup.nodes.Document$OutputSettings.syntax(org.jsoup.nodes.Document$OutputSettings$Syntax)'
	at org.jsoup.parser.XmlTreeBuilder.initialiseParse(XmlTreeBuilder.java:50)
	at org.jsoup.parser.TreeBuilder.parse(TreeBuilder.java:76)
	at org.jsoup.parser.Parser.parseInput(Parser.java:89)
	at org.jsoup.parser.Parser.parseInput(Parser.java:75)
	at org.jsoup.Jsoup.parse(Jsoup.java:51)
	at org.jsoup.parser.AttributeParseTest.dropsSlashFromAttributeName(AttributeParseTest.java:96)
	at java.base/java.lang.reflect.Method.invoke(Method.java:580)
	at java.base/java.util.ArrayList.forEach(ArrayList.java:1597)
	at java.base/java.util.ArrayList.forEach(ArrayList.java:1597)

[ERROR] Tests run: 21, Failures: 0, Errors: 1, Skipped: 0, Time elapsed: 0.046 s <<< FAILURE! -- in org.jsoup.parser.TokeniserStateTest
[ERROR] org.jsoup.parser.TokeniserStateTest.customDataTagWithHyphenXml -- Time elapsed: 0.001 s <<< ERROR!
java.lang.NoSuchMethodError: 'org.jsoup.nodes.Document$OutputSettings org.jsoup.nodes.Document$OutputSettings.syntax(org.jsoup.nodes.Document$OutputSettings$Syntax)'
	at org.jsoup.parser.XmlTreeBuilder.initialiseParse(XmlTreeBuilder.java:50)
	at org.jsoup.parser.TreeBuilder.parse(TreeBuilder.java:76)
	at org.jsoup.parser.Parser.parseInput(Parser.java:89)
	at org.jsoup.parser.Parser.parseInput(Parser.java:75)
	at org.jsoup.Jsoup.parse(Jsoup.java:65)
	at org.jsoup.parser.TokeniserStateTest.customDataTagWithHyphenXml(TokeniserStateTest.java:308)
	at java.base/java.lang.reflect.Method.invoke(Method.java:580)
	at java.base/java.util.ArrayList.forEach(ArrayList.java:1597)
	at java.base/java.util.ArrayList.forEach(ArrayList.java:1597)

[ERROR] Tests run: 30, Failures: 0, Errors: 3, Skipped: 0, Time elapsed: 0.145 s <<< FAILURE! -- in org.jsoup.parser.StreamParserTest
[ERROR] org.jsoup.parser.StreamParserTest.canStreamXml -- Time elapsed: 0.001 s <<< ERROR!
java.lang.NoSuchMethodError: 'org.jsoup.nodes.Document$OutputSettings org.jsoup.nodes.Document$OutputSettings.syntax(org.jsoup.nodes.Document$OutputSettings$Syntax)'
	at org.jsoup.parser.XmlTreeBuilder.initialiseParse(XmlTreeBuilder.java:50)
	at org.jsoup.parser.StreamParser.parse(StreamParser.java:83)
	at org.jsoup.parser.StreamParser.parse(StreamParser.java:95)
	at org.jsoup.parser.StreamParserTest.canStreamXml(StreamParserTest.java:49)
	at java.base/java.lang.reflect.Method.invoke(Method.java:580)
	at java.base/java.util.ArrayList.forEach(ArrayList.java:1597)
	at java.base/java.util.ArrayList.forEach(ArrayList.java:1597)

[ERROR] org.jsoup.parser.StreamParserTest.canStreamFragmentXml -- Time elapsed: 0.001 s <<< ERROR!
java.lang.NoSuchMethodError: 'org.jsoup.nodes.Document$OutputSettings org.jsoup.nodes.Document$OutputSettings.syntax(org.jsoup.nodes.Document$OutputSettings$Syntax)'
	at org.jsoup.parser.XmlTreeBuilder.initialiseParse(XmlTreeBuilder.java:50)
	at org.jsoup.parser.StreamParser.parse(StreamParser.java:83)
	at org.jsoup.parser.StreamParser.parseFragment(StreamParser.java:107)
	at org.jsoup.parser.StreamParser.parseFragment(StreamParser.java:121)
	at org.jsoup.parser.StreamParserTest.canStreamFragmentXml(StreamParserTest.java:453)
	at java.base/java.lang.reflect.Method.invoke(Method.java:580)
	at java.base/java.util.ArrayList.forEach(ArrayList.java:1597)
	at java.base/java.util.ArrayList.forEach(ArrayList.java:1597)

[ERROR] org.jsoup.parser.StreamParserTest.worksWithXmlParser -- Time elapsed: 0 s <<< ERROR!
java.lang.NoSuchMethodError: 'org.jsoup.nodes.Document$OutputSettings org.jsoup.nodes.Document$OutputSettings.syntax(org.jsoup.nodes.Document$OutputSettings$Syntax)'
	at org.jsoup.parser.XmlTreeBuilder.initialiseParse(XmlTreeBuilder.java:50)
	at org.jsoup.parser.StreamParser.parse(StreamParser.java:83)
	at org.jsoup.parser.StreamParser.parse(StreamParser.java:95)
	at org.jsoup.parser.StreamParserTest.worksWithXmlParser(StreamParserTest.java:232)
	at java.base/java.lang.reflect.Method.invoke(Method.java:580)
	at java.base/java.util.ArrayList.forEach(ArrayList.java:1597)
	at java.base/java.util.ArrayList.forEach(ArrayList.java:1597)

[ERROR] Tests run: 5, Failures: 0, Errors: 3, Skipped: 0, Time elapsed: 0.226 s <<< FAILURE! -- in org.jsoup.integration.SessionTest
[ERROR] org.jsoup.integration.SessionTest.testCanChangeParsers -- Time elapsed: 0.050 s <<< ERROR!
java.lang.NoSuchMethodError: 'org.jsoup.nodes.Document$OutputSettings org.jsoup.nodes.Document$OutputSettings.syntax(org.jsoup.nodes.Document$OutputSettings$Syntax)'
	at org.jsoup.parser.XmlTreeBuilder.initialiseParse(XmlTreeBuilder.java:50)
	at org.jsoup.parser.TreeBuilder.parse(TreeBuilder.java:76)
	at org.jsoup.parser.Parser.parseInput(Parser.java:89)
	at org.jsoup.helper.DataUtil.detectCharset(DataUtil.java:266)
	at org.jsoup.helper.DataUtil.detectCharset(DataUtil.java:242)
	at org.jsoup.helper.DataUtil.parseInputStream(DataUtil.java:229)
	at org.jsoup.helper.HttpConnection$Response.parse(HttpConnection.java:1007)
	at org.jsoup.helper.HttpConnection.get(HttpConnection.java:353)
	at org.jsoup.integration.SessionTest.testCanChangeParsers(SessionTest.java:131)
	at java.base/java.lang.reflect.Method.invoke(Method.java:580)
	at java.base/java.util.ArrayList.forEach(ArrayList.java:1597)
	at java.base/java.util.ArrayList.forEach(ArrayList.java:1597)

[ERROR] org.jsoup.integration.SessionTest.testPathScopedCookiesOnRedirect -- Time elapsed: 0.131 s <<< ERROR!
java.lang.NoSuchMethodError: 'org.jsoup.nodes.Document$OutputSettings org.jsoup.nodes.Document$OutputSettings.charset(java.nio.charset.Charset)'
	at org.jsoup.helper.DataUtil.parseInputStream(DataUtil.java:339)
	at org.jsoup.helper.DataUtil.parseInputStream(DataUtil.java:230)
	at org.jsoup.helper.HttpConnection$Response.parse(HttpConnection.java:1007)
	at org.jsoup.helper.HttpConnection.get(HttpConnection.java:353)
	at org.jsoup.integration.SessionTest.testPathScopedCookiesOnRedirect(SessionTest.java:107)
	at java.base/java.lang.reflect.Method.invoke(Method.java:580)
	at java.base/java.util.ArrayList.forEach(ArrayList.java:1597)
	at java.base/java.util.ArrayList.forEach(ArrayList.java:1597)

[ERROR] org.jsoup.integration.SessionTest.testPathScopedCookies -- Time elapsed: 0.036 s <<< ERROR!
java.lang.NoSuchMethodError: 'org.jsoup.nodes.Document$OutputSettings org.jsoup.nodes.Document$OutputSettings.charset(java.nio.charset.Charset)'
	at org.jsoup.helper.DataUtil.parseInputStream(DataUtil.java:339)
	at org.jsoup.helper.DataUtil.parseInputStream(DataUtil.java:230)
	at org.jsoup.helper.HttpConnection$Response.parse(HttpConnection.java:1007)
	at org.jsoup.helper.HttpConnection.get(HttpConnection.java:353)
	at org.jsoup.integration.SessionTest.testPathScopedCookies(SessionTest.java:46)
	at java.base/java.lang.reflect.Method.invoke(Method.java:580)
	at java.base/java.util.ArrayList.forEach(ArrayList.java:1597)
	at java.base/java.util.ArrayList.forEach(ArrayList.java:1597)

[ERROR] Tests run: 8, Failures: 0, Errors: 4, Skipped: 0, Time elapsed: 0.116 s <<< FAILURE! -- in org.jsoup.integration.ParseTest
[ERROR] org.jsoup.integration.ParseTest.testXwiki -- Time elapsed: 0.014 s <<< ERROR!
java.lang.NoSuchMethodError: 'org.jsoup.nodes.Document$OutputSettings org.jsoup.nodes.Document$OutputSettings.charset(java.nio.charset.Charset)'
	at org.jsoup.helper.DataUtil.parseInputStream(DataUtil.java:339)
	at org.jsoup.helper.DataUtil.parseInputStream(DataUtil.java:230)
	at org.jsoup.helper.DataUtil.load(DataUtil.java:120)
	at org.jsoup.helper.DataUtil.load(DataUtil.java:102)
	at org.jsoup.helper.DataUtil.load(DataUtil.java:69)
	at org.jsoup.Jsoup.parse(Jsoup.java:137)
	at org.jsoup.integration.ParseTest.testXwiki(ParseTest.java:76)
	at java.base/java.lang.reflect.Method.invoke(Method.java:580)
	at java.base/java.util.ArrayList.forEach(ArrayList.java:1597)
	at java.base/java.util.ArrayList.forEach(ArrayList.java:1597)

[ERROR] org.jsoup.integration.ParseTest.testFileParseNoCharsetMethod -- Time elapsed: 0.017 s <<< ERROR!
java.lang.NoSuchMethodError: 'org.jsoup.nodes.Document$OutputSettings org.jsoup.nodes.Document$OutputSettings.charset(java.nio.charset.Charset)'
	at org.jsoup.helper.DataUtil.parseInputStream(DataUtil.java:339)
	at org.jsoup.helper.DataUtil.parseInputStream(DataUtil.java:230)
	at org.jsoup.helper.DataUtil.load(DataUtil.java:120)
	at org.jsoup.helper.DataUtil.load(DataUtil.java:102)
	at org.jsoup.helper.DataUtil.load(DataUtil.java:69)
	at org.jsoup.Jsoup.parse(Jsoup.java:169)
	at org.jsoup.integration.ParseTest.testFileParseNoCharsetMethod(ParseTest.java:124)
	at java.base/java.lang.reflect.Method.invoke(Method.java:580)
	at java.base/java.util.ArrayList.forEach(ArrayList.java:1597)
	at java.base/java.util.ArrayList.forEach(ArrayList.java:1597)

[ERROR] org.jsoup.integration.ParseTest.testXwikiExpanded -- Time elapsed: 0.040 s <<< ERROR!
java.lang.NoSuchMethodError: 'org.jsoup.nodes.Document$OutputSettings org.jsoup.nodes.Document$OutputSettings.charset(java.nio.charset.Charset)'
	at org.jsoup.helper.DataUtil.parseInputStream(DataUtil.java:339)
	at org.jsoup.helper.DataUtil.parseInputStream(DataUtil.java:230)
	at org.jsoup.helper.DataUtil.load(DataUtil.java:193)
	at org.jsoup.Jsoup.parse(Jsoup.java:284)
	at org.jsoup.integration.ParseTest.testXwikiExpanded(ParseTest.java:92)
	at java.base/java.lang.reflect.Method.invoke(Method.java:580)
	at java.base/java.util.ArrayList.forEach(ArrayList.java:1597)
	at java.base/java.util.ArrayList.forEach(ArrayList.java:1597)

[ERROR] org.jsoup.integration.ParseTest.testHtml5Charset -- Time elapsed: 0.002 s <<< ERROR!
java.lang.NoSuchMethodError: 'org.jsoup.nodes.Document$OutputSettings org.jsoup.nodes.Document$OutputSettings.charset(java.nio.charset.Charset)'
	at org.jsoup.helper.DataUtil.parseInputStream(DataUtil.java:339)
	at org.jsoup.helper.DataUtil.parseInputStream(DataUtil.java:230)
	at org.jsoup.helper.DataUtil.load(DataUtil.java:120)
	at org.jsoup.helper.DataUtil.load(DataUtil.java:102)
	at org.jsoup.helper.DataUtil.load(DataUtil.java:69)
	at org.jsoup.Jsoup.parse(Jsoup.java:137)
	at org.jsoup.integration.ParseTest.testHtml5Charset(ParseTest.java:34)
	at java.base/java.lang.reflect.Method.invoke(Method.java:580)
	at java.base/java.util.ArrayList.forEach(ArrayList.java:1597)
	at java.base/java.util.ArrayList.forEach(ArrayList.java:1597)

[ERROR] Tests run: 153, Failures: 0, Errors: 101, Skipped: 0, Time elapsed: 2.574 s <<< FAILURE! -- in org.jsoup.integration.FuzzFixesTest
[ERROR] org.jsoup.integration.FuzzFixesTest.testHtmlParse(File)[1] -- Time elapsed: 0.002 s <<< ERROR!
java.lang.NoSuchMethodError: 'org.jsoup.nodes.Document$OutputSettings org.jsoup.nodes.Document$OutputSettings.charset(java.nio.charset.Charset)'
	at org.jsoup.helper.DataUtil.parseInputStream(DataUtil.java:339)
	at org.jsoup.helper.DataUtil.parseInputStream(DataUtil.java:230)
	at org.jsoup.helper.DataUtil.load(DataUtil.java:120)
	at org.jsoup.helper.DataUtil.load(DataUtil.java:102)
	at org.jsoup.helper.DataUtil.load(DataUtil.java:69)
	at org.jsoup.Jsoup.parse(Jsoup.java:137)
	at org.jsoup.integration.FuzzFixesTest.testHtmlParse(FuzzFixesTest.java:59)
	at java.base/java.lang.reflect.Method.invoke(Method.java:580)
	at java.base/java.util.Optional.ifPresent(Optional.java:178)
	at java.base/java.util.stream.ForEachOps$ForEachOp$OfRef.accept(ForEachOps.java:184)
	at java.base/java.util.stream.ReferencePipeline$3$1.accept(ReferencePipeline.java:215)
	at java.base/java.util.stream.ForEachOps$ForEachOp$OfRef.accept(ForEachOps.java:184)
	at java.base/java.util.stream.ForEachOps$ForEachOp$OfRef.accept(ForEachOps.java:184)
	at java.base/java.util.stream.ReferencePipeline$3$1.accept(ReferencePipeline.java:215)
	at java.base/java.util.Spliterators$ArraySpliterator.forEachRemaining(Spliterators.java:1024)
	at java.base/java.util.stream.ReferencePipeline$Head.forEach(ReferencePipeline.java:807)
	at java.base/java.util.stream.ReferencePipeline$7$1FlatMap.accept(ReferencePipeline.java:294)
	at java.base/java.util.stream.ReferencePipeline$3$1.accept(ReferencePipeline.java:215)
	at java.base/java.util.stream.ReferencePipeline$3$1.accept(ReferencePipeline.java:215)
	at java.base/java.util.stream.ReferencePipeline$3$1.accept(ReferencePipeline.java:215)
	at java.base/java.util.Spliterators$ArraySpliterator.forEachRemaining(Spliterators.java:1024)
	at java.base/java.util.stream.AbstractPipeline.copyInto(AbstractPipeline.java:570)
	at java.base/java.util.stream.AbstractPipeline.wrapAndCopyInto(AbstractPipeline.java:560)
	at java.base/java.util.stream.ForEachOps$ForEachOp.evaluateSequential(ForEachOps.java:151)
	at java.base/java.util.stream.ForEachOps$ForEachOp$OfRef.evaluateSequential(ForEachOps.java:174)
	at java.base/java.util.stream.AbstractPipeline.evaluate(AbstractPipeline.java:265)
	at java.base/java.util.stream.ReferencePipeline.forEach(ReferencePipeline.java:636)
	at java.base/java.util.stream.ReferencePipeline$7$1FlatMap.accept(ReferencePipeline.java:294)
	at java.base/java.util.ArrayList$ArrayListSpliterator.forEachRemaining(ArrayList.java:1709)
	at java.base/java.util.stream.AbstractPipeline.copyInto(AbstractPipeline.java:570)
	at java.base/java.util.stream.AbstractPipeline.wrapAndCopyInto(AbstractPipeline.java:560)
	at java.base/java.util.stream.ForEachOps$ForEachOp.evaluateSequential(ForEachOps.java:151)
	at java.base/java.util.stream.ForEachOps$ForEachOp$OfRef.evaluateSequential(ForEachOps.java:174)
	at java.base/java.util.stream.AbstractPipeline.evaluate(AbstractPipeline.java:265)
	at java.base/java.util.stream.ReferencePipeline.forEach(ReferencePipeline.java:636)
	at java.base/java.util.stream.ReferencePipeline$7$1FlatMap.accept(ReferencePipeline.java:294)
	at java.base/java.util.stream.ReferencePipeline$3$1.accept(ReferencePipeline.java:215)
	at java.base/java.util.stream.ReferencePipeline$3$1.accept(ReferencePipeline.java:215)
	at java.base/java.util.stream.ReferencePipeline$3$1.accept(ReferencePipeline.java:215)
	at java.base/java.util.ArrayList$ArrayListSpliterator.forEachRemaining(ArrayList.java:1709)
	at java.base/java.util.stream.AbstractPipeline.copyInto(AbstractPipeline.java:570)
	at java.base/java.util.stream.AbstractPipeline.wrapAndCopyInto(AbstractPipeline.java:560)
	at java.base/java.util.stream.ForEachOps$ForEachOp.evaluateSequential(ForEachOps.java:151)
	at java.base/java.util.stream.ForEachOps$ForEachOp$OfRef.evaluateSequential(ForEachOps.java:174)
	at java.base/java.util.stream.AbstractPipeline.evaluate(AbstractPipeline.java:265)
	at java.base/java.util.stream.ReferencePipeline.forEach(ReferencePipeline.java:636)
	at java.base/java.util.ArrayList.forEach(ArrayList.java:1597)
	at java.base/java.util.ArrayList.forEach(ArrayList.java:1597)

[ERROR] org.jsoup.integration.FuzzFixesTest.testHtmlParse(File)[2] -- Time elapsed: 0.002 s <<< ERROR!
java.lang.NoSuchMethodError: 'org.jsoup.nodes.Document$OutputSettings org.jsoup.nodes.Document$OutputSettings.charset(java.nio.charset.Charset)'
	at org.jsoup.helper.DataUtil.parseInputStream(DataUtil.java:339)
	at org.jsoup.helper.DataUtil.parseInputStream(DataUtil.java:230)
	at org.jsoup.helper.DataUtil.load(DataUtil.java:120)
	at org.jsoup.helper.DataUtil.load(DataUtil.java:102)
	at org.jsoup.helper.DataUtil.load(DataUtil.java:69)
	at org.jsoup.Jsoup.parse(Jsoup.java:137)
	at org.jsoup.integration.FuzzFixesTest.testHtmlParse(FuzzFixesTest.java:59)
	at java.base/java.lang.reflect.Method.invoke(Method.java:580)
	at java.base/java.util.Optional.ifPresent(Optional.java:178)
	at java.base/java.util.stream.ForEachOps$ForEachOp$OfRef.accept(ForEachOps.java:184)
	at java.base/java.util.stream.ReferencePipeline$3$1.accept(ReferencePipeline.java:215)
	at java.base/java.util.stream.ForEachOps$ForEachOp$OfRef.accept(ForEachOps.java:184)
	at java.base/java.util.stream.ForEachOps$ForEachOp$OfRef.accept(ForEachOps.java:184)
	at java.base/java.util.stream.ReferencePipeline$3$1.accept(ReferencePipeline.java:215)
	at java.base/java.util.Spliterators$ArraySpliterator.forEachRemaining(Spliterators.java:1024)
	at java.base/java.util.stream.ReferencePipeline$Head.forEach(ReferencePipeline.java:807)
	at java.base/java.util.stream.ReferencePipeline$7$1FlatMap.accept(ReferencePipeline.java:294)
	at java.base/java.util.stream.ReferencePipeline$3$1.accept(ReferencePipeline.java:215)
	at java.base/java.util.stream.ReferencePipeline$3$1.accept(ReferencePipeline.java:215)
	at java.base/java.util.stream.ReferencePipeline$3$1.accept(ReferencePipeline.java:215)
	at java.base/java.util.Spliterators$ArraySpliterator.forEachRemaining(Spliterators.java:1024)
	at java.base/java.util.stream.AbstractPipeline.copyInto(AbstractPipeline.java:570)
	at java.base/java.util.stream.AbstractPipeline.wrapAndCopyInto(AbstractPipeline.java:560)
	at java.base/java.util.stream.ForEachOps$ForEachOp.evaluateSequential(ForEachOps.java:151)
	at java.base/java.util.stream.ForEachOps$ForEachOp$OfRef.evaluateSequential(ForEachOps.java:174)
	at java.base/java.util.stream.AbstractPipeline.evaluate(AbstractPipeline.java:265)
	at java.base/java.util.stream.ReferencePipeline.forEach(ReferencePipeline.java:636)
	at java.base/java.util.stream.ReferencePipeline$7$1FlatMap.accept(ReferencePipeline.java:294)
	at java.base/java.util.ArrayList$ArrayListSpliterator.forEachRemaining(ArrayList.java:1709)
	at java.base/java.util.stream.AbstractPipeline.copyInto(AbstractPipeline.java:570)
	at java.base/java.util.stream.AbstractPipeline.wrapAndCopyInto(AbstractPipeline.java:560)
	at java.base/java.util.stream.ForEachOps$ForEachOp.evaluateSequential(ForEachOps.java:151)
	at java.base/java.util.stream.ForEachOps$ForEachOp$OfRef.evaluateSequential(ForEachOps.java:174)
	at java.base/java.util.stream.AbstractPipeline.evaluate(AbstractPipeline.java:265)
	at java.base/java.util.stream.ReferencePipeline.forEach(ReferencePipeline.java:636)
	at java.base/java.util.stream.ReferencePipeline$7$1FlatMap.accept(ReferencePipeline.java:294)
	at java.base/java.util.stream.ReferencePipeline$3$1.accept(ReferencePipeline.java:215)
	at java.base/java.util.stream.ReferencePipeline$3$1.accept(ReferencePipeline.java:215)
	at java.base/java.util.stream.ReferencePipeline$3$1.accept(ReferencePipeline.java:215)
	at java.base/java.util.ArrayList$ArrayListSpliterator.forEachRemaining(ArrayList.java:1709)
	at java.base/java.util.stream.AbstractPipeline.copyInto(AbstractPipeline.java:570)
	at java.base/java.util.stream.AbstractPipeline.wrapAndCopyInto(AbstractPipeline.java:560)
	at java.base/java.util.stream.ForEachOps$ForEachOp.evaluateSequential(ForEachOps.java:151)
	at java.base/java.util.stream.ForEachOps$ForEachOp$OfRef.evaluateSequential(ForEachOps.java:174)
	at java.base/java.util.stream.AbstractPipeline.evaluate(AbstractPipeline.java:265)
	at java.base/java.util.stream.ReferencePipeline.forEach(ReferencePipeline.java:636)
	at java.base/java.util.ArrayList.forEach(ArrayList.java:1597)
	at java.base/java.util.ArrayList.forEach(ArrayList.java:1597)

[ERROR] org.jsoup.integration.FuzzFixesTest.testHtmlParse(File)[3] -- Time elapsed: 0.030 s <<< ERROR!
java.lang.NoSuchMethodError: 'org.jsoup.nodes.Document$OutputSettings org.jsoup.nodes.Document$OutputSettings.charset(java.nio.charset.Charset)'
	at org.jsoup.helper.DataUtil.parseInputStream(DataUtil.java:339)
	at org.jsoup.helper.DataUtil.parseInputStream(DataUtil.java:230)
	at org.jsoup.helper.DataUtil.load(DataUtil.java:120)
	at org.jsoup.helper.DataUtil.load(DataUtil.java:102)
	at org.jsoup.helper.DataUtil.load(DataUtil.java:69)
	at org.jsoup.Jsoup.parse(Jsoup.java:137)
	at org.jsoup.integration.FuzzFixesTest.testHtmlParse(FuzzFixesTest.java:59)
	at java.base/java.lang.reflect.Method.invoke(Method.java:580)
	at java.base/java.util.Optional.ifPresent(Optional.java:178)
	at java.base/java.util.stream.ForEachOps$ForEachOp$OfRef.accept(ForEachOps.java:184)
	at java.base/java.util.stream.ReferencePipeline$3$1.accept(ReferencePipeline.java:215)
	at java.base/java.util.stream.ForEachOps$ForEachOp$OfRef.accept(ForEachOps.java:184)
	at java.base/java.util.stream.ForEachOps$ForEachOp$OfRef.accept(ForEachOps.java:184)
	at java.base/java.util.stream.ReferencePipeline$3$1.accept(ReferencePipeline.java:215)
	at java.base/java.util.Spliterators$ArraySpliterator.forEachRemaining(Spliterators.java:1024)
	at java.base/java.util.stream.ReferencePipeline$Head.forEach(ReferencePipeline.java:807)
	at java.base/java.util.stream.ReferencePipeline$7$1FlatMap.accept(ReferencePipeline.java:294)
	at java.base/java.util.stream.ReferencePipeline$3$1.accept(ReferencePipeline.java:215)
	at java.base/java.util.stream.ReferencePipeline$3$1.accept(ReferencePipeline.java:215)
	at java.base/java.util.stream.ReferencePipeline$3$1.accept(ReferencePipeline.java:215)
	at java.base/java.util.Spliterators$ArraySpliterator.forEachRemaining(Spliterators.java:1024)
	at java.base/java.util.stream.AbstractPipeline.copyInto(AbstractPipeline.java:570)
	at java.base/java.util.stream.AbstractPipeline.wrapAndCopyInto(AbstractPipeline.java:560)
	at java.base/java.util.stream.ForEachOps$ForEachOp.evaluateSequential(ForEachOps.java:151)
	at java.base/java.util.stream.ForEachOps$ForEachOp$OfRef.evaluateSequential(ForEachOps.java:174)
	at java.base/java.util.stream.AbstractPipeline.evaluate(AbstractPipeline.java:265)
	at java.base/java.util.stream.ReferencePipeline.forEach(ReferencePipeline.java:636)
	at java.base/java.util.stream.ReferencePipeline$7$1FlatMap.accept(ReferencePipeline.java:294)
	at java.base/java.util.ArrayList$ArrayListSpliterator.forEachRemaining(ArrayList.java:1709)
	at java.base/java.util.stream.AbstractPipeline.copyInto(AbstractPipeline.java:570)
	at java.base/java.util.stream.AbstractPipeline.wrapAndCopyInto(AbstractPipeline.java:560)
	at java.base/java.util.stream.ForEachOps$ForEachOp.evaluateSequential(ForEachOps.java:151)
	at java.base/java.util.stream.ForEachOps$ForEachOp$OfRef.evaluateSequential(ForEachOps.java:174)
	at java.base/java.util.stream.AbstractPipeline.evaluate(AbstractPipeline.java:265)
	at java.base/java.util.stream.ReferencePipeline.forEach(ReferencePipeline.java:636)
	at java.base/java.util.stream.ReferencePipeline$7$1FlatMap.accept(ReferencePipeline.java:294)
	at java.base/java.util.stream.ReferencePipeline$3$1.accept(ReferencePipeline.java:215)
	at java.base/java.util.stream.ReferencePipeline$3$1.accept(ReferencePipeline.java:215)
	at java.base/java.util.stream.ReferencePipeline$3$1.accept(ReferencePipeline.java:215)
	at java.base/java.util.ArrayList$ArrayListSpliterator.forEachRemaining(ArrayList.java:1709)
	at java.base/java.util.stream.AbstractPipeline.copyInto(AbstractPipeline.java:570)
	at java.base/java.util.stream.AbstractPipeline.wrapAndCopyInto(AbstractPipeline.java:560)
	at java.base/java.util.stream.ForEachOps$ForEachOp.evaluateSequential(ForEachOps.java:151)
	at java.base/java.util.stream.ForEachOps$ForEachOp$OfRef.evaluateSequential(ForEachOps.java:174)
	at java.base/java.util.stream.AbstractPipeline.evaluate(AbstractPipeline.java:265)
	at java.base/java.util.stream.ReferencePipeline.forEach(ReferencePipeline.java:636)
	at java.base/java.util.ArrayList.forEach(ArrayList.java:1597)
	at java.base/java.util.ArrayList.forEach(ArrayList.java:1597)

[ERROR] org.jsoup.integration.FuzzFixesTest.testHtmlParse(File)[4] -- Time elapsed: 0.363 s <<< ERROR!
java.lang.NoSuchMethodError: 'org.jsoup.nodes.Document$OutputSettings org.jsoup.nodes.Document$OutputSettings.charset(java.nio.charset.Charset)'
	at org.jsoup.helper.DataUtil.parseInputStream(DataUtil.java:339)
	at org.jsoup.helper.DataUtil.parseInputStream(DataUtil.java:230)
	at org.jsoup.helper.DataUtil.load(DataUtil.java:120)
	at org.jsoup.helper.DataUtil.load(DataUtil.java:102)
	at org.jsoup.helper.DataUtil.load(DataUtil.java:69)
	at org.jsoup.Jsoup.parse(Jsoup.java:137)
	at org.jsoup.integration.FuzzFixesTest.testHtmlParse(FuzzFixesTest.java:59)
	at java.base/java.lang.reflect.Method.invoke(Method.java:580)
	at java.base/java.util.Optional.ifPresent(Optional.java:178)
	at java.base/java.util.stream.ForEachOps$ForEachOp$OfRef.accept(ForEachOps.java:184)
	at java.base/java.util.stream.ReferencePipeline$3$1.accept(ReferencePipeline.java:215)
	at java.base/java.util.stream.ForEachOps$ForEachOp$OfRef.accept(ForEachOps.java:184)
	at java.base/java.util.stream.ForEachOps$ForEachOp$OfRef.accept(ForEachOps.java:184)
	at java.base/java.util.stream.ReferencePipeline$3$1.accept(ReferencePipeline.java:215)
	at java.base/java.util.Spliterators$ArraySpliterator.forEachRemaining(Spliterators.java:1024)
	at java.base/java.util.stream.ReferencePipeline$Head.forEach(ReferencePipeline.java:807)
	at java.base/java.util.stream.ReferencePipeline$7$1FlatMap.accept(ReferencePipeline.java:294)
	at java.base/java.util.stream.ReferencePipeline$3$1.accept(ReferencePipeline.java:215)
	at java.base/java.util.stream.ReferencePipeline$3$1.accept(ReferencePipeline.java:215)
	at java.base/java.util.stream.ReferencePipeline$3$1.accept(ReferencePipeline.java:215)
	at java.base/java.util.Spliterators$ArraySpliterator.forEachRemaining(Spliterators.java:1024)
	at java.base/java.util.stream.AbstractPipeline.copyInto(AbstractPipeline.java:570)
	at java.base/java.util.stream.AbstractPipeline.wrapAndCopyInto(AbstractPipeline.java:560)
	at java.base/java.util.stream.ForEachOps$ForEachOp.evaluateSequential(ForEachOps.java:151)
	at java.base/java.util.stream.ForEachOps$ForEachOp$OfRef.evaluateSequential(ForEachOps.java:174)
	at java.base/java.util.stream.AbstractPipeline.evaluate(AbstractPipeline.java:265)
	at java.base/java.util.stream.ReferencePipeline.forEach(ReferencePipeline.java:636)
	at java.base/java.util.stream.ReferencePipeline$7$1FlatMap.accept(ReferencePipeline.java:294)
	at java.base/java.util.ArrayList$ArrayListSpliterator.forEachRemaining(ArrayList.java:1709)
	at java.base/java.util.stream.AbstractPipeline.copyInto(AbstractPipeline.java:570)
	at java.base/java.util.stream.AbstractPipeline.wrapAndCopyInto(AbstractPipeline.java:560)
	at java.base/java.util.stream.ForEachOps$ForEachOp.evaluateSequential(ForEachOps.java:151)
	at java.base/java.util.stream.ForEachOps$ForEachOp$OfRef.evaluateSequential(ForEachOps.java:174)
	at java.base/java.util.stream.AbstractPipeline.evaluate(AbstractPipeline.java:265)
	at java.base/java.util.stream.ReferencePipeline.forEach(ReferencePipeline.java:636)
	at java.base/java.util.stream.ReferencePipeline$7$1FlatMap.accept(ReferencePipeline.java:294)
	at java.base/java.util.stream.ReferencePipeline$3$1.accept(ReferencePipeline.java:215)
	at java.base/java.util.stream.ReferencePipeline$3$1.accept(ReferencePipeline.java:215)
	at java.base/java.util.stream.ReferencePipeline$3$1.accept(ReferencePipeline.java:215)
	at java.base/java.util.ArrayList$ArrayListSpliterator.forEachRemaining(ArrayList.java:1709)
	at java.base/java.util.stream.AbstractPipeline.copyInto(AbstractPipeline.java:570)
	at java.base/java.util.stream.AbstractPipeline.wrapAndCopyInto(AbstractPipeline.java:560)
	at java.base/java.util.stream.ForEachOps$ForEachOp.evaluateSequential(ForEachOps.java:151)
	at java.base/java.util.stream.ForEachOps$ForEachOp$OfRef.evaluateSequential(ForEachOps.java:174)
	at java.base/java.util.stream.AbstractPipeline.evaluate(AbstractPipeline.java:265)
	at java.base/java.util.stream.ReferencePipeline.forEach(ReferencePipeline.java:636)
	at java.base/java.util.ArrayList.forEach(ArrayList.java:1597)
	at java.base/java.util.ArrayList.forEach(ArrayList.java:1597)

[ERROR] org.jsoup.integration.FuzzFixesTest.testHtmlParse(File)[5] -- Time elapsed: 0.010 s <<< ERROR!
java.lang.NoSuchMethodError: 'org.jsoup.nodes.Document$OutputSettings org.jsoup.nodes.Document$OutputSettings.charset(java.nio.charset.Charset)'
	at org.jsoup.helper.DataUtil.parseInputStream(DataUtil.java:339)
	at org.jsoup.helper.DataUtil.parseInputStream(DataUtil.java:230)
	at org.jsoup.helper.DataUtil.load(DataUtil.java:120)
	at org.jsoup.helper.DataUtil.load(DataUtil.java:102)
	at org.jsoup.helper.DataUtil.load(DataUtil.java:69)
	at org.jsoup.Jsoup.parse(Jsoup.java:137)
	at org.jsoup.integration.FuzzFixesTest.testHtmlParse(FuzzFixesTest.java:59)
	at java.base/java.lang.reflect.Method.invoke(Method.java:580)
	at java.base/java.util.Optional.ifPresent(Optional.java:178)
	at java.base/java.util.stream.ForEachOps$ForEachOp$OfRef.accept(ForEachOps.java:184)
	at java.base/java.util.stream.ReferencePipeline$3$1.accept(ReferencePipeline.java:215)
	at java.base/java.util.stream.ForEachOps$ForEachOp$OfRef.accept(ForEachOps.java:184)
	at java.base/java.util.stream.ForEachOps$ForEachOp$OfRef.accept(ForEachOps.java:184)
	at java.base/java.util.stream.ReferencePipeline$3$1.accept(ReferencePipeline.java:215)
	at java.base/java.util.Spliterators$ArraySpliterator.forEachRemaining(Spliterators.java:1024)
	at java.base/java.util.stream.ReferencePipeline$Head.forEach(ReferencePipeline.java:807)
	at java.base/java.util.stream.ReferencePipeline$7$1FlatMap.accept(ReferencePipeline.java:294)
	at java.base/java.util.stream.ReferencePipeline$3$1.accept(ReferencePipeline.java:215)
	at java.base/java.util.stream.ReferencePipeline$3$1.accept(ReferencePipeline.java:215)
	at java.base/java.util.stream.ReferencePipeline$3$1.accept(ReferencePipeline.java:215)
	at java.base/java.util.Spliterators$ArraySpliterator.forEachRemaining(Spliterators.java:1024)
	at java.base/java.util.stream.AbstractPipeline.copyInto(AbstractPipeline.java:570)
	at java.base/java.util.stream.AbstractPipeline.wrapAndCopyInto(AbstractPipeline.java:560)
	at java.base/java.util.stream.ForEachOps$ForEachOp.evaluateSequential(ForEachOps.java:151)
	at java.base/java.util.stream.ForEachOps$ForEachOp$OfRef.evaluateSequential(ForEachOps.java:174)
	at java.base/java.util.stream.AbstractPipeline.evaluate(AbstractPipeline.java:265)
	at java.base/java.util.stream.ReferencePipeline.forEach(ReferencePipeline.java:636)
	at java.base/java.util.stream.ReferencePipeline$7$1FlatMap.accept(ReferencePipeline.java:294)
	at java.base/java.util.ArrayList$ArrayListSpliterator.forEachRemaining(ArrayList.java:1709)
	at java.base/java.util.stream.AbstractPipeline.copyInto(AbstractPipeline.java:570)
	at java.base/java.util.stream.AbstractPipeline.wrapAndCopyInto(AbstractPipeline.java:560)
	at java.base/java.util.stream.ForEachOps$ForEachOp.evaluateSequential(ForEachOps.java:151)
	at java.base/java.util.stream.ForEachOps$ForEachOp$OfRef.evaluateSequential(ForEachOps.java:174)
	at java.base/java.util.stream.AbstractPipeline.evaluate(AbstractPipeline.java:265)
	at java.base/java.util.stream.ReferencePipeline.forEach(ReferencePipeline.java:636)
	at java.base/java.util.stream.ReferencePipeline$7$1FlatMap.accept(ReferencePipeline.java:294)
	at java.base/java.util.stream.ReferencePipeline$3$1.accept(ReferencePipeline.java:215)
	at java.base/java.util.stream.ReferencePipeline$3$1.accept(ReferencePipeline.java:215)
	at java.base/java.util.stream.ReferencePipeline$3$1.accept(ReferencePipeline.java:215)
	at java.base/java.util.ArrayList$ArrayListSpliterator.forEachRemaining(ArrayList.java:1709)
	at java.base/java.util.stream.AbstractPipeline.copyInto(AbstractPipeline.java:570)
	at java.base/java.util.stream.AbstractPipeline.wrapAndCopyInto(AbstractPipeline.java:560)
	at java.base/java.util.stream.ForEachOps$ForEachOp.evaluateSequential(ForEachOps.java:151)
	at java.base/java.util.stream.ForEachOps$ForEachOp$OfRef.evaluateSequential(ForEachOps.java:174)
	at java.base/java.util.stream.AbstractPipeline.evaluate(AbstractPipeline.java:265)
	at java.base/java.util.stream.ReferencePipeline.forEach(ReferencePipeline.java:636)
	at java.base/java.util.ArrayList.forEach(ArrayList.java:1597)
	at java.base/java.util.ArrayList.forEach(ArrayList.java:1597)

[ERROR] org.jsoup.integration.FuzzFixesTest.testHtmlParse(File)[6] -- Time elapsed: 0.107 s <<< ERROR!
java.lang.NoSuchMethodError: 'org.jsoup.nodes.Document$OutputSettings org.jsoup.nodes.Document$OutputSettings.charset(java.nio.charset.Charset)'
	at org.jsoup.helper.DataUtil.parseInputStream(DataUtil.java:339)
	at org.jsoup.helper.DataUtil.parseInputStream(DataUtil.java:230)
	at org.jsoup.helper.DataUtil.load(DataUtil.java:120)
	at org.jsoup.helper.DataUtil.load(DataUtil.java:102)
	at org.jsoup.helper.DataUtil.load(DataUtil.java:69)
	at org.jsoup.Jsoup.parse(Jsoup.java:137)
	at org.jsoup.integration.FuzzFixesTest.testHtmlParse(FuzzFixesTest.java:59)
	at java.base/java.lang.reflect.Method.invoke(Method.java:580)
	at java.base/java.util.Optional.ifPresent(Optional.java:178)
	at java.base/java.util.stream.ForEachOps$ForEachOp$OfRef.accept(ForEachOps.java:184)
	at java.base/java.util.stream.ReferencePipeline$3$1.accept(ReferencePipeline.java:215)
	at java.base/java.util.stream.ForEachOps$ForEachOp$OfRef.accept(ForEachOps.java:184)
	at java.base/java.util.stream.ForEachOps$ForEachOp$OfRef.accept(ForEachOps.java:184)
	at java.base/java.util.stream.ReferencePipeline$3$1.accept(ReferencePipeline.java:215)
	at java.base/java.util.Spliterators$ArraySpliterator.forEachRemaining(Spliterators.java:1024)
	at java.base/java.util.stream.ReferencePipeline$Head.forEach(ReferencePipeline.java:807)
	at java.base/java.util.stream.ReferencePipeline$7$1FlatMap.accept(ReferencePipeline.java:294)
	at java.base/java.util.stream.ReferencePipeline$3$1.accept(ReferencePipeline.java:215)
	at java.base/java.util.stream.ReferencePipeline$3$1.accept(ReferencePipeline.java:215)
	at java.base/java.util.stream.ReferencePipeline$3$1.accept(ReferencePipeline.java:215)
	at java.base/java.util.Spliterators$ArraySpliterator.forEachRemaining(Spliterators.java:1024)
	at java.base/java.util.stream.AbstractPipeline.copyInto(AbstractPipeline.java:570)
	at java.base/java.util.stream.AbstractPipeline.wrapAndCopyInto(AbstractPipeline.java:560)
	at java.base/java.util.stream.ForEachOps$ForEachOp.evaluateSequential(ForEachOps.java:151)
	at java.base/java.util.stream.ForEachOps$ForEachOp$OfRef.evaluateSequential(ForEachOps.java:174)
	at java.base/java.util.stream.AbstractPipeline.evaluate(AbstractPipeline.java:265)
	at java.base/java.util.stream.ReferencePipeline.forEach(ReferencePipeline.java:636)
	at java.base/java.util.stream.ReferencePipeline$7$1FlatMap.accept(ReferencePipeline.java:294)
	at java.base/java.util.ArrayList$ArrayListSpliterator.forEachRemaining(ArrayList.java:1709)
	at java.base/java.util.stream.AbstractPipeline.copyInto(AbstractPipeline.java:570)
	at java.base/java.util.stream.AbstractPipeline.wrapAndCopyInto(AbstractPipeline.java:560)
	at java.base/java.util.stream.ForEachOps$ForEachOp.evaluateSequential(ForEachOps.java:151)
	at java.base/java.util.stream.ForEachOps$ForEachOp$OfRef.evaluateSequential(ForEachOps.java:174)
	at java.base/java.util.stream.AbstractPipeline.evaluate(AbstractPipeline.java:265)
	at java.base/java.util.stream.ReferencePipeline.forEach(ReferencePipeline.java:636)
	at java.base/java.util.stream.ReferencePipeline$7$1FlatMap.accept(ReferencePipeline.java:294)
	at java.base/java.util.stream.ReferencePipeline$3$1.accept(ReferencePipeline.java:215)
	at java.base/java.util.stream.ReferencePipeline$3$1.accept(ReferencePipeline.java:215)
	at java.base/java.util.stream.ReferencePipeline$3$1.accept(ReferencePipeline.java:215)
	at java.base/java.util.ArrayList$ArrayListSpliterator.forEachRemaining(ArrayList.java:1709)
	at java.base/java.util.stream.AbstractPipeline.copyInto(AbstractPipeline.java:570)
	at java.base/java.util.stream.AbstractPipeline.wrapAndCopyInto(AbstractPipeline.java:560)
	at java.base/java.util.stream.ForEachOps$ForEachOp.evaluateSequential(ForEachOps.java:151)
	at java.base/java.util.stream.ForEachOps$ForEachOp$OfRef.evaluateSequential(ForEachOps.java:174)
	at java.base/java.util.stream.AbstractPipeline.evaluate(AbstractPipeline.java:265)
	at java.base/java.util.stream.ReferencePipeline.forEach(ReferencePipeline.java:636)
	at java.base/java.util.ArrayList.forEach(ArrayList.java:1597)
	at java.base/java.util.ArrayList.forEach(ArrayList.java:1597)

[ERROR] org.jsoup.integration.FuzzFixesTest.testHtmlParse(File)[7] -- Time elapsed: 0.006 s <<< ERROR!
java.lang.NoSuchMethodError: 'org.jsoup.nodes.Document$OutputSettings org.jsoup.nodes.Document$OutputSettings.charset(java.nio.charset.Charset)'
	at org.jsoup.helper.DataUtil.parseInputStream(DataUtil.java:339)
	at org.jsoup.helper.DataUtil.parseInputStream(DataUtil.java:230)
	at org.jsoup.helper.DataUtil.load(DataUtil.java:120)
	at org.jsoup.helper.DataUtil.load(DataUtil.java:102)
	at org.jsoup.helper.DataUtil.load(DataUtil.java:69)
	at org.jsoup.Jsoup.parse(Jsoup.java:137)
	at org.jsoup.integration.FuzzFixesTest.testHtmlParse(FuzzFixesTest.java:59)
	at java.base/java.lang.reflect.Method.invoke(Method.java:580)
	at java.base/java.util.Optional.ifPresent(Optional.java:178)
	at java.base/java.util.stream.ForEachOps$ForEachOp$OfRef.accept(ForEachOps.java:184)
	at java.base/java.util.stream.ReferencePipeline$3$1.accept(ReferencePipeline.java:215)
	at java.base/java.util.stream.ForEachOps$ForEachOp$OfRef.accept(ForEachOps.java:184)
	at java.base/java.util.stream.ForEachOps$ForEachOp$OfRef.accept(ForEachOps.java:184)
	at java.base/java.util.stream.ReferencePipeline$3$1.accept(ReferencePipeline.java:215)
	at java.base/java.util.Spliterators$ArraySpliterator.forEachRemaining(Spliterators.java:1024)
	at java.base/java.util.stream.ReferencePipeline$Head.forEach(ReferencePipeline.java:807)
	at java.base/java.util.stream.ReferencePipeline$7$1FlatMap.accept(ReferencePipeline.java:294)
	at java.base/java.util.stream.ReferencePipeline$3$1.accept(ReferencePipeline.java:215)
	at java.base/java.util.stream.ReferencePipeline$3$1.accept(ReferencePipeline.java:215)
	at java.base/java.util.stream.ReferencePipeline$3$1.accept(ReferencePipeline.java:215)
	at java.base/java.util.Spliterators$ArraySpliterator.forEachRemaining(Spliterators.java:1024)
	at java.base/java.util.stream.AbstractPipeline.copyInto(AbstractPipeline.java:570)
	at java.base/java.util.stream.AbstractPipeline.wrapAndCopyInto(AbstractPipeline.java:560)
	at java.base/java.util.stream.ForEachOps$ForEachOp.evaluateSequential(ForEachOps.java:151)
	at java.base/java.util.stream.ForEachOps$ForEachOp$OfRef.evaluateSequential(ForEachOps.java:174)
	at java.base/java.util.stream.AbstractPipeline.evaluate(AbstractPipeline.java:265)
	at java.base/java.util.stream.ReferencePipeline.forEach(ReferencePipeline.java:636)
	at java.base/java.util.stream.ReferencePipeline$7$1FlatMap.accept(ReferencePipeline.java:294)
	at java.base/java.util.ArrayList$ArrayListSpliterator.forEachRemaining(ArrayList.java:1709)
	at java.base/java.util.stream.AbstractPipeline.copyInto(AbstractPipeline.java:570)
	at java.base/java.util.stream.AbstractPipeline.wrapAndCopyInto(AbstractPipeline.java:560)
	at java.base/java.util.stream.ForEachOps$ForEachOp.evaluateSequential(ForEachOps.java:151)
	at java.base/java.util.stream.ForEachOps$ForEachOp$OfRef.evaluateSequential(ForEachOps.java:174)
	at java.base/java.util.stream.AbstractPipeline.evaluate(AbstractPipeline.java:265)
	at java.base/java.util.stream.ReferencePipeline.forEach(ReferencePipeline.java:636)
	at java.base/java.util.stream.ReferencePipeline$7$1FlatMap.accept(ReferencePipeline.java:294)
	at java.base/java.util.stream.ReferencePipeline$3$1.accept(ReferencePipeline.java:215)
	at java.base/java.util.stream.ReferencePipeline$3$1.accept(ReferencePipeline.java:215)
	at java.base/java.util.stream.ReferencePipeline$3$1.accept(ReferencePipeline.java:215)
	at java.base/java.util.ArrayList$ArrayListSpliterator.forEachRemaining(ArrayList.java:1709)
	at java.base/java.util.stream.AbstractPipeline.copyInto(AbstractPipeline.java:570)
	at java.base/java.util.stream.AbstractPipeline.wrapAndCopyInto(AbstractPipeline.java:560)
	at java.base/java.util.stream.ForEachOps$ForEachOp.evaluateSequential(ForEachOps.java:151)
	at java.base/java.util.stream.ForEachOps$ForEachOp$OfRef.evaluateSequential(ForEachOps.java:174)
	at java.base/java.util.stream.AbstractPipeline.evaluate(AbstractPipeline.java:265)
	at java.base/java.util.stream.ReferencePipeline.forEach(ReferencePipeline.java:636)
	at java.base/java.util.ArrayList.forEach(ArrayList.java:1597)
	at java.base/java.util.ArrayList.forEach(ArrayList.java:1597)

[ERROR] org.jsoup.integration.FuzzFixesTest.testHtmlParse(File)[8] -- Time elapsed: 0.136 s <<< ERROR!
java.lang.NoSuchMethodError: 'org.jsoup.nodes.Document$OutputSettings org.jsoup.nodes.Document$OutputSettings.charset(java.nio.charset.Charset)'
	at org.jsoup.helper.DataUtil.parseInputStream(DataUtil.java:339)
	at org.jsoup.helper.DataUtil.parseInputStream(DataUtil.java:230)
	at org.jsoup.helper.DataUtil.load(DataUtil.java:120)
	at org.jsoup.helper.DataUtil.load(DataUtil.java:102)
	at org.jsoup.helper.DataUtil.load(DataUtil.java:69)
	at org.jsoup.Jsoup.parse(Jsoup.java:137)
	at org.jsoup.integration.FuzzFixesTest.testHtmlParse(FuzzFixesTest.java:59)
	at java.base/java.lang.reflect.Method.invoke(Method.java:580)
	at java.base/java.util.Optional.ifPresent(Optional.java:178)
	at java.base/java.util.stream.ForEachOps$ForEachOp$OfRef.accept(ForEachOps.java:184)
	at java.base/java.util.stream.ReferencePipeline$3$1.accept(ReferencePipeline.java:215)
	at java.base/java.util.stream.ForEachOps$ForEachOp$OfRef.accept(ForEachOps.java:184)
	at java.base/java.util.stream.ForEachOps$ForEachOp$OfRef.accept(ForEachOps.java:184)
	at java.base/java.util.stream.ReferencePipeline$3$1.accept(ReferencePipeline.java:215)
	at java.base/java.util.Spliterators$ArraySpliterator.forEachRemaining(Spliterators.java:1024)
	at java.base/java.util.stream.ReferencePipeline$Head.forEach(ReferencePipeline.java:807)
	at java.base/java.util.stream.ReferencePipeline$7$1FlatMap.accept(ReferencePipeline.java:294)
	at java.base/java.util.stream.ReferencePipeline$3$1.accept(ReferencePipeline.java:215)
	at java.base/java.util.stream.ReferencePipeline$3$1.accept(ReferencePipeline.java:215)
	at java.base/java.util.stream.ReferencePipeline$3$1.accept(ReferencePipeline.java:215)
	at java.base/java.util.Spliterators$ArraySpliterator.forEachRemaining(Spliterators.java:1024)
	at java.base/java.util.stream.AbstractPipeline.copyInto(AbstractPipeline.java:570)
	at java.base/java.util.stream.AbstractPipeline.wrapAndCopyInto(AbstractPipeline.java:560)
	at java.base/java.util.stream.ForEachOps$ForEachOp.evaluateSequential(ForEachOps.java:151)
	at java.base/java.util.stream.ForEachOps$ForEachOp$OfRef.evaluateSequential(ForEachOps.java:174)
	at java.base/java.util.stream.AbstractPipeline.evaluate(AbstractPipeline.java:265)
	at java.base/java.util.stream.ReferencePipeline.forEach(ReferencePipeline.java:636)
	at java.base/java.util.stream.ReferencePipeline$7$1FlatMap.accept(ReferencePipeline.java:294)
	at java.base/java.util.ArrayList$ArrayListSpliterator.forEachRemaining(ArrayList.java:1709)
	at java.base/java.util.stream.AbstractPipeline.copyInto(AbstractPipeline.java:570)
	at java.base/java.util.stream.AbstractPipeline.wrapAndCopyInto(AbstractPipeline.java:560)
	at java.base/java.util.stream.ForEachOps$ForEachOp.evaluateSequential(ForEachOps.java:151)
	at java.base/java.util.stream.ForEachOps$ForEachOp$OfRef.evaluateSequential(ForEachOps.java:174)
	at java.base/java.util.stream.AbstractPipeline.evaluate(AbstractPipeline.java:265)
	at java.base/java.util.stream.ReferencePipeline.forEach(ReferencePipeline.java:636)
	at java.base/java.util.stream.ReferencePipeline$7$1FlatMap.accept(ReferencePipeline.java:294)
	at java.base/java.util.stream.ReferencePipeline$3$1.accept(ReferencePipeline.java:215)
	at java.base/java.util.stream.ReferencePipeline$3$1.accept(ReferencePipeline.java:215)
	at java.base/java.util.stream.ReferencePipeline$3$1.accept(ReferencePipeline.java:215)
	at java.base/java.util.ArrayList$ArrayListSpliterator.forEachRemaining(ArrayList.java:1709)
	at java.base/java.util.stream.AbstractPipeline.copyInto(AbstractPipeline.java:570)
	at java.base/java.util.stream.AbstractPipeline.wrapAndCopyInto(AbstractPipeline.java:560)
	at java.base/java.util.stream.ForEachOps$ForEachOp.evaluateSequential(ForEachOps.java:151)
	at java.base/java.util.stream.ForEachOps$ForEachOp$OfRef.evaluateSequential(ForEachOps.java:174)
	at java.base/java.util.stream.AbstractPipeline.evaluate(AbstractPipeline.java:265)
	at java.base/java.util.stream.ReferencePipeline.forEach(ReferencePipeline.java:636)
	at java.base/java.util.ArrayList.forEach(ArrayList.java:1597)
	at java.base/java.util.ArrayList.forEach(ArrayList.java:1597)

[ERROR] org.jsoup.integration.FuzzFixesTest.testHtmlParse(File)[9] -- Time elapsed: 0.021 s <<< ERROR!
java.lang.NoSuchMethodError: 'org.jsoup.nodes.Document$OutputSettings org.jsoup.nodes.Document$OutputSettings.charset(java.nio.charset.Charset)'
	at org.jsoup.helper.DataUtil.parseInputStream(DataUtil.java:339)
	at org.jsoup.helper.DataUtil.parseInputStream(DataUtil.java:230)
	at org.jsoup.helper.DataUtil.load(DataUtil.java:120)
	at org.jsoup.helper.DataUtil.load(DataUtil.java:102)
	at org.jsoup.helper.DataUtil.load(DataUtil.java:69)
	at org.jsoup.Jsoup.parse(Jsoup.java:137)
	at org.jsoup.integration.FuzzFixesTest.testHtmlParse(FuzzFixesTest.java:59)
	at java.base/java.lang.reflect.Method.invoke(Method.java:580)
	at java.base/java.util.Optional.ifPresent(Optional.java:178)
	at java.base/java.util.stream.ForEachOps$ForEachOp$OfRef.accept(ForEachOps.java:184)
	at java.base/java.util.stream.ReferencePipeline$3$1.accept(ReferencePipeline.java:215)
	at java.base/java.util.stream.ForEachOps$ForEachOp$OfRef.accept(ForEachOps.java:184)
	at java.base/java.util.stream.ForEachOps$ForEachOp$OfRef.accept(ForEachOps.java:184)
	at java.base/java.util.stream.ReferencePipeline$3$1.accept(ReferencePipeline.java:215)
	at java.base/java.util.Spliterators$ArraySpliterator.forEachRemaining(Spliterators.java:1024)
	at java.base/java.util.stream.ReferencePipeline$Head.forEach(ReferencePipeline.java:807)
	at java.base/java.util.stream.ReferencePipeline$7$1FlatMap.accept(ReferencePipeline.java:294)
	at java.base/java.util.stream.ReferencePipeline$3$1.accept(ReferencePipeline.java:215)
	at java.base/java.util.stream.ReferencePipeline$3$1.accept(ReferencePipeline.java:215)
	at java.base/java.util.stream.ReferencePipeline$3$1.accept(ReferencePipeline.java:215)
	at java.base/java.util.Spliterators$ArraySpliterator.forEachRemaining(Spliterators.java:1024)
	at java.base/java.util.stream.AbstractPipeline.copyInto(AbstractPipeline.java:570)
	at java.base/java.util.stream.AbstractPipeline.wrapAndCopyInto(AbstractPipeline.java:560)
	at java.base/java.util.stream.ForEachOps$ForEachOp.evaluateSequential(ForEachOps.java:151)
	at java.base/java.util.stream.ForEachOps$ForEachOp$OfRef.evaluateSequential(ForEachOps.java:174)
	at java.base/java.util.stream.AbstractPipeline.evaluate(AbstractPipeline.java:265)
	at java.base/java.util.stream.ReferencePipeline.forEach(ReferencePipeline.java:636)
	at java.base/java.util.stream.ReferencePipeline$7$1FlatMap.accept(ReferencePipeline.java:294)
	at java.base/java.util.ArrayList$ArrayListSpliterator.forEachRemaining(ArrayList.java:1709)
	at java.base/java.util.stream.AbstractPipeline.copyInto(AbstractPipeline.java:570)
	at java.base/java.util.stream.AbstractPipeline.wrapAndCopyInto(AbstractPipeline.java:560)
	at java.base/java.util.stream.ForEachOps$ForEachOp.evaluateSequential(ForEachOps.java:151)
	at java.base/java.util.stream.ForEachOps$ForEachOp$OfRef.evaluateSequential(ForEachOps.java:174)
	at java.base/java.util.stream.AbstractPipeline.evaluate(AbstractPipeline.java:265)
	at java.base/java.util.stream.ReferencePipeline.forEach(ReferencePipeline.java:636)
	at java.base/java.util.stream.ReferencePipeline$7$1FlatMap.accept(ReferencePipeline.java:294)
	at java.base/java.util.stream.ReferencePipeline$3$1.accept(ReferencePipeline.java:215)
	at java.base/java.util.stream.ReferencePipeline$3$1.accept(ReferencePipeline.java:215)
	at java.base/java.util.stream.ReferencePipeline$3$1.accept(ReferencePipeline.java:215)
	at java.base/java.util.ArrayList$ArrayListSpliterator.forEachRemaining(ArrayList.java:1709)
	at java.base/java.util.stream.AbstractPipeline.copyInto(AbstractPipeline.java:570)
	at java.base/java.util.stream.AbstractPipeline.wrapAndCopyInto(AbstractPipeline.java:560)
	at java.base/java.util.stream.ForEachOps$ForEachOp.evaluateSequential(ForEachOps.java:151)
	at java.base/java.util.stream.ForEachOps$ForEachOp$OfRef.evaluateSequential(ForEachOps.java:174)
	at java.base/java.util.stream.AbstractPipeline.evaluate(AbstractPipeline.java:265)
	at java.base/java.util.stream.ReferencePipeline.forEach(ReferencePipeline.java:636)
	at java.base/java.util.ArrayList.forEach(ArrayList.java:1597)
	at java.base/java.util.ArrayList.forEach(ArrayList.java:1597)

[ERROR] org.jsoup.integration.FuzzFixesTest.testHtmlParse(File)[10] -- Time elapsed: 0.016 s <<< ERROR!
java.lang.NoSuchMethodError: 'org.jsoup.nodes.Document$OutputSettings org.jsoup.nodes.Document$OutputSettings.charset(java.nio.charset.Charset)'
	at org.jsoup.helper.DataUtil.parseInputStream(DataUtil.java:339)
	at org.jsoup.helper.DataUtil.parseInputStream(DataUtil.java:230)
	at org.jsoup.helper.DataUtil.load(DataUtil.java:120)
	at org.jsoup.helper.DataUtil.load(DataUtil.java:102)
	at org.jsoup.helper.DataUtil.load(DataUtil.java:69)
	at org.jsoup.Jsoup.parse(Jsoup.java:137)
	at org.jsoup.integration.FuzzFixesTest.testHtmlParse(FuzzFixesTest.java:59)
	at java.base/java.lang.reflect.Method.invoke(Method.java:580)
	at java.base/java.util.Optional.ifPresent(Optional.java:178)
	at java.base/java.util.stream.ForEachOps$ForEachOp$OfRef.accept(ForEachOps.java:184)
	at java.base/java.util.stream.ReferencePipeline$3$1.accept(ReferencePipeline.java:215)
	at java.base/java.util.stream.ForEachOps$ForEachOp$OfRef.accept(ForEachOps.java:184)
	at java.base/java.util.stream.ForEachOps$ForEachOp$OfRef.accept(ForEachOps.java:184)
	at java.base/java.util.stream.ReferencePipeline$3$1.accept(ReferencePipeline.java:215)
	at java.base/java.util.Spliterators$ArraySpliterator.forEachRemaining(Spliterators.java:1024)
	at java.base/java.util.stream.ReferencePipeline$Head.forEach(ReferencePipeline.java:807)
	at java.base/java.util.stream.ReferencePipeline$7$1FlatMap.accept(ReferencePipeline.java:294)
	at java.base/java.util.stream.ReferencePipeline$3$1.accept(ReferencePipeline.java:215)
	at java.base/java.util.stream.ReferencePipeline$3$1.accept(ReferencePipeline.java:215)
	at java.base/java.util.stream.ReferencePipeline$3$1.accept(ReferencePipeline.java:215)
	at java.base/java.util.Spliterators$ArraySpliterator.forEachRemaining(Spliterators.java:1024)
	at java.base/java.util.stream.AbstractPipeline.copyInto(AbstractPipeline.java:570)
	at java.base/java.util.stream.AbstractPipeline.wrapAndCopyInto(AbstractPipeline.java:560)
	at java.base/java.util.stream.ForEachOps$ForEachOp.evaluateSequential(ForEachOps.java:151)
	at java.base/java.util.stream.ForEachOps$ForEachOp$OfRef.evaluateSequential(ForEachOps.java:174)
	at java.base/java.util.stream.AbstractPipeline.evaluate(AbstractPipeline.java:265)
	at java.base/java.util.stream.ReferencePipeline.forEach(ReferencePipeline.java:636)
	at java.base/java.util.stream.ReferencePipeline$7$1FlatMap.accept(ReferencePipeline.java:294)
	at java.base/java.util.ArrayList$ArrayListSpliterator.forEachRemaining(ArrayList.java:1709)
	at java.base/java.util.stream.AbstractPipeline.copyInto(AbstractPipeline.java:570)
	at java.base/java.util.stream.AbstractPipeline.wrapAndCopyInto(AbstractPipeline.java:560)
	at java.base/java.util.stream.ForEachOps$ForEachOp.evaluateSequential(ForEachOps.java:151)
	at java.base/java.util.stream.ForEachOps$ForEachOp$OfRef.evaluateSequential(ForEachOps.java:174)
	at java.base/java.util.stream.AbstractPipeline.evaluate(AbstractPipeline.java:265)
	at java.base/java.util.stream.ReferencePipeline.forEach(ReferencePipeline.java:636)
	at java.base/java.util.stream.ReferencePipeline$7$1FlatMap.accept(ReferencePipeline.java:294)
	at java.base/java.util.stream.ReferencePipeline$3$1.accept(ReferencePipeline.java:215)
	at java.base/java.util.stream.ReferencePipeline$3$1.accept(ReferencePipeline.java:215)
	at java.base/java.util.stream.ReferencePipeline$3$1.accept(ReferencePipeline.java:215)
	at java.base/java.util.ArrayList$ArrayListSpliterator.forEachRemaining(ArrayList.java:1709)
	at java.base/java.util.stream.AbstractPipeline.copyInto(AbstractPipeline.java:570)
	at java.base/java.util.stream.AbstractPipeline.wrapAndCopyInto(AbstractPipeline.java:560)
	at java.base/java.util.stream.ForEachOps$ForEachOp.evaluateSequential(ForEachOps.java:151)
	at java.base/java.util.stream.ForEachOps$ForEachOp$OfRef.evaluateSequential(ForEachOps.java:174)
	at java.base/java.util.stream.AbstractPipeline.evaluate(AbstractPipeline.java:265)
	at java.base/java.util.stream.ReferencePipeline.forEach(ReferencePipeline.java:636)
	at java.base/java.util.ArrayList.forEach(ArrayList.java:1597)
	at java.base/java.util.ArrayList.forEach(ArrayList.java:1597)

[ERROR] org.jsoup.integration.FuzzFixesTest.testHtmlParse(File)[11] -- Time elapsed: 0.020 s <<< ERROR!
java.lang.NoSuchMethodError: 'org.jsoup.nodes.Document$OutputSettings org.jsoup.nodes.Document$OutputSettings.charset(java.nio.charset.Charset)'
	at org.jsoup.helper.DataUtil.parseInputStream(DataUtil.java:339)
	at org.jsoup.helper.DataUtil.parseInputStream(DataUtil.java:230)
	at org.jsoup.helper.DataUtil.load(DataUtil.java:120)
	at org.jsoup.helper.DataUtil.load(DataUtil.java:102)
	at org.jsoup.helper.DataUtil.load(DataUtil.java:69)
	at org.jsoup.Jsoup.parse(Jsoup.java:137)
	at org.jsoup.integration.FuzzFixesTest.testHtmlParse(FuzzFixesTest.java:59)
	at java.base/java.lang.reflect.Method.invoke(Method.java:580)
	at java.base/java.util.Optional.ifPresent(Optional.java:178)
	at java.base/java.util.stream.ForEachOps$ForEachOp$OfRef.accept(ForEachOps.java:184)
	at java.base/java.util.stream.ReferencePipeline$3$1.accept(ReferencePipeline.java:215)
	at java.base/java.util.stream.ForEachOps$ForEachOp$OfRef.accept(ForEachOps.java:184)
	at java.base/java.util.stream.ForEachOps$ForEachOp$OfRef.accept(ForEachOps.java:184)
	at java.base/java.util.stream.ReferencePipeline$3$1.accept(ReferencePipeline.java:215)
	at java.base/java.util.Spliterators$ArraySpliterator.forEachRemaining(Spliterators.java:1024)
	at java.base/java.util.stream.ReferencePipeline$Head.forEach(ReferencePipeline.java:807)
	at java.base/java.util.stream.ReferencePipeline$7$1FlatMap.accept(ReferencePipeline.java:294)
	at java.base/java.util.stream.ReferencePipeline$3$1.accept(ReferencePipeline.java:215)
	at java.base/java.util.stream.ReferencePipeline$3$1.accept(ReferencePipeline.java:215)
	at java.base/java.util.stream.ReferencePipeline$3$1.accept(ReferencePipeline.java:215)
	at java.base/java.util.Spliterators$ArraySpliterator.forEachRemaining(Spliterators.java:1024)
	at java.base/java.util.stream.AbstractPipeline.copyInto(AbstractPipeline.java:570)
	at java.base/java.util.stream.AbstractPipeline.wrapAndCopyInto(AbstractPipeline.java:560)
	at java.base/java.util.stream.ForEachOps$ForEachOp.evaluateSequential(ForEachOps.java:151)
	at java.base/java.util.stream.ForEachOps$ForEachOp$OfRef.evaluateSequential(ForEachOps.java:174)
	at java.base/java.util.stream.AbstractPipeline.evaluate(AbstractPipeline.java:265)
	at java.base/java.util.stream.ReferencePipeline.forEach(ReferencePipeline.java:636)
	at java.base/java.util.stream.ReferencePipeline$7$1FlatMap.accept(ReferencePipeline.java:294)
	at java.base/java.util.ArrayList$ArrayListSpliterator.forEachRemaining(ArrayList.java:1709)
	at java.base/java.util.stream.AbstractPipeline.copyInto(AbstractPipeline.java:570)
	at java.base/java.util.stream.AbstractPipeline.wrapAndCopyInto(AbstractPipeline.java:560)
	at java.base/java.util.stream.ForEachOps$ForEachOp.evaluateSequential(ForEachOps.java:151)
	at java.base/java.util.stream.ForEachOps$ForEachOp$OfRef.evaluateSequential(ForEachOps.java:174)
	at java.base/java.util.stream.AbstractPipeline.evaluate(AbstractPipeline.java:265)
	at java.base/java.util.stream.ReferencePipeline.forEach(ReferencePipeline.java:636)
	at java.base/java.util.stream.ReferencePipeline$7$1FlatMap.accept(ReferencePipeline.java:294)
	at java.base/java.util.stream.ReferencePipeline$3$1.accept(ReferencePipeline.java:215)
	at java.base/java.util.stream.ReferencePipeline$3$1.accept(ReferencePipeline.java:215)
	at java.base/java.util.stream.ReferencePipeline$3$1.accept(ReferencePipeline.java:215)
	at java.base/java.util.ArrayList$ArrayListSpliterator.forEachRemaining(ArrayList.java:1709)
	at java.base/java.util.stream.AbstractPipeline.copyInto(AbstractPipeline.java:570)
	at java.base/java.util.stream.AbstractPipeline.wrapAndCopyInto(AbstractPipeline.java:560)
	at java.base/java.util.stream.ForEachOps$ForEachOp.evaluateSequential(ForEachOps.java:151)
	at java.base/java.util.stream.ForEachOps$ForEachOp$OfRef.evaluateSequential(ForEachOps.java:174)
	at java.base/java.util.stream.AbstractPipeline.evaluate(AbstractPipeline.java:265)
	at java.base/java.util.stream.ReferencePipeline.forEach(ReferencePipeline.java:636)
	at java.base/java.util.ArrayList.forEach(ArrayList.java:1597)
	at java.base/java.util.ArrayList.forEach(ArrayList.java:1597)

[ERROR] org.jsoup.integration.FuzzFixesTest.testHtmlParse(File)[12] -- Time elapsed: 0.009 s <<< ERROR!
java.lang.NoSuchMethodError: 'org.jsoup.nodes.Document$OutputSettings org.jsoup.nodes.Document$OutputSettings.charset(java.nio.charset.Charset)'
	at org.jsoup.helper.DataUtil.parseInputStream(DataUtil.java:339)
	at org.jsoup.helper.DataUtil.parseInputStream(DataUtil.java:230)
	at org.jsoup.helper.DataUtil.load(DataUtil.java:120)
	at org.jsoup.helper.DataUtil.load(DataUtil.java:102)
	at org.jsoup.helper.DataUtil.load(DataUtil.java:69)
	at org.jsoup.Jsoup.parse(Jsoup.java:137)
	at org.jsoup.integration.FuzzFixesTest.testHtmlParse(FuzzFixesTest.java:59)
	at java.base/java.lang.reflect.Method.invoke(Method.java:580)
	at java.base/java.util.Optional.ifPresent(Optional.java:178)
	at java.base/java.util.stream.ForEachOps$ForEachOp$OfRef.accept(ForEachOps.java:184)
	at java.base/java.util.stream.ReferencePipeline$3$1.accept(ReferencePipeline.java:215)
	at java.base/java.util.stream.ForEachOps$ForEachOp$OfRef.accept(ForEachOps.java:184)
	at java.base/java.util.stream.ForEachOps$ForEachOp$OfRef.accept(ForEachOps.java:184)
	at java.base/java.util.stream.ReferencePipeline$3$1.accept(ReferencePipeline.java:215)
	at java.base/java.util.Spliterators$ArraySpliterator.forEachRemaining(Spliterators.java:1024)
	at java.base/java.util.stream.ReferencePipeline$Head.forEach(ReferencePipeline.java:807)
	at java.base/java.util.stream.ReferencePipeline$7$1FlatMap.accept(ReferencePipeline.java:294)
	at java.base/java.util.stream.ReferencePipeline$3$1.accept(ReferencePipeline.java:215)
	at java.base/java.util.stream.ReferencePipeline$3$1.accept(ReferencePipeline.java:215)
	at java.base/java.util.stream.ReferencePipeline$3$1.accept(ReferencePipeline.java:215)
	at java.base/java.util.Spliterators$ArraySpliterator.forEachRemaining(Spliterators.java:1024)
	at java.base/java.util.stream.AbstractPipeline.copyInto(AbstractPipeline.java:570)
	at java.base/java.util.stream.AbstractPipeline.wrapAndCopyInto(AbstractPipeline.java:560)
	at java.base/java.util.stream.ForEachOps$ForEachOp.evaluateSequential(ForEachOps.java:151)
	at java.base/java.util.stream.ForEachOps$ForEachOp$OfRef.evaluateSequential(ForEachOps.java:174)
	at java.base/java.util.stream.AbstractPipeline.evaluate(AbstractPipeline.java:265)
	at java.base/java.util.stream.ReferencePipeline.forEach(ReferencePipeline.java:636)
	at java.base/java.util.stream.ReferencePipeline$7$1FlatMap.accept(ReferencePipeline.java:294)
	at java.base/java.util.ArrayList$ArrayListSpliterator.forEachRemaining(ArrayList.java:1709)
	at java.base/java.util.stream.AbstractPipeline.copyInto(AbstractPipeline.java:570)
	at java.base/java.util.stream.AbstractPipeline.wrapAndCopyInto(AbstractPipeline.java:560)
	at java.base/java.util.stream.ForEachOps$ForEachOp.evaluateSequential(ForEachOps.java:151)
	at java.base/java.util.stream.ForEachOps$ForEachOp$OfRef.evaluateSequential(ForEachOps.java:174)
	at java.base/java.util.stream.AbstractPipeline.evaluate(AbstractPipeline.java:265)
	at java.base/java.util.stream.ReferencePipeline.forEach(ReferencePipeline.java:636)
	at java.base/java.util.stream.ReferencePipeline$7$1FlatMap.accept(ReferencePipeline.java:294)
	at java.base/java.util.stream.ReferencePipeline$3$1.accept(ReferencePipeline.java:215)
	at java.base/java.util.stream.ReferencePipeline$3$1.accept(ReferencePipeline.java:215)
	at java.base/java.util.stream.ReferencePipeline$3$1.accept(ReferencePipeline.java:215)
	at java.base/java.util.ArrayList$ArrayListSpliterator.forEachRemaining(ArrayList.java:1709)
	at java.base/java.util.stream.AbstractPipeline.copyInto(AbstractPipeline.java:570)
	at java.base/java.util.stream.AbstractPipeline.wrapAndCopyInto(AbstractPipeline.java:560)
	at java.base/java.util.stream.ForEachOps$ForEachOp.evaluateSequential(ForEachOps.java:151)
	at java.base/java.util.stream.ForEachOps$ForEachOp$OfRef.evaluateSequential(ForEachOps.java:174)
	at java.base/java.util.stream.AbstractPipeline.evaluate(AbstractPipeline.java:265)
	at java.base/java.util.stream.ReferencePipeline.forEach(ReferencePipeline.java:636)
	at java.base/java.util.ArrayList.forEach(ArrayList.java:1597)
	at java.base/java.util.ArrayList.forEach(ArrayList.java:1597)

[ERROR] org.jsoup.integration.FuzzFixesTest.testHtmlParse(File)[13] -- Time elapsed: 0.017 s <<< ERROR!
java.lang.NoSuchMethodError: 'org.jsoup.nodes.Document$OutputSettings org.jsoup.nodes.Document$OutputSettings.charset(java.nio.charset.Charset)'
	at org.jsoup.helper.DataUtil.parseInputStream(DataUtil.java:339)
	at org.jsoup.helper.DataUtil.parseInputStream(DataUtil.java:230)
	at org.jsoup.helper.DataUtil.load(DataUtil.java:120)
	at org.jsoup.helper.DataUtil.load(DataUtil.java:102)
	at org.jsoup.helper.DataUtil.load(DataUtil.java:69)
	at org.jsoup.Jsoup.parse(Jsoup.java:137)
	at org.jsoup.integration.FuzzFixesTest.testHtmlParse(FuzzFixesTest.java:59)
	at java.base/java.lang.reflect.Method.invoke(Method.java:580)
	at java.base/java.util.Optional.ifPresent(Optional.java:178)
	at java.base/java.util.stream.ForEachOps$ForEachOp$OfRef.accept(ForEachOps.java:184)
	at java.base/java.util.stream.ReferencePipeline$3$1.accept(ReferencePipeline.java:215)
	at java.base/java.util.stream.ForEachOps$ForEachOp$OfRef.accept(ForEachOps.java:184)
	at java.base/java.util.stream.ForEachOps$ForEachOp$OfRef.accept(ForEachOps.java:184)
	at java.base/java.util.stream.ReferencePipeline$3$1.accept(ReferencePipeline.java:215)
	at java.base/java.util.Spliterators$ArraySpliterator.forEachRemaining(Spliterators.java:1024)
	at java.base/java.util.stream.ReferencePipeline$Head.forEach(ReferencePipeline.java:807)
	at java.base/java.util.stream.ReferencePipeline$7$1FlatMap.accept(ReferencePipeline.java:294)
	at java.base/java.util.stream.ReferencePipeline$3$1.accept(ReferencePipeline.java:215)
	at java.base/java.util.stream.ReferencePipeline$3$1.accept(ReferencePipeline.java:215)
	at java.base/java.util.stream.ReferencePipeline$3$1.accept(ReferencePipeline.java:215)
	at java.base/java.util.Spliterators$ArraySpliterator.forEachRemaining(Spliterators.java:1024)
	at java.base/java.util.stream.AbstractPipeline.copyInto(AbstractPipeline.java:570)
	at java.base/java.util.stream.AbstractPipeline.wrapAndCopyInto(AbstractPipeline.java:560)
	at java.base/java.util.stream.ForEachOps$ForEachOp.evaluateSequential(ForEachOps.java:151)
	at java.base/java.util.stream.ForEachOps$ForEachOp$OfRef.evaluateSequential(ForEachOps.java:174)
	at java.base/java.util.stream.AbstractPipeline.evaluate(AbstractPipeline.java:265)
	at java.base/java.util.stream.ReferencePipeline.forEach(ReferencePipeline.java:636)
	at java.base/java.util.stream.ReferencePipeline$7$1FlatMap.accept(ReferencePipeline.java:294)
	at java.base/java.util.ArrayList$ArrayListSpliterator.forEachRemaining(ArrayList.java:1709)
	at java.base/java.util.stream.AbstractPipeline.copyInto(AbstractPipeline.java:570)
	at java.base/java.util.stream.AbstractPipeline.wrapAndCopyInto(AbstractPipeline.java:560)
	at java.base/java.util.stream.ForEachOps$ForEachOp.evaluateSequential(ForEachOps.java:151)
	at java.base/java.util.stream.ForEachOps$ForEachOp$OfRef.evaluateSequential(ForEachOps.java:174)
	at java.base/java.util.stream.AbstractPipeline.evaluate(AbstractPipeline.java:265)
	at java.base/java.util.stream.ReferencePipeline.forEach(ReferencePipeline.java:636)
	at java.base/java.util.stream.ReferencePipeline$7$1FlatMap.accept(ReferencePipeline.java:294)
	at java.base/java.util.stream.ReferencePipeline$3$1.accept(ReferencePipeline.java:215)
	at java.base/java.util.stream.ReferencePipeline$3$1.accept(ReferencePipeline.java:215)
	at java.base/java.util.stream.ReferencePipeline$3$1.accept(ReferencePipeline.java:215)
	at java.base/java.util.ArrayList$ArrayListSpliterator.forEachRemaining(ArrayList.java:1709)
	at java.base/java.util.stream.AbstractPipeline.copyInto(AbstractPipeline.java:570)
	at java.base/java.util.stream.AbstractPipeline.wrapAndCopyInto(AbstractPipeline.java:560)
	at java.base/java.util.stream.ForEachOps$ForEachOp.evaluateSequential(ForEachOps.java:151)
	at java.base/java.util.stream.ForEachOps$ForEachOp$OfRef.evaluateSequential(ForEachOps.java:174)
	at java.base/java.util.stream.AbstractPipeline.evaluate(AbstractPipeline.java:265)
	at java.base/java.util.stream.ReferencePipeline.forEach(ReferencePipeline.java:636)
	at java.base/java.util.ArrayList.forEach(ArrayList.java:1597)
	at java.base/java.util.ArrayList.forEach(ArrayList.java:1597)

[ERROR] org.jsoup.integration.FuzzFixesTest.testHtmlParse(File)[14] -- Time elapsed: 0.121 s <<< ERROR!
java.lang.NoSuchMethodError: 'org.jsoup.nodes.Document$OutputSettings org.jsoup.nodes.Document$OutputSettings.charset(java.nio.charset.Charset)'
	at org.jsoup.helper.DataUtil.parseInputStream(DataUtil.java:339)
	at org.jsoup.helper.DataUtil.parseInputStream(DataUtil.java:230)
	at org.jsoup.helper.DataUtil.load(DataUtil.java:120)
	at org.jsoup.helper.DataUtil.load(DataUtil.java:102)
	at org.jsoup.helper.DataUtil.load(DataUtil.java:69)
	at org.jsoup.Jsoup.parse(Jsoup.java:137)
	at org.jsoup.integration.FuzzFixesTest.testHtmlParse(FuzzFixesTest.java:59)
	at java.base/java.lang.reflect.Method.invoke(Method.java:580)
	at java.base/java.util.Optional.ifPresent(Optional.java:178)
	at java.base/java.util.stream.ForEachOps$ForEachOp$OfRef.accept(ForEachOps.java:184)
	at java.base/java.util.stream.ReferencePipeline$3$1.accept(ReferencePipeline.java:215)
	at java.base/java.util.stream.ForEachOps$ForEachOp$OfRef.accept(ForEachOps.java:184)
	at java.base/java.util.stream.ForEachOps$ForEachOp$OfRef.accept(ForEachOps.java:184)
	at java.base/java.util.stream.ReferencePipeline$3$1.accept(ReferencePipeline.java:215)
	at java.base/java.util.Spliterators$ArraySpliterator.forEachRemaining(Spliterators.java:1024)
	at java.base/java.util.stream.ReferencePipeline$Head.forEach(ReferencePipeline.java:807)
	at java.base/java.util.stream.ReferencePipeline$7$1FlatMap.accept(ReferencePipeline.java:294)
	at java.base/java.util.stream.ReferencePipeline$3$1.accept(ReferencePipeline.java:215)
	at java.base/java.util.stream.ReferencePipeline$3$1.accept(ReferencePipeline.java:215)
	at java.base/java.util.stream.ReferencePipeline$3$1.accept(ReferencePipeline.java:215)
	at java.base/java.util.Spliterators$ArraySpliterator.forEachRemaining(Spliterators.java:1024)
	at java.base/java.util.stream.AbstractPipeline.copyInto(AbstractPipeline.java:570)
	at java.base/java.util.stream.AbstractPipeline.wrapAndCopyInto(AbstractPipeline.java:560)
	at java.base/java.util.stream.ForEachOps$ForEachOp.evaluateSequential(ForEachOps.java:151)
	at java.base/java.util.stream.ForEachOps$ForEachOp$OfRef.evaluateSequential(ForEachOps.java:174)
	at java.base/java.util.stream.AbstractPipeline.evaluate(AbstractPipeline.java:265)
	at java.base/java.util.stream.ReferencePipeline.forEach(ReferencePipeline.java:636)
	at java.base/java.util.stream.ReferencePipeline$7$1FlatMap.accept(ReferencePipeline.java:294)
	at java.base/java.util.ArrayList$ArrayListSpliterator.forEachRemaining(ArrayList.java:1709)
	at java.base/java.util.stream.AbstractPipeline.copyInto(AbstractPipeline.java:570)
	at java.base/java.util.stream.AbstractPipeline.wrapAndCopyInto(AbstractPipeline.java:560)
	at java.base/java.util.stream.ForEachOps$ForEachOp.evaluateSequential(ForEachOps.java:151)
	at java.base/java.util.stream.ForEachOps$ForEachOp$OfRef.evaluateSequential(ForEachOps.java:174)
	at java.base/java.util.stream.AbstractPipeline.evaluate(AbstractPipeline.java:265)
	at java.base/java.util.stream.ReferencePipeline.forEach(ReferencePipeline.java:636)
	at java.base/java.util.stream.ReferencePipeline$7$1FlatMap.accept(ReferencePipeline.java:294)
	at java.base/java.util.stream.ReferencePipeline$3$1.accept(ReferencePipeline.java:215)
	at java.base/java.util.stream.ReferencePipeline$3$1.accept(ReferencePipeline.java:215)
	at java.base/java.util.stream.ReferencePipeline$3$1.accept(ReferencePipeline.java:215)
	at java.base/java.util.ArrayList$ArrayListSpliterator.forEachRemaining(ArrayList.java:1709)
	at java.base/java.util.stream.AbstractPipeline.copyInto(AbstractPipeline.java:570)
	at java.base/java.util.stream.AbstractPipeline.wrapAndCopyInto(AbstractPipeline.java:560)
	at java.base/java.util.stream.ForEachOps$ForEachOp.evaluateSequential(ForEachOps.java:151)
	at java.base/java.util.stream.ForEachOps$ForEachOp$OfRef.evaluateSequential(ForEachOps.java:174)
	at java.base/java.util.stream.AbstractPipeline.evaluate(AbstractPipeline.java:265)
	at java.base/java.util.stream.ReferencePipeline.forEach(ReferencePipeline.java:636)
	at java.base/java.util.ArrayList.forEach(ArrayList.java:1597)
	at java.base/java.util.ArrayList.forEach(ArrayList.java:1597)

[ERROR] org.jsoup.integration.FuzzFixesTest.testHtmlParse(File)[15] -- Time elapsed: 0.002 s <<< ERROR!
java.lang.NoSuchMethodError: 'org.jsoup.nodes.Document$OutputSettings org.jsoup.nodes.Document$OutputSettings.charset(java.nio.charset.Charset)'
	at org.jsoup.helper.DataUtil.parseInputStream(DataUtil.java:339)
	at org.jsoup.helper.DataUtil.parseInputStream(DataUtil.java:230)
	at org.jsoup.helper.DataUtil.load(DataUtil.java:120)
	at org.jsoup.helper.DataUtil.load(DataUtil.java:102)
	at org.jsoup.helper.DataUtil.load(DataUtil.java:69)
	at org.jsoup.Jsoup.parse(Jsoup.java:137)
	at org.jsoup.integration.FuzzFixesTest.testHtmlParse(FuzzFixesTest.java:59)
	at java.base/java.lang.reflect.Method.invoke(Method.java:580)
	at java.base/java.util.Optional.ifPresent(Optional.java:178)
	at java.base/java.util.stream.ForEachOps$ForEachOp$OfRef.accept(ForEachOps.java:184)
	at java.base/java.util.stream.ReferencePipeline$3$1.accept(ReferencePipeline.java:215)
	at java.base/java.util.stream.ForEachOps$ForEachOp$OfRef.accept(ForEachOps.java:184)
	at java.base/java.util.stream.ForEachOps$ForEachOp$OfRef.accept(ForEachOps.java:184)
	at java.base/java.util.stream.ReferencePipeline$3$1.accept(ReferencePipeline.java:215)
	at java.base/java.util.Spliterators$ArraySpliterator.forEachRemaining(Spliterators.java:1024)
	at java.base/java.util.stream.ReferencePipeline$Head.forEach(ReferencePipeline.java:807)
	at java.base/java.util.stream.ReferencePipeline$7$1FlatMap.accept(ReferencePipeline.java:294)
	at java.base/java.util.stream.ReferencePipeline$3$1.accept(ReferencePipeline.java:215)
	at java.base/java.util.stream.ReferencePipeline$3$1.accept(ReferencePipeline.java:215)
	at java.base/java.util.stream.ReferencePipeline$3$1.accept(ReferencePipeline.java:215)
	at java.base/java.util.Spliterators$ArraySpliterator.forEachRemaining(Spliterators.java:1024)
	at java.base/java.util.stream.AbstractPipeline.copyInto(AbstractPipeline.java:570)
	at java.base/java.util.stream.AbstractPipeline.wrapAndCopyInto(AbstractPipeline.java:560)
	at java.base/java.util.stream.ForEachOps$ForEachOp.evaluateSequential(ForEachOps.java:151)
	at java.base/java.util.stream.ForEachOps$ForEachOp$OfRef.evaluateSequential(ForEachOps.java:174)
	at java.base/java.util.stream.AbstractPipeline.evaluate(AbstractPipeline.java:265)
	at java.base/java.util.stream.ReferencePipeline.forEach(ReferencePipeline.java:636)
	at java.base/java.util.stream.ReferencePipeline$7$1FlatMap.accept(ReferencePipeline.java:294)
	at java.base/java.util.ArrayList$ArrayListSpliterator.forEachRemaining(ArrayList.java:1709)
	at java.base/java.util.stream.AbstractPipeline.copyInto(AbstractPipeline.java:570)
	at java.base/java.util.stream.AbstractPipeline.wrapAndCopyInto(AbstractPipeline.java:560)
	at java.base/java.util.stream.ForEachOps$ForEachOp.evaluateSequential(ForEachOps.java:151)
	at java.base/java.util.stream.ForEachOps$ForEachOp$OfRef.evaluateSequential(ForEachOps.java:174)
	at java.base/java.util.stream.AbstractPipeline.evaluate(AbstractPipeline.java:265)
	at java.base/java.util.stream.ReferencePipeline.forEach(ReferencePipeline.java:636)
	at java.base/java.util.stream.ReferencePipeline$7$1FlatMap.accept(ReferencePipeline.java:294)
	at java.base/java.util.stream.ReferencePipeline$3$1.accept(ReferencePipeline.java:215)
	at java.base/java.util.stream.ReferencePipeline$3$1.accept(ReferencePipeline.java:215)
	at java.base/java.util.stream.ReferencePipeline$3$1.accept(ReferencePipeline.java:215)
	at java.base/java.util.ArrayList$ArrayListSpliterator.forEachRemaining(ArrayList.java:1709)
	at java.base/java.util.stream.AbstractPipeline.copyInto(AbstractPipeline.java:570)
	at java.base/java.util.stream.AbstractPipeline.wrapAndCopyInto(AbstractPipeline.java:560)
	at java.base/java.util.stream.ForEachOps$ForEachOp.evaluateSequential(ForEachOps.java:151)
	at java.base/java.util.stream.ForEachOps$ForEachOp$OfRef.evaluateSequential(ForEachOps.java:174)
	at java.base/java.util.stream.AbstractPipeline.evaluate(AbstractPipeline.java:265)
	at java.base/java.util.stream.ReferencePipeline.forEach(ReferencePipeline.java:636)
	at java.base/java.util.ArrayList.forEach(ArrayList.java:1597)
	at java.base/java.util.ArrayList.forEach(ArrayList.java:1597)

[ERROR] org.jsoup.integration.FuzzFixesTest.testHtmlParse(File)[16] -- Time elapsed: 0.005 s <<< ERROR!
java.lang.NoSuchMethodError: 'org.jsoup.nodes.Document$OutputSettings org.jsoup.nodes.Document$OutputSettings.charset(java.nio.charset.Charset)'
	at org.jsoup.helper.DataUtil.parseInputStream(DataUtil.java:339)
	at org.jsoup.helper.DataUtil.parseInputStream(DataUtil.java:230)
	at org.jsoup.helper.DataUtil.load(DataUtil.java:120)
	at org.jsoup.helper.DataUtil.load(DataUtil.java:102)
	at org.jsoup.helper.DataUtil.load(DataUtil.java:69)
	at org.jsoup.Jsoup.parse(Jsoup.java:137)
	at org.jsoup.integration.FuzzFixesTest.testHtmlParse(FuzzFixesTest.java:59)
	at java.base/java.lang.reflect.Method.invoke(Method.java:580)
	at java.base/java.util.Optional.ifPresent(Optional.java:178)
	at java.base/java.util.stream.ForEachOps$ForEachOp$OfRef.accept(ForEachOps.java:184)
	at java.base/java.util.stream.ReferencePipeline$3$1.accept(ReferencePipeline.java:215)
	at java.base/java.util.stream.ForEachOps$ForEachOp$OfRef.accept(ForEachOps.java:184)
	at java.base/java.util.stream.ForEachOps$ForEachOp$OfRef.accept(ForEachOps.java:184)
	at java.base/java.util.stream.ReferencePipeline$3$1.accept(ReferencePipeline.java:215)
	at java.base/java.util.Spliterators$ArraySpliterator.forEachRemaining(Spliterators.java:1024)
	at java.base/java.util.stream.ReferencePipeline$Head.forEach(ReferencePipeline.java:807)
	at java.base/java.util.stream.ReferencePipeline$7$1FlatMap.accept(ReferencePipeline.java:294)
	at java.base/java.util.stream.ReferencePipeline$3$1.accept(ReferencePipeline.java:215)
	at java.base/java.util.stream.ReferencePipeline$3$1.accept(ReferencePipeline.java:215)
	at java.base/java.util.stream.ReferencePipeline$3$1.accept(ReferencePipeline.java:215)
	at java.base/java.util.Spliterators$ArraySpliterator.forEachRemaining(Spliterators.java:1024)
	at java.base/java.util.stream.AbstractPipeline.copyInto(AbstractPipeline.java:570)
	at java.base/java.util.stream.AbstractPipeline.wrapAndCopyInto(AbstractPipeline.java:560)
	at java.base/java.util.stream.ForEachOps$ForEachOp.evaluateSequential(ForEachOps.java:151)
	at java.base/java.util.stream.ForEachOps$ForEachOp$OfRef.evaluateSequential(ForEachOps.java:174)
	at java.base/java.util.stream.AbstractPipeline.evaluate(AbstractPipeline.java:265)
	at java.base/java.util.stream.ReferencePipeline.forEach(ReferencePipeline.java:636)
	at java.base/java.util.stream.ReferencePipeline$7$1FlatMap.accept(ReferencePipeline.java:294)
	at java.base/java.util.ArrayList$ArrayListSpliterator.forEachRemaining(ArrayList.java:1709)
	at java.base/java.util.stream.AbstractPipeline.copyInto(AbstractPipeline.java:570)
	at java.base/java.util.stream.AbstractPipeline.wrapAndCopyInto(AbstractPipeline.java:560)
	at java.base/java.util.stream.ForEachOps$ForEachOp.evaluateSequential(ForEachOps.java:151)
	at java.base/java.util.stream.ForEachOps$ForEachOp$OfRef.evaluateSequential(ForEachOps.java:174)
	at java.base/java.util.stream.AbstractPipeline.evaluate(AbstractPipeline.java:265)
	at java.base/java.util.stream.ReferencePipeline.forEach(ReferencePipeline.java:636)
	at java.base/java.util.stream.ReferencePipeline$7$1FlatMap.accept(ReferencePipeline.java:294)
	at java.base/java.util.stream.ReferencePipeline$3$1.accept(ReferencePipeline.java:215)
	at java.base/java.util.stream.ReferencePipeline$3$1.accept(ReferencePipeline.java:215)
	at java.base/java.util.stream.ReferencePipeline$3$1.accept(ReferencePipeline.java:215)
	at java.base/java.util.ArrayList$ArrayListSpliterator.forEachRemaining(ArrayList.java:1709)
	at java.base/java.util.stream.AbstractPipeline.copyInto(AbstractPipeline.java:570)
	at java.base/java.util.stream.AbstractPipeline.wrapAndCopyInto(AbstractPipeline.java:560)
	at java.base/java.util.stream.ForEachOps$ForEachOp.evaluateSequential(ForEachOps.java:151)
	at java.base/java.util.stream.ForEachOps$ForEachOp$OfRef.evaluateSequential(ForEachOps.java:174)
	at java.base/java.util.stream.AbstractPipeline.evaluate(AbstractPipeline.java:265)
	at java.base/java.util.stream.ReferencePipeline.forEach(ReferencePipeline.java:636)
	at java.base/java.util.ArrayList.forEach(ArrayList.java:1597)
	at java.base/java.util.ArrayList.forEach(ArrayList.java:1597)

[ERROR] org.jsoup.integration.FuzzFixesTest.testHtmlParse(File)[17] -- Time elapsed: 0.001 s <<< ERROR!
java.lang.NoSuchMethodError: 'org.jsoup.nodes.Document$OutputSettings org.jsoup.nodes.Document$OutputSettings.charset(java.nio.charset.Charset)'
	at org.jsoup.helper.DataUtil.parseInputStream(DataUtil.java:339)
	at org.jsoup.helper.DataUtil.parseInputStream(DataUtil.java:230)
	at org.jsoup.helper.DataUtil.load(DataUtil.java:120)
	at org.jsoup.helper.DataUtil.load(DataUtil.java:102)
	at org.jsoup.helper.DataUtil.load(DataUtil.java:69)
	at org.jsoup.Jsoup.parse(Jsoup.java:137)
	at org.jsoup.integration.FuzzFixesTest.testHtmlParse(FuzzFixesTest.java:59)
	at java.base/java.lang.reflect.Method.invoke(Method.java:580)
	at java.base/java.util.Optional.ifPresent(Optional.java:178)
	at java.base/java.util.stream.ForEachOps$ForEachOp$OfRef.accept(ForEachOps.java:184)
	at java.base/java.util.stream.ReferencePipeline$3$1.accept(ReferencePipeline.java:215)
	at java.base/java.util.stream.ForEachOps$ForEachOp$OfRef.accept(ForEachOps.java:184)
	at java.base/java.util.stream.ForEachOps$ForEachOp$OfRef.accept(ForEachOps.java:184)
	at java.base/java.util.stream.ReferencePipeline$3$1.accept(ReferencePipeline.java:215)
	at java.base/java.util.Spliterators$ArraySpliterator.forEachRemaining(Spliterators.java:1024)
	at java.base/java.util.stream.ReferencePipeline$Head.forEach(ReferencePipeline.java:807)
	at java.base/java.util.stream.ReferencePipeline$7$1FlatMap.accept(ReferencePipeline.java:294)
	at java.base/java.util.stream.ReferencePipeline$3$1.accept(ReferencePipeline.java:215)
	at java.base/java.util.stream.ReferencePipeline$3$1.accept(ReferencePipeline.java:215)
	at java.base/java.util.stream.ReferencePipeline$3$1.accept(ReferencePipeline.java:215)
	at java.base/java.util.Spliterators$ArraySpliterator.forEachRemaining(Spliterators.java:1024)
	at java.base/java.util.stream.AbstractPipeline.copyInto(AbstractPipeline.java:570)
	at java.base/java.util.stream.AbstractPipeline.wrapAndCopyInto(AbstractPipeline.java:560)
	at java.base/java.util.stream.ForEachOps$ForEachOp.evaluateSequential(ForEachOps.java:151)
	at java.base/java.util.stream.ForEachOps$ForEachOp$OfRef.evaluateSequential(ForEachOps.java:174)
	at java.base/java.util.stream.AbstractPipeline.evaluate(AbstractPipeline.java:265)
	at java.base/java.util.stream.ReferencePipeline.forEach(ReferencePipeline.java:636)
	at java.base/java.util.stream.ReferencePipeline$7$1FlatMap.accept(ReferencePipeline.java:294)
	at java.base/java.util.ArrayList$ArrayListSpliterator.forEachRemaining(ArrayList.java:1709)
	at java.base/java.util.stream.AbstractPipeline.copyInto(AbstractPipeline.java:570)
	at java.base/java.util.stream.AbstractPipeline.wrapAndCopyInto(AbstractPipeline.java:560)
	at java.base/java.util.stream.ForEachOps$ForEachOp.evaluateSequential(ForEachOps.java:151)
	at java.base/java.util.stream.ForEachOps$ForEachOp$OfRef.evaluateSequential(ForEachOps.java:174)
	at java.base/java.util.stream.AbstractPipeline.evaluate(AbstractPipeline.java:265)
	at java.base/java.util.stream.ReferencePipeline.forEach(ReferencePipeline.java:636)
	at java.base/java.util.stream.ReferencePipeline$7$1FlatMap.accept(ReferencePipeline.java:294)
	at java.base/java.util.stream.ReferencePipeline$3$1.accept(ReferencePipeline.java:215)
	at java.base/java.util.stream.ReferencePipeline$3$1.accept(ReferencePipeline.java:215)
	at java.base/java.util.stream.ReferencePipeline$3$1.accept(ReferencePipeline.java:215)
	at java.base/java.util.ArrayList$ArrayListSpliterator.forEachRemaining(ArrayList.java:1709)
	at java.base/java.util.stream.AbstractPipeline.copyInto(AbstractPipeline.java:570)
	at java.base/java.util.stream.AbstractPipeline.wrapAndCopyInto(AbstractPipeline.java:560)
	at java.base/java.util.stream.ForEachOps$ForEachOp.evaluateSequential(ForEachOps.java:151)
	at java.base/java.util.stream.ForEachOps$ForEachOp$OfRef.evaluateSequential(ForEachOps.java:174)
	at java.base/java.util.stream.AbstractPipeline.evaluate(AbstractPipeline.java:265)
	at java.base/java.util.stream.ReferencePipeline.forEach(ReferencePipeline.java:636)
	at java.base/java.util.ArrayList.forEach(ArrayList.java:1597)
	at java.base/java.util.ArrayList.forEach(ArrayList.java:1597)

[ERROR] org.jsoup.integration.FuzzFixesTest.testHtmlParse(File)[18] -- Time elapsed: 0.008 s <<< ERROR!
java.lang.NoSuchMethodError: 'org.jsoup.nodes.Document$OutputSettings org.jsoup.nodes.Document$OutputSettings.charset(java.nio.charset.Charset)'
	at org.jsoup.helper.DataUtil.parseInputStream(DataUtil.java:339)
	at org.jsoup.helper.DataUtil.parseInputStream(DataUtil.java:230)
	at org.jsoup.helper.DataUtil.load(DataUtil.java:120)
	at org.jsoup.helper.DataUtil.load(DataUtil.java:102)
	at org.jsoup.helper.DataUtil.load(DataUtil.java:69)
	at org.jsoup.Jsoup.parse(Jsoup.java:137)
	at org.jsoup.integration.FuzzFixesTest.testHtmlParse(FuzzFixesTest.java:59)
	at java.base/java.lang.reflect.Method.invoke(Method.java:580)
	at java.base/java.util.Optional.ifPresent(Optional.java:178)
	at java.base/java.util.stream.ForEachOps$ForEachOp$OfRef.accept(ForEachOps.java:184)
	at java.base/java.util.stream.ReferencePipeline$3$1.accept(ReferencePipeline.java:215)
	at java.base/java.util.stream.ForEachOps$ForEachOp$OfRef.accept(ForEachOps.java:184)
	at java.base/java.util.stream.ForEachOps$ForEachOp$OfRef.accept(ForEachOps.java:184)
	at java.base/java.util.stream.ReferencePipeline$3$1.accept(ReferencePipeline.java:215)
	at java.base/java.util.Spliterators$ArraySpliterator.forEachRemaining(Spliterators.java:1024)
	at java.base/java.util.stream.ReferencePipeline$Head.forEach(ReferencePipeline.java:807)
	at java.base/java.util.stream.ReferencePipeline$7$1FlatMap.accept(ReferencePipeline.java:294)
	at java.base/java.util.stream.ReferencePipeline$3$1.accept(ReferencePipeline.java:215)
	at java.base/java.util.stream.ReferencePipeline$3$1.accept(ReferencePipeline.java:215)
	at java.base/java.util.stream.ReferencePipeline$3$1.accept(ReferencePipeline.java:215)
	at java.base/java.util.Spliterators$ArraySpliterator.forEachRemaining(Spliterators.java:1024)
	at java.base/java.util.stream.AbstractPipeline.copyInto(AbstractPipeline.java:570)
	at java.base/java.util.stream.AbstractPipeline.wrapAndCopyInto(AbstractPipeline.java:560)
	at java.base/java.util.stream.ForEachOps$ForEachOp.evaluateSequential(ForEachOps.java:151)
	at java.base/java.util.stream.ForEachOps$ForEachOp$OfRef.evaluateSequential(ForEachOps.java:174)
	at java.base/java.util.stream.AbstractPipeline.evaluate(AbstractPipeline.java:265)
	at java.base/java.util.stream.ReferencePipeline.forEach(ReferencePipeline.java:636)
	at java.base/java.util.stream.ReferencePipeline$7$1FlatMap.accept(ReferencePipeline.java:294)
	at java.base/java.util.ArrayList$ArrayListSpliterator.forEachRemaining(ArrayList.java:1709)
	at java.base/java.util.stream.AbstractPipeline.copyInto(AbstractPipeline.java:570)
	at java.base/java.util.stream.AbstractPipeline.wrapAndCopyInto(AbstractPipeline.java:560)
	at java.base/java.util.stream.ForEachOps$ForEachOp.evaluateSequential(ForEachOps.java:151)
	at java.base/java.util.stream.ForEachOps$ForEachOp$OfRef.evaluateSequential(ForEachOps.java:174)
	at java.base/java.util.stream.AbstractPipeline.evaluate(AbstractPipeline.java:265)
	at java.base/java.util.stream.ReferencePipeline.forEach(ReferencePipeline.java:636)
	at java.base/java.util.stream.ReferencePipeline$7$1FlatMap.accept(ReferencePipeline.java:294)
	at java.base/java.util.stream.ReferencePipeline$3$1.accept(ReferencePipeline.java:215)
	at java.base/java.util.stream.ReferencePipeline$3$1.accept(ReferencePipeline.java:215)
	at java.base/java.util.stream.ReferencePipeline$3$1.accept(ReferencePipeline.java:215)
	at java.base/java.util.ArrayList$ArrayListSpliterator.forEachRemaining(ArrayList.java:1709)
	at java.base/java.util.stream.AbstractPipeline.copyInto(AbstractPipeline.java:570)
	at java.base/java.util.stream.AbstractPipeline.wrapAndCopyInto(AbstractPipeline.java:560)
	at java.base/java.util.stream.ForEachOps$ForEachOp.evaluateSequential(ForEachOps.java:151)
	at java.base/java.util.stream.ForEachOps$ForEachOp$OfRef.evaluateSequential(ForEachOps.java:174)
	at java.base/java.util.stream.AbstractPipeline.evaluate(AbstractPipeline.java:265)
	at java.base/java.util.stream.ReferencePipeline.forEach(ReferencePipeline.java:636)
	at java.base/java.util.ArrayList.forEach(ArrayList.java:1597)
	at java.base/java.util.ArrayList.forEach(ArrayList.java:1597)

[ERROR] org.jsoup.integration.FuzzFixesTest.testHtmlParse(File)[19] -- Time elapsed: 0.026 s <<< ERROR!
java.lang.NoSuchMethodError: 'org.jsoup.nodes.Document$OutputSettings org.jsoup.nodes.Document$OutputSettings.charset(java.nio.charset.Charset)'
	at org.jsoup.helper.DataUtil.parseInputStream(DataUtil.java:339)
	at org.jsoup.helper.DataUtil.parseInputStream(DataUtil.java:230)
	at org.jsoup.helper.DataUtil.load(DataUtil.java:120)
	at org.jsoup.helper.DataUtil.load(DataUtil.java:102)
	at org.jsoup.helper.DataUtil.load(DataUtil.java:69)
	at org.jsoup.Jsoup.parse(Jsoup.java:137)
	at org.jsoup.integration.FuzzFixesTest.testHtmlParse(FuzzFixesTest.java:59)
	at java.base/java.lang.reflect.Method.invoke(Method.java:580)
	at java.base/java.util.Optional.ifPresent(Optional.java:178)
	at java.base/java.util.stream.ForEachOps$ForEachOp$OfRef.accept(ForEachOps.java:184)
	at java.base/java.util.stream.ReferencePipeline$3$1.accept(ReferencePipeline.java:215)
	at java.base/java.util.stream.ForEachOps$ForEachOp$OfRef.accept(ForEachOps.java:184)
	at java.base/java.util.stream.ForEachOps$ForEachOp$OfRef.accept(ForEachOps.java:184)
	at java.base/java.util.stream.ReferencePipeline$3$1.accept(ReferencePipeline.java:215)
	at java.base/java.util.Spliterators$ArraySpliterator.forEachRemaining(Spliterators.java:1024)
	at java.base/java.util.stream.ReferencePipeline$Head.forEach(ReferencePipeline.java:807)
	at java.base/java.util.stream.ReferencePipeline$7$1FlatMap.accept(ReferencePipeline.java:294)
	at java.base/java.util.stream.ReferencePipeline$3$1.accept(ReferencePipeline.java:215)
	at java.base/java.util.stream.ReferencePipeline$3$1.accept(ReferencePipeline.java:215)
	at java.base/java.util.stream.ReferencePipeline$3$1.accept(ReferencePipeline.java:215)
	at java.base/java.util.Spliterators$ArraySpliterator.forEachRemaining(Spliterators.java:1024)
	at java.base/java.util.stream.AbstractPipeline.copyInto(AbstractPipeline.java:570)
	at java.base/java.util.stream.AbstractPipeline.wrapAndCopyInto(AbstractPipeline.java:560)
	at java.base/java.util.stream.ForEachOps$ForEachOp.evaluateSequential(ForEachOps.java:151)
	at java.base/java.util.stream.ForEachOps$ForEachOp$OfRef.evaluateSequential(ForEachOps.java:174)
	at java.base/java.util.stream.AbstractPipeline.evaluate(AbstractPipeline.java:265)
	at java.base/java.util.stream.ReferencePipeline.forEach(ReferencePipeline.java:636)
	at java.base/java.util.stream.ReferencePipeline$7$1FlatMap.accept(ReferencePipeline.java:294)
	at java.base/java.util.ArrayList$ArrayListSpliterator.forEachRemaining(ArrayList.java:1709)
	at java.base/java.util.stream.AbstractPipeline.copyInto(AbstractPipeline.java:570)
	at java.base/java.util.stream.AbstractPipeline.wrapAndCopyInto(AbstractPipeline.java:560)
	at java.base/java.util.stream.ForEachOps$ForEachOp.evaluateSequential(ForEachOps.java:151)
	at java.base/java.util.stream.ForEachOps$ForEachOp$OfRef.evaluateSequential(ForEachOps.java:174)
	at java.base/java.util.stream.AbstractPipeline.evaluate(AbstractPipeline.java:265)
	at java.base/java.util.stream.ReferencePipeline.forEach(ReferencePipeline.java:636)
	at java.base/java.util.stream.ReferencePipeline$7$1FlatMap.accept(ReferencePipeline.java:294)
	at java.base/java.util.stream.ReferencePipeline$3$1.accept(ReferencePipeline.java:215)
	at java.base/java.util.stream.ReferencePipeline$3$1.accept(ReferencePipeline.java:215)
	at java.base/java.util.stream.ReferencePipeline$3$1.accept(ReferencePipeline.java:215)
	at java.base/java.util.ArrayList$ArrayListSpliterator.forEachRemaining(ArrayList.java:1709)
	at java.base/java.util.stream.AbstractPipeline.copyInto(AbstractPipeline.java:570)
	at java.base/java.util.stream.AbstractPipeline.wrapAndCopyInto(AbstractPipeline.java:560)
	at java.base/java.util.stream.ForEachOps$ForEachOp.evaluateSequential(ForEachOps.java:151)
	at java.base/java.util.stream.ForEachOps$ForEachOp$OfRef.evaluateSequential(ForEachOps.java:174)
	at java.base/java.util.stream.AbstractPipeline.evaluate(AbstractPipeline.java:265)
	at java.base/java.util.stream.ReferencePipeline.forEach(ReferencePipeline.java:636)
	at java.base/java.util.ArrayList.forEach(ArrayList.java:1597)
	at java.base/java.util.ArrayList.forEach(ArrayList.java:1597)

[ERROR] org.jsoup.integration.FuzzFixesTest.testHtmlParse(File)[20] -- Time elapsed: 0.002 s <<< ERROR!
java.lang.NoSuchMethodError: 'org.jsoup.nodes.Document$OutputSettings org.jsoup.nodes.Document$OutputSettings.charset(java.nio.charset.Charset)'
	at org.jsoup.helper.DataUtil.parseInputStream(DataUtil.java:339)
	at org.jsoup.helper.DataUtil.parseInputStream(DataUtil.java:230)
	at org.jsoup.helper.DataUtil.load(DataUtil.java:120)
	at org.jsoup.helper.DataUtil.load(DataUtil.java:102)
	at org.jsoup.helper.DataUtil.load(DataUtil.java:69)
	at org.jsoup.Jsoup.parse(Jsoup.java:137)
	at org.jsoup.integration.FuzzFixesTest.testHtmlParse(FuzzFixesTest.java:59)
	at java.base/java.lang.reflect.Method.invoke(Method.java:580)
	at java.base/java.util.Optional.ifPresent(Optional.java:178)
	at java.base/java.util.stream.ForEachOps$ForEachOp$OfRef.accept(ForEachOps.java:184)
	at java.base/java.util.stream.ReferencePipeline$3$1.accept(ReferencePipeline.java:215)
	at java.base/java.util.stream.ForEachOps$ForEachOp$OfRef.accept(ForEachOps.java:184)
	at java.base/java.util.stream.ForEachOps$ForEachOp$OfRef.accept(ForEachOps.java:184)
	at java.base/java.util.stream.ReferencePipeline$3$1.accept(ReferencePipeline.java:215)
	at java.base/java.util.Spliterators$ArraySpliterator.forEachRemaining(Spliterators.java:1024)
	at java.base/java.util.stream.ReferencePipeline$Head.forEach(ReferencePipeline.java:807)
	at java.base/java.util.stream.ReferencePipeline$7$1FlatMap.accept(ReferencePipeline.java:294)
	at java.base/java.util.stream.ReferencePipeline$3$1.accept(ReferencePipeline.java:215)
	at java.base/java.util.stream.ReferencePipeline$3$1.accept(ReferencePipeline.java:215)
	at java.base/java.util.stream.ReferencePipeline$3$1.accept(ReferencePipeline.java:215)
	at java.base/java.util.Spliterators$ArraySpliterator.forEachRemaining(Spliterators.java:1024)
	at java.base/java.util.stream.AbstractPipeline.copyInto(AbstractPipeline.java:570)
	at java.base/java.util.stream.AbstractPipeline.wrapAndCopyInto(AbstractPipeline.java:560)
	at java.base/java.util.stream.ForEachOps$ForEachOp.evaluateSequential(ForEachOps.java:151)
	at java.base/java.util.stream.ForEachOps$ForEachOp$OfRef.evaluateSequential(ForEachOps.java:174)
	at java.base/java.util.stream.AbstractPipeline.evaluate(AbstractPipeline.java:265)
	at java.base/java.util.stream.ReferencePipeline.forEach(ReferencePipeline.java:636)
	at java.base/java.util.stream.ReferencePipeline$7$1FlatMap.accept(ReferencePipeline.java:294)
	at java.base/java.util.ArrayList$ArrayListSpliterator.forEachRemaining(ArrayList.java:1709)
	at java.base/java.util.stream.AbstractPipeline.copyInto(AbstractPipeline.java:570)
	at java.base/java.util.stream.AbstractPipeline.wrapAndCopyInto(AbstractPipeline.java:560)
	at java.base/java.util.stream.ForEachOps$ForEachOp.evaluateSequential(ForEachOps.java:151)
	at java.base/java.util.stream.ForEachOps$ForEachOp$OfRef.evaluateSequential(ForEachOps.java:174)
	at java.base/java.util.stream.AbstractPipeline.evaluate(AbstractPipeline.java:265)
	at java.base/java.util.stream.ReferencePipeline.forEach(ReferencePipeline.java:636)
	at java.base/java.util.stream.ReferencePipeline$7$1FlatMap.accept(ReferencePipeline.java:294)
	at java.base/java.util.stream.ReferencePipeline$3$1.accept(ReferencePipeline.java:215)
	at java.base/java.util.stream.ReferencePipeline$3$1.accept(ReferencePipeline.java:215)
	at java.base/java.util.stream.ReferencePipeline$3$1.accept(ReferencePipeline.java:215)
	at java.base/java.util.ArrayList$ArrayListSpliterator.forEachRemaining(ArrayList.java:1709)
	at java.base/java.util.stream.AbstractPipeline.copyInto(AbstractPipeline.java:570)
	at java.base/java.util.stream.AbstractPipeline.wrapAndCopyInto(AbstractPipeline.java:560)
	at java.base/java.util.stream.ForEachOps$ForEachOp.evaluateSequential(ForEachOps.java:151)
	at java.base/java.util.stream.ForEachOps$ForEachOp$OfRef.evaluateSequential(ForEachOps.java:174)
	at java.base/java.util.stream.AbstractPipeline.evaluate(AbstractPipeline.java:265)
	at java.base/java.util.stream.ReferencePipeline.forEach(ReferencePipeline.java:636)
	at java.base/java.util.ArrayList.forEach(ArrayList.java:1597)
	at java.base/java.util.ArrayList.forEach(ArrayList.java:1597)

[ERROR] org.jsoup.integration.FuzzFixesTest.testHtmlParse(File)[21] -- Time elapsed: 0.024 s <<< ERROR!
java.lang.NoSuchMethodError: 'org.jsoup.nodes.Document$OutputSettings org.jsoup.nodes.Document$OutputSettings.charset(java.nio.charset.Charset)'
	at org.jsoup.helper.DataUtil.parseInputStream(DataUtil.java:339)
	at org.jsoup.helper.DataUtil.parseInputStream(DataUtil.java:230)
	at org.jsoup.helper.DataUtil.load(DataUtil.java:120)
	at org.jsoup.helper.DataUtil.load(DataUtil.java:102)
	at org.jsoup.helper.DataUtil.load(DataUtil.java:69)
	at org.jsoup.Jsoup.parse(Jsoup.java:137)
	at org.jsoup.integration.FuzzFixesTest.testHtmlParse(FuzzFixesTest.java:59)
	at java.base/java.lang.reflect.Method.invoke(Method.java:580)
	at java.base/java.util.Optional.ifPresent(Optional.java:178)
	at java.base/java.util.stream.ForEachOps$ForEachOp$OfRef.accept(ForEachOps.java:184)
	at java.base/java.util.stream.ReferencePipeline$3$1.accept(ReferencePipeline.java:215)
	at java.base/java.util.stream.ForEachOps$ForEachOp$OfRef.accept(ForEachOps.java:184)
	at java.base/java.util.stream.ForEachOps$ForEachOp$OfRef.accept(ForEachOps.java:184)
	at java.base/java.util.stream.ReferencePipeline$3$1.accept(ReferencePipeline.java:215)
	at java.base/java.util.Spliterators$ArraySpliterator.forEachRemaining(Spliterators.java:1024)
	at java.base/java.util.stream.ReferencePipeline$Head.forEach(ReferencePipeline.java:807)
	at java.base/java.util.stream.ReferencePipeline$7$1FlatMap.accept(ReferencePipeline.java:294)
	at java.base/java.util.stream.ReferencePipeline$3$1.accept(ReferencePipeline.java:215)
	at java.base/java.util.stream.ReferencePipeline$3$1.accept(ReferencePipeline.java:215)
	at java.base/java.util.stream.ReferencePipeline$3$1.accept(ReferencePipeline.java:215)
	at java.base/java.util.Spliterators$ArraySpliterator.forEachRemaining(Spliterators.java:1024)
	at java.base/java.util.stream.AbstractPipeline.copyInto(AbstractPipeline.java:570)
	at java.base/java.util.stream.AbstractPipeline.wrapAndCopyInto(AbstractPipeline.java:560)
	at java.base/java.util.stream.ForEachOps$ForEachOp.evaluateSequential(ForEachOps.java:151)
	at java.base/java.util.stream.ForEachOps$ForEachOp$OfRef.evaluateSequential(ForEachOps.java:174)
	at java.base/java.util.stream.AbstractPipeline.evaluate(AbstractPipeline.java:265)
	at java.base/java.util.stream.ReferencePipeline.forEach(ReferencePipeline.java:636)
	at java.base/java.util.stream.ReferencePipeline$7$1FlatMap.accept(ReferencePipeline.java:294)
	at java.base/java.util.ArrayList$ArrayListSpliterator.forEachRemaining(ArrayList.java:1709)
	at java.base/java.util.stream.AbstractPipeline.copyInto(AbstractPipeline.java:570)
	at java.base/java.util.stream.AbstractPipeline.wrapAndCopyInto(AbstractPipeline.java:560)
	at java.base/java.util.stream.ForEachOps$ForEachOp.evaluateSequential(ForEachOps.java:151)
	at java.base/java.util.stream.ForEachOps$ForEachOp$OfRef.evaluateSequential(ForEachOps.java:174)
	at java.base/java.util.stream.AbstractPipeline.evaluate(AbstractPipeline.java:265)
	at java.base/java.util.stream.ReferencePipeline.forEach(ReferencePipeline.java:636)
	at java.base/java.util.stream.ReferencePipeline$7$1FlatMap.accept(ReferencePipeline.java:294)
	at java.base/java.util.stream.ReferencePipeline$3$1.accept(ReferencePipeline.java:215)
	at java.base/java.util.stream.ReferencePipeline$3$1.accept(ReferencePipeline.java:215)
	at java.base/java.util.stream.ReferencePipeline$3$1.accept(ReferencePipeline.java:215)
	at java.base/java.util.ArrayList$ArrayListSpliterator.forEachRemaining(ArrayList.java:1709)
	at java.base/java.util.stream.AbstractPipeline.copyInto(AbstractPipeline.java:570)
	at java.base/java.util.stream.AbstractPipeline.wrapAndCopyInto(AbstractPipeline.java:560)
	at java.base/java.util.stream.ForEachOps$ForEachOp.evaluateSequential(ForEachOps.java:151)
	at java.base/java.util.stream.ForEachOps$ForEachOp$OfRef.evaluateSequential(ForEachOps.java:174)
	at java.base/java.util.stream.AbstractPipeline.evaluate(AbstractPipeline.java:265)
	at java.base/java.util.stream.ReferencePipeline.forEach(ReferencePipeline.java:636)
	at java.base/java.util.ArrayList.forEach(ArrayList.java:1597)
	at java.base/java.util.ArrayList.forEach(ArrayList.java:1597)

[ERROR] org.jsoup.integration.FuzzFixesTest.testHtmlParse(File)[22] -- Time elapsed: 0.002 s <<< ERROR!
java.lang.NoSuchMethodError: 'org.jsoup.nodes.Document$OutputSettings org.jsoup.nodes.Document$OutputSettings.charset(java.nio.charset.Charset)'
	at org.jsoup.helper.DataUtil.parseInputStream(DataUtil.java:339)
	at org.jsoup.helper.DataUtil.parseInputStream(DataUtil.java:230)
	at org.jsoup.helper.DataUtil.load(DataUtil.java:120)
	at org.jsoup.helper.DataUtil.load(DataUtil.java:102)
	at org.jsoup.helper.DataUtil.load(DataUtil.java:69)
	at org.jsoup.Jsoup.parse(Jsoup.java:137)
	at org.jsoup.integration.FuzzFixesTest.testHtmlParse(FuzzFixesTest.java:59)
	at java.base/java.lang.reflect.Method.invoke(Method.java:580)
	at java.base/java.util.Optional.ifPresent(Optional.java:178)
	at java.base/java.util.stream.ForEachOps$ForEachOp$OfRef.accept(ForEachOps.java:184)
	at java.base/java.util.stream.ReferencePipeline$3$1.accept(ReferencePipeline.java:215)
	at java.base/java.util.stream.ForEachOps$ForEachOp$OfRef.accept(ForEachOps.java:184)
	at java.base/java.util.stream.ForEachOps$ForEachOp$OfRef.accept(ForEachOps.java:184)
	at java.base/java.util.stream.ReferencePipeline$3$1.accept(ReferencePipeline.java:215)
	at java.base/java.util.Spliterators$ArraySpliterator.forEachRemaining(Spliterators.java:1024)
	at java.base/java.util.stream.ReferencePipeline$Head.forEach(ReferencePipeline.java:807)
	at java.base/java.util.stream.ReferencePipeline$7$1FlatMap.accept(ReferencePipeline.java:294)
	at java.base/java.util.stream.ReferencePipeline$3$1.accept(ReferencePipeline.java:215)
	at java.base/java.util.stream.ReferencePipeline$3$1.accept(ReferencePipeline.java:215)
	at java.base/java.util.stream.ReferencePipeline$3$1.accept(ReferencePipeline.java:215)
	at java.base/java.util.Spliterators$ArraySpliterator.forEachRemaining(Spliterators.java:1024)
	at java.base/java.util.stream.AbstractPipeline.copyInto(AbstractPipeline.java:570)
	at java.base/java.util.stream.AbstractPipeline.wrapAndCopyInto(AbstractPipeline.java:560)
	at java.base/java.util.stream.ForEachOps$ForEachOp.evaluateSequential(ForEachOps.java:151)
	at java.base/java.util.stream.ForEachOps$ForEachOp$OfRef.evaluateSequential(ForEachOps.java:174)
	at java.base/java.util.stream.AbstractPipeline.evaluate(AbstractPipeline.java:265)
	at java.base/java.util.stream.ReferencePipeline.forEach(ReferencePipeline.java:636)
	at java.base/java.util.stream.ReferencePipeline$7$1FlatMap.accept(ReferencePipeline.java:294)
	at java.base/java.util.ArrayList$ArrayListSpliterator.forEachRemaining(ArrayList.java:1709)
	at java.base/java.util.stream.AbstractPipeline.copyInto(AbstractPipeline.java:570)
	at java.base/java.util.stream.AbstractPipeline.wrapAndCopyInto(AbstractPipeline.java:560)
	at java.base/java.util.stream.ForEachOps$ForEachOp.evaluateSequential(ForEachOps.java:151)
	at java.base/java.util.stream.ForEachOps$ForEachOp$OfRef.evaluateSequential(ForEachOps.java:174)
	at java.base/java.util.stream.AbstractPipeline.evaluate(AbstractPipeline.java:265)
	at java.base/java.util.stream.ReferencePipeline.forEach(ReferencePipeline.java:636)
	at java.base/java.util.stream.ReferencePipeline$7$1FlatMap.accept(ReferencePipeline.java:294)
	at java.base/java.util.stream.ReferencePipeline$3$1.accept(ReferencePipeline.java:215)
	at java.base/java.util.stream.ReferencePipeline$3$1.accept(ReferencePipeline.java:215)
	at java.base/java.util.stream.ReferencePipeline$3$1.accept(ReferencePipeline.java:215)
	at java.base/java.util.ArrayList$ArrayListSpliterator.forEachRemaining(ArrayList.java:1709)
	at java.base/java.util.stream.AbstractPipeline.copyInto(AbstractPipeline.java:570)
	at java.base/java.util.stream.AbstractPipeline.wrapAndCopyInto(AbstractPipeline.java:560)
	at java.base/java.util.stream.ForEachOps$ForEachOp.evaluateSequential(ForEachOps.java:151)
	at java.base/java.util.stream.ForEachOps$ForEachOp$OfRef.evaluateSequential(ForEachOps.java:174)
	at java.base/java.util.stream.AbstractPipeline.evaluate(AbstractPipeline.java:265)
	at java.base/java.util.stream.ReferencePipeline.forEach(ReferencePipeline.java:636)
	at java.base/java.util.ArrayList.forEach(ArrayList.java:1597)
	at java.base/java.util.ArrayList.forEach(ArrayList.java:1597)

[ERROR] org.jsoup.integration.FuzzFixesTest.testHtmlParse(File)[23] -- Time elapsed: 0.079 s <<< ERROR!
java.lang.NoSuchMethodError: 'org.jsoup.nodes.Document$OutputSettings org.jsoup.nodes.Document$OutputSettings.charset(java.nio.charset.Charset)'
	at org.jsoup.helper.DataUtil.parseInputStream(DataUtil.java:339)
	at org.jsoup.helper.DataUtil.parseInputStream(DataUtil.java:230)
	at org.jsoup.helper.DataUtil.load(DataUtil.java:120)
	at org.jsoup.helper.DataUtil.load(DataUtil.java:102)
	at org.jsoup.helper.DataUtil.load(DataUtil.java:69)
	at org.jsoup.Jsoup.parse(Jsoup.java:137)
	at org.jsoup.integration.FuzzFixesTest.testHtmlParse(FuzzFixesTest.java:59)
	at java.base/java.lang.reflect.Method.invoke(Method.java:580)
	at java.base/java.util.Optional.ifPresent(Optional.java:178)
	at java.base/java.util.stream.ForEachOps$ForEachOp$OfRef.accept(ForEachOps.java:184)
	at java.base/java.util.stream.ReferencePipeline$3$1.accept(ReferencePipeline.java:215)
	at java.base/java.util.stream.ForEachOps$ForEachOp$OfRef.accept(ForEachOps.java:184)
	at java.base/java.util.stream.ForEachOps$ForEachOp$OfRef.accept(ForEachOps.java:184)
	at java.base/java.util.stream.ReferencePipeline$3$1.accept(ReferencePipeline.java:215)
	at java.base/java.util.Spliterators$ArraySpliterator.forEachRemaining(Spliterators.java:1024)
	at java.base/java.util.stream.ReferencePipeline$Head.forEach(ReferencePipeline.java:807)
	at java.base/java.util.stream.ReferencePipeline$7$1FlatMap.accept(ReferencePipeline.java:294)
	at java.base/java.util.stream.ReferencePipeline$3$1.accept(ReferencePipeline.java:215)
	at java.base/java.util.stream.ReferencePipeline$3$1.accept(ReferencePipeline.java:215)
	at java.base/java.util.stream.ReferencePipeline$3$1.accept(ReferencePipeline.java:215)
	at java.base/java.util.Spliterators$ArraySpliterator.forEachRemaining(Spliterators.java:1024)
	at java.base/java.util.stream.AbstractPipeline.copyInto(AbstractPipeline.java:570)
	at java.base/java.util.stream.AbstractPipeline.wrapAndCopyInto(AbstractPipeline.java:560)
	at java.base/java.util.stream.ForEachOps$ForEachOp.evaluateSequential(ForEachOps.java:151)
	at java.base/java.util.stream.ForEachOps$ForEachOp$OfRef.evaluateSequential(ForEachOps.java:174)
	at java.base/java.util.stream.AbstractPipeline.evaluate(AbstractPipeline.java:265)
	at java.base/java.util.stream.ReferencePipeline.forEach(ReferencePipeline.java:636)
	at java.base/java.util.stream.ReferencePipeline$7$1FlatMap.accept(ReferencePipeline.java:294)
	at java.base/java.util.ArrayList$ArrayListSpliterator.forEachRemaining(ArrayList.java:1709)
	at java.base/java.util.stream.AbstractPipeline.copyInto(AbstractPipeline.java:570)
	at java.base/java.util.stream.AbstractPipeline.wrapAndCopyInto(AbstractPipeline.java:560)
	at java.base/java.util.stream.ForEachOps$ForEachOp.evaluateSequential(ForEachOps.java:151)
	at java.base/java.util.stream.ForEachOps$ForEachOp$OfRef.evaluateSequential(ForEachOps.java:174)
	at java.base/java.util.stream.AbstractPipeline.evaluate(AbstractPipeline.java:265)
	at java.base/java.util.stream.ReferencePipeline.forEach(ReferencePipeline.java:636)
	at java.base/java.util.stream.ReferencePipeline$7$1FlatMap.accept(ReferencePipeline.java:294)
	at java.base/java.util.stream.ReferencePipeline$3$1.accept(ReferencePipeline.java:215)
	at java.base/java.util.stream.ReferencePipeline$3$1.accept(ReferencePipeline.java:215)
	at java.base/java.util.stream.ReferencePipeline$3$1.accept(ReferencePipeline.java:215)
	at java.base/java.util.ArrayList$ArrayListSpliterator.forEachRemaining(ArrayList.java:1709)
	at java.base/java.util.stream.AbstractPipeline.copyInto(AbstractPipeline.java:570)
	at java.base/java.util.stream.AbstractPipeline.wrapAndCopyInto(AbstractPipeline.java:560)
	at java.base/java.util.stream.ForEachOps$ForEachOp.evaluateSequential(ForEachOps.java:151)
	at java.base/java.util.stream.ForEachOps$ForEachOp$OfRef.evaluateSequential(ForEachOps.java:174)
	at java.base/java.util.stream.AbstractPipeline.evaluate(AbstractPipeline.java:265)
	at java.base/java.util.stream.ReferencePipeline.forEach(ReferencePipeline.java:636)
	at java.base/java.util.ArrayList.forEach(ArrayList.java:1597)
	at java.base/java.util.ArrayList.forEach(ArrayList.java:1597)

[ERROR] org.jsoup.integration.FuzzFixesTest.testHtmlParse(File)[24] -- Time elapsed: 0.001 s <<< ERROR!
java.lang.NoSuchMethodError: 'org.jsoup.nodes.Document$OutputSettings org.jsoup.nodes.Document$OutputSettings.charset(java.nio.charset.Charset)'
	at org.jsoup.helper.DataUtil.parseInputStream(DataUtil.java:339)
	at org.jsoup.helper.DataUtil.parseInputStream(DataUtil.java:230)
	at org.jsoup.helper.DataUtil.load(DataUtil.java:120)
	at org.jsoup.helper.DataUtil.load(DataUtil.java:102)
	at org.jsoup.helper.DataUtil.load(DataUtil.java:69)
	at org.jsoup.Jsoup.parse(Jsoup.java:137)
	at org.jsoup.integration.FuzzFixesTest.testHtmlParse(FuzzFixesTest.java:59)
	at java.base/java.lang.reflect.Method.invoke(Method.java:580)
	at java.base/java.util.Optional.ifPresent(Optional.java:178)
	at java.base/java.util.stream.ForEachOps$ForEachOp$OfRef.accept(ForEachOps.java:184)
	at java.base/java.util.stream.ReferencePipeline$3$1.accept(ReferencePipeline.java:215)
	at java.base/java.util.stream.ForEachOps$ForEachOp$OfRef.accept(ForEachOps.java:184)
	at java.base/java.util.stream.ForEachOps$ForEachOp$OfRef.accept(ForEachOps.java:184)
	at java.base/java.util.stream.ReferencePipeline$3$1.accept(ReferencePipeline.java:215)
	at java.base/java.util.Spliterators$ArraySpliterator.forEachRemaining(Spliterators.java:1024)
	at java.base/java.util.stream.ReferencePipeline$Head.forEach(ReferencePipeline.java:807)
	at java.base/java.util.stream.ReferencePipeline$7$1FlatMap.accept(ReferencePipeline.java:294)
	at java.base/java.util.stream.ReferencePipeline$3$1.accept(ReferencePipeline.java:215)
	at java.base/java.util.stream.ReferencePipeline$3$1.accept(ReferencePipeline.java:215)
	at java.base/java.util.stream.ReferencePipeline$3$1.accept(ReferencePipeline.java:215)
	at java.base/java.util.Spliterators$ArraySpliterator.forEachRemaining(Spliterators.java:1024)
	at java.base/java.util.stream.AbstractPipeline.copyInto(AbstractPipeline.java:570)
	at java.base/java.util.stream.AbstractPipeline.wrapAndCopyInto(AbstractPipeline.java:560)
	at java.base/java.util.stream.ForEachOps$ForEachOp.evaluateSequential(ForEachOps.java:151)
	at java.base/java.util.stream.ForEachOps$ForEachOp$OfRef.evaluateSequential(ForEachOps.java:174)
	at java.base/java.util.stream.AbstractPipeline.evaluate(AbstractPipeline.java:265)
	at java.base/java.util.stream.ReferencePipeline.forEach(ReferencePipeline.java:636)
	at java.base/java.util.stream.ReferencePipeline$7$1FlatMap.accept(ReferencePipeline.java:294)
	at java.base/java.util.ArrayList$ArrayListSpliterator.forEachRemaining(ArrayList.java:1709)
	at java.base/java.util.stream.AbstractPipeline.copyInto(AbstractPipeline.java:570)
	at java.base/java.util.stream.AbstractPipeline.wrapAndCopyInto(AbstractPipeline.java:560)
	at java.base/java.util.stream.ForEachOps$ForEachOp.evaluateSequential(ForEachOps.java:151)
	at java.base/java.util.stream.ForEachOps$ForEachOp$OfRef.evaluateSequential(ForEachOps.java:174)
	at java.base/java.util.stream.AbstractPipeline.evaluate(AbstractPipeline.java:265)
	at java.base/java.util.stream.ReferencePipeline.forEach(ReferencePipeline.java:636)
	at java.base/java.util.stream.ReferencePipeline$7$1FlatMap.accept(ReferencePipeline.java:294)
	at java.base/java.util.stream.ReferencePipeline$3$1.accept(ReferencePipeline.java:215)
	at java.base/java.util.stream.ReferencePipeline$3$1.accept(ReferencePipeline.java:215)
	at java.base/java.util.stream.ReferencePipeline$3$1.accept(ReferencePipeline.java:215)
	at java.base/java.util.ArrayList$ArrayListSpliterator.forEachRemaining(ArrayList.java:1709)
	at java.base/java.util.stream.AbstractPipeline.copyInto(AbstractPipeline.java:570)
	at java.base/java.util.stream.AbstractPipeline.wrapAndCopyInto(AbstractPipeline.java:560)
	at java.base/java.util.stream.ForEachOps$ForEachOp.evaluateSequential(ForEachOps.java:151)
	at java.base/java.util.stream.ForEachOps$ForEachOp$OfRef.evaluateSequential(ForEachOps.java:174)
	at java.base/java.util.stream.AbstractPipeline.evaluate(AbstractPipeline.java:265)
	at java.base/java.util.stream.ReferencePipeline.forEach(ReferencePipeline.java:636)
	at java.base/java.util.ArrayList.forEach(ArrayList.java:1597)
	at java.base/java.util.ArrayList.forEach(ArrayList.java:1597)

[ERROR] org.jsoup.integration.FuzzFixesTest.testHtmlParse(File)[25] -- Time elapsed: 0.002 s <<< ERROR!
java.lang.NoSuchMethodError: 'org.jsoup.nodes.Document$OutputSettings org.jsoup.nodes.Document$OutputSettings.charset(java.nio.charset.Charset)'
	at org.jsoup.helper.DataUtil.parseInputStream(DataUtil.java:339)
	at org.jsoup.helper.DataUtil.parseInputStream(DataUtil.java:230)
	at org.jsoup.helper.DataUtil.load(DataUtil.java:120)
	at org.jsoup.helper.DataUtil.load(DataUtil.java:102)
	at org.jsoup.helper.DataUtil.load(DataUtil.java:69)
	at org.jsoup.Jsoup.parse(Jsoup.java:137)
	at org.jsoup.integration.FuzzFixesTest.testHtmlParse(FuzzFixesTest.java:59)
	at java.base/java.lang.reflect.Method.invoke(Method.java:580)
	at java.base/java.util.Optional.ifPresent(Optional.java:178)
	at java.base/java.util.stream.ForEachOps$ForEachOp$OfRef.accept(ForEachOps.java:184)
	at java.base/java.util.stream.ReferencePipeline$3$1.accept(ReferencePipeline.java:215)
	at java.base/java.util.stream.ForEachOps$ForEachOp$OfRef.accept(ForEachOps.java:184)
	at java.base/java.util.stream.ForEachOps$ForEachOp$OfRef.accept(ForEachOps.java:184)
	at java.base/java.util.stream.ReferencePipeline$3$1.accept(ReferencePipeline.java:215)
	at java.base/java.util.Spliterators$ArraySpliterator.forEachRemaining(Spliterators.java:1024)
	at java.base/java.util.stream.ReferencePipeline$Head.forEach(ReferencePipeline.java:807)
	at java.base/java.util.stream.ReferencePipeline$7$1FlatMap.accept(ReferencePipeline.java:294)
	at java.base/java.util.stream.ReferencePipeline$3$1.accept(ReferencePipeline.java:215)
	at java.base/java.util.stream.ReferencePipeline$3$1.accept(ReferencePipeline.java:215)
	at java.base/java.util.stream.ReferencePipeline$3$1.accept(ReferencePipeline.java:215)
	at java.base/java.util.Spliterators$ArraySpliterator.forEachRemaining(Spliterators.java:1024)
	at java.base/java.util.stream.AbstractPipeline.copyInto(AbstractPipeline.java:570)
	at java.base/java.util.stream.AbstractPipeline.wrapAndCopyInto(AbstractPipeline.java:560)
	at java.base/java.util.stream.ForEachOps$ForEachOp.evaluateSequential(ForEachOps.java:151)
	at java.base/java.util.stream.ForEachOps$ForEachOp$OfRef.evaluateSequential(ForEachOps.java:174)
	at java.base/java.util.stream.AbstractPipeline.evaluate(AbstractPipeline.java:265)
	at java.base/java.util.stream.ReferencePipeline.forEach(ReferencePipeline.java:636)
	at java.base/java.util.stream.ReferencePipeline$7$1FlatMap.accept(ReferencePipeline.java:294)
	at java.base/java.util.ArrayList$ArrayListSpliterator.forEachRemaining(ArrayList.java:1709)
	at java.base/java.util.stream.AbstractPipeline.copyInto(AbstractPipeline.java:570)
	at java.base/java.util.stream.AbstractPipeline.wrapAndCopyInto(AbstractPipeline.java:560)
	at java.base/java.util.stream.ForEachOps$ForEachOp.evaluateSequential(ForEachOps.java:151)
	at java.base/java.util.stream.ForEachOps$ForEachOp$OfRef.evaluateSequential(ForEachOps.java:174)
	at java.base/java.util.stream.AbstractPipeline.evaluate(AbstractPipeline.java:265)
	at java.base/java.util.stream.ReferencePipeline.forEach(ReferencePipeline.java:636)
	at java.base/java.util.stream.ReferencePipeline$7$1FlatMap.accept(ReferencePipeline.java:294)
	at java.base/java.util.stream.ReferencePipeline$3$1.accept(ReferencePipeline.java:215)
	at java.base/java.util.stream.ReferencePipeline$3$1.accept(ReferencePipeline.java:215)
	at java.base/java.util.stream.ReferencePipeline$3$1.accept(ReferencePipeline.java:215)
	at java.base/java.util.ArrayList$ArrayListSpliterator.forEachRemaining(ArrayList.java:1709)
	at java.base/java.util.stream.AbstractPipeline.copyInto(AbstractPipeline.java:570)
	at java.base/java.util.stream.AbstractPipeline.wrapAndCopyInto(AbstractPipeline.java:560)
	at java.base/java.util.stream.ForEachOps$ForEachOp.evaluateSequential(ForEachOps.java:151)
	at java.base/java.util.stream.ForEachOps$ForEachOp$OfRef.evaluateSequential(ForEachOps.java:174)
	at java.base/java.util.stream.AbstractPipeline.evaluate(AbstractPipeline.java:265)
	at java.base/java.util.stream.ReferencePipeline.forEach(ReferencePipeline.java:636)
	at java.base/java.util.ArrayList.forEach(ArrayList.java:1597)
	at java.base/java.util.ArrayList.forEach(ArrayList.java:1597)

[ERROR] org.jsoup.integration.FuzzFixesTest.testHtmlParse(File)[26] -- Time elapsed: 0.009 s <<< ERROR!
java.lang.NoSuchMethodError: 'org.jsoup.nodes.Document$OutputSettings org.jsoup.nodes.Document$OutputSettings.charset(java.nio.charset.Charset)'
	at org.jsoup.helper.DataUtil.parseInputStream(DataUtil.java:339)
	at org.jsoup.helper.DataUtil.parseInputStream(DataUtil.java:230)
	at org.jsoup.helper.DataUtil.load(DataUtil.java:120)
	at org.jsoup.helper.DataUtil.load(DataUtil.java:102)
	at org.jsoup.helper.DataUtil.load(DataUtil.java:69)
	at org.jsoup.Jsoup.parse(Jsoup.java:137)
	at org.jsoup.integration.FuzzFixesTest.testHtmlParse(FuzzFixesTest.java:59)
	at java.base/java.lang.reflect.Method.invoke(Method.java:580)
	at java.base/java.util.Optional.ifPresent(Optional.java:178)
	at java.base/java.util.stream.ForEachOps$ForEachOp$OfRef.accept(ForEachOps.java:184)
	at java.base/java.util.stream.ReferencePipeline$3$1.accept(ReferencePipeline.java:215)
	at java.base/java.util.stream.ForEachOps$ForEachOp$OfRef.accept(ForEachOps.java:184)
	at java.base/java.util.stream.ForEachOps$ForEachOp$OfRef.accept(ForEachOps.java:184)
	at java.base/java.util.stream.ReferencePipeline$3$1.accept(ReferencePipeline.java:215)
	at java.base/java.util.Spliterators$ArraySpliterator.forEachRemaining(Spliterators.java:1024)
	at java.base/java.util.stream.ReferencePipeline$Head.forEach(ReferencePipeline.java:807)
	at java.base/java.util.stream.ReferencePipeline$7$1FlatMap.accept(ReferencePipeline.java:294)
	at java.base/java.util.stream.ReferencePipeline$3$1.accept(ReferencePipeline.java:215)
	at java.base/java.util.stream.ReferencePipeline$3$1.accept(ReferencePipeline.java:215)
	at java.base/java.util.stream.ReferencePipeline$3$1.accept(ReferencePipeline.java:215)
	at java.base/java.util.Spliterators$ArraySpliterator.forEachRemaining(Spliterators.java:1024)
	at java.base/java.util.stream.AbstractPipeline.copyInto(AbstractPipeline.java:570)
	at java.base/java.util.stream.AbstractPipeline.wrapAndCopyInto(AbstractPipeline.java:560)
	at java.base/java.util.stream.ForEachOps$ForEachOp.evaluateSequential(ForEachOps.java:151)
	at java.base/java.util.stream.ForEachOps$ForEachOp$OfRef.evaluateSequential(ForEachOps.java:174)
	at java.base/java.util.stream.AbstractPipeline.evaluate(AbstractPipeline.java:265)
	at java.base/java.util.stream.ReferencePipeline.forEach(ReferencePipeline.java:636)
	at java.base/java.util.stream.ReferencePipeline$7$1FlatMap.accept(ReferencePipeline.java:294)
	at java.base/java.util.ArrayList$ArrayListSpliterator.forEachRemaining(ArrayList.java:1709)
	at java.base/java.util.stream.AbstractPipeline.copyInto(AbstractPipeline.java:570)
	at java.base/java.util.stream.AbstractPipeline.wrapAndCopyInto(AbstractPipeline.java:560)
	at java.base/java.util.stream.ForEachOps$ForEachOp.evaluateSequential(ForEachOps.java:151)
	at java.base/java.util.stream.ForEachOps$ForEachOp$OfRef.evaluateSequential(ForEachOps.java:174)
	at java.base/java.util.stream.AbstractPipeline.evaluate(AbstractPipeline.java:265)
	at java.base/java.util.stream.ReferencePipeline.forEach(ReferencePipeline.java:636)
	at java.base/java.util.stream.ReferencePipeline$7$1FlatMap.accept(ReferencePipeline.java:294)
	at java.base/java.util.stream.ReferencePipeline$3$1.accept(ReferencePipeline.java:215)
	at java.base/java.util.stream.ReferencePipeline$3$1.accept(ReferencePipeline.java:215)
	at java.base/java.util.stream.ReferencePipeline$3$1.accept(ReferencePipeline.java:215)
	at java.base/java.util.ArrayList$ArrayListSpliterator.forEachRemaining(ArrayList.java:1709)
	at java.base/java.util.stream.AbstractPipeline.copyInto(AbstractPipeline.java:570)
	at java.base/java.util.stream.AbstractPipeline.wrapAndCopyInto(AbstractPipeline.java:560)
	at java.base/java.util.stream.ForEachOps$ForEachOp.evaluateSequential(ForEachOps.java:151)
	at java.base/java.util.stream.ForEachOps$ForEachOp$OfRef.evaluateSequential(ForEachOps.java:174)
	at java.base/java.util.stream.AbstractPipeline.evaluate(AbstractPipeline.java:265)
	at java.base/java.util.stream.ReferencePipeline.forEach(ReferencePipeline.java:636)
	at java.base/java.util.ArrayList.forEach(ArrayList.java:1597)
	at java.base/java.util.ArrayList.forEach(ArrayList.java:1597)

[ERROR] org.jsoup.integration.FuzzFixesTest.testHtmlParse(File)[27] -- Time elapsed: 0.015 s <<< ERROR!
java.lang.NoSuchMethodError: 'org.jsoup.nodes.Document$OutputSettings org.jsoup.nodes.Document$OutputSettings.charset(java.nio.charset.Charset)'
	at org.jsoup.helper.DataUtil.parseInputStream(DataUtil.java:339)
	at org.jsoup.helper.DataUtil.parseInputStream(DataUtil.java:230)
	at org.jsoup.helper.DataUtil.load(DataUtil.java:120)
	at org.jsoup.helper.DataUtil.load(DataUtil.java:102)
	at org.jsoup.helper.DataUtil.load(DataUtil.java:69)
	at org.jsoup.Jsoup.parse(Jsoup.java:137)
	at org.jsoup.integration.FuzzFixesTest.testHtmlParse(FuzzFixesTest.java:59)
	at java.base/java.lang.reflect.Method.invoke(Method.java:580)
	at java.base/java.util.Optional.ifPresent(Optional.java:178)
	at java.base/java.util.stream.ForEachOps$ForEachOp$OfRef.accept(ForEachOps.java:184)
	at java.base/java.util.stream.ReferencePipeline$3$1.accept(ReferencePipeline.java:215)
	at java.base/java.util.stream.ForEachOps$ForEachOp$OfRef.accept(ForEachOps.java:184)
	at java.base/java.util.stream.ForEachOps$ForEachOp$OfRef.accept(ForEachOps.java:184)
	at java.base/java.util.stream.ReferencePipeline$3$1.accept(ReferencePipeline.java:215)
	at java.base/java.util.Spliterators$ArraySpliterator.forEachRemaining(Spliterators.java:1024)
	at java.base/java.util.stream.ReferencePipeline$Head.forEach(ReferencePipeline.java:807)
	at java.base/java.util.stream.ReferencePipeline$7$1FlatMap.accept(ReferencePipeline.java:294)
	at java.base/java.util.stream.ReferencePipeline$3$1.accept(ReferencePipeline.java:215)
	at java.base/java.util.stream.ReferencePipeline$3$1.accept(ReferencePipeline.java:215)
	at java.base/java.util.stream.ReferencePipeline$3$1.accept(ReferencePipeline.java:215)
	at java.base/java.util.Spliterators$ArraySpliterator.forEachRemaining(Spliterators.java:1024)
	at java.base/java.util.stream.AbstractPipeline.copyInto(AbstractPipeline.java:570)
	at java.base/java.util.stream.AbstractPipeline.wrapAndCopyInto(AbstractPipeline.java:560)
	at java.base/java.util.stream.ForEachOps$ForEachOp.evaluateSequential(ForEachOps.java:151)
	at java.base/java.util.stream.ForEachOps$ForEachOp$OfRef.evaluateSequential(ForEachOps.java:174)
	at java.base/java.util.stream.AbstractPipeline.evaluate(AbstractPipeline.java:265)
	at java.base/java.util.stream.ReferencePipeline.forEach(ReferencePipeline.java:636)
	at java.base/java.util.stream.ReferencePipeline$7$1FlatMap.accept(ReferencePipeline.java:294)
	at java.base/java.util.ArrayList$ArrayListSpliterator.forEachRemaining(ArrayList.java:1709)
	at java.base/java.util.stream.AbstractPipeline.copyInto(AbstractPipeline.java:570)
	at java.base/java.util.stream.AbstractPipeline.wrapAndCopyInto(AbstractPipeline.java:560)
	at java.base/java.util.stream.ForEachOps$ForEachOp.evaluateSequential(ForEachOps.java:151)
	at java.base/java.util.stream.ForEachOps$ForEachOp$OfRef.evaluateSequential(ForEachOps.java:174)
	at java.base/java.util.stream.AbstractPipeline.evaluate(AbstractPipeline.java:265)
	at java.base/java.util.stream.ReferencePipeline.forEach(ReferencePipeline.java:636)
	at java.base/java.util.stream.ReferencePipeline$7$1FlatMap.accept(ReferencePipeline.java:294)
	at java.base/java.util.stream.ReferencePipeline$3$1.accept(ReferencePipeline.java:215)
	at java.base/java.util.stream.ReferencePipeline$3$1.accept(ReferencePipeline.java:215)
	at java.base/java.util.stream.ReferencePipeline$3$1.accept(ReferencePipeline.java:215)
	at java.base/java.util.ArrayList$ArrayListSpliterator.forEachRemaining(ArrayList.java:1709)
	at java.base/java.util.stream.AbstractPipeline.copyInto(AbstractPipeline.java:570)
	at java.base/java.util.stream.AbstractPipeline.wrapAndCopyInto(AbstractPipeline.java:560)
	at java.base/java.util.stream.ForEachOps$ForEachOp.evaluateSequential(ForEachOps.java:151)
	at java.base/java.util.stream.ForEachOps$ForEachOp$OfRef.evaluateSequential(ForEachOps.java:174)
	at java.base/java.util.stream.AbstractPipeline.evaluate(AbstractPipeline.java:265)
	at java.base/java.util.stream.ReferencePipeline.forEach(ReferencePipeline.java:636)
	at java.base/java.util.ArrayList.forEach(ArrayList.java:1597)
	at java.base/java.util.ArrayList.forEach(ArrayList.java:1597)

[ERROR] org.jsoup.integration.FuzzFixesTest.testHtmlParse(File)[28] -- Time elapsed: 0.005 s <<< ERROR!
java.lang.NoSuchMethodError: 'org.jsoup.nodes.Document$OutputSettings org.jsoup.nodes.Document$OutputSettings.charset(java.nio.charset.Charset)'
	at org.jsoup.helper.DataUtil.parseInputStream(DataUtil.java:339)
	at org.jsoup.helper.DataUtil.parseInputStream(DataUtil.java:230)
	at org.jsoup.helper.DataUtil.load(DataUtil.java:120)
	at org.jsoup.helper.DataUtil.load(DataUtil.java:102)
	at org.jsoup.helper.DataUtil.load(DataUtil.java:69)
	at org.jsoup.Jsoup.parse(Jsoup.java:137)
	at org.jsoup.integration.FuzzFixesTest.testHtmlParse(FuzzFixesTest.java:59)
	at java.base/java.lang.reflect.Method.invoke(Method.java:580)
	at java.base/java.util.Optional.ifPresent(Optional.java:178)
	at java.base/java.util.stream.ForEachOps$ForEachOp$OfRef.accept(ForEachOps.java:184)
	at java.base/java.util.stream.ReferencePipeline$3$1.accept(ReferencePipeline.java:215)
	at java.base/java.util.stream.ForEachOps$ForEachOp$OfRef.accept(ForEachOps.java:184)
	at java.base/java.util.stream.ForEachOps$ForEachOp$OfRef.accept(ForEachOps.java:184)
	at java.base/java.util.stream.ReferencePipeline$3$1.accept(ReferencePipeline.java:215)
	at java.base/java.util.Spliterators$ArraySpliterator.forEachRemaining(Spliterators.java:1024)
	at java.base/java.util.stream.ReferencePipeline$Head.forEach(ReferencePipeline.java:807)
	at java.base/java.util.stream.ReferencePipeline$7$1FlatMap.accept(ReferencePipeline.java:294)
	at java.base/java.util.stream.ReferencePipeline$3$1.accept(ReferencePipeline.java:215)
	at java.base/java.util.stream.ReferencePipeline$3$1.accept(ReferencePipeline.java:215)
	at java.base/java.util.stream.ReferencePipeline$3$1.accept(ReferencePipeline.java:215)
	at java.base/java.util.Spliterators$ArraySpliterator.forEachRemaining(Spliterators.java:1024)
	at java.base/java.util.stream.AbstractPipeline.copyInto(AbstractPipeline.java:570)
	at java.base/java.util.stream.AbstractPipeline.wrapAndCopyInto(AbstractPipeline.java:560)
	at java.base/java.util.stream.ForEachOps$ForEachOp.evaluateSequential(ForEachOps.java:151)
	at java.base/java.util.stream.ForEachOps$ForEachOp$OfRef.evaluateSequential(ForEachOps.java:174)
	at java.base/java.util.stream.AbstractPipeline.evaluate(AbstractPipeline.java:265)
	at java.base/java.util.stream.ReferencePipeline.forEach(ReferencePipeline.java:636)
	at java.base/java.util.stream.ReferencePipeline$7$1FlatMap.accept(ReferencePipeline.java:294)
	at java.base/java.util.ArrayList$ArrayListSpliterator.forEachRemaining(ArrayList.java:1709)
	at java.base/java.util.stream.AbstractPipeline.copyInto(AbstractPipeline.java:570)
	at java.base/java.util.stream.AbstractPipeline.wrapAndCopyInto(AbstractPipeline.java:560)
	at java.base/java.util.stream.ForEachOps$ForEachOp.evaluateSequential(ForEachOps.java:151)
	at java.base/java.util.stream.ForEachOps$ForEachOp$OfRef.evaluateSequential(ForEachOps.java:174)
	at java.base/java.util.stream.AbstractPipeline.evaluate(AbstractPipeline.java:265)
	at java.base/java.util.stream.ReferencePipeline.forEach(ReferencePipeline.java:636)
	at java.base/java.util.stream.ReferencePipeline$7$1FlatMap.accept(ReferencePipeline.java:294)
	at java.base/java.util.stream.ReferencePipeline$3$1.accept(ReferencePipeline.java:215)
	at java.base/java.util.stream.ReferencePipeline$3$1.accept(ReferencePipeline.java:215)
	at java.base/java.util.stream.ReferencePipeline$3$1.accept(ReferencePipeline.java:215)
	at java.base/java.util.ArrayList$ArrayListSpliterator.forEachRemaining(ArrayList.java:1709)
	at java.base/java.util.stream.AbstractPipeline.copyInto(AbstractPipeline.java:570)
	at java.base/java.util.stream.AbstractPipeline.wrapAndCopyInto(AbstractPipeline.java:560)
	at java.base/java.util.stream.ForEachOps$ForEachOp.evaluateSequential(ForEachOps.java:151)
	at java.base/java.util.stream.ForEachOps$ForEachOp$OfRef.evaluateSequential(ForEachOps.java:174)
	at java.base/java.util.stream.AbstractPipeline.evaluate(AbstractPipeline.java:265)
	at java.base/java.util.stream.ReferencePipeline.forEach(ReferencePipeline.java:636)
	at java.base/java.util.ArrayList.forEach(ArrayList.java:1597)
	at java.base/java.util.ArrayList.forEach(ArrayList.java:1597)

[ERROR] org.jsoup.integration.FuzzFixesTest.testHtmlParse(File)[29] -- Time elapsed: 0.003 s <<< ERROR!
java.lang.NoSuchMethodError: 'org.jsoup.nodes.Document$OutputSettings org.jsoup.nodes.Document$OutputSettings.charset(java.nio.charset.Charset)'
	at org.jsoup.helper.DataUtil.parseInputStream(DataUtil.java:339)
	at org.jsoup.helper.DataUtil.parseInputStream(DataUtil.java:230)
	at org.jsoup.helper.DataUtil.load(DataUtil.java:120)
	at org.jsoup.helper.DataUtil.load(DataUtil.java:102)
	at org.jsoup.helper.DataUtil.load(DataUtil.java:69)
	at org.jsoup.Jsoup.parse(Jsoup.java:137)
	at org.jsoup.integration.FuzzFixesTest.testHtmlParse(FuzzFixesTest.java:59)
	at java.base/java.lang.reflect.Method.invoke(Method.java:580)
	at java.base/java.util.Optional.ifPresent(Optional.java:178)
	at java.base/java.util.stream.ForEachOps$ForEachOp$OfRef.accept(ForEachOps.java:184)
	at java.base/java.util.stream.ReferencePipeline$3$1.accept(ReferencePipeline.java:215)
	at java.base/java.util.stream.ForEachOps$ForEachOp$OfRef.accept(ForEachOps.java:184)
	at java.base/java.util.stream.ForEachOps$ForEachOp$OfRef.accept(ForEachOps.java:184)
	at java.base/java.util.stream.ReferencePipeline$3$1.accept(ReferencePipeline.java:215)
	at java.base/java.util.Spliterators$ArraySpliterator.forEachRemaining(Spliterators.java:1024)
	at java.base/java.util.stream.ReferencePipeline$Head.forEach(ReferencePipeline.java:807)
	at java.base/java.util.stream.ReferencePipeline$7$1FlatMap.accept(ReferencePipeline.java:294)
	at java.base/java.util.stream.ReferencePipeline$3$1.accept(ReferencePipeline.java:215)
	at java.base/java.util.stream.ReferencePipeline$3$1.accept(ReferencePipeline.java:215)
	at java.base/java.util.stream.ReferencePipeline$3$1.accept(ReferencePipeline.java:215)
	at java.base/java.util.Spliterators$ArraySpliterator.forEachRemaining(Spliterators.java:1024)
	at java.base/java.util.stream.AbstractPipeline.copyInto(AbstractPipeline.java:570)
	at java.base/java.util.stream.AbstractPipeline.wrapAndCopyInto(AbstractPipeline.java:560)
	at java.base/java.util.stream.ForEachOps$ForEachOp.evaluateSequential(ForEachOps.java:151)
	at java.base/java.util.stream.ForEachOps$ForEachOp$OfRef.evaluateSequential(ForEachOps.java:174)
	at java.base/java.util.stream.AbstractPipeline.evaluate(AbstractPipeline.java:265)
	at java.base/java.util.stream.ReferencePipeline.forEach(ReferencePipeline.java:636)
	at java.base/java.util.stream.ReferencePipeline$7$1FlatMap.accept(ReferencePipeline.java:294)
	at java.base/java.util.ArrayList$ArrayListSpliterator.forEachRemaining(ArrayList.java:1709)
	at java.base/java.util.stream.AbstractPipeline.copyInto(AbstractPipeline.java:570)
	at java.base/java.util.stream.AbstractPipeline.wrapAndCopyInto(AbstractPipeline.java:560)
	at java.base/java.util.stream.ForEachOps$ForEachOp.evaluateSequential(ForEachOps.java:151)
	at java.base/java.util.stream.ForEachOps$ForEachOp$OfRef.evaluateSequential(ForEachOps.java:174)
	at java.base/java.util.stream.AbstractPipeline.evaluate(AbstractPipeline.java:265)
	at java.base/java.util.stream.ReferencePipeline.forEach(ReferencePipeline.java:636)
	at java.base/java.util.stream.ReferencePipeline$7$1FlatMap.accept(ReferencePipeline.java:294)
	at java.base/java.util.stream.ReferencePipeline$3$1.accept(ReferencePipeline.java:215)
	at java.base/java.util.stream.ReferencePipeline$3$1.accept(ReferencePipeline.java:215)
	at java.base/java.util.stream.ReferencePipeline$3$1.accept(ReferencePipeline.java:215)
	at java.base/java.util.ArrayList$ArrayListSpliterator.forEachRemaining(ArrayList.java:1709)
	at java.base/java.util.stream.AbstractPipeline.copyInto(AbstractPipeline.java:570)
	at java.base/java.util.stream.AbstractPipeline.wrapAndCopyInto(AbstractPipeline.java:560)
	at java.base/java.util.stream.ForEachOps$ForEachOp.evaluateSequential(ForEachOps.java:151)
	at java.base/java.util.stream.ForEachOps$ForEachOp$OfRef.evaluateSequential(ForEachOps.java:174)
	at java.base/java.util.stream.AbstractPipeline.evaluate(AbstractPipeline.java:265)
	at java.base/java.util.stream.ReferencePipeline.forEach(ReferencePipeline.java:636)
	at java.base/java.util.ArrayList.forEach(ArrayList.java:1597)
	at java.base/java.util.ArrayList.forEach(ArrayList.java:1597)

[ERROR] org.jsoup.integration.FuzzFixesTest.testHtmlParse(File)[30] -- Time elapsed: 0.008 s <<< ERROR!
java.lang.NoSuchMethodError: 'org.jsoup.nodes.Document$OutputSettings org.jsoup.nodes.Document$OutputSettings.charset(java.nio.charset.Charset)'
	at org.jsoup.helper.DataUtil.parseInputStream(DataUtil.java:339)
	at org.jsoup.helper.DataUtil.parseInputStream(DataUtil.java:230)
	at org.jsoup.helper.DataUtil.load(DataUtil.java:120)
	at org.jsoup.helper.DataUtil.load(DataUtil.java:102)
	at org.jsoup.helper.DataUtil.load(DataUtil.java:69)
	at org.jsoup.Jsoup.parse(Jsoup.java:137)
	at org.jsoup.integration.FuzzFixesTest.testHtmlParse(FuzzFixesTest.java:59)
	at java.base/java.lang.reflect.Method.invoke(Method.java:580)
	at java.base/java.util.Optional.ifPresent(Optional.java:178)
	at java.base/java.util.stream.ForEachOps$ForEachOp$OfRef.accept(ForEachOps.java:184)
	at java.base/java.util.stream.ReferencePipeline$3$1.accept(ReferencePipeline.java:215)
	at java.base/java.util.stream.ForEachOps$ForEachOp$OfRef.accept(ForEachOps.java:184)
	at java.base/java.util.stream.ForEachOps$ForEachOp$OfRef.accept(ForEachOps.java:184)
	at java.base/java.util.stream.ReferencePipeline$3$1.accept(ReferencePipeline.java:215)
	at java.base/java.util.Spliterators$ArraySpliterator.forEachRemaining(Spliterators.java:1024)
	at java.base/java.util.stream.ReferencePipeline$Head.forEach(ReferencePipeline.java:807)
	at java.base/java.util.stream.ReferencePipeline$7$1FlatMap.accept(ReferencePipeline.java:294)
	at java.base/java.util.stream.ReferencePipeline$3$1.accept(ReferencePipeline.java:215)
	at java.base/java.util.stream.ReferencePipeline$3$1.accept(ReferencePipeline.java:215)
	at java.base/java.util.stream.ReferencePipeline$3$1.accept(ReferencePipeline.java:215)
	at java.base/java.util.Spliterators$ArraySpliterator.forEachRemaining(Spliterators.java:1024)
	at java.base/java.util.stream.AbstractPipeline.copyInto(AbstractPipeline.java:570)
	at java.base/java.util.stream.AbstractPipeline.wrapAndCopyInto(AbstractPipeline.java:560)
	at java.base/java.util.stream.ForEachOps$ForEachOp.evaluateSequential(ForEachOps.java:151)
	at java.base/java.util.stream.ForEachOps$ForEachOp$OfRef.evaluateSequential(ForEachOps.java:174)
	at java.base/java.util.stream.AbstractPipeline.evaluate(AbstractPipeline.java:265)
	at java.base/java.util.stream.ReferencePipeline.forEach(ReferencePipeline.java:636)
	at java.base/java.util.stream.ReferencePipeline$7$1FlatMap.accept(ReferencePipeline.java:294)
	at java.base/java.util.ArrayList$ArrayListSpliterator.forEachRemaining(ArrayList.java:1709)
	at java.base/java.util.stream.AbstractPipeline.copyInto(AbstractPipeline.java:570)
	at java.base/java.util.stream.AbstractPipeline.wrapAndCopyInto(AbstractPipeline.java:560)
	at java.base/java.util.stream.ForEachOps$ForEachOp.evaluateSequential(ForEachOps.java:151)
	at java.base/java.util.stream.ForEachOps$ForEachOp$OfRef.evaluateSequential(ForEachOps.java:174)
	at java.base/java.util.stream.AbstractPipeline.evaluate(AbstractPipeline.java:265)
	at java.base/java.util.stream.ReferencePipeline.forEach(ReferencePipeline.java:636)
	at java.base/java.util.stream.ReferencePipeline$7$1FlatMap.accept(ReferencePipeline.java:294)
	at java.base/java.util.stream.ReferencePipeline$3$1.accept(ReferencePipeline.java:215)
	at java.base/java.util.stream.ReferencePipeline$3$1.accept(ReferencePipeline.java:215)
	at java.base/java.util.stream.ReferencePipeline$3$1.accept(ReferencePipeline.java:215)
	at java.base/java.util.ArrayList$ArrayListSpliterator.forEachRemaining(ArrayList.java:1709)
	at java.base/java.util.stream.AbstractPipeline.copyInto(AbstractPipeline.java:570)
	at java.base/java.util.stream.AbstractPipeline.wrapAndCopyInto(AbstractPipeline.java:560)
	at java.base/java.util.stream.ForEachOps$ForEachOp.evaluateSequential(ForEachOps.java:151)
	at java.base/java.util.stream.ForEachOps$ForEachOp$OfRef.evaluateSequential(ForEachOps.java:174)
	at java.base/java.util.stream.AbstractPipeline.evaluate(AbstractPipeline.java:265)
	at java.base/java.util.stream.ReferencePipeline.forEach(ReferencePipeline.java:636)
	at java.base/java.util.ArrayList.forEach(ArrayList.java:1597)
	at java.base/java.util.ArrayList.forEach(ArrayList.java:1597)

[ERROR] org.jsoup.integration.FuzzFixesTest.testHtmlParse(File)[31] -- Time elapsed: 0.003 s <<< ERROR!
java.lang.NoSuchMethodError: 'org.jsoup.nodes.Document$OutputSettings org.jsoup.nodes.Document$OutputSettings.charset(java.nio.charset.Charset)'
	at org.jsoup.helper.DataUtil.parseInputStream(DataUtil.java:339)
	at org.jsoup.helper.DataUtil.parseInputStream(DataUtil.java:230)
	at org.jsoup.helper.DataUtil.load(DataUtil.java:120)
	at org.jsoup.helper.DataUtil.load(DataUtil.java:102)
	at org.jsoup.helper.DataUtil.load(DataUtil.java:69)
	at org.jsoup.Jsoup.parse(Jsoup.java:137)
	at org.jsoup.integration.FuzzFixesTest.testHtmlParse(FuzzFixesTest.java:59)
	at java.base/java.lang.reflect.Method.invoke(Method.java:580)
	at java.base/java.util.Optional.ifPresent(Optional.java:178)
	at java.base/java.util.stream.ForEachOps$ForEachOp$OfRef.accept(ForEachOps.java:184)
	at java.base/java.util.stream.ReferencePipeline$3$1.accept(ReferencePipeline.java:215)
	at java.base/java.util.stream.ForEachOps$ForEachOp$OfRef.accept(ForEachOps.java:184)
	at java.base/java.util.stream.ForEachOps$ForEachOp$OfRef.accept(ForEachOps.java:184)
	at java.base/java.util.stream.ReferencePipeline$3$1.accept(ReferencePipeline.java:215)
	at java.base/java.util.Spliterators$ArraySpliterator.forEachRemaining(Spliterators.java:1024)
	at java.base/java.util.stream.ReferencePipeline$Head.forEach(ReferencePipeline.java:807)
	at java.base/java.util.stream.ReferencePipeline$7$1FlatMap.accept(ReferencePipeline.java:294)
	at java.base/java.util.stream.ReferencePipeline$3$1.accept(ReferencePipeline.java:215)
	at java.base/java.util.stream.ReferencePipeline$3$1.accept(ReferencePipeline.java:215)
	at java.base/java.util.stream.ReferencePipeline$3$1.accept(ReferencePipeline.java:215)
	at java.base/java.util.Spliterators$ArraySpliterator.forEachRemaining(Spliterators.java:1024)
	at java.base/java.util.stream.AbstractPipeline.copyInto(AbstractPipeline.java:570)
	at java.base/java.util.stream.AbstractPipeline.wrapAndCopyInto(AbstractPipeline.java:560)
	at java.base/java.util.stream.ForEachOps$ForEachOp.evaluateSequential(ForEachOps.java:151)
	at java.base/java.util.stream.ForEachOps$ForEachOp$OfRef.evaluateSequential(ForEachOps.java:174)
	at java.base/java.util.stream.AbstractPipeline.evaluate(AbstractPipeline.java:265)
	at java.base/java.util.stream.ReferencePipeline.forEach(ReferencePipeline.java:636)
	at java.base/java.util.stream.ReferencePipeline$7$1FlatMap.accept(ReferencePipeline.java:294)
	at java.base/java.util.ArrayList$ArrayListSpliterator.forEachRemaining(ArrayList.java:1709)
	at java.base/java.util.stream.AbstractPipeline.copyInto(AbstractPipeline.java:570)
	at java.base/java.util.stream.AbstractPipeline.wrapAndCopyInto(AbstractPipeline.java:560)
	at java.base/java.util.stream.ForEachOps$ForEachOp.evaluateSequential(ForEachOps.java:151)
	at java.base/java.util.stream.ForEachOps$ForEachOp$OfRef.evaluateSequential(ForEachOps.java:174)
	at java.base/java.util.stream.AbstractPipeline.evaluate(AbstractPipeline.java:265)
	at java.base/java.util.stream.ReferencePipeline.forEach(ReferencePipeline.java:636)
	at java.base/java.util.stream.ReferencePipeline$7$1FlatMap.accept(ReferencePipeline.java:294)
	at java.base/java.util.stream.ReferencePipeline$3$1.accept(ReferencePipeline.java:215)
	at java.base/java.util.stream.ReferencePipeline$3$1.accept(ReferencePipeline.java:215)
	at java.base/java.util.stream.ReferencePipeline$3$1.accept(ReferencePipeline.java:215)
	at java.base/java.util.ArrayList$ArrayListSpliterator.forEachRemaining(ArrayList.java:1709)
	at java.base/java.util.stream.AbstractPipeline.copyInto(AbstractPipeline.java:570)
	at java.base/java.util.stream.AbstractPipeline.wrapAndCopyInto(AbstractPipeline.java:560)
	at java.base/java.util.stream.ForEachOps$ForEachOp.evaluateSequential(ForEachOps.java:151)
	at java.base/java.util.stream.ForEachOps$ForEachOp$OfRef.evaluateSequential(ForEachOps.java:174)
	at java.base/java.util.stream.AbstractPipeline.evaluate(AbstractPipeline.java:265)
	at java.base/java.util.stream.ReferencePipeline.forEach(ReferencePipeline.java:636)
	at java.base/java.util.ArrayList.forEach(ArrayList.java:1597)
	at java.base/java.util.ArrayList.forEach(ArrayList.java:1597)

[ERROR] org.jsoup.integration.FuzzFixesTest.testHtmlParse(File)[32] -- Time elapsed: 0.009 s <<< ERROR!
java.lang.NoSuchMethodError: 'org.jsoup.nodes.Document$OutputSettings org.jsoup.nodes.Document$OutputSettings.charset(java.nio.charset.Charset)'
	at org.jsoup.helper.DataUtil.parseInputStream(DataUtil.java:339)
	at org.jsoup.helper.DataUtil.parseInputStream(DataUtil.java:230)
	at org.jsoup.helper.DataUtil.load(DataUtil.java:120)
	at org.jsoup.helper.DataUtil.load(DataUtil.java:102)
	at org.jsoup.helper.DataUtil.load(DataUtil.java:69)
	at org.jsoup.Jsoup.parse(Jsoup.java:137)
	at org.jsoup.integration.FuzzFixesTest.testHtmlParse(FuzzFixesTest.java:59)
	at java.base/java.lang.reflect.Method.invoke(Method.java:580)
	at java.base/java.util.Optional.ifPresent(Optional.java:178)
	at java.base/java.util.stream.ForEachOps$ForEachOp$OfRef.accept(ForEachOps.java:184)
	at java.base/java.util.stream.ReferencePipeline$3$1.accept(ReferencePipeline.java:215)
	at java.base/java.util.stream.ForEachOps$ForEachOp$OfRef.accept(ForEachOps.java:184)
	at java.base/java.util.stream.ForEachOps$ForEachOp$OfRef.accept(ForEachOps.java:184)
	at java.base/java.util.stream.ReferencePipeline$3$1.accept(ReferencePipeline.java:215)
	at java.base/java.util.Spliterators$ArraySpliterator.forEachRemaining(Spliterators.java:1024)
	at java.base/java.util.stream.ReferencePipeline$Head.forEach(ReferencePipeline.java:807)
	at java.base/java.util.stream.ReferencePipeline$7$1FlatMap.accept(ReferencePipeline.java:294)
	at java.base/java.util.stream.ReferencePipeline$3$1.accept(ReferencePipeline.java:215)
	at java.base/java.util.stream.ReferencePipeline$3$1.accept(ReferencePipeline.java:215)
	at java.base/java.util.stream.ReferencePipeline$3$1.accept(ReferencePipeline.java:215)
	at java.base/java.util.Spliterators$ArraySpliterator.forEachRemaining(Spliterators.java:1024)
	at java.base/java.util.stream.AbstractPipeline.copyInto(AbstractPipeline.java:570)
	at java.base/java.util.stream.AbstractPipeline.wrapAndCopyInto(AbstractPipeline.java:560)
	at java.base/java.util.stream.ForEachOps$ForEachOp.evaluateSequential(ForEachOps.java:151)
	at java.base/java.util.stream.ForEachOps$ForEachOp$OfRef.evaluateSequential(ForEachOps.java:174)
	at java.base/java.util.stream.AbstractPipeline.evaluate(AbstractPipeline.java:265)
	at java.base/java.util.stream.ReferencePipeline.forEach(ReferencePipeline.java:636)
	at java.base/java.util.stream.ReferencePipeline$7$1FlatMap.accept(ReferencePipeline.java:294)
	at java.base/java.util.ArrayList$ArrayListSpliterator.forEachRemaining(ArrayList.java:1709)
	at java.base/java.util.stream.AbstractPipeline.copyInto(AbstractPipeline.java:570)
	at java.base/java.util.stream.AbstractPipeline.wrapAndCopyInto(AbstractPipeline.java:560)
	at java.base/java.util.stream.ForEachOps$ForEachOp.evaluateSequential(ForEachOps.java:151)
	at java.base/java.util.stream.ForEachOps$ForEachOp$OfRef.evaluateSequential(ForEachOps.java:174)
	at java.base/java.util.stream.AbstractPipeline.evaluate(AbstractPipeline.java:265)
	at java.base/java.util.stream.ReferencePipeline.forEach(ReferencePipeline.java:636)
	at java.base/java.util.stream.ReferencePipeline$7$1FlatMap.accept(ReferencePipeline.java:294)
	at java.base/java.util.stream.ReferencePipeline$3$1.accept(ReferencePipeline.java:215)
	at java.base/java.util.stream.ReferencePipeline$3$1.accept(ReferencePipeline.java:215)
	at java.base/java.util.stream.ReferencePipeline$3$1.accept(ReferencePipeline.java:215)
	at java.base/java.util.ArrayList$ArrayListSpliterator.forEachRemaining(ArrayList.java:1709)
	at java.base/java.util.stream.AbstractPipeline.copyInto(AbstractPipeline.java:570)
	at java.base/java.util.stream.AbstractPipeline.wrapAndCopyInto(AbstractPipeline.java:560)
	at java.base/java.util.stream.ForEachOps$ForEachOp.evaluateSequential(ForEachOps.java:151)
	at java.base/java.util.stream.ForEachOps$ForEachOp$OfRef.evaluateSequential(ForEachOps.java:174)
	at java.base/java.util.stream.AbstractPipeline.evaluate(AbstractPipeline.java:265)
	at java.base/java.util.stream.ReferencePipeline.forEach(ReferencePipeline.java:636)
	at java.base/java.util.ArrayList.forEach(ArrayList.java:1597)
	at java.base/java.util.ArrayList.forEach(ArrayList.java:1597)

[ERROR] org.jsoup.integration.FuzzFixesTest.testHtmlParse(File)[33] -- Time elapsed: 0.050 s <<< ERROR!
java.lang.NoSuchMethodError: 'org.jsoup.nodes.Document$OutputSettings org.jsoup.nodes.Document$OutputSettings.charset(java.nio.charset.Charset)'
	at org.jsoup.helper.DataUtil.parseInputStream(DataUtil.java:339)
	at org.jsoup.helper.DataUtil.parseInputStream(DataUtil.java:230)
	at org.jsoup.helper.DataUtil.load(DataUtil.java:120)
	at org.jsoup.helper.DataUtil.load(DataUtil.java:102)
	at org.jsoup.helper.DataUtil.load(DataUtil.java:69)
	at org.jsoup.Jsoup.parse(Jsoup.java:137)
	at org.jsoup.integration.FuzzFixesTest.testHtmlParse(FuzzFixesTest.java:59)
	at java.base/java.lang.reflect.Method.invoke(Method.java:580)
	at java.base/java.util.Optional.ifPresent(Optional.java:178)
	at java.base/java.util.stream.ForEachOps$ForEachOp$OfRef.accept(ForEachOps.java:184)
	at java.base/java.util.stream.ReferencePipeline$3$1.accept(ReferencePipeline.java:215)
	at java.base/java.util.stream.ForEachOps$ForEachOp$OfRef.accept(ForEachOps.java:184)
	at java.base/java.util.stream.ForEachOps$ForEachOp$OfRef.accept(ForEachOps.java:184)
	at java.base/java.util.stream.ReferencePipeline$3$1.accept(ReferencePipeline.java:215)
	at java.base/java.util.Spliterators$ArraySpliterator.forEachRemaining(Spliterators.java:1024)
	at java.base/java.util.stream.ReferencePipeline$Head.forEach(ReferencePipeline.java:807)
	at java.base/java.util.stream.ReferencePipeline$7$1FlatMap.accept(ReferencePipeline.java:294)
	at java.base/java.util.stream.ReferencePipeline$3$1.accept(ReferencePipeline.java:215)
	at java.base/java.util.stream.ReferencePipeline$3$1.accept(ReferencePipeline.java:215)
	at java.base/java.util.stream.ReferencePipeline$3$1.accept(ReferencePipeline.java:215)
	at java.base/java.util.Spliterators$ArraySpliterator.forEachRemaining(Spliterators.java:1024)
	at java.base/java.util.stream.AbstractPipeline.copyInto(AbstractPipeline.java:570)
	at java.base/java.util.stream.AbstractPipeline.wrapAndCopyInto(AbstractPipeline.java:560)
	at java.base/java.util.stream.ForEachOps$ForEachOp.evaluateSequential(ForEachOps.java:151)
	at java.base/java.util.stream.ForEachOps$ForEachOp$OfRef.evaluateSequential(ForEachOps.java:174)
	at java.base/java.util.stream.AbstractPipeline.evaluate(AbstractPipeline.java:265)
	at java.base/java.util.stream.ReferencePipeline.forEach(ReferencePipeline.java:636)
	at java.base/java.util.stream.ReferencePipeline$7$1FlatMap.accept(ReferencePipeline.java:294)
	at java.base/java.util.ArrayList$ArrayListSpliterator.forEachRemaining(ArrayList.java:1709)
	at java.base/java.util.stream.AbstractPipeline.copyInto(AbstractPipeline.java:570)
	at java.base/java.util.stream.AbstractPipeline.wrapAndCopyInto(AbstractPipeline.java:560)
	at java.base/java.util.stream.ForEachOps$ForEachOp.evaluateSequential(ForEachOps.java:151)
	at java.base/java.util.stream.ForEachOps$ForEachOp$OfRef.evaluateSequential(ForEachOps.java:174)
	at java.base/java.util.stream.AbstractPipeline.evaluate(AbstractPipeline.java:265)
	at java.base/java.util.stream.ReferencePipeline.forEach(ReferencePipeline.java:636)
	at java.base/java.util.stream.ReferencePipeline$7$1FlatMap.accept(ReferencePipeline.java:294)
	at java.base/java.util.stream.ReferencePipeline$3$1.accept(ReferencePipeline.java:215)
	at java.base/java.util.stream.ReferencePipeline$3$1.accept(ReferencePipeline.java:215)
	at java.base/java.util.stream.ReferencePipeline$3$1.accept(ReferencePipeline.java:215)
	at java.base/java.util.ArrayList$ArrayListSpliterator.forEachRemaining(ArrayList.java:1709)
	at java.base/java.util.stream.AbstractPipeline.copyInto(AbstractPipeline.java:570)
	at java.base/java.util.stream.AbstractPipeline.wrapAndCopyInto(AbstractPipeline.java:560)
	at java.base/java.util.stream.ForEachOps$ForEachOp.evaluateSequential(ForEachOps.java:151)
	at java.base/java.util.stream.ForEachOps$ForEachOp$OfRef.evaluateSequential(ForEachOps.java:174)
	at java.base/java.util.stream.AbstractPipeline.evaluate(AbstractPipeline.java:265)
	at java.base/java.util.stream.ReferencePipeline.forEach(ReferencePipeline.java:636)
	at java.base/java.util.ArrayList.forEach(ArrayList.java:1597)
	at java.base/java.util.ArrayList.forEach(ArrayList.java:1597)

[ERROR] org.jsoup.integration.FuzzFixesTest.testHtmlParse(File)[34] -- Time elapsed: 0.002 s <<< ERROR!
java.lang.NoSuchMethodError: 'org.jsoup.nodes.Document$OutputSettings org.jsoup.nodes.Document$OutputSettings.charset(java.nio.charset.Charset)'
	at org.jsoup.helper.DataUtil.parseInputStream(DataUtil.java:339)
	at org.jsoup.helper.DataUtil.parseInputStream(DataUtil.java:230)
	at org.jsoup.helper.DataUtil.load(DataUtil.java:120)
	at org.jsoup.helper.DataUtil.load(DataUtil.java:102)
	at org.jsoup.helper.DataUtil.load(DataUtil.java:69)
	at org.jsoup.Jsoup.parse(Jsoup.java:137)
	at org.jsoup.integration.FuzzFixesTest.testHtmlParse(FuzzFixesTest.java:59)
	at java.base/java.lang.reflect.Method.invoke(Method.java:580)
	at java.base/java.util.Optional.ifPresent(Optional.java:178)
	at java.base/java.util.stream.ForEachOps$ForEachOp$OfRef.accept(ForEachOps.java:184)
	at java.base/java.util.stream.ReferencePipeline$3$1.accept(ReferencePipeline.java:215)
	at java.base/java.util.stream.ForEachOps$ForEachOp$OfRef.accept(ForEachOps.java:184)
	at java.base/java.util.stream.ForEachOps$ForEachOp$OfRef.accept(ForEachOps.java:184)
	at java.base/java.util.stream.ReferencePipeline$3$1.accept(ReferencePipeline.java:215)
	at java.base/java.util.Spliterators$ArraySpliterator.forEachRemaining(Spliterators.java:1024)
	at java.base/java.util.stream.ReferencePipeline$Head.forEach(ReferencePipeline.java:807)
	at java.base/java.util.stream.ReferencePipeline$7$1FlatMap.accept(ReferencePipeline.java:294)
	at java.base/java.util.stream.ReferencePipeline$3$1.accept(ReferencePipeline.java:215)
	at java.base/java.util.stream.ReferencePipeline$3$1.accept(ReferencePipeline.java:215)
	at java.base/java.util.stream.ReferencePipeline$3$1.accept(ReferencePipeline.java:215)
	at java.base/java.util.Spliterators$ArraySpliterator.forEachRemaining(Spliterators.java:1024)
	at java.base/java.util.stream.AbstractPipeline.copyInto(AbstractPipeline.java:570)
	at java.base/java.util.stream.AbstractPipeline.wrapAndCopyInto(AbstractPipeline.java:560)
	at java.base/java.util.stream.ForEachOps$ForEachOp.evaluateSequential(ForEachOps.java:151)
	at java.base/java.util.stream.ForEachOps$ForEachOp$OfRef.evaluateSequential(ForEachOps.java:174)
	at java.base/java.util.stream.AbstractPipeline.evaluate(AbstractPipeline.java:265)
	at java.base/java.util.stream.ReferencePipeline.forEach(ReferencePipeline.java:636)
	at java.base/java.util.stream.ReferencePipeline$7$1FlatMap.accept(ReferencePipeline.java:294)
	at java.base/java.util.ArrayList$ArrayListSpliterator.forEachRemaining(ArrayList.java:1709)
	at java.base/java.util.stream.AbstractPipeline.copyInto(AbstractPipeline.java:570)
	at java.base/java.util.stream.AbstractPipeline.wrapAndCopyInto(AbstractPipeline.java:560)
	at java.base/java.util.stream.ForEachOps$ForEachOp.evaluateSequential(ForEachOps.java:151)
	at java.base/java.util.stream.ForEachOps$ForEachOp$OfRef.evaluateSequential(ForEachOps.java:174)
	at java.base/java.util.stream.AbstractPipeline.evaluate(AbstractPipeline.java:265)
	at java.base/java.util.stream.ReferencePipeline.forEach(ReferencePipeline.java:636)
	at java.base/java.util.stream.ReferencePipeline$7$1FlatMap.accept(ReferencePipeline.java:294)
	at java.base/java.util.stream.ReferencePipeline$3$1.accept(ReferencePipeline.java:215)
	at java.base/java.util.stream.ReferencePipeline$3$1.accept(ReferencePipeline.java:215)
	at java.base/java.util.stream.ReferencePipeline$3$1.accept(ReferencePipeline.java:215)
	at java.base/java.util.ArrayList$ArrayListSpliterator.forEachRemaining(ArrayList.java:1709)
	at java.base/java.util.stream.AbstractPipeline.copyInto(AbstractPipeline.java:570)
	at java.base/java.util.stream.AbstractPipeline.wrapAndCopyInto(AbstractPipeline.java:560)
	at java.base/java.util.stream.ForEachOps$ForEachOp.evaluateSequential(ForEachOps.java:151)
	at java.base/java.util.stream.ForEachOps$ForEachOp$OfRef.evaluateSequential(ForEachOps.java:174)
	at java.base/java.util.stream.AbstractPipeline.evaluate(AbstractPipeline.java:265)
	at java.base/java.util.stream.ReferencePipeline.forEach(ReferencePipeline.java:636)
	at java.base/java.util.ArrayList.forEach(ArrayList.java:1597)
	at java.base/java.util.ArrayList.forEach(ArrayList.java:1597)

[ERROR] org.jsoup.integration.FuzzFixesTest.testHtmlParse(File)[35] -- Time elapsed: 0.269 s <<< ERROR!
java.lang.NoSuchMethodError: 'org.jsoup.nodes.Document$OutputSettings org.jsoup.nodes.Document$OutputSettings.charset(java.nio.charset.Charset)'
	at org.jsoup.helper.DataUtil.parseInputStream(DataUtil.java:339)
	at org.jsoup.helper.DataUtil.parseInputStream(DataUtil.java:230)
	at org.jsoup.helper.DataUtil.load(DataUtil.java:120)
	at org.jsoup.helper.DataUtil.load(DataUtil.java:102)
	at org.jsoup.helper.DataUtil.load(DataUtil.java:69)
	at org.jsoup.Jsoup.parse(Jsoup.java:137)
	at org.jsoup.integration.FuzzFixesTest.testHtmlParse(FuzzFixesTest.java:59)
	at java.base/java.lang.reflect.Method.invoke(Method.java:580)
	at java.base/java.util.Optional.ifPresent(Optional.java:178)
	at java.base/java.util.stream.ForEachOps$ForEachOp$OfRef.accept(ForEachOps.java:184)
	at java.base/java.util.stream.ReferencePipeline$3$1.accept(ReferencePipeline.java:215)
	at java.base/java.util.stream.ForEachOps$ForEachOp$OfRef.accept(ForEachOps.java:184)
	at java.base/java.util.stream.ForEachOps$ForEachOp$OfRef.accept(ForEachOps.java:184)
	at java.base/java.util.stream.ReferencePipeline$3$1.accept(ReferencePipeline.java:215)
	at java.base/java.util.Spliterators$ArraySpliterator.forEachRemaining(Spliterators.java:1024)
	at java.base/java.util.stream.ReferencePipeline$Head.forEach(ReferencePipeline.java:807)
	at java.base/java.util.stream.ReferencePipeline$7$1FlatMap.accept(ReferencePipeline.java:294)
	at java.base/java.util.stream.ReferencePipeline$3$1.accept(ReferencePipeline.java:215)
	at java.base/java.util.stream.ReferencePipeline$3$1.accept(ReferencePipeline.java:215)
	at java.base/java.util.stream.ReferencePipeline$3$1.accept(ReferencePipeline.java:215)
	at java.base/java.util.Spliterators$ArraySpliterator.forEachRemaining(Spliterators.java:1024)
	at java.base/java.util.stream.AbstractPipeline.copyInto(AbstractPipeline.java:570)
	at java.base/java.util.stream.AbstractPipeline.wrapAndCopyInto(AbstractPipeline.java:560)
	at java.base/java.util.stream.ForEachOps$ForEachOp.evaluateSequential(ForEachOps.java:151)
	at java.base/java.util.stream.ForEachOps$ForEachOp$OfRef.evaluateSequential(ForEachOps.java:174)
	at java.base/java.util.stream.AbstractPipeline.evaluate(AbstractPipeline.java:265)
	at java.base/java.util.stream.ReferencePipeline.forEach(ReferencePipeline.java:636)
	at java.base/java.util.stream.ReferencePipeline$7$1FlatMap.accept(ReferencePipeline.java:294)
	at java.base/java.util.ArrayList$ArrayListSpliterator.forEachRemaining(ArrayList.java:1709)
	at java.base/java.util.stream.AbstractPipeline.copyInto(AbstractPipeline.java:570)
	at java.base/java.util.stream.AbstractPipeline.wrapAndCopyInto(AbstractPipeline.java:560)
	at java.base/java.util.stream.ForEachOps$ForEachOp.evaluateSequential(ForEachOps.java:151)
	at java.base/java.util.stream.ForEachOps$ForEachOp$OfRef.evaluateSequential(ForEachOps.java:174)
	at java.base/java.util.stream.AbstractPipeline.evaluate(AbstractPipeline.java:265)
	at java.base/java.util.stream.ReferencePipeline.forEach(ReferencePipeline.java:636)
	at java.base/java.util.stream.ReferencePipeline$7$1FlatMap.accept(ReferencePipeline.java:294)
	at java.base/java.util.stream.ReferencePipeline$3$1.accept(ReferencePipeline.java:215)
	at java.base/java.util.stream.ReferencePipeline$3$1.accept(ReferencePipeline.java:215)
	at java.base/java.util.stream.ReferencePipeline$3$1.accept(ReferencePipeline.java:215)
	at java.base/java.util.ArrayList$ArrayListSpliterator.forEachRemaining(ArrayList.java:1709)
	at java.base/java.util.stream.AbstractPipeline.copyInto(AbstractPipeline.java:570)
	at java.base/java.util.stream.AbstractPipeline.wrapAndCopyInto(AbstractPipeline.java:560)
	at java.base/java.util.stream.ForEachOps$ForEachOp.evaluateSequential(ForEachOps.java:151)
	at java.base/java.util.stream.ForEachOps$ForEachOp$OfRef.evaluateSequential(ForEachOps.java:174)
	at java.base/java.util.stream.AbstractPipeline.evaluate(AbstractPipeline.java:265)
	at java.base/java.util.stream.ReferencePipeline.forEach(ReferencePipeline.java:636)
	at java.base/java.util.ArrayList.forEach(ArrayList.java:1597)
	at java.base/java.util.ArrayList.forEach(ArrayList.java:1597)

[ERROR] org.jsoup.integration.FuzzFixesTest.testHtmlParse(File)[36] -- Time elapsed: 0.050 s <<< ERROR!
java.lang.NoSuchMethodError: 'org.jsoup.nodes.Document$OutputSettings org.jsoup.nodes.Document$OutputSettings.charset(java.nio.charset.Charset)'
	at org.jsoup.helper.DataUtil.parseInputStream(DataUtil.java:339)
	at org.jsoup.helper.DataUtil.parseInputStream(DataUtil.java:230)
	at org.jsoup.helper.DataUtil.load(DataUtil.java:120)
	at org.jsoup.helper.DataUtil.load(DataUtil.java:102)
	at org.jsoup.helper.DataUtil.load(DataUtil.java:69)
	at org.jsoup.Jsoup.parse(Jsoup.java:137)
	at org.jsoup.integration.FuzzFixesTest.testHtmlParse(FuzzFixesTest.java:59)
	at java.base/java.lang.reflect.Method.invoke(Method.java:580)
	at java.base/java.util.Optional.ifPresent(Optional.java:178)
	at java.base/java.util.stream.ForEachOps$ForEachOp$OfRef.accept(ForEachOps.java:184)
	at java.base/java.util.stream.ReferencePipeline$3$1.accept(ReferencePipeline.java:215)
	at java.base/java.util.stream.ForEachOps$ForEachOp$OfRef.accept(ForEachOps.java:184)
	at java.base/java.util.stream.ForEachOps$ForEachOp$OfRef.accept(ForEachOps.java:184)
	at java.base/java.util.stream.ReferencePipeline$3$1.accept(ReferencePipeline.java:215)
	at java.base/java.util.Spliterators$ArraySpliterator.forEachRemaining(Spliterators.java:1024)
	at java.base/java.util.stream.ReferencePipeline$Head.forEach(ReferencePipeline.java:807)
	at java.base/java.util.stream.ReferencePipeline$7$1FlatMap.accept(ReferencePipeline.java:294)
	at java.base/java.util.stream.ReferencePipeline$3$1.accept(ReferencePipeline.java:215)
	at java.base/java.util.stream.ReferencePipeline$3$1.accept(ReferencePipeline.java:215)
	at java.base/java.util.stream.ReferencePipeline$3$1.accept(ReferencePipeline.java:215)
	at java.base/java.util.Spliterators$ArraySpliterator.forEachRemaining(Spliterators.java:1024)
	at java.base/java.util.stream.AbstractPipeline.copyInto(AbstractPipeline.java:570)
	at java.base/java.util.stream.AbstractPipeline.wrapAndCopyInto(AbstractPipeline.java:560)
	at java.base/java.util.stream.ForEachOps$ForEachOp.evaluateSequential(ForEachOps.java:151)
	at java.base/java.util.stream.ForEachOps$ForEachOp$OfRef.evaluateSequential(ForEachOps.java:174)
	at java.base/java.util.stream.AbstractPipeline.evaluate(AbstractPipeline.java:265)
	at java.base/java.util.stream.ReferencePipeline.forEach(ReferencePipeline.java:636)
	at java.base/java.util.stream.ReferencePipeline$7$1FlatMap.accept(ReferencePipeline.java:294)
	at java.base/java.util.ArrayList$ArrayListSpliterator.forEachRemaining(ArrayList.java:1709)
	at java.base/java.util.stream.AbstractPipeline.copyInto(AbstractPipeline.java:570)
	at java.base/java.util.stream.AbstractPipeline.wrapAndCopyInto(AbstractPipeline.java:560)
	at java.base/java.util.stream.ForEachOps$ForEachOp.evaluateSequential(ForEachOps.java:151)
	at java.base/java.util.stream.ForEachOps$ForEachOp$OfRef.evaluateSequential(ForEachOps.java:174)
	at java.base/java.util.stream.AbstractPipeline.evaluate(AbstractPipeline.java:265)
	at java.base/java.util.stream.ReferencePipeline.forEach(ReferencePipeline.java:636)
	at java.base/java.util.stream.ReferencePipeline$7$1FlatMap.accept(ReferencePipeline.java:294)
	at java.base/java.util.stream.ReferencePipeline$3$1.accept(ReferencePipeline.java:215)
	at java.base/java.util.stream.ReferencePipeline$3$1.accept(ReferencePipeline.java:215)
	at java.base/java.util.stream.ReferencePipeline$3$1.accept(ReferencePipeline.java:215)
	at java.base/java.util.ArrayList$ArrayListSpliterator.forEachRemaining(ArrayList.java:1709)
	at java.base/java.util.stream.AbstractPipeline.copyInto(AbstractPipeline.java:570)
	at java.base/java.util.stream.AbstractPipeline.wrapAndCopyInto(AbstractPipeline.java:560)
	at java.base/java.util.stream.ForEachOps$ForEachOp.evaluateSequential(ForEachOps.java:151)
	at java.base/java.util.stream.ForEachOps$ForEachOp$OfRef.evaluateSequential(ForEachOps.java:174)
	at java.base/java.util.stream.AbstractPipeline.evaluate(AbstractPipeline.java:265)
	at java.base/java.util.stream.ReferencePipeline.forEach(ReferencePipeline.java:636)
	at java.base/java.util.ArrayList.forEach(ArrayList.java:1597)
	at java.base/java.util.ArrayList.forEach(ArrayList.java:1597)

[ERROR] org.jsoup.integration.FuzzFixesTest.testHtmlParse(File)[37] -- Time elapsed: 0.006 s <<< ERROR!
java.lang.NoSuchMethodError: 'org.jsoup.nodes.Document$OutputSettings org.jsoup.nodes.Document$OutputSettings.charset(java.nio.charset.Charset)'
	at org.jsoup.helper.DataUtil.parseInputStream(DataUtil.java:339)
	at org.jsoup.helper.DataUtil.parseInputStream(DataUtil.java:230)
	at org.jsoup.helper.DataUtil.load(DataUtil.java:120)
	at org.jsoup.helper.DataUtil.load(DataUtil.java:102)
	at org.jsoup.helper.DataUtil.load(DataUtil.java:69)
	at org.jsoup.Jsoup.parse(Jsoup.java:137)
	at org.jsoup.integration.FuzzFixesTest.testHtmlParse(FuzzFixesTest.java:59)
	at java.base/java.lang.reflect.Method.invoke(Method.java:580)
	at java.base/java.util.Optional.ifPresent(Optional.java:178)
	at java.base/java.util.stream.ForEachOps$ForEachOp$OfRef.accept(ForEachOps.java:184)
	at java.base/java.util.stream.ReferencePipeline$3$1.accept(ReferencePipeline.java:215)
	at java.base/java.util.stream.ForEachOps$ForEachOp$OfRef.accept(ForEachOps.java:184)
	at java.base/java.util.stream.ForEachOps$ForEachOp$OfRef.accept(ForEachOps.java:184)
	at java.base/java.util.stream.ReferencePipeline$3$1.accept(ReferencePipeline.java:215)
	at java.base/java.util.Spliterators$ArraySpliterator.forEachRemaining(Spliterators.java:1024)
	at java.base/java.util.stream.ReferencePipeline$Head.forEach(ReferencePipeline.java:807)
	at java.base/java.util.stream.ReferencePipeline$7$1FlatMap.accept(ReferencePipeline.java:294)
	at java.base/java.util.stream.ReferencePipeline$3$1.accept(ReferencePipeline.java:215)
	at java.base/java.util.stream.ReferencePipeline$3$1.accept(ReferencePipeline.java:215)
	at java.base/java.util.stream.ReferencePipeline$3$1.accept(ReferencePipeline.java:215)
	at java.base/java.util.Spliterators$ArraySpliterator.forEachRemaining(Spliterators.java:1024)
	at java.base/java.util.stream.AbstractPipeline.copyInto(AbstractPipeline.java:570)
	at java.base/java.util.stream.AbstractPipeline.wrapAndCopyInto(AbstractPipeline.java:560)
	at java.base/java.util.stream.ForEachOps$ForEachOp.evaluateSequential(ForEachOps.java:151)
	at java.base/java.util.stream.ForEachOps$ForEachOp$OfRef.evaluateSequential(ForEachOps.java:174)
	at java.base/java.util.stream.AbstractPipeline.evaluate(AbstractPipeline.java:265)
	at java.base/java.util.stream.ReferencePipeline.forEach(ReferencePipeline.java:636)
	at java.base/java.util.stream.ReferencePipeline$7$1FlatMap.accept(ReferencePipeline.java:294)
	at java.base/java.util.ArrayList$ArrayListSpliterator.forEachRemaining(ArrayList.java:1709)
	at java.base/java.util.stream.AbstractPipeline.copyInto(AbstractPipeline.java:570)
	at java.base/java.util.stream.AbstractPipeline.wrapAndCopyInto(AbstractPipeline.java:560)
	at java.base/java.util.stream.ForEachOps$ForEachOp.evaluateSequential(ForEachOps.java:151)
	at java.base/java.util.stream.ForEachOps$ForEachOp$OfRef.evaluateSequential(ForEachOps.java:174)
	at java.base/java.util.stream.AbstractPipeline.evaluate(AbstractPipeline.java:265)
	at java.base/java.util.stream.ReferencePipeline.forEach(ReferencePipeline.java:636)
	at java.base/java.util.stream.ReferencePipeline$7$1FlatMap.accept(ReferencePipeline.java:294)
	at java.base/java.util.stream.ReferencePipeline$3$1.accept(ReferencePipeline.java:215)
	at java.base/java.util.stream.ReferencePipeline$3$1.accept(ReferencePipeline.java:215)
	at java.base/java.util.stream.ReferencePipeline$3$1.accept(ReferencePipeline.java:215)
	at java.base/java.util.ArrayList$ArrayListSpliterator.forEachRemaining(ArrayList.java:1709)
	at java.base/java.util.stream.AbstractPipeline.copyInto(AbstractPipeline.java:570)
	at java.base/java.util.stream.AbstractPipeline.wrapAndCopyInto(AbstractPipeline.java:560)
	at java.base/java.util.stream.ForEachOps$ForEachOp.evaluateSequential(ForEachOps.java:151)
	at java.base/java.util.stream.ForEachOps$ForEachOp$OfRef.evaluateSequential(ForEachOps.java:174)
	at java.base/java.util.stream.AbstractPipeline.evaluate(AbstractPipeline.java:265)
	at java.base/java.util.stream.ReferencePipeline.forEach(ReferencePipeline.java:636)
	at java.base/java.util.ArrayList.forEach(ArrayList.java:1597)
	at java.base/java.util.ArrayList.forEach(ArrayList.java:1597)

[ERROR] org.jsoup.integration.FuzzFixesTest.testHtmlParse(File)[38] -- Time elapsed: 0.004 s <<< ERROR!
java.lang.NoSuchMethodError: 'org.jsoup.nodes.Document$OutputSettings org.jsoup.nodes.Document$OutputSettings.charset(java.nio.charset.Charset)'
	at org.jsoup.helper.DataUtil.parseInputStream(DataUtil.java:339)
	at org.jsoup.helper.DataUtil.parseInputStream(DataUtil.java:230)
	at org.jsoup.helper.DataUtil.load(DataUtil.java:120)
	at org.jsoup.helper.DataUtil.load(DataUtil.java:102)
	at org.jsoup.helper.DataUtil.load(DataUtil.java:69)
	at org.jsoup.Jsoup.parse(Jsoup.java:137)
	at org.jsoup.integration.FuzzFixesTest.testHtmlParse(FuzzFixesTest.java:59)
	at java.base/java.lang.reflect.Method.invoke(Method.java:580)
	at java.base/java.util.Optional.ifPresent(Optional.java:178)
	at java.base/java.util.stream.ForEachOps$ForEachOp$OfRef.accept(ForEachOps.java:184)
	at java.base/java.util.stream.ReferencePipeline$3$1.accept(ReferencePipeline.java:215)
	at java.base/java.util.stream.ForEachOps$ForEachOp$OfRef.accept(ForEachOps.java:184)
	at java.base/java.util.stream.ForEachOps$ForEachOp$OfRef.accept(ForEachOps.java:184)
	at java.base/java.util.stream.ReferencePipeline$3$1.accept(ReferencePipeline.java:215)
	at java.base/java.util.Spliterators$ArraySpliterator.forEachRemaining(Spliterators.java:1024)
	at java.base/java.util.stream.ReferencePipeline$Head.forEach(ReferencePipeline.java:807)
	at java.base/java.util.stream.ReferencePipeline$7$1FlatMap.accept(ReferencePipeline.java:294)
	at java.base/java.util.stream.ReferencePipeline$3$1.accept(ReferencePipeline.java:215)
	at java.base/java.util.stream.ReferencePipeline$3$1.accept(ReferencePipeline.java:215)
	at java.base/java.util.stream.ReferencePipeline$3$1.accept(ReferencePipeline.java:215)
	at java.base/java.util.Spliterators$ArraySpliterator.forEachRemaining(Spliterators.java:1024)
	at java.base/java.util.stream.AbstractPipeline.copyInto(AbstractPipeline.java:570)
	at java.base/java.util.stream.AbstractPipeline.wrapAndCopyInto(AbstractPipeline.java:560)
	at java.base/java.util.stream.ForEachOps$ForEachOp.evaluateSequential(ForEachOps.java:151)
	at java.base/java.util.stream.ForEachOps$ForEachOp$OfRef.evaluateSequential(ForEachOps.java:174)
	at java.base/java.util.stream.AbstractPipeline.evaluate(AbstractPipeline.java:265)
	at java.base/java.util.stream.ReferencePipeline.forEach(ReferencePipeline.java:636)
	at java.base/java.util.stream.ReferencePipeline$7$1FlatMap.accept(ReferencePipeline.java:294)
	at java.base/java.util.ArrayList$ArrayListSpliterator.forEachRemaining(ArrayList.java:1709)
	at java.base/java.util.stream.AbstractPipeline.copyInto(AbstractPipeline.java:570)
	at java.base/java.util.stream.AbstractPipeline.wrapAndCopyInto(AbstractPipeline.java:560)
	at java.base/java.util.stream.ForEachOps$ForEachOp.evaluateSequential(ForEachOps.java:151)
	at java.base/java.util.stream.ForEachOps$ForEachOp$OfRef.evaluateSequential(ForEachOps.java:174)
	at java.base/java.util.stream.AbstractPipeline.evaluate(AbstractPipeline.java:265)
	at java.base/java.util.stream.ReferencePipeline.forEach(ReferencePipeline.java:636)
	at java.base/java.util.stream.ReferencePipeline$7$1FlatMap.accept(ReferencePipeline.java:294)
	at java.base/java.util.stream.ReferencePipeline$3$1.accept(ReferencePipeline.java:215)
	at java.base/java.util.stream.ReferencePipeline$3$1.accept(ReferencePipeline.java:215)
	at java.base/java.util.stream.ReferencePipeline$3$1.accept(ReferencePipeline.java:215)
	at java.base/java.util.ArrayList$ArrayListSpliterator.forEachRemaining(ArrayList.java:1709)
	at java.base/java.util.stream.AbstractPipeline.copyInto(AbstractPipeline.java:570)
	at java.base/java.util.stream.AbstractPipeline.wrapAndCopyInto(AbstractPipeline.java:560)
	at java.base/java.util.stream.ForEachOps$ForEachOp.evaluateSequential(ForEachOps.java:151)
	at java.base/java.util.stream.ForEachOps$ForEachOp$OfRef.evaluateSequential(ForEachOps.java:174)
	at java.base/java.util.stream.AbstractPipeline.evaluate(AbstractPipeline.java:265)
	at java.base/java.util.stream.ReferencePipeline.forEach(ReferencePipeline.java:636)
	at java.base/java.util.ArrayList.forEach(ArrayList.java:1597)
	at java.base/java.util.ArrayList.forEach(ArrayList.java:1597)

[ERROR] org.jsoup.integration.FuzzFixesTest.testHtmlParse(File)[39] -- Time elapsed: 0.014 s <<< ERROR!
java.lang.NoSuchMethodError: 'org.jsoup.nodes.Document$OutputSettings org.jsoup.nodes.Document$OutputSettings.charset(java.nio.charset.Charset)'
	at org.jsoup.helper.DataUtil.parseInputStream(DataUtil.java:339)
	at org.jsoup.helper.DataUtil.parseInputStream(DataUtil.java:230)
	at org.jsoup.helper.DataUtil.load(DataUtil.java:120)
	at org.jsoup.helper.DataUtil.load(DataUtil.java:102)
	at org.jsoup.helper.DataUtil.load(DataUtil.java:69)
	at org.jsoup.Jsoup.parse(Jsoup.java:137)
	at org.jsoup.integration.FuzzFixesTest.testHtmlParse(FuzzFixesTest.java:59)
	at java.base/java.lang.reflect.Method.invoke(Method.java:580)
	at java.base/java.util.Optional.ifPresent(Optional.java:178)
	at java.base/java.util.stream.ForEachOps$ForEachOp$OfRef.accept(ForEachOps.java:184)
	at java.base/java.util.stream.ReferencePipeline$3$1.accept(ReferencePipeline.java:215)
	at java.base/java.util.stream.ForEachOps$ForEachOp$OfRef.accept(ForEachOps.java:184)
	at java.base/java.util.stream.ForEachOps$ForEachOp$OfRef.accept(ForEachOps.java:184)
	at java.base/java.util.stream.ReferencePipeline$3$1.accept(ReferencePipeline.java:215)
	at java.base/java.util.Spliterators$ArraySpliterator.forEachRemaining(Spliterators.java:1024)
	at java.base/java.util.stream.ReferencePipeline$Head.forEach(ReferencePipeline.java:807)
	at java.base/java.util.stream.ReferencePipeline$7$1FlatMap.accept(ReferencePipeline.java:294)
	at java.base/java.util.stream.ReferencePipeline$3$1.accept(ReferencePipeline.java:215)
	at java.base/java.util.stream.ReferencePipeline$3$1.accept(ReferencePipeline.java:215)
	at java.base/java.util.stream.ReferencePipeline$3$1.accept(ReferencePipeline.java:215)
	at java.base/java.util.Spliterators$ArraySpliterator.forEachRemaining(Spliterators.java:1024)
	at java.base/java.util.stream.AbstractPipeline.copyInto(AbstractPipeline.java:570)
	at java.base/java.util.stream.AbstractPipeline.wrapAndCopyInto(AbstractPipeline.java:560)
	at java.base/java.util.stream.ForEachOps$ForEachOp.evaluateSequential(ForEachOps.java:151)
	at java.base/java.util.stream.ForEachOps$ForEachOp$OfRef.evaluateSequential(ForEachOps.java:174)
	at java.base/java.util.stream.AbstractPipeline.evaluate(AbstractPipeline.java:265)
	at java.base/java.util.stream.ReferencePipeline.forEach(ReferencePipeline.java:636)
	at java.base/java.util.stream.ReferencePipeline$7$1FlatMap.accept(ReferencePipeline.java:294)
	at java.base/java.util.ArrayList$ArrayListSpliterator.forEachRemaining(ArrayList.java:1709)
	at java.base/java.util.stream.AbstractPipeline.copyInto(AbstractPipeline.java:570)
	at java.base/java.util.stream.AbstractPipeline.wrapAndCopyInto(AbstractPipeline.java:560)
	at java.base/java.util.stream.ForEachOps$ForEachOp.evaluateSequential(ForEachOps.java:151)
	at java.base/java.util.stream.ForEachOps$ForEachOp$OfRef.evaluateSequential(ForEachOps.java:174)
	at java.base/java.util.stream.AbstractPipeline.evaluate(AbstractPipeline.java:265)
	at java.base/java.util.stream.ReferencePipeline.forEach(ReferencePipeline.java:636)
	at java.base/java.util.stream.ReferencePipeline$7$1FlatMap.accept(ReferencePipeline.java:294)
	at java.base/java.util.stream.ReferencePipeline$3$1.accept(ReferencePipeline.java:215)
	at java.base/java.util.stream.ReferencePipeline$3$1.accept(ReferencePipeline.java:215)
	at java.base/java.util.stream.ReferencePipeline$3$1.accept(ReferencePipeline.java:215)
	at java.base/java.util.ArrayList$ArrayListSpliterator.forEachRemaining(ArrayList.java:1709)
	at java.base/java.util.stream.AbstractPipeline.copyInto(AbstractPipeline.java:570)
	at java.base/java.util.stream.AbstractPipeline.wrapAndCopyInto(AbstractPipeline.java:560)
	at java.base/java.util.stream.ForEachOps$ForEachOp.evaluateSequential(ForEachOps.java:151)
	at java.base/java.util.stream.ForEachOps$ForEachOp$OfRef.evaluateSequential(ForEachOps.java:174)
	at java.base/java.util.stream.AbstractPipeline.evaluate(AbstractPipeline.java:265)
	at java.base/java.util.stream.ReferencePipeline.forEach(ReferencePipeline.java:636)
	at java.base/java.util.ArrayList.forEach(ArrayList.java:1597)
	at java.base/java.util.ArrayList.forEach(ArrayList.java:1597)

[ERROR] org.jsoup.integration.FuzzFixesTest.testHtmlParse(File)[40] -- Time elapsed: 0.013 s <<< ERROR!
java.lang.NoSuchMethodError: 'org.jsoup.nodes.Document$OutputSettings org.jsoup.nodes.Document$OutputSettings.charset(java.nio.charset.Charset)'
	at org.jsoup.helper.DataUtil.parseInputStream(DataUtil.java:339)
	at org.jsoup.helper.DataUtil.parseInputStream(DataUtil.java:230)
	at org.jsoup.helper.DataUtil.load(DataUtil.java:120)
	at org.jsoup.helper.DataUtil.load(DataUtil.java:102)
	at org.jsoup.helper.DataUtil.load(DataUtil.java:69)
	at org.jsoup.Jsoup.parse(Jsoup.java:137)
	at org.jsoup.integration.FuzzFixesTest.testHtmlParse(FuzzFixesTest.java:59)
	at java.base/java.lang.reflect.Method.invoke(Method.java:580)
	at java.base/java.util.Optional.ifPresent(Optional.java:178)
	at java.base/java.util.stream.ForEachOps$ForEachOp$OfRef.accept(ForEachOps.java:184)
	at java.base/java.util.stream.ReferencePipeline$3$1.accept(ReferencePipeline.java:215)
	at java.base/java.util.stream.ForEachOps$ForEachOp$OfRef.accept(ForEachOps.java:184)
	at java.base/java.util.stream.ForEachOps$ForEachOp$OfRef.accept(ForEachOps.java:184)
	at java.base/java.util.stream.ReferencePipeline$3$1.accept(ReferencePipeline.java:215)
	at java.base/java.util.Spliterators$ArraySpliterator.forEachRemaining(Spliterators.java:1024)
	at java.base/java.util.stream.ReferencePipeline$Head.forEach(ReferencePipeline.java:807)
	at java.base/java.util.stream.ReferencePipeline$7$1FlatMap.accept(ReferencePipeline.java:294)
	at java.base/java.util.stream.ReferencePipeline$3$1.accept(ReferencePipeline.java:215)
	at java.base/java.util.stream.ReferencePipeline$3$1.accept(ReferencePipeline.java:215)
	at java.base/java.util.stream.ReferencePipeline$3$1.accept(ReferencePipeline.java:215)
	at java.base/java.util.Spliterators$ArraySpliterator.forEachRemaining(Spliterators.java:1024)
	at java.base/java.util.stream.AbstractPipeline.copyInto(AbstractPipeline.java:570)
	at java.base/java.util.stream.AbstractPipeline.wrapAndCopyInto(AbstractPipeline.java:560)
	at java.base/java.util.stream.ForEachOps$ForEachOp.evaluateSequential(ForEachOps.java:151)
	at java.base/java.util.stream.ForEachOps$ForEachOp$OfRef.evaluateSequential(ForEachOps.java:174)
	at java.base/java.util.stream.AbstractPipeline.evaluate(AbstractPipeline.java:265)
	at java.base/java.util.stream.ReferencePipeline.forEach(ReferencePipeline.java:636)
	at java.base/java.util.stream.ReferencePipeline$7$1FlatMap.accept(ReferencePipeline.java:294)
	at java.base/java.util.ArrayList$ArrayListSpliterator.forEachRemaining(ArrayList.java:1709)
	at java.base/java.util.stream.AbstractPipeline.copyInto(AbstractPipeline.java:570)
	at java.base/java.util.stream.AbstractPipeline.wrapAndCopyInto(AbstractPipeline.java:560)
	at java.base/java.util.stream.ForEachOps$ForEachOp.evaluateSequential(ForEachOps.java:151)
	at java.base/java.util.stream.ForEachOps$ForEachOp$OfRef.evaluateSequential(ForEachOps.java:174)
	at java.base/java.util.stream.AbstractPipeline.evaluate(AbstractPipeline.java:265)
	at java.base/java.util.stream.ReferencePipeline.forEach(ReferencePipeline.java:636)
	at java.base/java.util.stream.ReferencePipeline$7$1FlatMap.accept(ReferencePipeline.java:294)
	at java.base/java.util.stream.ReferencePipeline$3$1.accept(ReferencePipeline.java:215)
	at java.base/java.util.stream.ReferencePipeline$3$1.accept(ReferencePipeline.java:215)
	at java.base/java.util.stream.ReferencePipeline$3$1.accept(ReferencePipeline.java:215)
	at java.base/java.util.ArrayList$ArrayListSpliterator.forEachRemaining(ArrayList.java:1709)
	at java.base/java.util.stream.AbstractPipeline.copyInto(AbstractPipeline.java:570)
	at java.base/java.util.stream.AbstractPipeline.wrapAndCopyInto(AbstractPipeline.java:560)
	at java.base/java.util.stream.ForEachOps$ForEachOp.evaluateSequential(ForEachOps.java:151)
	at java.base/java.util.stream.ForEachOps$ForEachOp$OfRef.evaluateSequential(ForEachOps.java:174)
	at java.base/java.util.stream.AbstractPipeline.evaluate(AbstractPipeline.java:265)
	at java.base/java.util.stream.ReferencePipeline.forEach(ReferencePipeline.java:636)
	at java.base/java.util.ArrayList.forEach(ArrayList.java:1597)
	at java.base/java.util.ArrayList.forEach(ArrayList.java:1597)

[ERROR] org.jsoup.integration.FuzzFixesTest.testHtmlParse(File)[41] -- Time elapsed: 0.007 s <<< ERROR!
java.lang.NoSuchMethodError: 'org.jsoup.nodes.Document$OutputSettings org.jsoup.nodes.Document$OutputSettings.charset(java.nio.charset.Charset)'
	at org.jsoup.helper.DataUtil.parseInputStream(DataUtil.java:339)
	at org.jsoup.helper.DataUtil.parseInputStream(DataUtil.java:230)
	at org.jsoup.helper.DataUtil.load(DataUtil.java:120)
	at org.jsoup.helper.DataUtil.load(DataUtil.java:102)
	at org.jsoup.helper.DataUtil.load(DataUtil.java:69)
	at org.jsoup.Jsoup.parse(Jsoup.java:137)
	at org.jsoup.integration.FuzzFixesTest.testHtmlParse(FuzzFixesTest.java:59)
	at java.base/java.lang.reflect.Method.invoke(Method.java:580)
	at java.base/java.util.Optional.ifPresent(Optional.java:178)
	at java.base/java.util.stream.ForEachOps$ForEachOp$OfRef.accept(ForEachOps.java:184)
	at java.base/java.util.stream.ReferencePipeline$3$1.accept(ReferencePipeline.java:215)
	at java.base/java.util.stream.ForEachOps$ForEachOp$OfRef.accept(ForEachOps.java:184)
	at java.base/java.util.stream.ForEachOps$ForEachOp$OfRef.accept(ForEachOps.java:184)
	at java.base/java.util.stream.ReferencePipeline$3$1.accept(ReferencePipeline.java:215)
	at java.base/java.util.Spliterators$ArraySpliterator.forEachRemaining(Spliterators.java:1024)
	at java.base/java.util.stream.ReferencePipeline$Head.forEach(ReferencePipeline.java:807)
	at java.base/java.util.stream.ReferencePipeline$7$1FlatMap.accept(ReferencePipeline.java:294)
	at java.base/java.util.stream.ReferencePipeline$3$1.accept(ReferencePipeline.java:215)
	at java.base/java.util.stream.ReferencePipeline$3$1.accept(ReferencePipeline.java:215)
	at java.base/java.util.stream.ReferencePipeline$3$1.accept(ReferencePipeline.java:215)
	at java.base/java.util.Spliterators$ArraySpliterator.forEachRemaining(Spliterators.java:1024)
	at java.base/java.util.stream.AbstractPipeline.copyInto(AbstractPipeline.java:570)
	at java.base/java.util.stream.AbstractPipeline.wrapAndCopyInto(AbstractPipeline.java:560)
	at java.base/java.util.stream.ForEachOps$ForEachOp.evaluateSequential(ForEachOps.java:151)
	at java.base/java.util.stream.ForEachOps$ForEachOp$OfRef.evaluateSequential(ForEachOps.java:174)
	at java.base/java.util.stream.AbstractPipeline.evaluate(AbstractPipeline.java:265)
	at java.base/java.util.stream.ReferencePipeline.forEach(ReferencePipeline.java:636)
	at java.base/java.util.stream.ReferencePipeline$7$1FlatMap.accept(ReferencePipeline.java:294)
	at java.base/java.util.ArrayList$ArrayListSpliterator.forEachRemaining(ArrayList.java:1709)
	at java.base/java.util.stream.AbstractPipeline.copyInto(AbstractPipeline.java:570)
	at java.base/java.util.stream.AbstractPipeline.wrapAndCopyInto(AbstractPipeline.java:560)
	at java.base/java.util.stream.ForEachOps$ForEachOp.evaluateSequential(ForEachOps.java:151)
	at java.base/java.util.stream.ForEachOps$ForEachOp$OfRef.evaluateSequential(ForEachOps.java:174)
	at java.base/java.util.stream.AbstractPipeline.evaluate(AbstractPipeline.java:265)
	at java.base/java.util.stream.ReferencePipeline.forEach(ReferencePipeline.java:636)
	at java.base/java.util.stream.ReferencePipeline$7$1FlatMap.accept(ReferencePipeline.java:294)
	at java.base/java.util.stream.ReferencePipeline$3$1.accept(ReferencePipeline.java:215)
	at java.base/java.util.stream.ReferencePipeline$3$1.accept(ReferencePipeline.java:215)
	at java.base/java.util.stream.ReferencePipeline$3$1.accept(ReferencePipeline.java:215)
	at java.base/java.util.ArrayList$ArrayListSpliterator.forEachRemaining(ArrayList.java:1709)
	at java.base/java.util.stream.AbstractPipeline.copyInto(AbstractPipeline.java:570)
	at java.base/java.util.stream.AbstractPipeline.wrapAndCopyInto(AbstractPipeline.java:560)
	at java.base/java.util.stream.ForEachOps$ForEachOp.evaluateSequential(ForEachOps.java:151)
	at java.base/java.util.stream.ForEachOps$ForEachOp$OfRef.evaluateSequential(ForEachOps.java:174)
	at java.base/java.util.stream.AbstractPipeline.evaluate(AbstractPipeline.java:265)
	at java.base/java.util.stream.ReferencePipeline.forEach(ReferencePipeline.java:636)
	at java.base/java.util.ArrayList.forEach(ArrayList.java:1597)
	at java.base/java.util.ArrayList.forEach(ArrayList.java:1597)

[ERROR] org.jsoup.integration.FuzzFixesTest.testHtmlParse(File)[42] -- Time elapsed: 0.023 s <<< ERROR!
java.lang.NoSuchMethodError: 'org.jsoup.nodes.Document$OutputSettings org.jsoup.nodes.Document$OutputSettings.charset(java.nio.charset.Charset)'
	at org.jsoup.helper.DataUtil.parseInputStream(DataUtil.java:339)
	at org.jsoup.helper.DataUtil.parseInputStream(DataUtil.java:230)
	at org.jsoup.helper.DataUtil.load(DataUtil.java:120)
	at org.jsoup.helper.DataUtil.load(DataUtil.java:102)
	at org.jsoup.helper.DataUtil.load(DataUtil.java:69)
	at org.jsoup.Jsoup.parse(Jsoup.java:137)
	at org.jsoup.integration.FuzzFixesTest.testHtmlParse(FuzzFixesTest.java:59)
	at java.base/java.lang.reflect.Method.invoke(Method.java:580)
	at java.base/java.util.Optional.ifPresent(Optional.java:178)
	at java.base/java.util.stream.ForEachOps$ForEachOp$OfRef.accept(ForEachOps.java:184)
	at java.base/java.util.stream.ReferencePipeline$3$1.accept(ReferencePipeline.java:215)
	at java.base/java.util.stream.ForEachOps$ForEachOp$OfRef.accept(ForEachOps.java:184)
	at java.base/java.util.stream.ForEachOps$ForEachOp$OfRef.accept(ForEachOps.java:184)
	at java.base/java.util.stream.ReferencePipeline$3$1.accept(ReferencePipeline.java:215)
	at java.base/java.util.Spliterators$ArraySpliterator.forEachRemaining(Spliterators.java:1024)
	at java.base/java.util.stream.ReferencePipeline$Head.forEach(ReferencePipeline.java:807)
	at java.base/java.util.stream.ReferencePipeline$7$1FlatMap.accept(ReferencePipeline.java:294)
	at java.base/java.util.stream.ReferencePipeline$3$1.accept(ReferencePipeline.java:215)
	at java.base/java.util.stream.ReferencePipeline$3$1.accept(ReferencePipeline.java:215)
	at java.base/java.util.stream.ReferencePipeline$3$1.accept(ReferencePipeline.java:215)
	at java.base/java.util.Spliterators$ArraySpliterator.forEachRemaining(Spliterators.java:1024)
	at java.base/java.util.stream.AbstractPipeline.copyInto(AbstractPipeline.java:570)
	at java.base/java.util.stream.AbstractPipeline.wrapAndCopyInto(AbstractPipeline.java:560)
	at java.base/java.util.stream.ForEachOps$ForEachOp.evaluateSequential(ForEachOps.java:151)
	at java.base/java.util.stream.ForEachOps$ForEachOp$OfRef.evaluateSequential(ForEachOps.java:174)
	at java.base/java.util.stream.AbstractPipeline.evaluate(AbstractPipeline.java:265)
	at java.base/java.util.stream.ReferencePipeline.forEach(ReferencePipeline.java:636)
	at java.base/java.util.stream.ReferencePipeline$7$1FlatMap.accept(ReferencePipeline.java:294)
	at java.base/java.util.ArrayList$ArrayListSpliterator.forEachRemaining(ArrayList.java:1709)
	at java.base/java.util.stream.AbstractPipeline.copyInto(AbstractPipeline.java:570)
	at java.base/java.util.stream.AbstractPipeline.wrapAndCopyInto(AbstractPipeline.java:560)
	at java.base/java.util.stream.ForEachOps$ForEachOp.evaluateSequential(ForEachOps.java:151)
	at java.base/java.util.stream.ForEachOps$ForEachOp$OfRef.evaluateSequential(ForEachOps.java:174)
	at java.base/java.util.stream.AbstractPipeline.evaluate(AbstractPipeline.java:265)
	at java.base/java.util.stream.ReferencePipeline.forEach(ReferencePipeline.java:636)
	at java.base/java.util.stream.ReferencePipeline$7$1FlatMap.accept(ReferencePipeline.java:294)
	at java.base/java.util.stream.ReferencePipeline$3$1.accept(ReferencePipeline.java:215)
	at java.base/java.util.stream.ReferencePipeline$3$1.accept(ReferencePipeline.java:215)
	at java.base/java.util.stream.ReferencePipeline$3$1.accept(ReferencePipeline.java:215)
	at java.base/java.util.ArrayList$ArrayListSpliterator.forEachRemaining(ArrayList.java:1709)
	at java.base/java.util.stream.AbstractPipeline.copyInto(AbstractPipeline.java:570)
	at java.base/java.util.stream.AbstractPipeline.wrapAndCopyInto(AbstractPipeline.java:560)
	at java.base/java.util.stream.ForEachOps$ForEachOp.evaluateSequential(ForEachOps.java:151)
	at java.base/java.util.stream.ForEachOps$ForEachOp$OfRef.evaluateSequential(ForEachOps.java:174)
	at java.base/java.util.stream.AbstractPipeline.evaluate(AbstractPipeline.java:265)
	at java.base/java.util.stream.ReferencePipeline.forEach(ReferencePipeline.java:636)
	at java.base/java.util.ArrayList.forEach(ArrayList.java:1597)
	at java.base/java.util.ArrayList.forEach(ArrayList.java:1597)

[ERROR] org.jsoup.integration.FuzzFixesTest.testHtmlParse(File)[43] -- Time elapsed: 0.014 s <<< ERROR!
java.lang.NoSuchMethodError: 'org.jsoup.nodes.Document$OutputSettings org.jsoup.nodes.Document$OutputSettings.charset(java.nio.charset.Charset)'
	at org.jsoup.helper.DataUtil.parseInputStream(DataUtil.java:339)
	at org.jsoup.helper.DataUtil.parseInputStream(DataUtil.java:230)
	at org.jsoup.helper.DataUtil.load(DataUtil.java:120)
	at org.jsoup.helper.DataUtil.load(DataUtil.java:102)
	at org.jsoup.helper.DataUtil.load(DataUtil.java:69)
	at org.jsoup.Jsoup.parse(Jsoup.java:137)
	at org.jsoup.integration.FuzzFixesTest.testHtmlParse(FuzzFixesTest.java:59)
	at java.base/java.lang.reflect.Method.invoke(Method.java:580)
	at java.base/java.util.Optional.ifPresent(Optional.java:178)
	at java.base/java.util.stream.ForEachOps$ForEachOp$OfRef.accept(ForEachOps.java:184)
	at java.base/java.util.stream.ReferencePipeline$3$1.accept(ReferencePipeline.java:215)
	at java.base/java.util.stream.ForEachOps$ForEachOp$OfRef.accept(ForEachOps.java:184)
	at java.base/java.util.stream.ForEachOps$ForEachOp$OfRef.accept(ForEachOps.java:184)
	at java.base/java.util.stream.ReferencePipeline$3$1.accept(ReferencePipeline.java:215)
	at java.base/java.util.Spliterators$ArraySpliterator.forEachRemaining(Spliterators.java:1024)
	at java.base/java.util.stream.ReferencePipeline$Head.forEach(ReferencePipeline.java:807)
	at java.base/java.util.stream.ReferencePipeline$7$1FlatMap.accept(ReferencePipeline.java:294)
	at java.base/java.util.stream.ReferencePipeline$3$1.accept(ReferencePipeline.java:215)
	at java.base/java.util.stream.ReferencePipeline$3$1.accept(ReferencePipeline.java:215)
	at java.base/java.util.stream.ReferencePipeline$3$1.accept(ReferencePipeline.java:215)
	at java.base/java.util.Spliterators$ArraySpliterator.forEachRemaining(Spliterators.java:1024)
	at java.base/java.util.stream.AbstractPipeline.copyInto(AbstractPipeline.java:570)
	at java.base/java.util.stream.AbstractPipeline.wrapAndCopyInto(AbstractPipeline.java:560)
	at java.base/java.util.stream.ForEachOps$ForEachOp.evaluateSequential(ForEachOps.java:151)
	at java.base/java.util.stream.ForEachOps$ForEachOp$OfRef.evaluateSequential(ForEachOps.java:174)
	at java.base/java.util.stream.AbstractPipeline.evaluate(AbstractPipeline.java:265)
	at java.base/java.util.stream.ReferencePipeline.forEach(ReferencePipeline.java:636)
	at java.base/java.util.stream.ReferencePipeline$7$1FlatMap.accept(ReferencePipeline.java:294)
	at java.base/java.util.ArrayList$ArrayListSpliterator.forEachRemaining(ArrayList.java:1709)
	at java.base/java.util.stream.AbstractPipeline.copyInto(AbstractPipeline.java:570)
	at java.base/java.util.stream.AbstractPipeline.wrapAndCopyInto(AbstractPipeline.java:560)
	at java.base/java.util.stream.ForEachOps$ForEachOp.evaluateSequential(ForEachOps.java:151)
	at java.base/java.util.stream.ForEachOps$ForEachOp$OfRef.evaluateSequential(ForEachOps.java:174)
	at java.base/java.util.stream.AbstractPipeline.evaluate(AbstractPipeline.java:265)
	at java.base/java.util.stream.ReferencePipeline.forEach(ReferencePipeline.java:636)
	at java.base/java.util.stream.ReferencePipeline$7$1FlatMap.accept(ReferencePipeline.java:294)
	at java.base/java.util.stream.ReferencePipeline$3$1.accept(ReferencePipeline.java:215)
	at java.base/java.util.stream.ReferencePipeline$3$1.accept(ReferencePipeline.java:215)
	at java.base/java.util.stream.ReferencePipeline$3$1.accept(ReferencePipeline.java:215)
	at java.base/java.util.ArrayList$ArrayListSpliterator.forEachRemaining(ArrayList.java:1709)
	at java.base/java.util.stream.AbstractPipeline.copyInto(AbstractPipeline.java:570)
	at java.base/java.util.stream.AbstractPipeline.wrapAndCopyInto(AbstractPipeline.java:560)
	at java.base/java.util.stream.ForEachOps$ForEachOp.evaluateSequential(ForEachOps.java:151)
	at java.base/java.util.stream.ForEachOps$ForEachOp$OfRef.evaluateSequential(ForEachOps.java:174)
	at java.base/java.util.stream.AbstractPipeline.evaluate(AbstractPipeline.java:265)
	at java.base/java.util.stream.ReferencePipeline.forEach(ReferencePipeline.java:636)
	at java.base/java.util.ArrayList.forEach(ArrayList.java:1597)
	at java.base/java.util.ArrayList.forEach(ArrayList.java:1597)

[ERROR] org.jsoup.integration.FuzzFixesTest.testHtmlParse(File)[44] -- Time elapsed: 0.008 s <<< ERROR!
java.lang.NoSuchMethodError: 'org.jsoup.nodes.Document$OutputSettings org.jsoup.nodes.Document$OutputSettings.charset(java.nio.charset.Charset)'
	at org.jsoup.helper.DataUtil.parseInputStream(DataUtil.java:339)
	at org.jsoup.helper.DataUtil.parseInputStream(DataUtil.java:230)
	at org.jsoup.helper.DataUtil.load(DataUtil.java:120)
	at org.jsoup.helper.DataUtil.load(DataUtil.java:102)
	at org.jsoup.helper.DataUtil.load(DataUtil.java:69)
	at org.jsoup.Jsoup.parse(Jsoup.java:137)
	at org.jsoup.integration.FuzzFixesTest.testHtmlParse(FuzzFixesTest.java:59)
	at java.base/java.lang.reflect.Method.invoke(Method.java:580)
	at java.base/java.util.Optional.ifPresent(Optional.java:178)
	at java.base/java.util.stream.ForEachOps$ForEachOp$OfRef.accept(ForEachOps.java:184)
	at java.base/java.util.stream.ReferencePipeline$3$1.accept(ReferencePipeline.java:215)
	at java.base/java.util.stream.ForEachOps$ForEachOp$OfRef.accept(ForEachOps.java:184)
	at java.base/java.util.stream.ForEachOps$ForEachOp$OfRef.accept(ForEachOps.java:184)
	at java.base/java.util.stream.ReferencePipeline$3$1.accept(ReferencePipeline.java:215)
	at java.base/java.util.Spliterators$ArraySpliterator.forEachRemaining(Spliterators.java:1024)
	at java.base/java.util.stream.ReferencePipeline$Head.forEach(ReferencePipeline.java:807)
	at java.base/java.util.stream.ReferencePipeline$7$1FlatMap.accept(ReferencePipeline.java:294)
	at java.base/java.util.stream.ReferencePipeline$3$1.accept(ReferencePipeline.java:215)
	at java.base/java.util.stream.ReferencePipeline$3$1.accept(ReferencePipeline.java:215)
	at java.base/java.util.stream.ReferencePipeline$3$1.accept(ReferencePipeline.java:215)
	at java.base/java.util.Spliterators$ArraySpliterator.forEachRemaining(Spliterators.java:1024)
	at java.base/java.util.stream.AbstractPipeline.copyInto(AbstractPipeline.java:570)
	at java.base/java.util.stream.AbstractPipeline.wrapAndCopyInto(AbstractPipeline.java:560)
	at java.base/java.util.stream.ForEachOps$ForEachOp.evaluateSequential(ForEachOps.java:151)
	at java.base/java.util.stream.ForEachOps$ForEachOp$OfRef.evaluateSequential(ForEachOps.java:174)
	at java.base/java.util.stream.AbstractPipeline.evaluate(AbstractPipeline.java:265)
	at java.base/java.util.stream.ReferencePipeline.forEach(ReferencePipeline.java:636)
	at java.base/java.util.stream.ReferencePipeline$7$1FlatMap.accept(ReferencePipeline.java:294)
	at java.base/java.util.ArrayList$ArrayListSpliterator.forEachRemaining(ArrayList.java:1709)
	at java.base/java.util.stream.AbstractPipeline.copyInto(AbstractPipeline.java:570)
	at java.base/java.util.stream.AbstractPipeline.wrapAndCopyInto(AbstractPipeline.java:560)
	at java.base/java.util.stream.ForEachOps$ForEachOp.evaluateSequential(ForEachOps.java:151)
	at java.base/java.util.stream.ForEachOps$ForEachOp$OfRef.evaluateSequential(ForEachOps.java:174)
	at java.base/java.util.stream.AbstractPipeline.evaluate(AbstractPipeline.java:265)
	at java.base/java.util.stream.ReferencePipeline.forEach(ReferencePipeline.java:636)
	at java.base/java.util.stream.ReferencePipeline$7$1FlatMap.accept(ReferencePipeline.java:294)
	at java.base/java.util.stream.ReferencePipeline$3$1.accept(ReferencePipeline.java:215)
	at java.base/java.util.stream.ReferencePipeline$3$1.accept(ReferencePipeline.java:215)
	at java.base/java.util.stream.ReferencePipeline$3$1.accept(ReferencePipeline.java:215)
	at java.base/java.util.ArrayList$ArrayListSpliterator.forEachRemaining(ArrayList.java:1709)
	at java.base/java.util.stream.AbstractPipeline.copyInto(AbstractPipeline.java:570)
	at java.base/java.util.stream.AbstractPipeline.wrapAndCopyInto(AbstractPipeline.java:560)
	at java.base/java.util.stream.ForEachOps$ForEachOp.evaluateSequential(ForEachOps.java:151)
	at java.base/java.util.stream.ForEachOps$ForEachOp$OfRef.evaluateSequential(ForEachOps.java:174)
	at java.base/java.util.stream.AbstractPipeline.evaluate(AbstractPipeline.java:265)
	at java.base/java.util.stream.ReferencePipeline.forEach(ReferencePipeline.java:636)
	at java.base/java.util.ArrayList.forEach(ArrayList.java:1597)
	at java.base/java.util.ArrayList.forEach(ArrayList.java:1597)

[ERROR] org.jsoup.integration.FuzzFixesTest.testHtmlParse(File)[45] -- Time elapsed: 0.008 s <<< ERROR!
java.lang.NoSuchMethodError: 'org.jsoup.nodes.Document$OutputSettings org.jsoup.nodes.Document$OutputSettings.charset(java.nio.charset.Charset)'
	at org.jsoup.helper.DataUtil.parseInputStream(DataUtil.java:339)
	at org.jsoup.helper.DataUtil.parseInputStream(DataUtil.java:230)
	at org.jsoup.helper.DataUtil.load(DataUtil.java:120)
	at org.jsoup.helper.DataUtil.load(DataUtil.java:102)
	at org.jsoup.helper.DataUtil.load(DataUtil.java:69)
	at org.jsoup.Jsoup.parse(Jsoup.java:137)
	at org.jsoup.integration.FuzzFixesTest.testHtmlParse(FuzzFixesTest.java:59)
	at java.base/java.lang.reflect.Method.invoke(Method.java:580)
	at java.base/java.util.Optional.ifPresent(Optional.java:178)
	at java.base/java.util.stream.ForEachOps$ForEachOp$OfRef.accept(ForEachOps.java:184)
	at java.base/java.util.stream.ReferencePipeline$3$1.accept(ReferencePipeline.java:215)
	at java.base/java.util.stream.ForEachOps$ForEachOp$OfRef.accept(ForEachOps.java:184)
	at java.base/java.util.stream.ForEachOps$ForEachOp$OfRef.accept(ForEachOps.java:184)
	at java.base/java.util.stream.ReferencePipeline$3$1.accept(ReferencePipeline.java:215)
	at java.base/java.util.Spliterators$ArraySpliterator.forEachRemaining(Spliterators.java:1024)
	at java.base/java.util.stream.ReferencePipeline$Head.forEach(ReferencePipeline.java:807)
	at java.base/java.util.stream.ReferencePipeline$7$1FlatMap.accept(ReferencePipeline.java:294)
	at java.base/java.util.stream.ReferencePipeline$3$1.accept(ReferencePipeline.java:215)
	at java.base/java.util.stream.ReferencePipeline$3$1.accept(ReferencePipeline.java:215)
	at java.base/java.util.stream.ReferencePipeline$3$1.accept(ReferencePipeline.java:215)
	at java.base/java.util.Spliterators$ArraySpliterator.forEachRemaining(Spliterators.java:1024)
	at java.base/java.util.stream.AbstractPipeline.copyInto(AbstractPipeline.java:570)
	at java.base/java.util.stream.AbstractPipeline.wrapAndCopyInto(AbstractPipeline.java:560)
	at java.base/java.util.stream.ForEachOps$ForEachOp.evaluateSequential(ForEachOps.java:151)
	at java.base/java.util.stream.ForEachOps$ForEachOp$OfRef.evaluateSequential(ForEachOps.java:174)
	at java.base/java.util.stream.AbstractPipeline.evaluate(AbstractPipeline.java:265)
	at java.base/java.util.stream.ReferencePipeline.forEach(ReferencePipeline.java:636)
	at java.base/java.util.stream.ReferencePipeline$7$1FlatMap.accept(ReferencePipeline.java:294)
	at java.base/java.util.ArrayList$ArrayListSpliterator.forEachRemaining(ArrayList.java:1709)
	at java.base/java.util.stream.AbstractPipeline.copyInto(AbstractPipeline.java:570)
	at java.base/java.util.stream.AbstractPipeline.wrapAndCopyInto(AbstractPipeline.java:560)
	at java.base/java.util.stream.ForEachOps$ForEachOp.evaluateSequential(ForEachOps.java:151)
	at java.base/java.util.stream.ForEachOps$ForEachOp$OfRef.evaluateSequential(ForEachOps.java:174)
	at java.base/java.util.stream.AbstractPipeline.evaluate(AbstractPipeline.java:265)
	at java.base/java.util.stream.ReferencePipeline.forEach(ReferencePipeline.java:636)
	at java.base/java.util.stream.ReferencePipeline$7$1FlatMap.accept(ReferencePipeline.java:294)
	at java.base/java.util.stream.ReferencePipeline$3$1.accept(ReferencePipeline.java:215)
	at java.base/java.util.stream.ReferencePipeline$3$1.accept(ReferencePipeline.java:215)
	at java.base/java.util.stream.ReferencePipeline$3$1.accept(ReferencePipeline.java:215)
	at java.base/java.util.ArrayList$ArrayListSpliterator.forEachRemaining(ArrayList.java:1709)
	at java.base/java.util.stream.AbstractPipeline.copyInto(AbstractPipeline.java:570)
	at java.base/java.util.stream.AbstractPipeline.wrapAndCopyInto(AbstractPipeline.java:560)
	at java.base/java.util.stream.ForEachOps$ForEachOp.evaluateSequential(ForEachOps.java:151)
	at java.base/java.util.stream.ForEachOps$ForEachOp$OfRef.evaluateSequential(ForEachOps.java:174)
	at java.base/java.util.stream.AbstractPipeline.evaluate(AbstractPipeline.java:265)
	at java.base/java.util.stream.ReferencePipeline.forEach(ReferencePipeline.java:636)
	at java.base/java.util.ArrayList.forEach(ArrayList.java:1597)
	at java.base/java.util.ArrayList.forEach(ArrayList.java:1597)

[ERROR] org.jsoup.integration.FuzzFixesTest.testHtmlParse(File)[46] -- Time elapsed: 0.014 s <<< ERROR!
java.lang.NoSuchMethodError: 'org.jsoup.nodes.Document$OutputSettings org.jsoup.nodes.Document$OutputSettings.charset(java.nio.charset.Charset)'
	at org.jsoup.helper.DataUtil.parseInputStream(DataUtil.java:339)
	at org.jsoup.helper.DataUtil.parseInputStream(DataUtil.java:230)
	at org.jsoup.helper.DataUtil.load(DataUtil.java:120)
	at org.jsoup.helper.DataUtil.load(DataUtil.java:102)
	at org.jsoup.helper.DataUtil.load(DataUtil.java:69)
	at org.jsoup.Jsoup.parse(Jsoup.java:137)
	at org.jsoup.integration.FuzzFixesTest.testHtmlParse(FuzzFixesTest.java:59)
	at java.base/java.lang.reflect.Method.invoke(Method.java:580)
	at java.base/java.util.Optional.ifPresent(Optional.java:178)
	at java.base/java.util.stream.ForEachOps$ForEachOp$OfRef.accept(ForEachOps.java:184)
	at java.base/java.util.stream.ReferencePipeline$3$1.accept(ReferencePipeline.java:215)
	at java.base/java.util.stream.ForEachOps$ForEachOp$OfRef.accept(ForEachOps.java:184)
	at java.base/java.util.stream.ForEachOps$ForEachOp$OfRef.accept(ForEachOps.java:184)
	at java.base/java.util.stream.ReferencePipeline$3$1.accept(ReferencePipeline.java:215)
	at java.base/java.util.Spliterators$ArraySpliterator.forEachRemaining(Spliterators.java:1024)
	at java.base/java.util.stream.ReferencePipeline$Head.forEach(ReferencePipeline.java:807)
	at java.base/java.util.stream.ReferencePipeline$7$1FlatMap.accept(ReferencePipeline.java:294)
	at java.base/java.util.stream.ReferencePipeline$3$1.accept(ReferencePipeline.java:215)
	at java.base/java.util.stream.ReferencePipeline$3$1.accept(ReferencePipeline.java:215)
	at java.base/java.util.stream.ReferencePipeline$3$1.accept(ReferencePipeline.java:215)
	at java.base/java.util.Spliterators$ArraySpliterator.forEachRemaining(Spliterators.java:1024)
	at java.base/java.util.stream.AbstractPipeline.copyInto(AbstractPipeline.java:570)
	at java.base/java.util.stream.AbstractPipeline.wrapAndCopyInto(AbstractPipeline.java:560)
	at java.base/java.util.stream.ForEachOps$ForEachOp.evaluateSequential(ForEachOps.java:151)
	at java.base/java.util.stream.ForEachOps$ForEachOp$OfRef.evaluateSequential(ForEachOps.java:174)
	at java.base/java.util.stream.AbstractPipeline.evaluate(AbstractPipeline.java:265)
	at java.base/java.util.stream.ReferencePipeline.forEach(ReferencePipeline.java:636)
	at java.base/java.util.stream.ReferencePipeline$7$1FlatMap.accept(ReferencePipeline.java:294)
	at java.base/java.util.ArrayList$ArrayListSpliterator.forEachRemaining(ArrayList.java:1709)
	at java.base/java.util.stream.AbstractPipeline.copyInto(AbstractPipeline.java:570)
	at java.base/java.util.stream.AbstractPipeline.wrapAndCopyInto(AbstractPipeline.java:560)
	at java.base/java.util.stream.ForEachOps$ForEachOp.evaluateSequential(ForEachOps.java:151)
	at java.base/java.util.stream.ForEachOps$ForEachOp$OfRef.evaluateSequential(ForEachOps.java:174)
	at java.base/java.util.stream.AbstractPipeline.evaluate(AbstractPipeline.java:265)
	at java.base/java.util.stream.ReferencePipeline.forEach(ReferencePipeline.java:636)
	at java.base/java.util.stream.ReferencePipeline$7$1FlatMap.accept(ReferencePipeline.java:294)
	at java.base/java.util.stream.ReferencePipeline$3$1.accept(ReferencePipeline.java:215)
	at java.base/java.util.stream.ReferencePipeline$3$1.accept(ReferencePipeline.java:215)
	at java.base/java.util.stream.ReferencePipeline$3$1.accept(ReferencePipeline.java:215)
	at java.base/java.util.ArrayList$ArrayListSpliterator.forEachRemaining(ArrayList.java:1709)
	at java.base/java.util.stream.AbstractPipeline.copyInto(AbstractPipeline.java:570)
	at java.base/java.util.stream.AbstractPipeline.wrapAndCopyInto(AbstractPipeline.java:560)
	at java.base/java.util.stream.ForEachOps$ForEachOp.evaluateSequential(ForEachOps.java:151)
	at java.base/java.util.stream.ForEachOps$ForEachOp$OfRef.evaluateSequential(ForEachOps.java:174)
	at java.base/java.util.stream.AbstractPipeline.evaluate(AbstractPipeline.java:265)
	at java.base/java.util.stream.ReferencePipeline.forEach(ReferencePipeline.java:636)
	at java.base/java.util.ArrayList.forEach(ArrayList.java:1597)
	at java.base/java.util.ArrayList.forEach(ArrayList.java:1597)

[ERROR] org.jsoup.integration.FuzzFixesTest.testHtmlParse(File)[47] -- Time elapsed: 0.010 s <<< ERROR!
java.lang.NoSuchMethodError: 'org.jsoup.nodes.Document$OutputSettings org.jsoup.nodes.Document$OutputSettings.charset(java.nio.charset.Charset)'
	at org.jsoup.helper.DataUtil.parseInputStream(DataUtil.java:339)
	at org.jsoup.helper.DataUtil.parseInputStream(DataUtil.java:230)
	at org.jsoup.helper.DataUtil.load(DataUtil.java:120)
	at org.jsoup.helper.DataUtil.load(DataUtil.java:102)
	at org.jsoup.helper.DataUtil.load(DataUtil.java:69)
	at org.jsoup.Jsoup.parse(Jsoup.java:137)
	at org.jsoup.integration.FuzzFixesTest.testHtmlParse(FuzzFixesTest.java:59)
	at java.base/java.lang.reflect.Method.invoke(Method.java:580)
	at java.base/java.util.Optional.ifPresent(Optional.java:178)
	at java.base/java.util.stream.ForEachOps$ForEachOp$OfRef.accept(ForEachOps.java:184)
	at java.base/java.util.stream.ReferencePipeline$3$1.accept(ReferencePipeline.java:215)
	at java.base/java.util.stream.ForEachOps$ForEachOp$OfRef.accept(ForEachOps.java:184)
	at java.base/java.util.stream.ForEachOps$ForEachOp$OfRef.accept(ForEachOps.java:184)
	at java.base/java.util.stream.ReferencePipeline$3$1.accept(ReferencePipeline.java:215)
	at java.base/java.util.Spliterators$ArraySpliterator.forEachRemaining(Spliterators.java:1024)
	at java.base/java.util.stream.ReferencePipeline$Head.forEach(ReferencePipeline.java:807)
	at java.base/java.util.stream.ReferencePipeline$7$1FlatMap.accept(ReferencePipeline.java:294)
	at java.base/java.util.stream.ReferencePipeline$3$1.accept(ReferencePipeline.java:215)
	at java.base/java.util.stream.ReferencePipeline$3$1.accept(ReferencePipeline.java:215)
	at java.base/java.util.stream.ReferencePipeline$3$1.accept(ReferencePipeline.java:215)
	at java.base/java.util.Spliterators$ArraySpliterator.forEachRemaining(Spliterators.java:1024)
	at java.base/java.util.stream.AbstractPipeline.copyInto(AbstractPipeline.java:570)
	at java.base/java.util.stream.AbstractPipeline.wrapAndCopyInto(AbstractPipeline.java:560)
	at java.base/java.util.stream.ForEachOps$ForEachOp.evaluateSequential(ForEachOps.java:151)
	at java.base/java.util.stream.ForEachOps$ForEachOp$OfRef.evaluateSequential(ForEachOps.java:174)
	at java.base/java.util.stream.AbstractPipeline.evaluate(AbstractPipeline.java:265)
	at java.base/java.util.stream.ReferencePipeline.forEach(ReferencePipeline.java:636)
	at java.base/java.util.stream.ReferencePipeline$7$1FlatMap.accept(ReferencePipeline.java:294)
	at java.base/java.util.ArrayList$ArrayListSpliterator.forEachRemaining(ArrayList.java:1709)
	at java.base/java.util.stream.AbstractPipeline.copyInto(AbstractPipeline.java:570)
	at java.base/java.util.stream.AbstractPipeline.wrapAndCopyInto(AbstractPipeline.java:560)
	at java.base/java.util.stream.ForEachOps$ForEachOp.evaluateSequential(ForEachOps.java:151)
	at java.base/java.util.stream.ForEachOps$ForEachOp$OfRef.evaluateSequential(ForEachOps.java:174)
	at java.base/java.util.stream.AbstractPipeline.evaluate(AbstractPipeline.java:265)
	at java.base/java.util.stream.ReferencePipeline.forEach(ReferencePipeline.java:636)
	at java.base/java.util.stream.ReferencePipeline$7$1FlatMap.accept(ReferencePipeline.java:294)
	at java.base/java.util.stream.ReferencePipeline$3$1.accept(ReferencePipeline.java:215)
	at java.base/java.util.stream.ReferencePipeline$3$1.accept(ReferencePipeline.java:215)
	at java.base/java.util.stream.ReferencePipeline$3$1.accept(ReferencePipeline.java:215)
	at java.base/java.util.ArrayList$ArrayListSpliterator.forEachRemaining(ArrayList.java:1709)
	at java.base/java.util.stream.AbstractPipeline.copyInto(AbstractPipeline.java:570)
	at java.base/java.util.stream.AbstractPipeline.wrapAndCopyInto(AbstractPipeline.java:560)
	at java.base/java.util.stream.ForEachOps$ForEachOp.evaluateSequential(ForEachOps.java:151)
	at java.base/java.util.stream.ForEachOps$ForEachOp$OfRef.evaluateSequential(ForEachOps.java:174)
	at java.base/java.util.stream.AbstractPipeline.evaluate(AbstractPipeline.java:265)
	at java.base/java.util.stream.ReferencePipeline.forEach(ReferencePipeline.java:636)
	at java.base/java.util.ArrayList.forEach(ArrayList.java:1597)
	at java.base/java.util.ArrayList.forEach(ArrayList.java:1597)

[ERROR] org.jsoup.integration.FuzzFixesTest.testHtmlParse(File)[48] -- Time elapsed: 0.002 s <<< ERROR!
java.lang.NoSuchMethodError: 'org.jsoup.nodes.Document$OutputSettings org.jsoup.nodes.Document$OutputSettings.charset(java.nio.charset.Charset)'
	at org.jsoup.helper.DataUtil.parseInputStream(DataUtil.java:339)
	at org.jsoup.helper.DataUtil.parseInputStream(DataUtil.java:230)
	at org.jsoup.helper.DataUtil.load(DataUtil.java:120)
	at org.jsoup.helper.DataUtil.load(DataUtil.java:102)
	at org.jsoup.helper.DataUtil.load(DataUtil.java:69)
	at org.jsoup.Jsoup.parse(Jsoup.java:137)
	at org.jsoup.integration.FuzzFixesTest.testHtmlParse(FuzzFixesTest.java:59)
	at java.base/java.lang.reflect.Method.invoke(Method.java:580)
	at java.base/java.util.Optional.ifPresent(Optional.java:178)
	at java.base/java.util.stream.ForEachOps$ForEachOp$OfRef.accept(ForEachOps.java:184)
	at java.base/java.util.stream.ReferencePipeline$3$1.accept(ReferencePipeline.java:215)
	at java.base/java.util.stream.ForEachOps$ForEachOp$OfRef.accept(ForEachOps.java:184)
	at java.base/java.util.stream.ForEachOps$ForEachOp$OfRef.accept(ForEachOps.java:184)
	at java.base/java.util.stream.ReferencePipeline$3$1.accept(ReferencePipeline.java:215)
	at java.base/java.util.Spliterators$ArraySpliterator.forEachRemaining(Spliterators.java:1024)
	at java.base/java.util.stream.ReferencePipeline$Head.forEach(ReferencePipeline.java:807)
	at java.base/java.util.stream.ReferencePipeline$7$1FlatMap.accept(ReferencePipeline.java:294)
	at java.base/java.util.stream.ReferencePipeline$3$1.accept(ReferencePipeline.java:215)
	at java.base/java.util.stream.ReferencePipeline$3$1.accept(ReferencePipeline.java:215)
	at java.base/java.util.stream.ReferencePipeline$3$1.accept(ReferencePipeline.java:215)
	at java.base/java.util.Spliterators$ArraySpliterator.forEachRemaining(Spliterators.java:1024)
	at java.base/java.util.stream.AbstractPipeline.copyInto(AbstractPipeline.java:570)
	at java.base/java.util.stream.AbstractPipeline.wrapAndCopyInto(AbstractPipeline.java:560)
	at java.base/java.util.stream.ForEachOps$ForEachOp.evaluateSequential(ForEachOps.java:151)
	at java.base/java.util.stream.ForEachOps$ForEachOp$OfRef.evaluateSequential(ForEachOps.java:174)
	at java.base/java.util.stream.AbstractPipeline.evaluate(AbstractPipeline.java:265)
	at java.base/java.util.stream.ReferencePipeline.forEach(ReferencePipeline.java:636)
	at java.base/java.util.stream.ReferencePipeline$7$1FlatMap.accept(ReferencePipeline.java:294)
	at java.base/java.util.ArrayList$ArrayListSpliterator.forEachRemaining(ArrayList.java:1709)
	at java.base/java.util.stream.AbstractPipeline.copyInto(AbstractPipeline.java:570)
	at java.base/java.util.stream.AbstractPipeline.wrapAndCopyInto(AbstractPipeline.java:560)
	at java.base/java.util.stream.ForEachOps$ForEachOp.evaluateSequential(ForEachOps.java:151)
	at java.base/java.util.stream.ForEachOps$ForEachOp$OfRef.evaluateSequential(ForEachOps.java:174)
	at java.base/java.util.stream.AbstractPipeline.evaluate(AbstractPipeline.java:265)
	at java.base/java.util.stream.ReferencePipeline.forEach(ReferencePipeline.java:636)
	at java.base/java.util.stream.ReferencePipeline$7$1FlatMap.accept(ReferencePipeline.java:294)
	at java.base/java.util.stream.ReferencePipeline$3$1.accept(ReferencePipeline.java:215)
	at java.base/java.util.stream.ReferencePipeline$3$1.accept(ReferencePipeline.java:215)
	at java.base/java.util.stream.ReferencePipeline$3$1.accept(ReferencePipeline.java:215)
	at java.base/java.util.ArrayList$ArrayListSpliterator.forEachRemaining(ArrayList.java:1709)
	at java.base/java.util.stream.AbstractPipeline.copyInto(AbstractPipeline.java:570)
	at java.base/java.util.stream.AbstractPipeline.wrapAndCopyInto(AbstractPipeline.java:560)
	at java.base/java.util.stream.ForEachOps$ForEachOp.evaluateSequential(ForEachOps.java:151)
	at java.base/java.util.stream.ForEachOps$ForEachOp$OfRef.evaluateSequential(ForEachOps.java:174)
	at java.base/java.util.stream.AbstractPipeline.evaluate(AbstractPipeline.java:265)
	at java.base/java.util.stream.ReferencePipeline.forEach(ReferencePipeline.java:636)
	at java.base/java.util.ArrayList.forEach(ArrayList.java:1597)
	at java.base/java.util.ArrayList.forEach(ArrayList.java:1597)

[ERROR] org.jsoup.integration.FuzzFixesTest.testHtmlParse(File)[49] -- Time elapsed: 0.001 s <<< ERROR!
java.lang.NoSuchMethodError: 'org.jsoup.nodes.Document$OutputSettings org.jsoup.nodes.Document$OutputSettings.charset(java.nio.charset.Charset)'
	at org.jsoup.helper.DataUtil.parseInputStream(DataUtil.java:339)
	at org.jsoup.helper.DataUtil.parseInputStream(DataUtil.java:230)
	at org.jsoup.helper.DataUtil.load(DataUtil.java:120)
	at org.jsoup.helper.DataUtil.load(DataUtil.java:102)
	at org.jsoup.helper.DataUtil.load(DataUtil.java:69)
	at org.jsoup.Jsoup.parse(Jsoup.java:137)
	at org.jsoup.integration.FuzzFixesTest.testHtmlParse(FuzzFixesTest.java:59)
	at java.base/java.lang.reflect.Method.invoke(Method.java:580)
	at java.base/java.util.Optional.ifPresent(Optional.java:178)
	at java.base/java.util.stream.ForEachOps$ForEachOp$OfRef.accept(ForEachOps.java:184)
	at java.base/java.util.stream.ReferencePipeline$3$1.accept(ReferencePipeline.java:215)
	at java.base/java.util.stream.ForEachOps$ForEachOp$OfRef.accept(ForEachOps.java:184)
	at java.base/java.util.stream.ForEachOps$ForEachOp$OfRef.accept(ForEachOps.java:184)
	at java.base/java.util.stream.ReferencePipeline$3$1.accept(ReferencePipeline.java:215)
	at java.base/java.util.Spliterators$ArraySpliterator.forEachRemaining(Spliterators.java:1024)
	at java.base/java.util.stream.ReferencePipeline$Head.forEach(ReferencePipeline.java:807)
	at java.base/java.util.stream.ReferencePipeline$7$1FlatMap.accept(ReferencePipeline.java:294)
	at java.base/java.util.stream.ReferencePipeline$3$1.accept(ReferencePipeline.java:215)
	at java.base/java.util.stream.ReferencePipeline$3$1.accept(ReferencePipeline.java:215)
	at java.base/java.util.stream.ReferencePipeline$3$1.accept(ReferencePipeline.java:215)
	at java.base/java.util.Spliterators$ArraySpliterator.forEachRemaining(Spliterators.java:1024)
	at java.base/java.util.stream.AbstractPipeline.copyInto(AbstractPipeline.java:570)
	at java.base/java.util.stream.AbstractPipeline.wrapAndCopyInto(AbstractPipeline.java:560)
	at java.base/java.util.stream.ForEachOps$ForEachOp.evaluateSequential(ForEachOps.java:151)
	at java.base/java.util.stream.ForEachOps$ForEachOp$OfRef.evaluateSequential(ForEachOps.java:174)
	at java.base/java.util.stream.AbstractPipeline.evaluate(AbstractPipeline.java:265)
	at java.base/java.util.stream.ReferencePipeline.forEach(ReferencePipeline.java:636)
	at java.base/java.util.stream.ReferencePipeline$7$1FlatMap.accept(ReferencePipeline.java:294)
	at java.base/java.util.ArrayList$ArrayListSpliterator.forEachRemaining(ArrayList.java:1709)
	at java.base/java.util.stream.AbstractPipeline.copyInto(AbstractPipeline.java:570)
	at java.base/java.util.stream.AbstractPipeline.wrapAndCopyInto(AbstractPipeline.java:560)
	at java.base/java.util.stream.ForEachOps$ForEachOp.evaluateSequential(ForEachOps.java:151)
	at java.base/java.util.stream.ForEachOps$ForEachOp$OfRef.evaluateSequential(ForEachOps.java:174)
	at java.base/java.util.stream.AbstractPipeline.evaluate(AbstractPipeline.java:265)
	at java.base/java.util.stream.ReferencePipeline.forEach(ReferencePipeline.java:636)
	at java.base/java.util.stream.ReferencePipeline$7$1FlatMap.accept(ReferencePipeline.java:294)
	at java.base/java.util.stream.ReferencePipeline$3$1.accept(ReferencePipeline.java:215)
	at java.base/java.util.stream.ReferencePipeline$3$1.accept(ReferencePipeline.java:215)
	at java.base/java.util.stream.ReferencePipeline$3$1.accept(ReferencePipeline.java:215)
	at java.base/java.util.ArrayList$ArrayListSpliterator.forEachRemaining(ArrayList.java:1709)
	at java.base/java.util.stream.AbstractPipeline.copyInto(AbstractPipeline.java:570)
	at java.base/java.util.stream.AbstractPipeline.wrapAndCopyInto(AbstractPipeline.java:560)
	at java.base/java.util.stream.ForEachOps$ForEachOp.evaluateSequential(ForEachOps.java:151)
	at java.base/java.util.stream.ForEachOps$ForEachOp$OfRef.evaluateSequential(ForEachOps.java:174)
	at java.base/java.util.stream.AbstractPipeline.evaluate(AbstractPipeline.java:265)
	at java.base/java.util.stream.ReferencePipeline.forEach(ReferencePipeline.java:636)
	at java.base/java.util.ArrayList.forEach(ArrayList.java:1597)
	at java.base/java.util.ArrayList.forEach(ArrayList.java:1597)

[ERROR] org.jsoup.integration.FuzzFixesTest.testHtmlParse(File)[50] -- Time elapsed: 0.011 s <<< ERROR!
java.lang.NoSuchMethodError: 'org.jsoup.nodes.Document$OutputSettings org.jsoup.nodes.Document$OutputSettings.charset(java.nio.charset.Charset)'
	at org.jsoup.helper.DataUtil.parseInputStream(DataUtil.java:339)
	at org.jsoup.helper.DataUtil.parseInputStream(DataUtil.java:230)
	at org.jsoup.helper.DataUtil.load(DataUtil.java:120)
	at org.jsoup.helper.DataUtil.load(DataUtil.java:102)
	at org.jsoup.helper.DataUtil.load(DataUtil.java:69)
	at org.jsoup.Jsoup.parse(Jsoup.java:137)
	at org.jsoup.integration.FuzzFixesTest.testHtmlParse(FuzzFixesTest.java:59)
	at java.base/java.lang.reflect.Method.invoke(Method.java:580)
	at java.base/java.util.Optional.ifPresent(Optional.java:178)
	at java.base/java.util.stream.ForEachOps$ForEachOp$OfRef.accept(ForEachOps.java:184)
	at java.base/java.util.stream.ReferencePipeline$3$1.accept(ReferencePipeline.java:215)
	at java.base/java.util.stream.ForEachOps$ForEachOp$OfRef.accept(ForEachOps.java:184)
	at java.base/java.util.stream.ForEachOps$ForEachOp$OfRef.accept(ForEachOps.java:184)
	at java.base/java.util.stream.ReferencePipeline$3$1.accept(ReferencePipeline.java:215)
	at java.base/java.util.Spliterators$ArraySpliterator.forEachRemaining(Spliterators.java:1024)
	at java.base/java.util.stream.ReferencePipeline$Head.forEach(ReferencePipeline.java:807)
	at java.base/java.util.stream.ReferencePipeline$7$1FlatMap.accept(ReferencePipeline.java:294)
	at java.base/java.util.stream.ReferencePipeline$3$1.accept(ReferencePipeline.java:215)
	at java.base/java.util.stream.ReferencePipeline$3$1.accept(ReferencePipeline.java:215)
	at java.base/java.util.stream.ReferencePipeline$3$1.accept(ReferencePipeline.java:215)
	at java.base/java.util.Spliterators$ArraySpliterator.forEachRemaining(Spliterators.java:1024)
	at java.base/java.util.stream.AbstractPipeline.copyInto(AbstractPipeline.java:570)
	at java.base/java.util.stream.AbstractPipeline.wrapAndCopyInto(AbstractPipeline.java:560)
	at java.base/java.util.stream.ForEachOps$ForEachOp.evaluateSequential(ForEachOps.java:151)
	at java.base/java.util.stream.ForEachOps$ForEachOp$OfRef.evaluateSequential(ForEachOps.java:174)
	at java.base/java.util.stream.AbstractPipeline.evaluate(AbstractPipeline.java:265)
	at java.base/java.util.stream.ReferencePipeline.forEach(ReferencePipeline.java:636)
	at java.base/java.util.stream.ReferencePipeline$7$1FlatMap.accept(ReferencePipeline.java:294)
	at java.base/java.util.ArrayList$ArrayListSpliterator.forEachRemaining(ArrayList.java:1709)
	at java.base/java.util.stream.AbstractPipeline.copyInto(AbstractPipeline.java:570)
	at java.base/java.util.stream.AbstractPipeline.wrapAndCopyInto(AbstractPipeline.java:560)
	at java.base/java.util.stream.ForEachOps$ForEachOp.evaluateSequential(ForEachOps.java:151)
	at java.base/java.util.stream.ForEachOps$ForEachOp$OfRef.evaluateSequential(ForEachOps.java:174)
	at java.base/java.util.stream.AbstractPipeline.evaluate(AbstractPipeline.java:265)
	at java.base/java.util.stream.ReferencePipeline.forEach(ReferencePipeline.java:636)
	at java.base/java.util.stream.ReferencePipeline$7$1FlatMap.accept(ReferencePipeline.java:294)
	at java.base/java.util.stream.ReferencePipeline$3$1.accept(ReferencePipeline.java:215)
	at java.base/java.util.stream.ReferencePipeline$3$1.accept(ReferencePipeline.java:215)
	at java.base/java.util.stream.ReferencePipeline$3$1.accept(ReferencePipeline.java:215)
	at java.base/java.util.ArrayList$ArrayListSpliterator.forEachRemaining(ArrayList.java:1709)
	at java.base/java.util.stream.AbstractPipeline.copyInto(AbstractPipeline.java:570)
	at java.base/java.util.stream.AbstractPipeline.wrapAndCopyInto(AbstractPipeline.java:560)
	at java.base/java.util.stream.ForEachOps$ForEachOp.evaluateSequential(ForEachOps.java:151)
	at java.base/java.util.stream.ForEachOps$ForEachOp$OfRef.evaluateSequential(ForEachOps.java:174)
	at java.base/java.util.stream.AbstractPipeline.evaluate(AbstractPipeline.java:265)
	at java.base/java.util.stream.ReferencePipeline.forEach(ReferencePipeline.java:636)
	at java.base/java.util.ArrayList.forEach(ArrayList.java:1597)
	at java.base/java.util.ArrayList.forEach(ArrayList.java:1597)

[ERROR] org.jsoup.integration.FuzzFixesTest.testXmlParse(File)[1] -- Time elapsed: 0.001 s <<< ERROR!
java.lang.NoSuchMethodError: 'org.jsoup.nodes.Document$OutputSettings org.jsoup.nodes.Document$OutputSettings.syntax(org.jsoup.nodes.Document$OutputSettings$Syntax)'
	at org.jsoup.parser.XmlTreeBuilder.initialiseParse(XmlTreeBuilder.java:50)
	at org.jsoup.parser.TreeBuilder.parse(TreeBuilder.java:76)
	at org.jsoup.parser.Parser.parseInput(Parser.java:89)
	at org.jsoup.helper.DataUtil.parseInputStream(DataUtil.java:334)
	at org.jsoup.helper.DataUtil.parseInputStream(DataUtil.java:230)
	at org.jsoup.helper.DataUtil.load(DataUtil.java:120)
	at org.jsoup.helper.DataUtil.load(DataUtil.java:87)
	at org.jsoup.Jsoup.parse(Jsoup.java:186)
	at org.jsoup.integration.FuzzFixesTest.testXmlParse(FuzzFixesTest.java:76)
	at java.base/java.lang.reflect.Method.invoke(Method.java:580)
	at java.base/java.util.Optional.ifPresent(Optional.java:178)
	at java.base/java.util.stream.ForEachOps$ForEachOp$OfRef.accept(ForEachOps.java:184)
	at java.base/java.util.stream.ReferencePipeline$3$1.accept(ReferencePipeline.java:215)
	at java.base/java.util.stream.ForEachOps$ForEachOp$OfRef.accept(ForEachOps.java:184)
	at java.base/java.util.stream.ForEachOps$ForEachOp$OfRef.accept(ForEachOps.java:184)
	at java.base/java.util.stream.ReferencePipeline$3$1.accept(ReferencePipeline.java:215)
	at java.base/java.util.Spliterators$ArraySpliterator.forEachRemaining(Spliterators.java:1024)
	at java.base/java.util.stream.ReferencePipeline$Head.forEach(ReferencePipeline.java:807)
	at java.base/java.util.stream.ReferencePipeline$7$1FlatMap.accept(ReferencePipeline.java:294)
	at java.base/java.util.stream.ReferencePipeline$3$1.accept(ReferencePipeline.java:215)
	at java.base/java.util.stream.ReferencePipeline$3$1.accept(ReferencePipeline.java:215)
	at java.base/java.util.stream.ReferencePipeline$3$1.accept(ReferencePipeline.java:215)
	at java.base/java.util.Spliterators$ArraySpliterator.forEachRemaining(Spliterators.java:1024)
	at java.base/java.util.stream.AbstractPipeline.copyInto(AbstractPipeline.java:570)
	at java.base/java.util.stream.AbstractPipeline.wrapAndCopyInto(AbstractPipeline.java:560)
	at java.base/java.util.stream.ForEachOps$ForEachOp.evaluateSequential(ForEachOps.java:151)
	at java.base/java.util.stream.ForEachOps$ForEachOp$OfRef.evaluateSequential(ForEachOps.java:174)
	at java.base/java.util.stream.AbstractPipeline.evaluate(AbstractPipeline.java:265)
	at java.base/java.util.stream.ReferencePipeline.forEach(ReferencePipeline.java:636)
	at java.base/java.util.stream.ReferencePipeline$7$1FlatMap.accept(ReferencePipeline.java:294)
	at java.base/java.util.ArrayList$ArrayListSpliterator.forEachRemaining(ArrayList.java:1709)
	at java.base/java.util.stream.AbstractPipeline.copyInto(AbstractPipeline.java:570)
	at java.base/java.util.stream.AbstractPipeline.wrapAndCopyInto(AbstractPipeline.java:560)
	at java.base/java.util.stream.ForEachOps$ForEachOp.evaluateSequential(ForEachOps.java:151)
	at java.base/java.util.stream.ForEachOps$ForEachOp$OfRef.evaluateSequential(ForEachOps.java:174)
	at java.base/java.util.stream.AbstractPipeline.evaluate(AbstractPipeline.java:265)
	at java.base/java.util.stream.ReferencePipeline.forEach(ReferencePipeline.java:636)
	at java.base/java.util.stream.ReferencePipeline$7$1FlatMap.accept(ReferencePipeline.java:294)
	at java.base/java.util.stream.ReferencePipeline$3$1.accept(ReferencePipeline.java:215)
	at java.base/java.util.stream.ReferencePipeline$3$1.accept(ReferencePipeline.java:215)
	at java.base/java.util.stream.ReferencePipeline$3$1.accept(ReferencePipeline.java:215)
	at java.base/java.util.ArrayList$ArrayListSpliterator.forEachRemaining(ArrayList.java:1709)
	at java.base/java.util.stream.AbstractPipeline.copyInto(AbstractPipeline.java:570)
	at java.base/java.util.stream.AbstractPipeline.wrapAndCopyInto(AbstractPipeline.java:560)
	at java.base/java.util.stream.ForEachOps$ForEachOp.evaluateSequential(ForEachOps.java:151)
	at java.base/java.util.stream.ForEachOps$ForEachOp$OfRef.evaluateSequential(ForEachOps.java:174)
	at java.base/java.util.stream.AbstractPipeline.evaluate(AbstractPipeline.java:265)
	at java.base/java.util.stream.ReferencePipeline.forEach(ReferencePipeline.java:636)
	at java.base/java.util.ArrayList.forEach(ArrayList.java:1597)
	at java.base/java.util.ArrayList.forEach(ArrayList.java:1597)

[ERROR] org.jsoup.integration.FuzzFixesTest.testXmlParse(File)[2] -- Time elapsed: 0.001 s <<< ERROR!
java.lang.NoSuchMethodError: 'org.jsoup.nodes.Document$OutputSettings org.jsoup.nodes.Document$OutputSettings.syntax(org.jsoup.nodes.Document$OutputSettings$Syntax)'
	at org.jsoup.parser.XmlTreeBuilder.initialiseParse(XmlTreeBuilder.java:50)
	at org.jsoup.parser.TreeBuilder.parse(TreeBuilder.java:76)
	at org.jsoup.parser.Parser.parseInput(Parser.java:89)
	at org.jsoup.helper.DataUtil.parseInputStream(DataUtil.java:334)
	at org.jsoup.helper.DataUtil.parseInputStream(DataUtil.java:230)
	at org.jsoup.helper.DataUtil.load(DataUtil.java:120)
	at org.jsoup.helper.DataUtil.load(DataUtil.java:87)
	at org.jsoup.Jsoup.parse(Jsoup.java:186)
	at org.jsoup.integration.FuzzFixesTest.testXmlParse(FuzzFixesTest.java:76)
	at java.base/java.lang.reflect.Method.invoke(Method.java:580)
	at java.base/java.util.Optional.ifPresent(Optional.java:178)
	at java.base/java.util.stream.ForEachOps$ForEachOp$OfRef.accept(ForEachOps.java:184)
	at java.base/java.util.stream.ReferencePipeline$3$1.accept(ReferencePipeline.java:215)
	at java.base/java.util.stream.ForEachOps$ForEachOp$OfRef.accept(ForEachOps.java:184)
	at java.base/java.util.stream.ForEachOps$ForEachOp$OfRef.accept(ForEachOps.java:184)
	at java.base/java.util.stream.ReferencePipeline$3$1.accept(ReferencePipeline.java:215)
	at java.base/java.util.Spliterators$ArraySpliterator.forEachRemaining(Spliterators.java:1024)
	at java.base/java.util.stream.ReferencePipeline$Head.forEach(ReferencePipeline.java:807)
	at java.base/java.util.stream.ReferencePipeline$7$1FlatMap.accept(ReferencePipeline.java:294)
	at java.base/java.util.stream.ReferencePipeline$3$1.accept(ReferencePipeline.java:215)
	at java.base/java.util.stream.ReferencePipeline$3$1.accept(ReferencePipeline.java:215)
	at java.base/java.util.stream.ReferencePipeline$3$1.accept(ReferencePipeline.java:215)
	at java.base/java.util.Spliterators$ArraySpliterator.forEachRemaining(Spliterators.java:1024)
	at java.base/java.util.stream.AbstractPipeline.copyInto(AbstractPipeline.java:570)
	at java.base/java.util.stream.AbstractPipeline.wrapAndCopyInto(AbstractPipeline.java:560)
	at java.base/java.util.stream.ForEachOps$ForEachOp.evaluateSequential(ForEachOps.java:151)
	at java.base/java.util.stream.ForEachOps$ForEachOp$OfRef.evaluateSequential(ForEachOps.java:174)
	at java.base/java.util.stream.AbstractPipeline.evaluate(AbstractPipeline.java:265)
	at java.base/java.util.stream.ReferencePipeline.forEach(ReferencePipeline.java:636)
	at java.base/java.util.stream.ReferencePipeline$7$1FlatMap.accept(ReferencePipeline.java:294)
	at java.base/java.util.ArrayList$ArrayListSpliterator.forEachRemaining(ArrayList.java:1709)
	at java.base/java.util.stream.AbstractPipeline.copyInto(AbstractPipeline.java:570)
	at java.base/java.util.stream.AbstractPipeline.wrapAndCopyInto(AbstractPipeline.java:560)
	at java.base/java.util.stream.ForEachOps$ForEachOp.evaluateSequential(ForEachOps.java:151)
	at java.base/java.util.stream.ForEachOps$ForEachOp$OfRef.evaluateSequential(ForEachOps.java:174)
	at java.base/java.util.stream.AbstractPipeline.evaluate(AbstractPipeline.java:265)
	at java.base/java.util.stream.ReferencePipeline.forEach(ReferencePipeline.java:636)
	at java.base/java.util.stream.ReferencePipeline$7$1FlatMap.accept(ReferencePipeline.java:294)
	at java.base/java.util.stream.ReferencePipeline$3$1.accept(ReferencePipeline.java:215)
	at java.base/java.util.stream.ReferencePipeline$3$1.accept(ReferencePipeline.java:215)
	at java.base/java.util.stream.ReferencePipeline$3$1.accept(ReferencePipeline.java:215)
	at java.base/java.util.ArrayList$ArrayListSpliterator.forEachRemaining(ArrayList.java:1709)
	at java.base/java.util.stream.AbstractPipeline.copyInto(AbstractPipeline.java:570)
	at java.base/java.util.stream.AbstractPipeline.wrapAndCopyInto(AbstractPipeline.java:560)
	at java.base/java.util.stream.ForEachOps$ForEachOp.evaluateSequential(ForEachOps.java:151)
	at java.base/java.util.stream.ForEachOps$ForEachOp$OfRef.evaluateSequential(ForEachOps.java:174)
	at java.base/java.util.stream.AbstractPipeline.evaluate(AbstractPipeline.java:265)
	at java.base/java.util.stream.ReferencePipeline.forEach(ReferencePipeline.java:636)
	at java.base/java.util.ArrayList.forEach(ArrayList.java:1597)
	at java.base/java.util.ArrayList.forEach(ArrayList.java:1597)

[ERROR] org.jsoup.integration.FuzzFixesTest.testXmlParse(File)[3] -- Time elapsed: 0 s <<< ERROR!
java.lang.NoSuchMethodError: 'org.jsoup.nodes.Document$OutputSettings org.jsoup.nodes.Document$OutputSettings.syntax(org.jsoup.nodes.Document$OutputSettings$Syntax)'
	at org.jsoup.parser.XmlTreeBuilder.initialiseParse(XmlTreeBuilder.java:50)
	at org.jsoup.parser.TreeBuilder.parse(TreeBuilder.java:76)
	at org.jsoup.parser.Parser.parseInput(Parser.java:89)
	at org.jsoup.helper.DataUtil.parseInputStream(DataUtil.java:334)
	at org.jsoup.helper.DataUtil.parseInputStream(DataUtil.java:230)
	at org.jsoup.helper.DataUtil.load(DataUtil.java:120)
	at org.jsoup.helper.DataUtil.load(DataUtil.java:87)
	at org.jsoup.Jsoup.parse(Jsoup.java:186)
	at org.jsoup.integration.FuzzFixesTest.testXmlParse(FuzzFixesTest.java:76)
	at java.base/java.lang.reflect.Method.invoke(Method.java:580)
	at java.base/java.util.Optional.ifPresent(Optional.java:178)
	at java.base/java.util.stream.ForEachOps$ForEachOp$OfRef.accept(ForEachOps.java:184)
	at java.base/java.util.stream.ReferencePipeline$3$1.accept(ReferencePipeline.java:215)
	at java.base/java.util.stream.ForEachOps$ForEachOp$OfRef.accept(ForEachOps.java:184)
	at java.base/java.util.stream.ForEachOps$ForEachOp$OfRef.accept(ForEachOps.java:184)
	at java.base/java.util.stream.ReferencePipeline$3$1.accept(ReferencePipeline.java:215)
	at java.base/java.util.Spliterators$ArraySpliterator.forEachRemaining(Spliterators.java:1024)
	at java.base/java.util.stream.ReferencePipeline$Head.forEach(ReferencePipeline.java:807)
	at java.base/java.util.stream.ReferencePipeline$7$1FlatMap.accept(ReferencePipeline.java:294)
	at java.base/java.util.stream.ReferencePipeline$3$1.accept(ReferencePipeline.java:215)
	at java.base/java.util.stream.ReferencePipeline$3$1.accept(ReferencePipeline.java:215)
	at java.base/java.util.stream.ReferencePipeline$3$1.accept(ReferencePipeline.java:215)
	at java.base/java.util.Spliterators$ArraySpliterator.forEachRemaining(Spliterators.java:1024)
	at java.base/java.util.stream.AbstractPipeline.copyInto(AbstractPipeline.java:570)
	at java.base/java.util.stream.AbstractPipeline.wrapAndCopyInto(AbstractPipeline.java:560)
	at java.base/java.util.stream.ForEachOps$ForEachOp.evaluateSequential(ForEachOps.java:151)
	at java.base/java.util.stream.ForEachOps$ForEachOp$OfRef.evaluateSequential(ForEachOps.java:174)
	at java.base/java.util.stream.AbstractPipeline.evaluate(AbstractPipeline.java:265)
	at java.base/java.util.stream.ReferencePipeline.forEach(ReferencePipeline.java:636)
	at java.base/java.util.stream.ReferencePipeline$7$1FlatMap.accept(ReferencePipeline.java:294)
	at java.base/java.util.ArrayList$ArrayListSpliterator.forEachRemaining(ArrayList.java:1709)
	at java.base/java.util.stream.AbstractPipeline.copyInto(AbstractPipeline.java:570)
	at java.base/java.util.stream.AbstractPipeline.wrapAndCopyInto(AbstractPipeline.java:560)
	at java.base/java.util.stream.ForEachOps$ForEachOp.evaluateSequential(ForEachOps.java:151)
	at java.base/java.util.stream.ForEachOps$ForEachOp$OfRef.evaluateSequential(ForEachOps.java:174)
	at java.base/java.util.stream.AbstractPipeline.evaluate(AbstractPipeline.java:265)
	at java.base/java.util.stream.ReferencePipeline.forEach(ReferencePipeline.java:636)
	at java.base/java.util.stream.ReferencePipeline$7$1FlatMap.accept(ReferencePipeline.java:294)
	at java.base/java.util.stream.ReferencePipeline$3$1.accept(ReferencePipeline.java:215)
	at java.base/java.util.stream.ReferencePipeline$3$1.accept(ReferencePipeline.java:215)
	at java.base/java.util.stream.ReferencePipeline$3$1.accept(ReferencePipeline.java:215)
	at java.base/java.util.ArrayList$ArrayListSpliterator.forEachRemaining(ArrayList.java:1709)
	at java.base/java.util.stream.AbstractPipeline.copyInto(AbstractPipeline.java:570)
	at java.base/java.util.stream.AbstractPipeline.wrapAndCopyInto(AbstractPipeline.java:560)
	at java.base/java.util.stream.ForEachOps$ForEachOp.evaluateSequential(ForEachOps.java:151)
	at java.base/java.util.stream.ForEachOps$ForEachOp$OfRef.evaluateSequential(ForEachOps.java:174)
	at java.base/java.util.stream.AbstractPipeline.evaluate(AbstractPipeline.java:265)
	at java.base/java.util.stream.ReferencePipeline.forEach(ReferencePipeline.java:636)
	at java.base/java.util.ArrayList.forEach(ArrayList.java:1597)
	at java.base/java.util.ArrayList.forEach(ArrayList.java:1597)

[ERROR] org.jsoup.integration.FuzzFixesTest.testXmlParse(File)[4] -- Time elapsed: 0 s <<< ERROR!
java.lang.NoSuchMethodError: 'org.jsoup.nodes.Document$OutputSettings org.jsoup.nodes.Document$OutputSettings.syntax(org.jsoup.nodes.Document$OutputSettings$Syntax)'
	at org.jsoup.parser.XmlTreeBuilder.initialiseParse(XmlTreeBuilder.java:50)
	at org.jsoup.parser.TreeBuilder.parse(TreeBuilder.java:76)
	at org.jsoup.parser.Parser.parseInput(Parser.java:89)
	at org.jsoup.helper.DataUtil.parseInputStream(DataUtil.java:334)
	at org.jsoup.helper.DataUtil.parseInputStream(DataUtil.java:230)
	at org.jsoup.helper.DataUtil.load(DataUtil.java:120)
	at org.jsoup.helper.DataUtil.load(DataUtil.java:87)
	at org.jsoup.Jsoup.parse(Jsoup.java:186)
	at org.jsoup.integration.FuzzFixesTest.testXmlParse(FuzzFixesTest.java:76)
	at java.base/java.lang.reflect.Method.invoke(Method.java:580)
	at java.base/java.util.Optional.ifPresent(Optional.java:178)
	at java.base/java.util.stream.ForEachOps$ForEachOp$OfRef.accept(ForEachOps.java:184)
	at java.base/java.util.stream.ReferencePipeline$3$1.accept(ReferencePipeline.java:215)
	at java.base/java.util.stream.ForEachOps$ForEachOp$OfRef.accept(ForEachOps.java:184)
	at java.base/java.util.stream.ForEachOps$ForEachOp$OfRef.accept(ForEachOps.java:184)
	at java.base/java.util.stream.ReferencePipeline$3$1.accept(ReferencePipeline.java:215)
	at java.base/java.util.Spliterators$ArraySpliterator.forEachRemaining(Spliterators.java:1024)
	at java.base/java.util.stream.ReferencePipeline$Head.forEach(ReferencePipeline.java:807)
	at java.base/java.util.stream.ReferencePipeline$7$1FlatMap.accept(ReferencePipeline.java:294)
	at java.base/java.util.stream.ReferencePipeline$3$1.accept(ReferencePipeline.java:215)
	at java.base/java.util.stream.ReferencePipeline$3$1.accept(ReferencePipeline.java:215)
	at java.base/java.util.stream.ReferencePipeline$3$1.accept(ReferencePipeline.java:215)
	at java.base/java.util.Spliterators$ArraySpliterator.forEachRemaining(Spliterators.java:1024)
	at java.base/java.util.stream.AbstractPipeline.copyInto(AbstractPipeline.java:570)
	at java.base/java.util.stream.AbstractPipeline.wrapAndCopyInto(AbstractPipeline.java:560)
	at java.base/java.util.stream.ForEachOps$ForEachOp.evaluateSequential(ForEachOps.java:151)
	at java.base/java.util.stream.ForEachOps$ForEachOp$OfRef.evaluateSequential(ForEachOps.java:174)
	at java.base/java.util.stream.AbstractPipeline.evaluate(AbstractPipeline.java:265)
	at java.base/java.util.stream.ReferencePipeline.forEach(ReferencePipeline.java:636)
	at java.base/java.util.stream.ReferencePipeline$7$1FlatMap.accept(ReferencePipeline.java:294)
	at java.base/java.util.ArrayList$ArrayListSpliterator.forEachRemaining(ArrayList.java:1709)
	at java.base/java.util.stream.AbstractPipeline.copyInto(AbstractPipeline.java:570)
	at java.base/java.util.stream.AbstractPipeline.wrapAndCopyInto(AbstractPipeline.java:560)
	at java.base/java.util.stream.ForEachOps$ForEachOp.evaluateSequential(ForEachOps.java:151)
	at java.base/java.util.stream.ForEachOps$ForEachOp$OfRef.evaluateSequential(ForEachOps.java:174)
	at java.base/java.util.stream.AbstractPipeline.evaluate(AbstractPipeline.java:265)
	at java.base/java.util.stream.ReferencePipeline.forEach(ReferencePipeline.java:636)
	at java.base/java.util.stream.ReferencePipeline$7$1FlatMap.accept(ReferencePipeline.java:294)
	at java.base/java.util.stream.ReferencePipeline$3$1.accept(ReferencePipeline.java:215)
	at java.base/java.util.stream.ReferencePipeline$3$1.accept(ReferencePipeline.java:215)
	at java.base/java.util.stream.ReferencePipeline$3$1.accept(ReferencePipeline.java:215)
	at java.base/java.util.ArrayList$ArrayListSpliterator.forEachRemaining(ArrayList.java:1709)
	at java.base/java.util.stream.AbstractPipeline.copyInto(AbstractPipeline.java:570)
	at java.base/java.util.stream.AbstractPipeline.wrapAndCopyInto(AbstractPipeline.java:560)
	at java.base/java.util.stream.ForEachOps$ForEachOp.evaluateSequential(ForEachOps.java:151)
	at java.base/java.util.stream.ForEachOps$ForEachOp$OfRef.evaluateSequential(ForEachOps.java:174)
	at java.base/java.util.stream.AbstractPipeline.evaluate(AbstractPipeline.java:265)
	at java.base/java.util.stream.ReferencePipeline.forEach(ReferencePipeline.java:636)
	at java.base/java.util.ArrayList.forEach(ArrayList.java:1597)
	at java.base/java.util.ArrayList.forEach(ArrayList.java:1597)

[ERROR] org.jsoup.integration.FuzzFixesTest.testXmlParse(File)[5] -- Time elapsed: 0 s <<< ERROR!
java.lang.NoSuchMethodError: 'org.jsoup.nodes.Document$OutputSettings org.jsoup.nodes.Document$OutputSettings.syntax(org.jsoup.nodes.Document$OutputSettings$Syntax)'
	at org.jsoup.parser.XmlTreeBuilder.initialiseParse(XmlTreeBuilder.java:50)
	at org.jsoup.parser.TreeBuilder.parse(TreeBuilder.java:76)
	at org.jsoup.parser.Parser.parseInput(Parser.java:89)
	at org.jsoup.helper.DataUtil.parseInputStream(DataUtil.java:334)
	at org.jsoup.helper.DataUtil.parseInputStream(DataUtil.java:230)
	at org.jsoup.helper.DataUtil.load(DataUtil.java:120)
	at org.jsoup.helper.DataUtil.load(DataUtil.java:87)
	at org.jsoup.Jsoup.parse(Jsoup.java:186)
	at org.jsoup.integration.FuzzFixesTest.testXmlParse(FuzzFixesTest.java:76)
	at java.base/java.lang.reflect.Method.invoke(Method.java:580)
	at java.base/java.util.Optional.ifPresent(Optional.java:178)
	at java.base/java.util.stream.ForEachOps$ForEachOp$OfRef.accept(ForEachOps.java:184)
	at java.base/java.util.stream.ReferencePipeline$3$1.accept(ReferencePipeline.java:215)
	at java.base/java.util.stream.ForEachOps$ForEachOp$OfRef.accept(ForEachOps.java:184)
	at java.base/java.util.stream.ForEachOps$ForEachOp$OfRef.accept(ForEachOps.java:184)
	at java.base/java.util.stream.ReferencePipeline$3$1.accept(ReferencePipeline.java:215)
	at java.base/java.util.Spliterators$ArraySpliterator.forEachRemaining(Spliterators.java:1024)
	at java.base/java.util.stream.ReferencePipeline$Head.forEach(ReferencePipeline.java:807)
	at java.base/java.util.stream.ReferencePipeline$7$1FlatMap.accept(ReferencePipeline.java:294)
	at java.base/java.util.stream.ReferencePipeline$3$1.accept(ReferencePipeline.java:215)
	at java.base/java.util.stream.ReferencePipeline$3$1.accept(ReferencePipeline.java:215)
	at java.base/java.util.stream.ReferencePipeline$3$1.accept(ReferencePipeline.java:215)
	at java.base/java.util.Spliterators$ArraySpliterator.forEachRemaining(Spliterators.java:1024)
	at java.base/java.util.stream.AbstractPipeline.copyInto(AbstractPipeline.java:570)
	at java.base/java.util.stream.AbstractPipeline.wrapAndCopyInto(AbstractPipeline.java:560)
	at java.base/java.util.stream.ForEachOps$ForEachOp.evaluateSequential(ForEachOps.java:151)
	at java.base/java.util.stream.ForEachOps$ForEachOp$OfRef.evaluateSequential(ForEachOps.java:174)
	at java.base/java.util.stream.AbstractPipeline.evaluate(AbstractPipeline.java:265)
	at java.base/java.util.stream.ReferencePipeline.forEach(ReferencePipeline.java:636)
	at java.base/java.util.stream.ReferencePipeline$7$1FlatMap.accept(ReferencePipeline.java:294)
	at java.base/java.util.ArrayList$ArrayListSpliterator.forEachRemaining(ArrayList.java:1709)
	at java.base/java.util.stream.AbstractPipeline.copyInto(AbstractPipeline.java:570)
	at java.base/java.util.stream.AbstractPipeline.wrapAndCopyInto(AbstractPipeline.java:560)
	at java.base/java.util.stream.ForEachOps$ForEachOp.evaluateSequential(ForEachOps.java:151)
	at java.base/java.util.stream.ForEachOps$ForEachOp$OfRef.evaluateSequential(ForEachOps.java:174)
	at java.base/java.util.stream.AbstractPipeline.evaluate(AbstractPipeline.java:265)
	at java.base/java.util.stream.ReferencePipeline.forEach(ReferencePipeline.java:636)
	at java.base/java.util.stream.ReferencePipeline$7$1FlatMap.accept(ReferencePipeline.java:294)
	at java.base/java.util.stream.ReferencePipeline$3$1.accept(ReferencePipeline.java:215)
	at java.base/java.util.stream.ReferencePipeline$3$1.accept(ReferencePipeline.java:215)
	at java.base/java.util.stream.ReferencePipeline$3$1.accept(ReferencePipeline.java:215)
	at java.base/java.util.ArrayList$ArrayListSpliterator.forEachRemaining(ArrayList.java:1709)
	at java.base/java.util.stream.AbstractPipeline.copyInto(AbstractPipeline.java:570)
	at java.base/java.util.stream.AbstractPipeline.wrapAndCopyInto(AbstractPipeline.java:560)
	at java.base/java.util.stream.ForEachOps$ForEachOp.evaluateSequential(ForEachOps.java:151)
	at java.base/java.util.stream.ForEachOps$ForEachOp$OfRef.evaluateSequential(ForEachOps.java:174)
	at java.base/java.util.stream.AbstractPipeline.evaluate(AbstractPipeline.java:265)
	at java.base/java.util.stream.ReferencePipeline.forEach(ReferencePipeline.java:636)
	at java.base/java.util.ArrayList.forEach(ArrayList.java:1597)
	at java.base/java.util.ArrayList.forEach(ArrayList.java:1597)

[ERROR] org.jsoup.integration.FuzzFixesTest.testXmlParse(File)[6] -- Time elapsed: 0 s <<< ERROR!
java.lang.NoSuchMethodError: 'org.jsoup.nodes.Document$OutputSettings org.jsoup.nodes.Document$OutputSettings.syntax(org.jsoup.nodes.Document$OutputSettings$Syntax)'
	at org.jsoup.parser.XmlTreeBuilder.initialiseParse(XmlTreeBuilder.java:50)
	at org.jsoup.parser.TreeBuilder.parse(TreeBuilder.java:76)
	at org.jsoup.parser.Parser.parseInput(Parser.java:89)
	at org.jsoup.helper.DataUtil.parseInputStream(DataUtil.java:334)
	at org.jsoup.helper.DataUtil.parseInputStream(DataUtil.java:230)
	at org.jsoup.helper.DataUtil.load(DataUtil.java:120)
	at org.jsoup.helper.DataUtil.load(DataUtil.java:87)
	at org.jsoup.Jsoup.parse(Jsoup.java:186)
	at org.jsoup.integration.FuzzFixesTest.testXmlParse(FuzzFixesTest.java:76)
	at java.base/java.lang.reflect.Method.invoke(Method.java:580)
	at java.base/java.util.Optional.ifPresent(Optional.java:178)
	at java.base/java.util.stream.ForEachOps$ForEachOp$OfRef.accept(ForEachOps.java:184)
	at java.base/java.util.stream.ReferencePipeline$3$1.accept(ReferencePipeline.java:215)
	at java.base/java.util.stream.ForEachOps$ForEachOp$OfRef.accept(ForEachOps.java:184)
	at java.base/java.util.stream.ForEachOps$ForEachOp$OfRef.accept(ForEachOps.java:184)
	at java.base/java.util.stream.ReferencePipeline$3$1.accept(ReferencePipeline.java:215)
	at java.base/java.util.Spliterators$ArraySpliterator.forEachRemaining(Spliterators.java:1024)
	at java.base/java.util.stream.ReferencePipeline$Head.forEach(ReferencePipeline.java:807)
	at java.base/java.util.stream.ReferencePipeline$7$1FlatMap.accept(ReferencePipeline.java:294)
	at java.base/java.util.stream.ReferencePipeline$3$1.accept(ReferencePipeline.java:215)
	at java.base/java.util.stream.ReferencePipeline$3$1.accept(ReferencePipeline.java:215)
	at java.base/java.util.stream.ReferencePipeline$3$1.accept(ReferencePipeline.java:215)
	at java.base/java.util.Spliterators$ArraySpliterator.forEachRemaining(Spliterators.java:1024)
	at java.base/java.util.stream.AbstractPipeline.copyInto(AbstractPipeline.java:570)
	at java.base/java.util.stream.AbstractPipeline.wrapAndCopyInto(AbstractPipeline.java:560)
	at java.base/java.util.stream.ForEachOps$ForEachOp.evaluateSequential(ForEachOps.java:151)
	at java.base/java.util.stream.ForEachOps$ForEachOp$OfRef.evaluateSequential(ForEachOps.java:174)
	at java.base/java.util.stream.AbstractPipeline.evaluate(AbstractPipeline.java:265)
	at java.base/java.util.stream.ReferencePipeline.forEach(ReferencePipeline.java:636)
	at java.base/java.util.stream.ReferencePipeline$7$1FlatMap.accept(ReferencePipeline.java:294)
	at java.base/java.util.ArrayList$ArrayListSpliterator.forEachRemaining(ArrayList.java:1709)
	at java.base/java.util.stream.AbstractPipeline.copyInto(AbstractPipeline.java:570)
	at java.base/java.util.stream.AbstractPipeline.wrapAndCopyInto(AbstractPipeline.java:560)
	at java.base/java.util.stream.ForEachOps$ForEachOp.evaluateSequential(ForEachOps.java:151)
	at java.base/java.util.stream.ForEachOps$ForEachOp$OfRef.evaluateSequential(ForEachOps.java:174)
	at java.base/java.util.stream.AbstractPipeline.evaluate(AbstractPipeline.java:265)
	at java.base/java.util.stream.ReferencePipeline.forEach(ReferencePipeline.java:636)
	at java.base/java.util.stream.ReferencePipeline$7$1FlatMap.accept(ReferencePipeline.java:294)
	at java.base/java.util.stream.ReferencePipeline$3$1.accept(ReferencePipeline.java:215)
	at java.base/java.util.stream.ReferencePipeline$3$1.accept(ReferencePipeline.java:215)
	at java.base/java.util.stream.ReferencePipeline$3$1.accept(ReferencePipeline.java:215)
	at java.base/java.util.ArrayList$ArrayListSpliterator.forEachRemaining(ArrayList.java:1709)
	at java.base/java.util.stream.AbstractPipeline.copyInto(AbstractPipeline.java:570)
	at java.base/java.util.stream.AbstractPipeline.wrapAndCopyInto(AbstractPipeline.java:560)
	at java.base/java.util.stream.ForEachOps$ForEachOp.evaluateSequential(ForEachOps.java:151)
	at java.base/java.util.stream.ForEachOps$ForEachOp$OfRef.evaluateSequential(ForEachOps.java:174)
	at java.base/java.util.stream.AbstractPipeline.evaluate(AbstractPipeline.java:265)
	at java.base/java.util.stream.ReferencePipeline.forEach(ReferencePipeline.java:636)
	at java.base/java.util.ArrayList.forEach(ArrayList.java:1597)
	at java.base/java.util.ArrayList.forEach(ArrayList.java:1597)

[ERROR] org.jsoup.integration.FuzzFixesTest.testXmlParse(File)[7] -- Time elapsed: 0 s <<< ERROR!
java.lang.NoSuchMethodError: 'org.jsoup.nodes.Document$OutputSettings org.jsoup.nodes.Document$OutputSettings.syntax(org.jsoup.nodes.Document$OutputSettings$Syntax)'
	at org.jsoup.parser.XmlTreeBuilder.initialiseParse(XmlTreeBuilder.java:50)
	at org.jsoup.parser.TreeBuilder.parse(TreeBuilder.java:76)
	at org.jsoup.parser.Parser.parseInput(Parser.java:89)
	at org.jsoup.helper.DataUtil.parseInputStream(DataUtil.java:334)
	at org.jsoup.helper.DataUtil.parseInputStream(DataUtil.java:230)
	at org.jsoup.helper.DataUtil.load(DataUtil.java:120)
	at org.jsoup.helper.DataUtil.load(DataUtil.java:87)
	at org.jsoup.Jsoup.parse(Jsoup.java:186)
	at org.jsoup.integration.FuzzFixesTest.testXmlParse(FuzzFixesTest.java:76)
	at java.base/java.lang.reflect.Method.invoke(Method.java:580)
	at java.base/java.util.Optional.ifPresent(Optional.java:178)
	at java.base/java.util.stream.ForEachOps$ForEachOp$OfRef.accept(ForEachOps.java:184)
	at java.base/java.util.stream.ReferencePipeline$3$1.accept(ReferencePipeline.java:215)
	at java.base/java.util.stream.ForEachOps$ForEachOp$OfRef.accept(ForEachOps.java:184)
	at java.base/java.util.stream.ForEachOps$ForEachOp$OfRef.accept(ForEachOps.java:184)
	at java.base/java.util.stream.ReferencePipeline$3$1.accept(ReferencePipeline.java:215)
	at java.base/java.util.Spliterators$ArraySpliterator.forEachRemaining(Spliterators.java:1024)
	at java.base/java.util.stream.ReferencePipeline$Head.forEach(ReferencePipeline.java:807)
	at java.base/java.util.stream.ReferencePipeline$7$1FlatMap.accept(ReferencePipeline.java:294)
	at java.base/java.util.stream.ReferencePipeline$3$1.accept(ReferencePipeline.java:215)
	at java.base/java.util.stream.ReferencePipeline$3$1.accept(ReferencePipeline.java:215)
	at java.base/java.util.stream.ReferencePipeline$3$1.accept(ReferencePipeline.java:215)
	at java.base/java.util.Spliterators$ArraySpliterator.forEachRemaining(Spliterators.java:1024)
	at java.base/java.util.stream.AbstractPipeline.copyInto(AbstractPipeline.java:570)
	at java.base/java.util.stream.AbstractPipeline.wrapAndCopyInto(AbstractPipeline.java:560)
	at java.base/java.util.stream.ForEachOps$ForEachOp.evaluateSequential(ForEachOps.java:151)
	at java.base/java.util.stream.ForEachOps$ForEachOp$OfRef.evaluateSequential(ForEachOps.java:174)
	at java.base/java.util.stream.AbstractPipeline.evaluate(AbstractPipeline.java:265)
	at java.base/java.util.stream.ReferencePipeline.forEach(ReferencePipeline.java:636)
	at java.base/java.util.stream.ReferencePipeline$7$1FlatMap.accept(ReferencePipeline.java:294)
	at java.base/java.util.ArrayList$ArrayListSpliterator.forEachRemaining(ArrayList.java:1709)
	at java.base/java.util.stream.AbstractPipeline.copyInto(AbstractPipeline.java:570)
	at java.base/java.util.stream.AbstractPipeline.wrapAndCopyInto(AbstractPipeline.java:560)
	at java.base/java.util.stream.ForEachOps$ForEachOp.evaluateSequential(ForEachOps.java:151)
	at java.base/java.util.stream.ForEachOps$ForEachOp$OfRef.evaluateSequential(ForEachOps.java:174)
	at java.base/java.util.stream.AbstractPipeline.evaluate(AbstractPipeline.java:265)
	at java.base/java.util.stream.ReferencePipeline.forEach(ReferencePipeline.java:636)
	at java.base/java.util.stream.ReferencePipeline$7$1FlatMap.accept(ReferencePipeline.java:294)
	at java.base/java.util.stream.ReferencePipeline$3$1.accept(ReferencePipeline.java:215)
	at java.base/java.util.stream.ReferencePipeline$3$1.accept(ReferencePipeline.java:215)
	at java.base/java.util.stream.ReferencePipeline$3$1.accept(ReferencePipeline.java:215)
	at java.base/java.util.ArrayList$ArrayListSpliterator.forEachRemaining(ArrayList.java:1709)
	at java.base/java.util.stream.AbstractPipeline.copyInto(AbstractPipeline.java:570)
	at java.base/java.util.stream.AbstractPipeline.wrapAndCopyInto(AbstractPipeline.java:560)
	at java.base/java.util.stream.ForEachOps$ForEachOp.evaluateSequential(ForEachOps.java:151)
	at java.base/java.util.stream.ForEachOps$ForEachOp$OfRef.evaluateSequential(ForEachOps.java:174)
	at java.base/java.util.stream.AbstractPipeline.evaluate(AbstractPipeline.java:265)
	at java.base/java.util.stream.ReferencePipeline.forEach(ReferencePipeline.java:636)
	at java.base/java.util.ArrayList.forEach(ArrayList.java:1597)
	at java.base/java.util.ArrayList.forEach(ArrayList.java:1597)

[ERROR] org.jsoup.integration.FuzzFixesTest.testXmlParse(File)[8] -- Time elapsed: 0 s <<< ERROR!
java.lang.NoSuchMethodError: 'org.jsoup.nodes.Document$OutputSettings org.jsoup.nodes.Document$OutputSettings.syntax(org.jsoup.nodes.Document$OutputSettings$Syntax)'
	at org.jsoup.parser.XmlTreeBuilder.initialiseParse(XmlTreeBuilder.java:50)
	at org.jsoup.parser.TreeBuilder.parse(TreeBuilder.java:76)
	at org.jsoup.parser.Parser.parseInput(Parser.java:89)
	at org.jsoup.helper.DataUtil.parseInputStream(DataUtil.java:334)
	at org.jsoup.helper.DataUtil.parseInputStream(DataUtil.java:230)
	at org.jsoup.helper.DataUtil.load(DataUtil.java:120)
	at org.jsoup.helper.DataUtil.load(DataUtil.java:87)
	at org.jsoup.Jsoup.parse(Jsoup.java:186)
	at org.jsoup.integration.FuzzFixesTest.testXmlParse(FuzzFixesTest.java:76)
	at java.base/java.lang.reflect.Method.invoke(Method.java:580)
	at java.base/java.util.Optional.ifPresent(Optional.java:178)
	at java.base/java.util.stream.ForEachOps$ForEachOp$OfRef.accept(ForEachOps.java:184)
	at java.base/java.util.stream.ReferencePipeline$3$1.accept(ReferencePipeline.java:215)
	at java.base/java.util.stream.ForEachOps$ForEachOp$OfRef.accept(ForEachOps.java:184)
	at java.base/java.util.stream.ForEachOps$ForEachOp$OfRef.accept(ForEachOps.java:184)
	at java.base/java.util.stream.ReferencePipeline$3$1.accept(ReferencePipeline.java:215)
	at java.base/java.util.Spliterators$ArraySpliterator.forEachRemaining(Spliterators.java:1024)
	at java.base/java.util.stream.ReferencePipeline$Head.forEach(ReferencePipeline.java:807)
	at java.base/java.util.stream.ReferencePipeline$7$1FlatMap.accept(ReferencePipeline.java:294)
	at java.base/java.util.stream.ReferencePipeline$3$1.accept(ReferencePipeline.java:215)
	at java.base/java.util.stream.ReferencePipeline$3$1.accept(ReferencePipeline.java:215)
	at java.base/java.util.stream.ReferencePipeline$3$1.accept(ReferencePipeline.java:215)
	at java.base/java.util.Spliterators$ArraySpliterator.forEachRemaining(Spliterators.java:1024)
	at java.base/java.util.stream.AbstractPipeline.copyInto(AbstractPipeline.java:570)
	at java.base/java.util.stream.AbstractPipeline.wrapAndCopyInto(AbstractPipeline.java:560)
	at java.base/java.util.stream.ForEachOps$ForEachOp.evaluateSequential(ForEachOps.java:151)
	at java.base/java.util.stream.ForEachOps$ForEachOp$OfRef.evaluateSequential(ForEachOps.java:174)
	at java.base/java.util.stream.AbstractPipeline.evaluate(AbstractPipeline.java:265)
	at java.base/java.util.stream.ReferencePipeline.forEach(ReferencePipeline.java:636)
	at java.base/java.util.stream.ReferencePipeline$7$1FlatMap.accept(ReferencePipeline.java:294)
	at java.base/java.util.ArrayList$ArrayListSpliterator.forEachRemaining(ArrayList.java:1709)
	at java.base/java.util.stream.AbstractPipeline.copyInto(AbstractPipeline.java:570)
	at java.base/java.util.stream.AbstractPipeline.wrapAndCopyInto(AbstractPipeline.java:560)
	at java.base/java.util.stream.ForEachOps$ForEachOp.evaluateSequential(ForEachOps.java:151)
	at java.base/java.util.stream.ForEachOps$ForEachOp$OfRef.evaluateSequential(ForEachOps.java:174)
	at java.base/java.util.stream.AbstractPipeline.evaluate(AbstractPipeline.java:265)
	at java.base/java.util.stream.ReferencePipeline.forEach(ReferencePipeline.java:636)
	at java.base/java.util.stream.ReferencePipeline$7$1FlatMap.accept(ReferencePipeline.java:294)
	at java.base/java.util.stream.ReferencePipeline$3$1.accept(ReferencePipeline.java:215)
	at java.base/java.util.stream.ReferencePipeline$3$1.accept(ReferencePipeline.java:215)
	at java.base/java.util.stream.ReferencePipeline$3$1.accept(ReferencePipeline.java:215)
	at java.base/java.util.ArrayList$ArrayListSpliterator.forEachRemaining(ArrayList.java:1709)
	at java.base/java.util.stream.AbstractPipeline.copyInto(AbstractPipeline.java:570)
	at java.base/java.util.stream.AbstractPipeline.wrapAndCopyInto(AbstractPipeline.java:560)
	at java.base/java.util.stream.ForEachOps$ForEachOp.evaluateSequential(ForEachOps.java:151)
	at java.base/java.util.stream.ForEachOps$ForEachOp$OfRef.evaluateSequential(ForEachOps.java:174)
	at java.base/java.util.stream.AbstractPipeline.evaluate(AbstractPipeline.java:265)
	at java.base/java.util.stream.ReferencePipeline.forEach(ReferencePipeline.java:636)
	at java.base/java.util.ArrayList.forEach(ArrayList.java:1597)
	at java.base/java.util.ArrayList.forEach(ArrayList.java:1597)

[ERROR] org.jsoup.integration.FuzzFixesTest.testXmlParse(File)[9] -- Time elapsed: 0 s <<< ERROR!
java.lang.NoSuchMethodError: 'org.jsoup.nodes.Document$OutputSettings org.jsoup.nodes.Document$OutputSettings.syntax(org.jsoup.nodes.Document$OutputSettings$Syntax)'
	at org.jsoup.parser.XmlTreeBuilder.initialiseParse(XmlTreeBuilder.java:50)
	at org.jsoup.parser.TreeBuilder.parse(TreeBuilder.java:76)
	at org.jsoup.parser.Parser.parseInput(Parser.java:89)
	at org.jsoup.helper.DataUtil.parseInputStream(DataUtil.java:334)
	at org.jsoup.helper.DataUtil.parseInputStream(DataUtil.java:230)
	at org.jsoup.helper.DataUtil.load(DataUtil.java:120)
	at org.jsoup.helper.DataUtil.load(DataUtil.java:87)
	at org.jsoup.Jsoup.parse(Jsoup.java:186)
	at org.jsoup.integration.FuzzFixesTest.testXmlParse(FuzzFixesTest.java:76)
	at java.base/java.lang.reflect.Method.invoke(Method.java:580)
	at java.base/java.util.Optional.ifPresent(Optional.java:178)
	at java.base/java.util.stream.ForEachOps$ForEachOp$OfRef.accept(ForEachOps.java:184)
	at java.base/java.util.stream.ReferencePipeline$3$1.accept(ReferencePipeline.java:215)
	at java.base/java.util.stream.ForEachOps$ForEachOp$OfRef.accept(ForEachOps.java:184)
	at java.base/java.util.stream.ForEachOps$ForEachOp$OfRef.accept(ForEachOps.java:184)
	at java.base/java.util.stream.ReferencePipeline$3$1.accept(ReferencePipeline.java:215)
	at java.base/java.util.Spliterators$ArraySpliterator.forEachRemaining(Spliterators.java:1024)
	at java.base/java.util.stream.ReferencePipeline$Head.forEach(ReferencePipeline.java:807)
	at java.base/java.util.stream.ReferencePipeline$7$1FlatMap.accept(ReferencePipeline.java:294)
	at java.base/java.util.stream.ReferencePipeline$3$1.accept(ReferencePipeline.java:215)
	at java.base/java.util.stream.ReferencePipeline$3$1.accept(ReferencePipeline.java:215)
	at java.base/java.util.stream.ReferencePipeline$3$1.accept(ReferencePipeline.java:215)
	at java.base/java.util.Spliterators$ArraySpliterator.forEachRemaining(Spliterators.java:1024)
	at java.base/java.util.stream.AbstractPipeline.copyInto(AbstractPipeline.java:570)
	at java.base/java.util.stream.AbstractPipeline.wrapAndCopyInto(AbstractPipeline.java:560)
	at java.base/java.util.stream.ForEachOps$ForEachOp.evaluateSequential(ForEachOps.java:151)
	at java.base/java.util.stream.ForEachOps$ForEachOp$OfRef.evaluateSequential(ForEachOps.java:174)
	at java.base/java.util.stream.AbstractPipeline.evaluate(AbstractPipeline.java:265)
	at java.base/java.util.stream.ReferencePipeline.forEach(ReferencePipeline.java:636)
	at java.base/java.util.stream.ReferencePipeline$7$1FlatMap.accept(ReferencePipeline.java:294)
	at java.base/java.util.ArrayList$ArrayListSpliterator.forEachRemaining(ArrayList.java:1709)
	at java.base/java.util.stream.AbstractPipeline.copyInto(AbstractPipeline.java:570)
	at java.base/java.util.stream.AbstractPipeline.wrapAndCopyInto(AbstractPipeline.java:560)
	at java.base/java.util.stream.ForEachOps$ForEachOp.evaluateSequential(ForEachOps.java:151)
	at java.base/java.util.stream.ForEachOps$ForEachOp$OfRef.evaluateSequential(ForEachOps.java:174)
	at java.base/java.util.stream.AbstractPipeline.evaluate(AbstractPipeline.java:265)
	at java.base/java.util.stream.ReferencePipeline.forEach(ReferencePipeline.java:636)
	at java.base/java.util.stream.ReferencePipeline$7$1FlatMap.accept(ReferencePipeline.java:294)
	at java.base/java.util.stream.ReferencePipeline$3$1.accept(ReferencePipeline.java:215)
	at java.base/java.util.stream.ReferencePipeline$3$1.accept(ReferencePipeline.java:215)
	at java.base/java.util.stream.ReferencePipeline$3$1.accept(ReferencePipeline.java:215)
	at java.base/java.util.ArrayList$ArrayListSpliterator.forEachRemaining(ArrayList.java:1709)
	at java.base/java.util.stream.AbstractPipeline.copyInto(AbstractPipeline.java:570)
	at java.base/java.util.stream.AbstractPipeline.wrapAndCopyInto(AbstractPipeline.java:560)
	at java.base/java.util.stream.ForEachOps$ForEachOp.evaluateSequential(ForEachOps.java:151)
	at java.base/java.util.stream.ForEachOps$ForEachOp$OfRef.evaluateSequential(ForEachOps.java:174)
	at java.base/java.util.stream.AbstractPipeline.evaluate(AbstractPipeline.java:265)
	at java.base/java.util.stream.ReferencePipeline.forEach(ReferencePipeline.java:636)
	at java.base/java.util.ArrayList.forEach(ArrayList.java:1597)
	at java.base/java.util.ArrayList.forEach(ArrayList.java:1597)

[ERROR] org.jsoup.integration.FuzzFixesTest.testXmlParse(File)[10] -- Time elapsed: 0.001 s <<< ERROR!
java.lang.NoSuchMethodError: 'org.jsoup.nodes.Document$OutputSettings org.jsoup.nodes.Document$OutputSettings.syntax(org.jsoup.nodes.Document$OutputSettings$Syntax)'
	at org.jsoup.parser.XmlTreeBuilder.initialiseParse(XmlTreeBuilder.java:50)
	at org.jsoup.parser.TreeBuilder.parse(TreeBuilder.java:76)
	at org.jsoup.parser.Parser.parseInput(Parser.java:89)
	at org.jsoup.helper.DataUtil.parseInputStream(DataUtil.java:334)
	at org.jsoup.helper.DataUtil.parseInputStream(DataUtil.java:230)
	at org.jsoup.helper.DataUtil.load(DataUtil.java:120)
	at org.jsoup.helper.DataUtil.load(DataUtil.java:87)
	at org.jsoup.Jsoup.parse(Jsoup.java:186)
	at org.jsoup.integration.FuzzFixesTest.testXmlParse(FuzzFixesTest.java:76)
	at java.base/java.lang.reflect.Method.invoke(Method.java:580)
	at java.base/java.util.Optional.ifPresent(Optional.java:178)
	at java.base/java.util.stream.ForEachOps$ForEachOp$OfRef.accept(ForEachOps.java:184)
	at java.base/java.util.stream.ReferencePipeline$3$1.accept(ReferencePipeline.java:215)
	at java.base/java.util.stream.ForEachOps$ForEachOp$OfRef.accept(ForEachOps.java:184)
	at java.base/java.util.stream.ForEachOps$ForEachOp$OfRef.accept(ForEachOps.java:184)
	at java.base/java.util.stream.ReferencePipeline$3$1.accept(ReferencePipeline.java:215)
	at java.base/java.util.Spliterators$ArraySpliterator.forEachRemaining(Spliterators.java:1024)
	at java.base/java.util.stream.ReferencePipeline$Head.forEach(ReferencePipeline.java:807)
	at java.base/java.util.stream.ReferencePipeline$7$1FlatMap.accept(ReferencePipeline.java:294)
	at java.base/java.util.stream.ReferencePipeline$3$1.accept(ReferencePipeline.java:215)
	at java.base/java.util.stream.ReferencePipeline$3$1.accept(ReferencePipeline.java:215)
	at java.base/java.util.stream.ReferencePipeline$3$1.accept(ReferencePipeline.java:215)
	at java.base/java.util.Spliterators$ArraySpliterator.forEachRemaining(Spliterators.java:1024)
	at java.base/java.util.stream.AbstractPipeline.copyInto(AbstractPipeline.java:570)
	at java.base/java.util.stream.AbstractPipeline.wrapAndCopyInto(AbstractPipeline.java:560)
	at java.base/java.util.stream.ForEachOps$ForEachOp.evaluateSequential(ForEachOps.java:151)
	at java.base/java.util.stream.ForEachOps$ForEachOp$OfRef.evaluateSequential(ForEachOps.java:174)
	at java.base/java.util.stream.AbstractPipeline.evaluate(AbstractPipeline.java:265)
	at java.base/java.util.stream.ReferencePipeline.forEach(ReferencePipeline.java:636)
	at java.base/java.util.stream.ReferencePipeline$7$1FlatMap.accept(ReferencePipeline.java:294)
	at java.base/java.util.ArrayList$ArrayListSpliterator.forEachRemaining(ArrayList.java:1709)
	at java.base/java.util.stream.AbstractPipeline.copyInto(AbstractPipeline.java:570)
	at java.base/java.util.stream.AbstractPipeline.wrapAndCopyInto(AbstractPipeline.java:560)
	at java.base/java.util.stream.ForEachOps$ForEachOp.evaluateSequential(ForEachOps.java:151)
	at java.base/java.util.stream.ForEachOps$ForEachOp$OfRef.evaluateSequential(ForEachOps.java:174)
	at java.base/java.util.stream.AbstractPipeline.evaluate(AbstractPipeline.java:265)
	at java.base/java.util.stream.ReferencePipeline.forEach(ReferencePipeline.java:636)
	at java.base/java.util.stream.ReferencePipeline$7$1FlatMap.accept(ReferencePipeline.java:294)
	at java.base/java.util.stream.ReferencePipeline$3$1.accept(ReferencePipeline.java:215)
	at java.base/java.util.stream.ReferencePipeline$3$1.accept(ReferencePipeline.java:215)
	at java.base/java.util.stream.ReferencePipeline$3$1.accept(ReferencePipeline.java:215)
	at java.base/java.util.ArrayList$ArrayListSpliterator.forEachRemaining(ArrayList.java:1709)
	at java.base/java.util.stream.AbstractPipeline.copyInto(AbstractPipeline.java:570)
	at java.base/java.util.stream.AbstractPipeline.wrapAndCopyInto(AbstractPipeline.java:560)
	at java.base/java.util.stream.ForEachOps$ForEachOp.evaluateSequential(ForEachOps.java:151)
	at java.base/java.util.stream.ForEachOps$ForEachOp$OfRef.evaluateSequential(ForEachOps.java:174)
	at java.base/java.util.stream.AbstractPipeline.evaluate(AbstractPipeline.java:265)
	at java.base/java.util.stream.ReferencePipeline.forEach(ReferencePipeline.java:636)
	at java.base/java.util.ArrayList.forEach(ArrayList.java:1597)
	at java.base/java.util.ArrayList.forEach(ArrayList.java:1597)

[ERROR] org.jsoup.integration.FuzzFixesTest.testXmlParse(File)[11] -- Time elapsed: 0.001 s <<< ERROR!
java.lang.NoSuchMethodError: 'org.jsoup.nodes.Document$OutputSettings org.jsoup.nodes.Document$OutputSettings.syntax(org.jsoup.nodes.Document$OutputSettings$Syntax)'
	at org.jsoup.parser.XmlTreeBuilder.initialiseParse(XmlTreeBuilder.java:50)
	at org.jsoup.parser.TreeBuilder.parse(TreeBuilder.java:76)
	at org.jsoup.parser.Parser.parseInput(Parser.java:89)
	at org.jsoup.helper.DataUtil.parseInputStream(DataUtil.java:334)
	at org.jsoup.helper.DataUtil.parseInputStream(DataUtil.java:230)
	at org.jsoup.helper.DataUtil.load(DataUtil.java:120)
	at org.jsoup.helper.DataUtil.load(DataUtil.java:87)
	at org.jsoup.Jsoup.parse(Jsoup.java:186)
	at org.jsoup.integration.FuzzFixesTest.testXmlParse(FuzzFixesTest.java:76)
	at java.base/java.lang.reflect.Method.invoke(Method.java:580)
	at java.base/java.util.Optional.ifPresent(Optional.java:178)
	at java.base/java.util.stream.ForEachOps$ForEachOp$OfRef.accept(ForEachOps.java:184)
	at java.base/java.util.stream.ReferencePipeline$3$1.accept(ReferencePipeline.java:215)
	at java.base/java.util.stream.ForEachOps$ForEachOp$OfRef.accept(ForEachOps.java:184)
	at java.base/java.util.stream.ForEachOps$ForEachOp$OfRef.accept(ForEachOps.java:184)
	at java.base/java.util.stream.ReferencePipeline$3$1.accept(ReferencePipeline.java:215)
	at java.base/java.util.Spliterators$ArraySpliterator.forEachRemaining(Spliterators.java:1024)
	at java.base/java.util.stream.ReferencePipeline$Head.forEach(ReferencePipeline.java:807)
	at java.base/java.util.stream.ReferencePipeline$7$1FlatMap.accept(ReferencePipeline.java:294)
	at java.base/java.util.stream.ReferencePipeline$3$1.accept(ReferencePipeline.java:215)
	at java.base/java.util.stream.ReferencePipeline$3$1.accept(ReferencePipeline.java:215)
	at java.base/java.util.stream.ReferencePipeline$3$1.accept(ReferencePipeline.java:215)
	at java.base/java.util.Spliterators$ArraySpliterator.forEachRemaining(Spliterators.java:1024)
	at java.base/java.util.stream.AbstractPipeline.copyInto(AbstractPipeline.java:570)
	at java.base/java.util.stream.AbstractPipeline.wrapAndCopyInto(AbstractPipeline.java:560)
	at java.base/java.util.stream.ForEachOps$ForEachOp.evaluateSequential(ForEachOps.java:151)
	at java.base/java.util.stream.ForEachOps$ForEachOp$OfRef.evaluateSequential(ForEachOps.java:174)
	at java.base/java.util.stream.AbstractPipeline.evaluate(AbstractPipeline.java:265)
	at java.base/java.util.stream.ReferencePipeline.forEach(ReferencePipeline.java:636)
	at java.base/java.util.stream.ReferencePipeline$7$1FlatMap.accept(ReferencePipeline.java:294)
	at java.base/java.util.ArrayList$ArrayListSpliterator.forEachRemaining(ArrayList.java:1709)
	at java.base/java.util.stream.AbstractPipeline.copyInto(AbstractPipeline.java:570)
	at java.base/java.util.stream.AbstractPipeline.wrapAndCopyInto(AbstractPipeline.java:560)
	at java.base/java.util.stream.ForEachOps$ForEachOp.evaluateSequential(ForEachOps.java:151)
	at java.base/java.util.stream.ForEachOps$ForEachOp$OfRef.evaluateSequential(ForEachOps.java:174)
	at java.base/java.util.stream.AbstractPipeline.evaluate(AbstractPipeline.java:265)
	at java.base/java.util.stream.ReferencePipeline.forEach(ReferencePipeline.java:636)
	at java.base/java.util.stream.ReferencePipeline$7$1FlatMap.accept(ReferencePipeline.java:294)
	at java.base/java.util.stream.ReferencePipeline$3$1.accept(ReferencePipeline.java:215)
	at java.base/java.util.stream.ReferencePipeline$3$1.accept(ReferencePipeline.java:215)
	at java.base/java.util.stream.ReferencePipeline$3$1.accept(ReferencePipeline.java:215)
	at java.base/java.util.ArrayList$ArrayListSpliterator.forEachRemaining(ArrayList.java:1709)
	at java.base/java.util.stream.AbstractPipeline.copyInto(AbstractPipeline.java:570)
	at java.base/java.util.stream.AbstractPipeline.wrapAndCopyInto(AbstractPipeline.java:560)
	at java.base/java.util.stream.ForEachOps$ForEachOp.evaluateSequential(ForEachOps.java:151)
	at java.base/java.util.stream.ForEachOps$ForEachOp$OfRef.evaluateSequential(ForEachOps.java:174)
	at java.base/java.util.stream.AbstractPipeline.evaluate(AbstractPipeline.java:265)
	at java.base/java.util.stream.ReferencePipeline.forEach(ReferencePipeline.java:636)
	at java.base/java.util.ArrayList.forEach(ArrayList.java:1597)
	at java.base/java.util.ArrayList.forEach(ArrayList.java:1597)

[ERROR] org.jsoup.integration.FuzzFixesTest.testXmlParse(File)[12] -- Time elapsed: 0 s <<< ERROR!
java.lang.NoSuchMethodError: 'org.jsoup.nodes.Document$OutputSettings org.jsoup.nodes.Document$OutputSettings.syntax(org.jsoup.nodes.Document$OutputSettings$Syntax)'
	at org.jsoup.parser.XmlTreeBuilder.initialiseParse(XmlTreeBuilder.java:50)
	at org.jsoup.parser.TreeBuilder.parse(TreeBuilder.java:76)
	at org.jsoup.parser.Parser.parseInput(Parser.java:89)
	at org.jsoup.helper.DataUtil.parseInputStream(DataUtil.java:334)
	at org.jsoup.helper.DataUtil.parseInputStream(DataUtil.java:230)
	at org.jsoup.helper.DataUtil.load(DataUtil.java:120)
	at org.jsoup.helper.DataUtil.load(DataUtil.java:87)
	at org.jsoup.Jsoup.parse(Jsoup.java:186)
	at org.jsoup.integration.FuzzFixesTest.testXmlParse(FuzzFixesTest.java:76)
	at java.base/java.lang.reflect.Method.invoke(Method.java:580)
	at java.base/java.util.Optional.ifPresent(Optional.java:178)
	at java.base/java.util.stream.ForEachOps$ForEachOp$OfRef.accept(ForEachOps.java:184)
	at java.base/java.util.stream.ReferencePipeline$3$1.accept(ReferencePipeline.java:215)
	at java.base/java.util.stream.ForEachOps$ForEachOp$OfRef.accept(ForEachOps.java:184)
	at java.base/java.util.stream.ForEachOps$ForEachOp$OfRef.accept(ForEachOps.java:184)
	at java.base/java.util.stream.ReferencePipeline$3$1.accept(ReferencePipeline.java:215)
	at java.base/java.util.Spliterators$ArraySpliterator.forEachRemaining(Spliterators.java:1024)
	at java.base/java.util.stream.ReferencePipeline$Head.forEach(ReferencePipeline.java:807)
	at java.base/java.util.stream.ReferencePipeline$7$1FlatMap.accept(ReferencePipeline.java:294)
	at java.base/java.util.stream.ReferencePipeline$3$1.accept(ReferencePipeline.java:215)
	at java.base/java.util.stream.ReferencePipeline$3$1.accept(ReferencePipeline.java:215)
	at java.base/java.util.stream.ReferencePipeline$3$1.accept(ReferencePipeline.java:215)
	at java.base/java.util.Spliterators$ArraySpliterator.forEachRemaining(Spliterators.java:1024)
	at java.base/java.util.stream.AbstractPipeline.copyInto(AbstractPipeline.java:570)
	at java.base/java.util.stream.AbstractPipeline.wrapAndCopyInto(AbstractPipeline.java:560)
	at java.base/java.util.stream.ForEachOps$ForEachOp.evaluateSequential(ForEachOps.java:151)
	at java.base/java.util.stream.ForEachOps$ForEachOp$OfRef.evaluateSequential(ForEachOps.java:174)
	at java.base/java.util.stream.AbstractPipeline.evaluate(AbstractPipeline.java:265)
	at java.base/java.util.stream.ReferencePipeline.forEach(ReferencePipeline.java:636)
	at java.base/java.util.stream.ReferencePipeline$7$1FlatMap.accept(ReferencePipeline.java:294)
	at java.base/java.util.ArrayList$ArrayListSpliterator.forEachRemaining(ArrayList.java:1709)
	at java.base/java.util.stream.AbstractPipeline.copyInto(AbstractPipeline.java:570)
	at java.base/java.util.stream.AbstractPipeline.wrapAndCopyInto(AbstractPipeline.java:560)
	at java.base/java.util.stream.ForEachOps$ForEachOp.evaluateSequential(ForEachOps.java:151)
	at java.base/java.util.stream.ForEachOps$ForEachOp$OfRef.evaluateSequential(ForEachOps.java:174)
	at java.base/java.util.stream.AbstractPipeline.evaluate(AbstractPipeline.java:265)
	at java.base/java.util.stream.ReferencePipeline.forEach(ReferencePipeline.java:636)
	at java.base/java.util.stream.ReferencePipeline$7$1FlatMap.accept(ReferencePipeline.java:294)
	at java.base/java.util.stream.ReferencePipeline$3$1.accept(ReferencePipeline.java:215)
	at java.base/java.util.stream.ReferencePipeline$3$1.accept(ReferencePipeline.java:215)
	at java.base/java.util.stream.ReferencePipeline$3$1.accept(ReferencePipeline.java:215)
	at java.base/java.util.ArrayList$ArrayListSpliterator.forEachRemaining(ArrayList.java:1709)
	at java.base/java.util.stream.AbstractPipeline.copyInto(AbstractPipeline.java:570)
	at java.base/java.util.stream.AbstractPipeline.wrapAndCopyInto(AbstractPipeline.java:560)
	at java.base/java.util.stream.ForEachOps$ForEachOp.evaluateSequential(ForEachOps.java:151)
	at java.base/java.util.stream.ForEachOps$ForEachOp$OfRef.evaluateSequential(ForEachOps.java:174)
	at java.base/java.util.stream.AbstractPipeline.evaluate(AbstractPipeline.java:265)
	at java.base/java.util.stream.ReferencePipeline.forEach(ReferencePipeline.java:636)
	at java.base/java.util.ArrayList.forEach(ArrayList.java:1597)
	at java.base/java.util.ArrayList.forEach(ArrayList.java:1597)

[ERROR] org.jsoup.integration.FuzzFixesTest.testXmlParse(File)[13] -- Time elapsed: 0.001 s <<< ERROR!
java.lang.NoSuchMethodError: 'org.jsoup.nodes.Document$OutputSettings org.jsoup.nodes.Document$OutputSettings.syntax(org.jsoup.nodes.Document$OutputSettings$Syntax)'
	at org.jsoup.parser.XmlTreeBuilder.initialiseParse(XmlTreeBuilder.java:50)
	at org.jsoup.parser.TreeBuilder.parse(TreeBuilder.java:76)
	at org.jsoup.parser.Parser.parseInput(Parser.java:89)
	at org.jsoup.helper.DataUtil.parseInputStream(DataUtil.java:334)
	at org.jsoup.helper.DataUtil.parseInputStream(DataUtil.java:230)
	at org.jsoup.helper.DataUtil.load(DataUtil.java:120)
	at org.jsoup.helper.DataUtil.load(DataUtil.java:87)
	at org.jsoup.Jsoup.parse(Jsoup.java:186)
	at org.jsoup.integration.FuzzFixesTest.testXmlParse(FuzzFixesTest.java:76)
	at java.base/java.lang.reflect.Method.invoke(Method.java:580)
	at java.base/java.util.Optional.ifPresent(Optional.java:178)
	at java.base/java.util.stream.ForEachOps$ForEachOp$OfRef.accept(ForEachOps.java:184)
	at java.base/java.util.stream.ReferencePipeline$3$1.accept(ReferencePipeline.java:215)
	at java.base/java.util.stream.ForEachOps$ForEachOp$OfRef.accept(ForEachOps.java:184)
	at java.base/java.util.stream.ForEachOps$ForEachOp$OfRef.accept(ForEachOps.java:184)
	at java.base/java.util.stream.ReferencePipeline$3$1.accept(ReferencePipeline.java:215)
	at java.base/java.util.Spliterators$ArraySpliterator.forEachRemaining(Spliterators.java:1024)
	at java.base/java.util.stream.ReferencePipeline$Head.forEach(ReferencePipeline.java:807)
	at java.base/java.util.stream.ReferencePipeline$7$1FlatMap.accept(ReferencePipeline.java:294)
	at java.base/java.util.stream.ReferencePipeline$3$1.accept(ReferencePipeline.java:215)
	at java.base/java.util.stream.ReferencePipeline$3$1.accept(ReferencePipeline.java:215)
	at java.base/java.util.stream.ReferencePipeline$3$1.accept(ReferencePipeline.java:215)
	at java.base/java.util.Spliterators$ArraySpliterator.forEachRemaining(Spliterators.java:1024)
	at java.base/java.util.stream.AbstractPipeline.copyInto(AbstractPipeline.java:570)
	at java.base/java.util.stream.AbstractPipeline.wrapAndCopyInto(AbstractPipeline.java:560)
	at java.base/java.util.stream.ForEachOps$ForEachOp.evaluateSequential(ForEachOps.java:151)
	at java.base/java.util.stream.ForEachOps$ForEachOp$OfRef.evaluateSequential(ForEachOps.java:174)
	at java.base/java.util.stream.AbstractPipeline.evaluate(AbstractPipeline.java:265)
	at java.base/java.util.stream.ReferencePipeline.forEach(ReferencePipeline.java:636)
	at java.base/java.util.stream.ReferencePipeline$7$1FlatMap.accept(ReferencePipeline.java:294)
	at java.base/java.util.ArrayList$ArrayListSpliterator.forEachRemaining(ArrayList.java:1709)
	at java.base/java.util.stream.AbstractPipeline.copyInto(AbstractPipeline.java:570)
	at java.base/java.util.stream.AbstractPipeline.wrapAndCopyInto(AbstractPipeline.java:560)
	at java.base/java.util.stream.ForEachOps$ForEachOp.evaluateSequential(ForEachOps.java:151)
	at java.base/java.util.stream.ForEachOps$ForEachOp$OfRef.evaluateSequential(ForEachOps.java:174)
	at java.base/java.util.stream.AbstractPipeline.evaluate(AbstractPipeline.java:265)
	at java.base/java.util.stream.ReferencePipeline.forEach(ReferencePipeline.java:636)
	at java.base/java.util.stream.ReferencePipeline$7$1FlatMap.accept(ReferencePipeline.java:294)
	at java.base/java.util.stream.ReferencePipeline$3$1.accept(ReferencePipeline.java:215)
	at java.base/java.util.stream.ReferencePipeline$3$1.accept(ReferencePipeline.java:215)
	at java.base/java.util.stream.ReferencePipeline$3$1.accept(ReferencePipeline.java:215)
	at java.base/java.util.ArrayList$ArrayListSpliterator.forEachRemaining(ArrayList.java:1709)
	at java.base/java.util.stream.AbstractPipeline.copyInto(AbstractPipeline.java:570)
	at java.base/java.util.stream.AbstractPipeline.wrapAndCopyInto(AbstractPipeline.java:560)
	at java.base/java.util.stream.ForEachOps$ForEachOp.evaluateSequential(ForEachOps.java:151)
	at java.base/java.util.stream.ForEachOps$ForEachOp$OfRef.evaluateSequential(ForEachOps.java:174)
	at java.base/java.util.stream.AbstractPipeline.evaluate(AbstractPipeline.java:265)
	at java.base/java.util.stream.ReferencePipeline.forEach(ReferencePipeline.java:636)
	at java.base/java.util.ArrayList.forEach(ArrayList.java:1597)
	at java.base/java.util.ArrayList.forEach(ArrayList.java:1597)

[ERROR] org.jsoup.integration.FuzzFixesTest.testXmlParse(File)[14] -- Time elapsed: 0 s <<< ERROR!
java.lang.NoSuchMethodError: 'org.jsoup.nodes.Document$OutputSettings org.jsoup.nodes.Document$OutputSettings.syntax(org.jsoup.nodes.Document$OutputSettings$Syntax)'
	at org.jsoup.parser.XmlTreeBuilder.initialiseParse(XmlTreeBuilder.java:50)
	at org.jsoup.parser.TreeBuilder.parse(TreeBuilder.java:76)
	at org.jsoup.parser.Parser.parseInput(Parser.java:89)
	at org.jsoup.helper.DataUtil.parseInputStream(DataUtil.java:334)
	at org.jsoup.helper.DataUtil.parseInputStream(DataUtil.java:230)
	at org.jsoup.helper.DataUtil.load(DataUtil.java:120)
	at org.jsoup.helper.DataUtil.load(DataUtil.java:87)
	at org.jsoup.Jsoup.parse(Jsoup.java:186)
	at org.jsoup.integration.FuzzFixesTest.testXmlParse(FuzzFixesTest.java:76)
	at java.base/java.lang.reflect.Method.invoke(Method.java:580)
	at java.base/java.util.Optional.ifPresent(Optional.java:178)
	at java.base/java.util.stream.ForEachOps$ForEachOp$OfRef.accept(ForEachOps.java:184)
	at java.base/java.util.stream.ReferencePipeline$3$1.accept(ReferencePipeline.java:215)
	at java.base/java.util.stream.ForEachOps$ForEachOp$OfRef.accept(ForEachOps.java:184)
	at java.base/java.util.stream.ForEachOps$ForEachOp$OfRef.accept(ForEachOps.java:184)
	at java.base/java.util.stream.ReferencePipeline$3$1.accept(ReferencePipeline.java:215)
	at java.base/java.util.Spliterators$ArraySpliterator.forEachRemaining(Spliterators.java:1024)
	at java.base/java.util.stream.ReferencePipeline$Head.forEach(ReferencePipeline.java:807)
	at java.base/java.util.stream.ReferencePipeline$7$1FlatMap.accept(ReferencePipeline.java:294)
	at java.base/java.util.stream.ReferencePipeline$3$1.accept(ReferencePipeline.java:215)
	at java.base/java.util.stream.ReferencePipeline$3$1.accept(ReferencePipeline.java:215)
	at java.base/java.util.stream.ReferencePipeline$3$1.accept(ReferencePipeline.java:215)
	at java.base/java.util.Spliterators$ArraySpliterator.forEachRemaining(Spliterators.java:1024)
	at java.base/java.util.stream.AbstractPipeline.copyInto(AbstractPipeline.java:570)
	at java.base/java.util.stream.AbstractPipeline.wrapAndCopyInto(AbstractPipeline.java:560)
	at java.base/java.util.stream.ForEachOps$ForEachOp.evaluateSequential(ForEachOps.java:151)
	at java.base/java.util.stream.ForEachOps$ForEachOp$OfRef.evaluateSequential(ForEachOps.java:174)
	at java.base/java.util.stream.AbstractPipeline.evaluate(AbstractPipeline.java:265)
	at java.base/java.util.stream.ReferencePipeline.forEach(ReferencePipeline.java:636)
	at java.base/java.util.stream.ReferencePipeline$7$1FlatMap.accept(ReferencePipeline.java:294)
	at java.base/java.util.ArrayList$ArrayListSpliterator.forEachRemaining(ArrayList.java:1709)
	at java.base/java.util.stream.AbstractPipeline.copyInto(AbstractPipeline.java:570)
	at java.base/java.util.stream.AbstractPipeline.wrapAndCopyInto(AbstractPipeline.java:560)
	at java.base/java.util.stream.ForEachOps$ForEachOp.evaluateSequential(ForEachOps.java:151)
	at java.base/java.util.stream.ForEachOps$ForEachOp$OfRef.evaluateSequential(ForEachOps.java:174)
	at java.base/java.util.stream.AbstractPipeline.evaluate(AbstractPipeline.java:265)
	at java.base/java.util.stream.ReferencePipeline.forEach(ReferencePipeline.java:636)
	at java.base/java.util.stream.ReferencePipeline$7$1FlatMap.accept(ReferencePipeline.java:294)
	at java.base/java.util.stream.ReferencePipeline$3$1.accept(ReferencePipeline.java:215)
	at java.base/java.util.stream.ReferencePipeline$3$1.accept(ReferencePipeline.java:215)
	at java.base/java.util.stream.ReferencePipeline$3$1.accept(ReferencePipeline.java:215)
	at java.base/java.util.ArrayList$ArrayListSpliterator.forEachRemaining(ArrayList.java:1709)
	at java.base/java.util.stream.AbstractPipeline.copyInto(AbstractPipeline.java:570)
	at java.base/java.util.stream.AbstractPipeline.wrapAndCopyInto(AbstractPipeline.java:560)
	at java.base/java.util.stream.ForEachOps$ForEachOp.evaluateSequential(ForEachOps.java:151)
	at java.base/java.util.stream.ForEachOps$ForEachOp$OfRef.evaluateSequential(ForEachOps.java:174)
	at java.base/java.util.stream.AbstractPipeline.evaluate(AbstractPipeline.java:265)
	at java.base/java.util.stream.ReferencePipeline.forEach(ReferencePipeline.java:636)
	at java.base/java.util.ArrayList.forEach(ArrayList.java:1597)
	at java.base/java.util.ArrayList.forEach(ArrayList.java:1597)

[ERROR] org.jsoup.integration.FuzzFixesTest.testXmlParse(File)[15] -- Time elapsed: 0 s <<< ERROR!
java.lang.NoSuchMethodError: 'org.jsoup.nodes.Document$OutputSettings org.jsoup.nodes.Document$OutputSettings.syntax(org.jsoup.nodes.Document$OutputSettings$Syntax)'
	at org.jsoup.parser.XmlTreeBuilder.initialiseParse(XmlTreeBuilder.java:50)
	at org.jsoup.parser.TreeBuilder.parse(TreeBuilder.java:76)
	at org.jsoup.parser.Parser.parseInput(Parser.java:89)
	at org.jsoup.helper.DataUtil.parseInputStream(DataUtil.java:334)
	at org.jsoup.helper.DataUtil.parseInputStream(DataUtil.java:230)
	at org.jsoup.helper.DataUtil.load(DataUtil.java:120)
	at org.jsoup.helper.DataUtil.load(DataUtil.java:87)
	at org.jsoup.Jsoup.parse(Jsoup.java:186)
	at org.jsoup.integration.FuzzFixesTest.testXmlParse(FuzzFixesTest.java:76)
	at java.base/java.lang.reflect.Method.invoke(Method.java:580)
	at java.base/java.util.Optional.ifPresent(Optional.java:178)
	at java.base/java.util.stream.ForEachOps$ForEachOp$OfRef.accept(ForEachOps.java:184)
	at java.base/java.util.stream.ReferencePipeline$3$1.accept(ReferencePipeline.java:215)
	at java.base/java.util.stream.ForEachOps$ForEachOp$OfRef.accept(ForEachOps.java:184)
	at java.base/java.util.stream.ForEachOps$ForEachOp$OfRef.accept(ForEachOps.java:184)
	at java.base/java.util.stream.ReferencePipeline$3$1.accept(ReferencePipeline.java:215)
	at java.base/java.util.Spliterators$ArraySpliterator.forEachRemaining(Spliterators.java:1024)
	at java.base/java.util.stream.ReferencePipeline$Head.forEach(ReferencePipeline.java:807)
	at java.base/java.util.stream.ReferencePipeline$7$1FlatMap.accept(ReferencePipeline.java:294)
	at java.base/java.util.stream.ReferencePipeline$3$1.accept(ReferencePipeline.java:215)
	at java.base/java.util.stream.ReferencePipeline$3$1.accept(ReferencePipeline.java:215)
	at java.base/java.util.stream.ReferencePipeline$3$1.accept(ReferencePipeline.java:215)
	at java.base/java.util.Spliterators$ArraySpliterator.forEachRemaining(Spliterators.java:1024)
	at java.base/java.util.stream.AbstractPipeline.copyInto(AbstractPipeline.java:570)
	at java.base/java.util.stream.AbstractPipeline.wrapAndCopyInto(AbstractPipeline.java:560)
	at java.base/java.util.stream.ForEachOps$ForEachOp.evaluateSequential(ForEachOps.java:151)
	at java.base/java.util.stream.ForEachOps$ForEachOp$OfRef.evaluateSequential(ForEachOps.java:174)
	at java.base/java.util.stream.AbstractPipeline.evaluate(AbstractPipeline.java:265)
	at java.base/java.util.stream.ReferencePipeline.forEach(ReferencePipeline.java:636)
	at java.base/java.util.stream.ReferencePipeline$7$1FlatMap.accept(ReferencePipeline.java:294)
	at java.base/java.util.ArrayList$ArrayListSpliterator.forEachRemaining(ArrayList.java:1709)
	at java.base/java.util.stream.AbstractPipeline.copyInto(AbstractPipeline.java:570)
	at java.base/java.util.stream.AbstractPipeline.wrapAndCopyInto(AbstractPipeline.java:560)
	at java.base/java.util.stream.ForEachOps$ForEachOp.evaluateSequential(ForEachOps.java:151)
	at java.base/java.util.stream.ForEachOps$ForEachOp$OfRef.evaluateSequential(ForEachOps.java:174)
	at java.base/java.util.stream.AbstractPipeline.evaluate(AbstractPipeline.java:265)
	at java.base/java.util.stream.ReferencePipeline.forEach(ReferencePipeline.java:636)
	at java.base/java.util.stream.ReferencePipeline$7$1FlatMap.accept(ReferencePipeline.java:294)
	at java.base/java.util.stream.ReferencePipeline$3$1.accept(ReferencePipeline.java:215)
	at java.base/java.util.stream.ReferencePipeline$3$1.accept(ReferencePipeline.java:215)
	at java.base/java.util.stream.ReferencePipeline$3$1.accept(ReferencePipeline.java:215)
	at java.base/java.util.ArrayList$ArrayListSpliterator.forEachRemaining(ArrayList.java:1709)
	at java.base/java.util.stream.AbstractPipeline.copyInto(AbstractPipeline.java:570)
	at java.base/java.util.stream.AbstractPipeline.wrapAndCopyInto(AbstractPipeline.java:560)
	at java.base/java.util.stream.ForEachOps$ForEachOp.evaluateSequential(ForEachOps.java:151)
	at java.base/java.util.stream.ForEachOps$ForEachOp$OfRef.evaluateSequential(ForEachOps.java:174)
	at java.base/java.util.stream.AbstractPipeline.evaluate(AbstractPipeline.java:265)
	at java.base/java.util.stream.ReferencePipeline.forEach(ReferencePipeline.java:636)
	at java.base/java.util.ArrayList.forEach(ArrayList.java:1597)
	at java.base/java.util.ArrayList.forEach(ArrayList.java:1597)

[ERROR] org.jsoup.integration.FuzzFixesTest.testXmlParse(File)[16] -- Time elapsed: 0.001 s <<< ERROR!
java.lang.NoSuchMethodError: 'org.jsoup.nodes.Document$OutputSettings org.jsoup.nodes.Document$OutputSettings.syntax(org.jsoup.nodes.Document$OutputSettings$Syntax)'
	at org.jsoup.parser.XmlTreeBuilder.initialiseParse(XmlTreeBuilder.java:50)
	at org.jsoup.parser.TreeBuilder.parse(TreeBuilder.java:76)
	at org.jsoup.parser.Parser.parseInput(Parser.java:89)
	at org.jsoup.helper.DataUtil.parseInputStream(DataUtil.java:334)
	at org.jsoup.helper.DataUtil.parseInputStream(DataUtil.java:230)
	at org.jsoup.helper.DataUtil.load(DataUtil.java:120)
	at org.jsoup.helper.DataUtil.load(DataUtil.java:87)
	at org.jsoup.Jsoup.parse(Jsoup.java:186)
	at org.jsoup.integration.FuzzFixesTest.testXmlParse(FuzzFixesTest.java:76)
	at java.base/java.lang.reflect.Method.invoke(Method.java:580)
	at java.base/java.util.Optional.ifPresent(Optional.java:178)
	at java.base/java.util.stream.ForEachOps$ForEachOp$OfRef.accept(ForEachOps.java:184)
	at java.base/java.util.stream.ReferencePipeline$3$1.accept(ReferencePipeline.java:215)
	at java.base/java.util.stream.ForEachOps$ForEachOp$OfRef.accept(ForEachOps.java:184)
	at java.base/java.util.stream.ForEachOps$ForEachOp$OfRef.accept(ForEachOps.java:184)
	at java.base/java.util.stream.ReferencePipeline$3$1.accept(ReferencePipeline.java:215)
	at java.base/java.util.Spliterators$ArraySpliterator.forEachRemaining(Spliterators.java:1024)
	at java.base/java.util.stream.ReferencePipeline$Head.forEach(ReferencePipeline.java:807)
	at java.base/java.util.stream.ReferencePipeline$7$1FlatMap.accept(ReferencePipeline.java:294)
	at java.base/java.util.stream.ReferencePipeline$3$1.accept(ReferencePipeline.java:215)
	at java.base/java.util.stream.ReferencePipeline$3$1.accept(ReferencePipeline.java:215)
	at java.base/java.util.stream.ReferencePipeline$3$1.accept(ReferencePipeline.java:215)
	at java.base/java.util.Spliterators$ArraySpliterator.forEachRemaining(Spliterators.java:1024)
	at java.base/java.util.stream.AbstractPipeline.copyInto(AbstractPipeline.java:570)
	at java.base/java.util.stream.AbstractPipeline.wrapAndCopyInto(AbstractPipeline.java:560)
	at java.base/java.util.stream.ForEachOps$ForEachOp.evaluateSequential(ForEachOps.java:151)
	at java.base/java.util.stream.ForEachOps$ForEachOp$OfRef.evaluateSequential(ForEachOps.java:174)
	at java.base/java.util.stream.AbstractPipeline.evaluate(AbstractPipeline.java:265)
	at java.base/java.util.stream.ReferencePipeline.forEach(ReferencePipeline.java:636)
	at java.base/java.util.stream.ReferencePipeline$7$1FlatMap.accept(ReferencePipeline.java:294)
	at java.base/java.util.ArrayList$ArrayListSpliterator.forEachRemaining(ArrayList.java:1709)
	at java.base/java.util.stream.AbstractPipeline.copyInto(AbstractPipeline.java:570)
	at java.base/java.util.stream.AbstractPipeline.wrapAndCopyInto(AbstractPipeline.java:560)
	at java.base/java.util.stream.ForEachOps$ForEachOp.evaluateSequential(ForEachOps.java:151)
	at java.base/java.util.stream.ForEachOps$ForEachOp$OfRef.evaluateSequential(ForEachOps.java:174)
	at java.base/java.util.stream.AbstractPipeline.evaluate(AbstractPipeline.java:265)
	at java.base/java.util.stream.ReferencePipeline.forEach(ReferencePipeline.java:636)
	at java.base/java.util.stream.ReferencePipeline$7$1FlatMap.accept(ReferencePipeline.java:294)
	at java.base/java.util.stream.ReferencePipeline$3$1.accept(ReferencePipeline.java:215)
	at java.base/java.util.stream.ReferencePipeline$3$1.accept(ReferencePipeline.java:215)
	at java.base/java.util.stream.ReferencePipeline$3$1.accept(ReferencePipeline.java:215)
	at java.base/java.util.ArrayList$ArrayListSpliterator.forEachRemaining(ArrayList.java:1709)
	at java.base/java.util.stream.AbstractPipeline.copyInto(AbstractPipeline.java:570)
	at java.base/java.util.stream.AbstractPipeline.wrapAndCopyInto(AbstractPipeline.java:560)
	at java.base/java.util.stream.ForEachOps$ForEachOp.evaluateSequential(ForEachOps.java:151)
	at java.base/java.util.stream.ForEachOps$ForEachOp$OfRef.evaluateSequential(ForEachOps.java:174)
	at java.base/java.util.stream.AbstractPipeline.evaluate(AbstractPipeline.java:265)
	at java.base/java.util.stream.ReferencePipeline.forEach(ReferencePipeline.java:636)
	at java.base/java.util.ArrayList.forEach(ArrayList.java:1597)
	at java.base/java.util.ArrayList.forEach(ArrayList.java:1597)

[ERROR] org.jsoup.integration.FuzzFixesTest.testXmlParse(File)[17] -- Time elapsed: 0 s <<< ERROR!
java.lang.NoSuchMethodError: 'org.jsoup.nodes.Document$OutputSettings org.jsoup.nodes.Document$OutputSettings.syntax(org.jsoup.nodes.Document$OutputSettings$Syntax)'
	at org.jsoup.parser.XmlTreeBuilder.initialiseParse(XmlTreeBuilder.java:50)
	at org.jsoup.parser.TreeBuilder.parse(TreeBuilder.java:76)
	at org.jsoup.parser.Parser.parseInput(Parser.java:89)
	at org.jsoup.helper.DataUtil.parseInputStream(DataUtil.java:334)
	at org.jsoup.helper.DataUtil.parseInputStream(DataUtil.java:230)
	at org.jsoup.helper.DataUtil.load(DataUtil.java:120)
	at org.jsoup.helper.DataUtil.load(DataUtil.java:87)
	at org.jsoup.Jsoup.parse(Jsoup.java:186)
	at org.jsoup.integration.FuzzFixesTest.testXmlParse(FuzzFixesTest.java:76)
	at java.base/java.lang.reflect.Method.invoke(Method.java:580)
	at java.base/java.util.Optional.ifPresent(Optional.java:178)
	at java.base/java.util.stream.ForEachOps$ForEachOp$OfRef.accept(ForEachOps.java:184)
	at java.base/java.util.stream.ReferencePipeline$3$1.accept(ReferencePipeline.java:215)
	at java.base/java.util.stream.ForEachOps$ForEachOp$OfRef.accept(ForEachOps.java:184)
	at java.base/java.util.stream.ForEachOps$ForEachOp$OfRef.accept(ForEachOps.java:184)
	at java.base/java.util.stream.ReferencePipeline$3$1.accept(ReferencePipeline.java:215)
	at java.base/java.util.Spliterators$ArraySpliterator.forEachRemaining(Spliterators.java:1024)
	at java.base/java.util.stream.ReferencePipeline$Head.forEach(ReferencePipeline.java:807)
	at java.base/java.util.stream.ReferencePipeline$7$1FlatMap.accept(ReferencePipeline.java:294)
	at java.base/java.util.stream.ReferencePipeline$3$1.accept(ReferencePipeline.java:215)
	at java.base/java.util.stream.ReferencePipeline$3$1.accept(ReferencePipeline.java:215)
	at java.base/java.util.stream.ReferencePipeline$3$1.accept(ReferencePipeline.java:215)
	at java.base/java.util.Spliterators$ArraySpliterator.forEachRemaining(Spliterators.java:1024)
	at java.base/java.util.stream.AbstractPipeline.copyInto(AbstractPipeline.java:570)
	at java.base/java.util.stream.AbstractPipeline.wrapAndCopyInto(AbstractPipeline.java:560)
	at java.base/java.util.stream.ForEachOps$ForEachOp.evaluateSequential(ForEachOps.java:151)
	at java.base/java.util.stream.ForEachOps$ForEachOp$OfRef.evaluateSequential(ForEachOps.java:174)
	at java.base/java.util.stream.AbstractPipeline.evaluate(AbstractPipeline.java:265)
	at java.base/java.util.stream.ReferencePipeline.forEach(ReferencePipeline.java:636)
	at java.base/java.util.stream.ReferencePipeline$7$1FlatMap.accept(ReferencePipeline.java:294)
	at java.base/java.util.ArrayList$ArrayListSpliterator.forEachRemaining(ArrayList.java:1709)
	at java.base/java.util.stream.AbstractPipeline.copyInto(AbstractPipeline.java:570)
	at java.base/java.util.stream.AbstractPipeline.wrapAndCopyInto(AbstractPipeline.java:560)
	at java.base/java.util.stream.ForEachOps$ForEachOp.evaluateSequential(ForEachOps.java:151)
	at java.base/java.util.stream.ForEachOps$ForEachOp$OfRef.evaluateSequential(ForEachOps.java:174)
	at java.base/java.util.stream.AbstractPipeline.evaluate(AbstractPipeline.java:265)
	at java.base/java.util.stream.ReferencePipeline.forEach(ReferencePipeline.java:636)
	at java.base/java.util.stream.ReferencePipeline$7$1FlatMap.accept(ReferencePipeline.java:294)
	at java.base/java.util.stream.ReferencePipeline$3$1.accept(ReferencePipeline.java:215)
	at java.base/java.util.stream.ReferencePipeline$3$1.accept(ReferencePipeline.java:215)
	at java.base/java.util.stream.ReferencePipeline$3$1.accept(ReferencePipeline.java:215)
	at java.base/java.util.ArrayList$ArrayListSpliterator.forEachRemaining(ArrayList.java:1709)
	at java.base/java.util.stream.AbstractPipeline.copyInto(AbstractPipeline.java:570)
	at java.base/java.util.stream.AbstractPipeline.wrapAndCopyInto(AbstractPipeline.java:560)
	at java.base/java.util.stream.ForEachOps$ForEachOp.evaluateSequential(ForEachOps.java:151)
	at java.base/java.util.stream.ForEachOps$ForEachOp$OfRef.evaluateSequential(ForEachOps.java:174)
	at java.base/java.util.stream.AbstractPipeline.evaluate(AbstractPipeline.java:265)
	at java.base/java.util.stream.ReferencePipeline.forEach(ReferencePipeline.java:636)
	at java.base/java.util.ArrayList.forEach(ArrayList.java:1597)
	at java.base/java.util.ArrayList.forEach(ArrayList.java:1597)

[ERROR] org.jsoup.integration.FuzzFixesTest.testXmlParse(File)[18] -- Time elapsed: 0 s <<< ERROR!
java.lang.NoSuchMethodError: 'org.jsoup.nodes.Document$OutputSettings org.jsoup.nodes.Document$OutputSettings.syntax(org.jsoup.nodes.Document$OutputSettings$Syntax)'
	at org.jsoup.parser.XmlTreeBuilder.initialiseParse(XmlTreeBuilder.java:50)
	at org.jsoup.parser.TreeBuilder.parse(TreeBuilder.java:76)
	at org.jsoup.parser.Parser.parseInput(Parser.java:89)
	at org.jsoup.helper.DataUtil.parseInputStream(DataUtil.java:334)
	at org.jsoup.helper.DataUtil.parseInputStream(DataUtil.java:230)
	at org.jsoup.helper.DataUtil.load(DataUtil.java:120)
	at org.jsoup.helper.DataUtil.load(DataUtil.java:87)
	at org.jsoup.Jsoup.parse(Jsoup.java:186)
	at org.jsoup.integration.FuzzFixesTest.testXmlParse(FuzzFixesTest.java:76)
	at java.base/java.lang.reflect.Method.invoke(Method.java:580)
	at java.base/java.util.Optional.ifPresent(Optional.java:178)
	at java.base/java.util.stream.ForEachOps$ForEachOp$OfRef.accept(ForEachOps.java:184)
	at java.base/java.util.stream.ReferencePipeline$3$1.accept(ReferencePipeline.java:215)
	at java.base/java.util.stream.ForEachOps$ForEachOp$OfRef.accept(ForEachOps.java:184)
	at java.base/java.util.stream.ForEachOps$ForEachOp$OfRef.accept(ForEachOps.java:184)
	at java.base/java.util.stream.ReferencePipeline$3$1.accept(ReferencePipeline.java:215)
	at java.base/java.util.Spliterators$ArraySpliterator.forEachRemaining(Spliterators.java:1024)
	at java.base/java.util.stream.ReferencePipeline$Head.forEach(ReferencePipeline.java:807)
	at java.base/java.util.stream.ReferencePipeline$7$1FlatMap.accept(ReferencePipeline.java:294)
	at java.base/java.util.stream.ReferencePipeline$3$1.accept(ReferencePipeline.java:215)
	at java.base/java.util.stream.ReferencePipeline$3$1.accept(ReferencePipeline.java:215)
	at java.base/java.util.stream.ReferencePipeline$3$1.accept(ReferencePipeline.java:215)
	at java.base/java.util.Spliterators$ArraySpliterator.forEachRemaining(Spliterators.java:1024)
	at java.base/java.util.stream.AbstractPipeline.copyInto(AbstractPipeline.java:570)
	at java.base/java.util.stream.AbstractPipeline.wrapAndCopyInto(AbstractPipeline.java:560)
	at java.base/java.util.stream.ForEachOps$ForEachOp.evaluateSequential(ForEachOps.java:151)
	at java.base/java.util.stream.ForEachOps$ForEachOp$OfRef.evaluateSequential(ForEachOps.java:174)
	at java.base/java.util.stream.AbstractPipeline.evaluate(AbstractPipeline.java:265)
	at java.base/java.util.stream.ReferencePipeline.forEach(ReferencePipeline.java:636)
	at java.base/java.util.stream.ReferencePipeline$7$1FlatMap.accept(ReferencePipeline.java:294)
	at java.base/java.util.ArrayList$ArrayListSpliterator.forEachRemaining(ArrayList.java:1709)
	at java.base/java.util.stream.AbstractPipeline.copyInto(AbstractPipeline.java:570)
	at java.base/java.util.stream.AbstractPipeline.wrapAndCopyInto(AbstractPipeline.java:560)
	at java.base/java.util.stream.ForEachOps$ForEachOp.evaluateSequential(ForEachOps.java:151)
	at java.base/java.util.stream.ForEachOps$ForEachOp$OfRef.evaluateSequential(ForEachOps.java:174)
	at java.base/java.util.stream.AbstractPipeline.evaluate(AbstractPipeline.java:265)
	at java.base/java.util.stream.ReferencePipeline.forEach(ReferencePipeline.java:636)
	at java.base/java.util.stream.ReferencePipeline$7$1FlatMap.accept(ReferencePipeline.java:294)
	at java.base/java.util.stream.ReferencePipeline$3$1.accept(ReferencePipeline.java:215)
	at java.base/java.util.stream.ReferencePipeline$3$1.accept(ReferencePipeline.java:215)
	at java.base/java.util.stream.ReferencePipeline$3$1.accept(ReferencePipeline.java:215)
	at java.base/java.util.ArrayList$ArrayListSpliterator.forEachRemaining(ArrayList.java:1709)
	at java.base/java.util.stream.AbstractPipeline.copyInto(AbstractPipeline.java:570)
	at java.base/java.util.stream.AbstractPipeline.wrapAndCopyInto(AbstractPipeline.java:560)
	at java.base/java.util.stream.ForEachOps$ForEachOp.evaluateSequential(ForEachOps.java:151)
	at java.base/java.util.stream.ForEachOps$ForEachOp$OfRef.evaluateSequential(ForEachOps.java:174)
	at java.base/java.util.stream.AbstractPipeline.evaluate(AbstractPipeline.java:265)
	at java.base/java.util.stream.ReferencePipeline.forEach(ReferencePipeline.java:636)
	at java.base/java.util.ArrayList.forEach(ArrayList.java:1597)
	at java.base/java.util.ArrayList.forEach(ArrayList.java:1597)

[ERROR] org.jsoup.integration.FuzzFixesTest.testXmlParse(File)[19] -- Time elapsed: 0.001 s <<< ERROR!
java.lang.NoSuchMethodError: 'org.jsoup.nodes.Document$OutputSettings org.jsoup.nodes.Document$OutputSettings.syntax(org.jsoup.nodes.Document$OutputSettings$Syntax)'
	at org.jsoup.parser.XmlTreeBuilder.initialiseParse(XmlTreeBuilder.java:50)
	at org.jsoup.parser.TreeBuilder.parse(TreeBuilder.java:76)
	at org.jsoup.parser.Parser.parseInput(Parser.java:89)
	at org.jsoup.helper.DataUtil.parseInputStream(DataUtil.java:334)
	at org.jsoup.helper.DataUtil.parseInputStream(DataUtil.java:230)
	at org.jsoup.helper.DataUtil.load(DataUtil.java:120)
	at org.jsoup.helper.DataUtil.load(DataUtil.java:87)
	at org.jsoup.Jsoup.parse(Jsoup.java:186)
	at org.jsoup.integration.FuzzFixesTest.testXmlParse(FuzzFixesTest.java:76)
	at java.base/java.lang.reflect.Method.invoke(Method.java:580)
	at java.base/java.util.Optional.ifPresent(Optional.java:178)
	at java.base/java.util.stream.ForEachOps$ForEachOp$OfRef.accept(ForEachOps.java:184)
	at java.base/java.util.stream.ReferencePipeline$3$1.accept(ReferencePipeline.java:215)
	at java.base/java.util.stream.ForEachOps$ForEachOp$OfRef.accept(ForEachOps.java:184)
	at java.base/java.util.stream.ForEachOps$ForEachOp$OfRef.accept(ForEachOps.java:184)
	at java.base/java.util.stream.ReferencePipeline$3$1.accept(ReferencePipeline.java:215)
	at java.base/java.util.Spliterators$ArraySpliterator.forEachRemaining(Spliterators.java:1024)
	at java.base/java.util.stream.ReferencePipeline$Head.forEach(ReferencePipeline.java:807)
	at java.base/java.util.stream.ReferencePipeline$7$1FlatMap.accept(ReferencePipeline.java:294)
	at java.base/java.util.stream.ReferencePipeline$3$1.accept(ReferencePipeline.java:215)
	at java.base/java.util.stream.ReferencePipeline$3$1.accept(ReferencePipeline.java:215)
	at java.base/java.util.stream.ReferencePipeline$3$1.accept(ReferencePipeline.java:215)
	at java.base/java.util.Spliterators$ArraySpliterator.forEachRemaining(Spliterators.java:1024)
	at java.base/java.util.stream.AbstractPipeline.copyInto(AbstractPipeline.java:570)
	at java.base/java.util.stream.AbstractPipeline.wrapAndCopyInto(AbstractPipeline.java:560)
	at java.base/java.util.stream.ForEachOps$ForEachOp.evaluateSequential(ForEachOps.java:151)
	at java.base/java.util.stream.ForEachOps$ForEachOp$OfRef.evaluateSequential(ForEachOps.java:174)
	at java.base/java.util.stream.AbstractPipeline.evaluate(AbstractPipeline.java:265)
	at java.base/java.util.stream.ReferencePipeline.forEach(ReferencePipeline.java:636)
	at java.base/java.util.stream.ReferencePipeline$7$1FlatMap.accept(ReferencePipeline.java:294)
	at java.base/java.util.ArrayList$ArrayListSpliterator.forEachRemaining(ArrayList.java:1709)
	at java.base/java.util.stream.AbstractPipeline.copyInto(AbstractPipeline.java:570)
	at java.base/java.util.stream.AbstractPipeline.wrapAndCopyInto(AbstractPipeline.java:560)
	at java.base/java.util.stream.ForEachOps$ForEachOp.evaluateSequential(ForEachOps.java:151)
	at java.base/java.util.stream.ForEachOps$ForEachOp$OfRef.evaluateSequential(ForEachOps.java:174)
	at java.base/java.util.stream.AbstractPipeline.evaluate(AbstractPipeline.java:265)
	at java.base/java.util.stream.ReferencePipeline.forEach(ReferencePipeline.java:636)
	at java.base/java.util.stream.ReferencePipeline$7$1FlatMap.accept(ReferencePipeline.java:294)
	at java.base/java.util.stream.ReferencePipeline$3$1.accept(ReferencePipeline.java:215)
	at java.base/java.util.stream.ReferencePipeline$3$1.accept(ReferencePipeline.java:215)
	at java.base/java.util.stream.ReferencePipeline$3$1.accept(ReferencePipeline.java:215)
	at java.base/java.util.ArrayList$ArrayListSpliterator.forEachRemaining(ArrayList.java:1709)
	at java.base/java.util.stream.AbstractPipeline.copyInto(AbstractPipeline.java:570)
	at java.base/java.util.stream.AbstractPipeline.wrapAndCopyInto(AbstractPipeline.java:560)
	at java.base/java.util.stream.ForEachOps$ForEachOp.evaluateSequential(ForEachOps.java:151)
	at java.base/java.util.stream.ForEachOps$ForEachOp$OfRef.evaluateSequential(ForEachOps.java:174)
	at java.base/java.util.stream.AbstractPipeline.evaluate(AbstractPipeline.java:265)
	at java.base/java.util.stream.ReferencePipeline.forEach(ReferencePipeline.java:636)
	at java.base/java.util.ArrayList.forEach(ArrayList.java:1597)
	at java.base/java.util.ArrayList.forEach(ArrayList.java:1597)

[ERROR] org.jsoup.integration.FuzzFixesTest.testXmlParse(File)[20] -- Time elapsed: 0 s <<< ERROR!
java.lang.NoSuchMethodError: 'org.jsoup.nodes.Document$OutputSettings org.jsoup.nodes.Document$OutputSettings.syntax(org.jsoup.nodes.Document$OutputSettings$Syntax)'
	at org.jsoup.parser.XmlTreeBuilder.initialiseParse(XmlTreeBuilder.java:50)
	at org.jsoup.parser.TreeBuilder.parse(TreeBuilder.java:76)
	at org.jsoup.parser.Parser.parseInput(Parser.java:89)
	at org.jsoup.helper.DataUtil.parseInputStream(DataUtil.java:334)
	at org.jsoup.helper.DataUtil.parseInputStream(DataUtil.java:230)
	at org.jsoup.helper.DataUtil.load(DataUtil.java:120)
	at org.jsoup.helper.DataUtil.load(DataUtil.java:87)
	at org.jsoup.Jsoup.parse(Jsoup.java:186)
	at org.jsoup.integration.FuzzFixesTest.testXmlParse(FuzzFixesTest.java:76)
	at java.base/java.lang.reflect.Method.invoke(Method.java:580)
	at java.base/java.util.Optional.ifPresent(Optional.java:178)
	at java.base/java.util.stream.ForEachOps$ForEachOp$OfRef.accept(ForEachOps.java:184)
	at java.base/java.util.stream.ReferencePipeline$3$1.accept(ReferencePipeline.java:215)
	at java.base/java.util.stream.ForEachOps$ForEachOp$OfRef.accept(ForEachOps.java:184)
	at java.base/java.util.stream.ForEachOps$ForEachOp$OfRef.accept(ForEachOps.java:184)
	at java.base/java.util.stream.ReferencePipeline$3$1.accept(ReferencePipeline.java:215)
	at java.base/java.util.Spliterators$ArraySpliterator.forEachRemaining(Spliterators.java:1024)
	at java.base/java.util.stream.ReferencePipeline$Head.forEach(ReferencePipeline.java:807)
	at java.base/java.util.stream.ReferencePipeline$7$1FlatMap.accept(ReferencePipeline.java:294)
	at java.base/java.util.stream.ReferencePipeline$3$1.accept(ReferencePipeline.java:215)
	at java.base/java.util.stream.ReferencePipeline$3$1.accept(ReferencePipeline.java:215)
	at java.base/java.util.stream.ReferencePipeline$3$1.accept(ReferencePipeline.java:215)
	at java.base/java.util.Spliterators$ArraySpliterator.forEachRemaining(Spliterators.java:1024)
	at java.base/java.util.stream.AbstractPipeline.copyInto(AbstractPipeline.java:570)
	at java.base/java.util.stream.AbstractPipeline.wrapAndCopyInto(AbstractPipeline.java:560)
	at java.base/java.util.stream.ForEachOps$ForEachOp.evaluateSequential(ForEachOps.java:151)
	at java.base/java.util.stream.ForEachOps$ForEachOp$OfRef.evaluateSequential(ForEachOps.java:174)
	at java.base/java.util.stream.AbstractPipeline.evaluate(AbstractPipeline.java:265)
	at java.base/java.util.stream.ReferencePipeline.forEach(ReferencePipeline.java:636)
	at java.base/java.util.stream.ReferencePipeline$7$1FlatMap.accept(ReferencePipeline.java:294)
	at java.base/java.util.ArrayList$ArrayListSpliterator.forEachRemaining(ArrayList.java:1709)
	at java.base/java.util.stream.AbstractPipeline.copyInto(AbstractPipeline.java:570)
	at java.base/java.util.stream.AbstractPipeline.wrapAndCopyInto(AbstractPipeline.java:560)
	at java.base/java.util.stream.ForEachOps$ForEachOp.evaluateSequential(ForEachOps.java:151)
	at java.base/java.util.stream.ForEachOps$ForEachOp$OfRef.evaluateSequential(ForEachOps.java:174)
	at java.base/java.util.stream.AbstractPipeline.evaluate(AbstractPipeline.java:265)
	at java.base/java.util.stream.ReferencePipeline.forEach(ReferencePipeline.java:636)
	at java.base/java.util.stream.ReferencePipeline$7$1FlatMap.accept(ReferencePipeline.java:294)
	at java.base/java.util.stream.ReferencePipeline$3$1.accept(ReferencePipeline.java:215)
	at java.base/java.util.stream.ReferencePipeline$3$1.accept(ReferencePipeline.java:215)
	at java.base/java.util.stream.ReferencePipeline$3$1.accept(ReferencePipeline.java:215)
	at java.base/java.util.ArrayList$ArrayListSpliterator.forEachRemaining(ArrayList.java:1709)
	at java.base/java.util.stream.AbstractPipeline.copyInto(AbstractPipeline.java:570)
	at java.base/java.util.stream.AbstractPipeline.wrapAndCopyInto(AbstractPipeline.java:560)
	at java.base/java.util.stream.ForEachOps$ForEachOp.evaluateSequential(ForEachOps.java:151)
	at java.base/java.util.stream.ForEachOps$ForEachOp$OfRef.evaluateSequential(ForEachOps.java:174)
	at java.base/java.util.stream.AbstractPipeline.evaluate(AbstractPipeline.java:265)
	at java.base/java.util.stream.ReferencePipeline.forEach(ReferencePipeline.java:636)
	at java.base/java.util.ArrayList.forEach(ArrayList.java:1597)
	at java.base/java.util.ArrayList.forEach(ArrayList.java:1597)

[ERROR] org.jsoup.integration.FuzzFixesTest.testXmlParse(File)[21] -- Time elapsed: 0 s <<< ERROR!
java.lang.NoSuchMethodError: 'org.jsoup.nodes.Document$OutputSettings org.jsoup.nodes.Document$OutputSettings.syntax(org.jsoup.nodes.Document$OutputSettings$Syntax)'
	at org.jsoup.parser.XmlTreeBuilder.initialiseParse(XmlTreeBuilder.java:50)
	at org.jsoup.parser.TreeBuilder.parse(TreeBuilder.java:76)
	at org.jsoup.parser.Parser.parseInput(Parser.java:89)
	at org.jsoup.helper.DataUtil.parseInputStream(DataUtil.java:334)
	at org.jsoup.helper.DataUtil.parseInputStream(DataUtil.java:230)
	at org.jsoup.helper.DataUtil.load(DataUtil.java:120)
	at org.jsoup.helper.DataUtil.load(DataUtil.java:87)
	at org.jsoup.Jsoup.parse(Jsoup.java:186)
	at org.jsoup.integration.FuzzFixesTest.testXmlParse(FuzzFixesTest.java:76)
	at java.base/java.lang.reflect.Method.invoke(Method.java:580)
	at java.base/java.util.Optional.ifPresent(Optional.java:178)
	at java.base/java.util.stream.ForEachOps$ForEachOp$OfRef.accept(ForEachOps.java:184)
	at java.base/java.util.stream.ReferencePipeline$3$1.accept(ReferencePipeline.java:215)
	at java.base/java.util.stream.ForEachOps$ForEachOp$OfRef.accept(ForEachOps.java:184)
	at java.base/java.util.stream.ForEachOps$ForEachOp$OfRef.accept(ForEachOps.java:184)
	at java.base/java.util.stream.ReferencePipeline$3$1.accept(ReferencePipeline.java:215)
	at java.base/java.util.Spliterators$ArraySpliterator.forEachRemaining(Spliterators.java:1024)
	at java.base/java.util.stream.ReferencePipeline$Head.forEach(ReferencePipeline.java:807)
	at java.base/java.util.stream.ReferencePipeline$7$1FlatMap.accept(ReferencePipeline.java:294)
	at java.base/java.util.stream.ReferencePipeline$3$1.accept(ReferencePipeline.java:215)
	at java.base/java.util.stream.ReferencePipeline$3$1.accept(ReferencePipeline.java:215)
	at java.base/java.util.stream.ReferencePipeline$3$1.accept(ReferencePipeline.java:215)
	at java.base/java.util.Spliterators$ArraySpliterator.forEachRemaining(Spliterators.java:1024)
	at java.base/java.util.stream.AbstractPipeline.copyInto(AbstractPipeline.java:570)
	at java.base/java.util.stream.AbstractPipeline.wrapAndCopyInto(AbstractPipeline.java:560)
	at java.base/java.util.stream.ForEachOps$ForEachOp.evaluateSequential(ForEachOps.java:151)
	at java.base/java.util.stream.ForEachOps$ForEachOp$OfRef.evaluateSequential(ForEachOps.java:174)
	at java.base/java.util.stream.AbstractPipeline.evaluate(AbstractPipeline.java:265)
	at java.base/java.util.stream.ReferencePipeline.forEach(ReferencePipeline.java:636)
	at java.base/java.util.stream.ReferencePipeline$7$1FlatMap.accept(ReferencePipeline.java:294)
	at java.base/java.util.ArrayList$ArrayListSpliterator.forEachRemaining(ArrayList.java:1709)
	at java.base/java.util.stream.AbstractPipeline.copyInto(AbstractPipeline.java:570)
	at java.base/java.util.stream.AbstractPipeline.wrapAndCopyInto(AbstractPipeline.java:560)
	at java.base/java.util.stream.ForEachOps$ForEachOp.evaluateSequential(ForEachOps.java:151)
	at java.base/java.util.stream.ForEachOps$ForEachOp$OfRef.evaluateSequential(ForEachOps.java:174)
	at java.base/java.util.stream.AbstractPipeline.evaluate(AbstractPipeline.java:265)
	at java.base/java.util.stream.ReferencePipeline.forEach(ReferencePipeline.java:636)
	at java.base/java.util.stream.ReferencePipeline$7$1FlatMap.accept(ReferencePipeline.java:294)
	at java.base/java.util.stream.ReferencePipeline$3$1.accept(ReferencePipeline.java:215)
	at java.base/java.util.stream.ReferencePipeline$3$1.accept(ReferencePipeline.java:215)
	at java.base/java.util.stream.ReferencePipeline$3$1.accept(ReferencePipeline.java:215)
	at java.base/java.util.ArrayList$ArrayListSpliterator.forEachRemaining(ArrayList.java:1709)
	at java.base/java.util.stream.AbstractPipeline.copyInto(AbstractPipeline.java:570)
	at java.base/java.util.stream.AbstractPipeline.wrapAndCopyInto(AbstractPipeline.java:560)
	at java.base/java.util.stream.ForEachOps$ForEachOp.evaluateSequential(ForEachOps.java:151)
	at java.base/java.util.stream.ForEachOps$ForEachOp$OfRef.evaluateSequential(ForEachOps.java:174)
	at java.base/java.util.stream.AbstractPipeline.evaluate(AbstractPipeline.java:265)
	at java.base/java.util.stream.ReferencePipeline.forEach(ReferencePipeline.java:636)
	at java.base/java.util.ArrayList.forEach(ArrayList.java:1597)
	at java.base/java.util.ArrayList.forEach(ArrayList.java:1597)

[ERROR] org.jsoup.integration.FuzzFixesTest.testXmlParse(File)[22] -- Time elapsed: 0.001 s <<< ERROR!
java.lang.NoSuchMethodError: 'org.jsoup.nodes.Document$OutputSettings org.jsoup.nodes.Document$OutputSettings.syntax(org.jsoup.nodes.Document$OutputSettings$Syntax)'
	at org.jsoup.parser.XmlTreeBuilder.initialiseParse(XmlTreeBuilder.java:50)
	at org.jsoup.parser.TreeBuilder.parse(TreeBuilder.java:76)
	at org.jsoup.parser.Parser.parseInput(Parser.java:89)
	at org.jsoup.helper.DataUtil.parseInputStream(DataUtil.java:334)
	at org.jsoup.helper.DataUtil.parseInputStream(DataUtil.java:230)
	at org.jsoup.helper.DataUtil.load(DataUtil.java:120)
	at org.jsoup.helper.DataUtil.load(DataUtil.java:87)
	at org.jsoup.Jsoup.parse(Jsoup.java:186)
	at org.jsoup.integration.FuzzFixesTest.testXmlParse(FuzzFixesTest.java:76)
	at java.base/java.lang.reflect.Method.invoke(Method.java:580)
	at java.base/java.util.Optional.ifPresent(Optional.java:178)
	at java.base/java.util.stream.ForEachOps$ForEachOp$OfRef.accept(ForEachOps.java:184)
	at java.base/java.util.stream.ReferencePipeline$3$1.accept(ReferencePipeline.java:215)
	at java.base/java.util.stream.ForEachOps$ForEachOp$OfRef.accept(ForEachOps.java:184)
	at java.base/java.util.stream.ForEachOps$ForEachOp$OfRef.accept(ForEachOps.java:184)
	at java.base/java.util.stream.ReferencePipeline$3$1.accept(ReferencePipeline.java:215)
	at java.base/java.util.Spliterators$ArraySpliterator.forEachRemaining(Spliterators.java:1024)
	at java.base/java.util.stream.ReferencePipeline$Head.forEach(ReferencePipeline.java:807)
	at java.base/java.util.stream.ReferencePipeline$7$1FlatMap.accept(ReferencePipeline.java:294)
	at java.base/java.util.stream.ReferencePipeline$3$1.accept(ReferencePipeline.java:215)
	at java.base/java.util.stream.ReferencePipeline$3$1.accept(ReferencePipeline.java:215)
	at java.base/java.util.stream.ReferencePipeline$3$1.accept(ReferencePipeline.java:215)
	at java.base/java.util.Spliterators$ArraySpliterator.forEachRemaining(Spliterators.java:1024)
	at java.base/java.util.stream.AbstractPipeline.copyInto(AbstractPipeline.java:570)
	at java.base/java.util.stream.AbstractPipeline.wrapAndCopyInto(AbstractPipeline.java:560)
	at java.base/java.util.stream.ForEachOps$ForEachOp.evaluateSequential(ForEachOps.java:151)
	at java.base/java.util.stream.ForEachOps$ForEachOp$OfRef.evaluateSequential(ForEachOps.java:174)
	at java.base/java.util.stream.AbstractPipeline.evaluate(AbstractPipeline.java:265)
	at java.base/java.util.stream.ReferencePipeline.forEach(ReferencePipeline.java:636)
	at java.base/java.util.stream.ReferencePipeline$7$1FlatMap.accept(ReferencePipeline.java:294)
	at java.base/java.util.ArrayList$ArrayListSpliterator.forEachRemaining(ArrayList.java:1709)
	at java.base/java.util.stream.AbstractPipeline.copyInto(AbstractPipeline.java:570)
	at java.base/java.util.stream.AbstractPipeline.wrapAndCopyInto(AbstractPipeline.java:560)
	at java.base/java.util.stream.ForEachOps$ForEachOp.evaluateSequential(ForEachOps.java:151)
	at java.base/java.util.stream.ForEachOps$ForEachOp$OfRef.evaluateSequential(ForEachOps.java:174)
	at java.base/java.util.stream.AbstractPipeline.evaluate(AbstractPipeline.java:265)
	at java.base/java.util.stream.ReferencePipeline.forEach(ReferencePipeline.java:636)
	at java.base/java.util.stream.ReferencePipeline$7$1FlatMap.accept(ReferencePipeline.java:294)
	at java.base/java.util.stream.ReferencePipeline$3$1.accept(ReferencePipeline.java:215)
	at java.base/java.util.stream.ReferencePipeline$3$1.accept(ReferencePipeline.java:215)
	at java.base/java.util.stream.ReferencePipeline$3$1.accept(ReferencePipeline.java:215)
	at java.base/java.util.ArrayList$ArrayListSpliterator.forEachRemaining(ArrayList.java:1709)
	at java.base/java.util.stream.AbstractPipeline.copyInto(AbstractPipeline.java:570)
	at java.base/java.util.stream.AbstractPipeline.wrapAndCopyInto(AbstractPipeline.java:560)
	at java.base/java.util.stream.ForEachOps$ForEachOp.evaluateSequential(ForEachOps.java:151)
	at java.base/java.util.stream.ForEachOps$ForEachOp$OfRef.evaluateSequential(ForEachOps.java:174)
	at java.base/java.util.stream.AbstractPipeline.evaluate(AbstractPipeline.java:265)
	at java.base/java.util.stream.ReferencePipeline.forEach(ReferencePipeline.java:636)
	at java.base/java.util.ArrayList.forEach(ArrayList.java:1597)
	at java.base/java.util.ArrayList.forEach(ArrayList.java:1597)

[ERROR] org.jsoup.integration.FuzzFixesTest.testXmlParse(File)[23] -- Time elapsed: 0 s <<< ERROR!
java.lang.NoSuchMethodError: 'org.jsoup.nodes.Document$OutputSettings org.jsoup.nodes.Document$OutputSettings.syntax(org.jsoup.nodes.Document$OutputSettings$Syntax)'
	at org.jsoup.parser.XmlTreeBuilder.initialiseParse(XmlTreeBuilder.java:50)
	at org.jsoup.parser.TreeBuilder.parse(TreeBuilder.java:76)
	at org.jsoup.parser.Parser.parseInput(Parser.java:89)
	at org.jsoup.helper.DataUtil.parseInputStream(DataUtil.java:334)
	at org.jsoup.helper.DataUtil.parseInputStream(DataUtil.java:230)
	at org.jsoup.helper.DataUtil.load(DataUtil.java:120)
	at org.jsoup.helper.DataUtil.load(DataUtil.java:87)
	at org.jsoup.Jsoup.parse(Jsoup.java:186)
	at org.jsoup.integration.FuzzFixesTest.testXmlParse(FuzzFixesTest.java:76)
	at java.base/java.lang.reflect.Method.invoke(Method.java:580)
	at java.base/java.util.Optional.ifPresent(Optional.java:178)
	at java.base/java.util.stream.ForEachOps$ForEachOp$OfRef.accept(ForEachOps.java:184)
	at java.base/java.util.stream.ReferencePipeline$3$1.accept(ReferencePipeline.java:215)
	at java.base/java.util.stream.ForEachOps$ForEachOp$OfRef.accept(ForEachOps.java:184)
	at java.base/java.util.stream.ForEachOps$ForEachOp$OfRef.accept(ForEachOps.java:184)
	at java.base/java.util.stream.ReferencePipeline$3$1.accept(ReferencePipeline.java:215)
	at java.base/java.util.Spliterators$ArraySpliterator.forEachRemaining(Spliterators.java:1024)
	at java.base/java.util.stream.ReferencePipeline$Head.forEach(ReferencePipeline.java:807)
	at java.base/java.util.stream.ReferencePipeline$7$1FlatMap.accept(ReferencePipeline.java:294)
	at java.base/java.util.stream.ReferencePipeline$3$1.accept(ReferencePipeline.java:215)
	at java.base/java.util.stream.ReferencePipeline$3$1.accept(ReferencePipeline.java:215)
	at java.base/java.util.stream.ReferencePipeline$3$1.accept(ReferencePipeline.java:215)
	at java.base/java.util.Spliterators$ArraySpliterator.forEachRemaining(Spliterators.java:1024)
	at java.base/java.util.stream.AbstractPipeline.copyInto(AbstractPipeline.java:570)
	at java.base/java.util.stream.AbstractPipeline.wrapAndCopyInto(AbstractPipeline.java:560)
	at java.base/java.util.stream.ForEachOps$ForEachOp.evaluateSequential(ForEachOps.java:151)
	at java.base/java.util.stream.ForEachOps$ForEachOp$OfRef.evaluateSequential(ForEachOps.java:174)
	at java.base/java.util.stream.AbstractPipeline.evaluate(AbstractPipeline.java:265)
	at java.base/java.util.stream.ReferencePipeline.forEach(ReferencePipeline.java:636)
	at java.base/java.util.stream.ReferencePipeline$7$1FlatMap.accept(ReferencePipeline.java:294)
	at java.base/java.util.ArrayList$ArrayListSpliterator.forEachRemaining(ArrayList.java:1709)
	at java.base/java.util.stream.AbstractPipeline.copyInto(AbstractPipeline.java:570)
	at java.base/java.util.stream.AbstractPipeline.wrapAndCopyInto(AbstractPipeline.java:560)
	at java.base/java.util.stream.ForEachOps$ForEachOp.evaluateSequential(ForEachOps.java:151)
	at java.base/java.util.stream.ForEachOps$ForEachOp$OfRef.evaluateSequential(ForEachOps.java:174)
	at java.base/java.util.stream.AbstractPipeline.evaluate(AbstractPipeline.java:265)
	at java.base/java.util.stream.ReferencePipeline.forEach(ReferencePipeline.java:636)
	at java.base/java.util.stream.ReferencePipeline$7$1FlatMap.accept(ReferencePipeline.java:294)
	at java.base/java.util.stream.ReferencePipeline$3$1.accept(ReferencePipeline.java:215)
	at java.base/java.util.stream.ReferencePipeline$3$1.accept(ReferencePipeline.java:215)
	at java.base/java.util.stream.ReferencePipeline$3$1.accept(ReferencePipeline.java:215)
	at java.base/java.util.ArrayList$ArrayListSpliterator.forEachRemaining(ArrayList.java:1709)
	at java.base/java.util.stream.AbstractPipeline.copyInto(AbstractPipeline.java:570)
	at java.base/java.util.stream.AbstractPipeline.wrapAndCopyInto(AbstractPipeline.java:560)
	at java.base/java.util.stream.ForEachOps$ForEachOp.evaluateSequential(ForEachOps.java:151)
	at java.base/java.util.stream.ForEachOps$ForEachOp$OfRef.evaluateSequential(ForEachOps.java:174)
	at java.base/java.util.stream.AbstractPipeline.evaluate(AbstractPipeline.java:265)
	at java.base/java.util.stream.ReferencePipeline.forEach(ReferencePipeline.java:636)
	at java.base/java.util.ArrayList.forEach(ArrayList.java:1597)
	at java.base/java.util.ArrayList.forEach(ArrayList.java:1597)

[ERROR] org.jsoup.integration.FuzzFixesTest.testXmlParse(File)[24] -- Time elapsed: 0.001 s <<< ERROR!
java.lang.NoSuchMethodError: 'org.jsoup.nodes.Document$OutputSettings org.jsoup.nodes.Document$OutputSettings.syntax(org.jsoup.nodes.Document$OutputSettings$Syntax)'
	at org.jsoup.parser.XmlTreeBuilder.initialiseParse(XmlTreeBuilder.java:50)
	at org.jsoup.parser.TreeBuilder.parse(TreeBuilder.java:76)
	at org.jsoup.parser.Parser.parseInput(Parser.java:89)
	at org.jsoup.helper.DataUtil.parseInputStream(DataUtil.java:334)
	at org.jsoup.helper.DataUtil.parseInputStream(DataUtil.java:230)
	at org.jsoup.helper.DataUtil.load(DataUtil.java:120)
	at org.jsoup.helper.DataUtil.load(DataUtil.java:87)
	at org.jsoup.Jsoup.parse(Jsoup.java:186)
	at org.jsoup.integration.FuzzFixesTest.testXmlParse(FuzzFixesTest.java:76)
	at java.base/java.lang.reflect.Method.invoke(Method.java:580)
	at java.base/java.util.Optional.ifPresent(Optional.java:178)
	at java.base/java.util.stream.ForEachOps$ForEachOp$OfRef.accept(ForEachOps.java:184)
	at java.base/java.util.stream.ReferencePipeline$3$1.accept(ReferencePipeline.java:215)
	at java.base/java.util.stream.ForEachOps$ForEachOp$OfRef.accept(ForEachOps.java:184)
	at java.base/java.util.stream.ForEachOps$ForEachOp$OfRef.accept(ForEachOps.java:184)
	at java.base/java.util.stream.ReferencePipeline$3$1.accept(ReferencePipeline.java:215)
	at java.base/java.util.Spliterators$ArraySpliterator.forEachRemaining(Spliterators.java:1024)
	at java.base/java.util.stream.ReferencePipeline$Head.forEach(ReferencePipeline.java:807)
	at java.base/java.util.stream.ReferencePipeline$7$1FlatMap.accept(ReferencePipeline.java:294)
	at java.base/java.util.stream.ReferencePipeline$3$1.accept(ReferencePipeline.java:215)
	at java.base/java.util.stream.ReferencePipeline$3$1.accept(ReferencePipeline.java:215)
	at java.base/java.util.stream.ReferencePipeline$3$1.accept(ReferencePipeline.java:215)
	at java.base/java.util.Spliterators$ArraySpliterator.forEachRemaining(Spliterators.java:1024)
	at java.base/java.util.stream.AbstractPipeline.copyInto(AbstractPipeline.java:570)
	at java.base/java.util.stream.AbstractPipeline.wrapAndCopyInto(AbstractPipeline.java:560)
	at java.base/java.util.stream.ForEachOps$ForEachOp.evaluateSequential(ForEachOps.java:151)
	at java.base/java.util.stream.ForEachOps$ForEachOp$OfRef.evaluateSequential(ForEachOps.java:174)
	at java.base/java.util.stream.AbstractPipeline.evaluate(AbstractPipeline.java:265)
	at java.base/java.util.stream.ReferencePipeline.forEach(ReferencePipeline.java:636)
	at java.base/java.util.stream.ReferencePipeline$7$1FlatMap.accept(ReferencePipeline.java:294)
	at java.base/java.util.ArrayList$ArrayListSpliterator.forEachRemaining(ArrayList.java:1709)
	at java.base/java.util.stream.AbstractPipeline.copyInto(AbstractPipeline.java:570)
	at java.base/java.util.stream.AbstractPipeline.wrapAndCopyInto(AbstractPipeline.java:560)
	at java.base/java.util.stream.ForEachOps$ForEachOp.evaluateSequential(ForEachOps.java:151)
	at java.base/java.util.stream.ForEachOps$ForEachOp$OfRef.evaluateSequential(ForEachOps.java:174)
	at java.base/java.util.stream.AbstractPipeline.evaluate(AbstractPipeline.java:265)
	at java.base/java.util.stream.ReferencePipeline.forEach(ReferencePipeline.java:636)
	at java.base/java.util.stream.ReferencePipeline$7$1FlatMap.accept(ReferencePipeline.java:294)
	at java.base/java.util.stream.ReferencePipeline$3$1.accept(ReferencePipeline.java:215)
	at java.base/java.util.stream.ReferencePipeline$3$1.accept(ReferencePipeline.java:215)
	at java.base/java.util.stream.ReferencePipeline$3$1.accept(ReferencePipeline.java:215)
	at java.base/java.util.ArrayList$ArrayListSpliterator.forEachRemaining(ArrayList.java:1709)
	at java.base/java.util.stream.AbstractPipeline.copyInto(AbstractPipeline.java:570)
	at java.base/java.util.stream.AbstractPipeline.wrapAndCopyInto(AbstractPipeline.java:560)
	at java.base/java.util.stream.ForEachOps$ForEachOp.evaluateSequential(ForEachOps.java:151)
	at java.base/java.util.stream.ForEachOps$ForEachOp$OfRef.evaluateSequential(ForEachOps.java:174)
	at java.base/java.util.stream.AbstractPipeline.evaluate(AbstractPipeline.java:265)
	at java.base/java.util.stream.ReferencePipeline.forEach(ReferencePipeline.java:636)
	at java.base/java.util.ArrayList.forEach(ArrayList.java:1597)
	at java.base/java.util.ArrayList.forEach(ArrayList.java:1597)

[ERROR] org.jsoup.integration.FuzzFixesTest.testXmlParse(File)[25] -- Time elapsed: 0.001 s <<< ERROR!
java.lang.NoSuchMethodError: 'org.jsoup.nodes.Document$OutputSettings org.jsoup.nodes.Document$OutputSettings.syntax(org.jsoup.nodes.Document$OutputSettings$Syntax)'
	at org.jsoup.parser.XmlTreeBuilder.initialiseParse(XmlTreeBuilder.java:50)
	at org.jsoup.parser.TreeBuilder.parse(TreeBuilder.java:76)
	at org.jsoup.parser.Parser.parseInput(Parser.java:89)
	at org.jsoup.helper.DataUtil.parseInputStream(DataUtil.java:334)
	at org.jsoup.helper.DataUtil.parseInputStream(DataUtil.java:230)
	at org.jsoup.helper.DataUtil.load(DataUtil.java:120)
	at org.jsoup.helper.DataUtil.load(DataUtil.java:87)
	at org.jsoup.Jsoup.parse(Jsoup.java:186)
	at org.jsoup.integration.FuzzFixesTest.testXmlParse(FuzzFixesTest.java:76)
	at java.base/java.lang.reflect.Method.invoke(Method.java:580)
	at java.base/java.util.Optional.ifPresent(Optional.java:178)
	at java.base/java.util.stream.ForEachOps$ForEachOp$OfRef.accept(ForEachOps.java:184)
	at java.base/java.util.stream.ReferencePipeline$3$1.accept(ReferencePipeline.java:215)
	at java.base/java.util.stream.ForEachOps$ForEachOp$OfRef.accept(ForEachOps.java:184)
	at java.base/java.util.stream.ForEachOps$ForEachOp$OfRef.accept(ForEachOps.java:184)
	at java.base/java.util.stream.ReferencePipeline$3$1.accept(ReferencePipeline.java:215)
	at java.base/java.util.Spliterators$ArraySpliterator.forEachRemaining(Spliterators.java:1024)
	at java.base/java.util.stream.ReferencePipeline$Head.forEach(ReferencePipeline.java:807)
	at java.base/java.util.stream.ReferencePipeline$7$1FlatMap.accept(ReferencePipeline.java:294)
	at java.base/java.util.stream.ReferencePipeline$3$1.accept(ReferencePipeline.java:215)
	at java.base/java.util.stream.ReferencePipeline$3$1.accept(ReferencePipeline.java:215)
	at java.base/java.util.stream.ReferencePipeline$3$1.accept(ReferencePipeline.java:215)
	at java.base/java.util.Spliterators$ArraySpliterator.forEachRemaining(Spliterators.java:1024)
	at java.base/java.util.stream.AbstractPipeline.copyInto(AbstractPipeline.java:570)
	at java.base/java.util.stream.AbstractPipeline.wrapAndCopyInto(AbstractPipeline.java:560)
	at java.base/java.util.stream.ForEachOps$ForEachOp.evaluateSequential(ForEachOps.java:151)
	at java.base/java.util.stream.ForEachOps$ForEachOp$OfRef.evaluateSequential(ForEachOps.java:174)
	at java.base/java.util.stream.AbstractPipeline.evaluate(AbstractPipeline.java:265)
	at java.base/java.util.stream.ReferencePipeline.forEach(ReferencePipeline.java:636)
	at java.base/java.util.stream.ReferencePipeline$7$1FlatMap.accept(ReferencePipeline.java:294)
	at java.base/java.util.ArrayList$ArrayListSpliterator.forEachRemaining(ArrayList.java:1709)
	at java.base/java.util.stream.AbstractPipeline.copyInto(AbstractPipeline.java:570)
	at java.base/java.util.stream.AbstractPipeline.wrapAndCopyInto(AbstractPipeline.java:560)
	at java.base/java.util.stream.ForEachOps$ForEachOp.evaluateSequential(ForEachOps.java:151)
	at java.base/java.util.stream.ForEachOps$ForEachOp$OfRef.evaluateSequential(ForEachOps.java:174)
	at java.base/java.util.stream.AbstractPipeline.evaluate(AbstractPipeline.java:265)
	at java.base/java.util.stream.ReferencePipeline.forEach(ReferencePipeline.java:636)
	at java.base/java.util.stream.ReferencePipeline$7$1FlatMap.accept(ReferencePipeline.java:294)
	at java.base/java.util.stream.ReferencePipeline$3$1.accept(ReferencePipeline.java:215)
	at java.base/java.util.stream.ReferencePipeline$3$1.accept(ReferencePipeline.java:215)
	at java.base/java.util.stream.ReferencePipeline$3$1.accept(ReferencePipeline.java:215)
	at java.base/java.util.ArrayList$ArrayListSpliterator.forEachRemaining(ArrayList.java:1709)
	at java.base/java.util.stream.AbstractPipeline.copyInto(AbstractPipeline.java:570)
	at java.base/java.util.stream.AbstractPipeline.wrapAndCopyInto(AbstractPipeline.java:560)
	at java.base/java.util.stream.ForEachOps$ForEachOp.evaluateSequential(ForEachOps.java:151)
	at java.base/java.util.stream.ForEachOps$ForEachOp$OfRef.evaluateSequential(ForEachOps.java:174)
	at java.base/java.util.stream.AbstractPipeline.evaluate(AbstractPipeline.java:265)
	at java.base/java.util.stream.ReferencePipeline.forEach(ReferencePipeline.java:636)
	at java.base/java.util.ArrayList.forEach(ArrayList.java:1597)
	at java.base/java.util.ArrayList.forEach(ArrayList.java:1597)

[ERROR] org.jsoup.integration.FuzzFixesTest.testXmlParse(File)[26] -- Time elapsed: 0 s <<< ERROR!
java.lang.NoSuchMethodError: 'org.jsoup.nodes.Document$OutputSettings org.jsoup.nodes.Document$OutputSettings.syntax(org.jsoup.nodes.Document$OutputSettings$Syntax)'
	at org.jsoup.parser.XmlTreeBuilder.initialiseParse(XmlTreeBuilder.java:50)
	at org.jsoup.parser.TreeBuilder.parse(TreeBuilder.java:76)
	at org.jsoup.parser.Parser.parseInput(Parser.java:89)
	at org.jsoup.helper.DataUtil.parseInputStream(DataUtil.java:334)
	at org.jsoup.helper.DataUtil.parseInputStream(DataUtil.java:230)
	at org.jsoup.helper.DataUtil.load(DataUtil.java:120)
	at org.jsoup.helper.DataUtil.load(DataUtil.java:87)
	at org.jsoup.Jsoup.parse(Jsoup.java:186)
	at org.jsoup.integration.FuzzFixesTest.testXmlParse(FuzzFixesTest.java:76)
	at java.base/java.lang.reflect.Method.invoke(Method.java:580)
	at java.base/java.util.Optional.ifPresent(Optional.java:178)
	at java.base/java.util.stream.ForEachOps$ForEachOp$OfRef.accept(ForEachOps.java:184)
	at java.base/java.util.stream.ReferencePipeline$3$1.accept(ReferencePipeline.java:215)
	at java.base/java.util.stream.ForEachOps$ForEachOp$OfRef.accept(ForEachOps.java:184)
	at java.base/java.util.stream.ForEachOps$ForEachOp$OfRef.accept(ForEachOps.java:184)
	at java.base/java.util.stream.ReferencePipeline$3$1.accept(ReferencePipeline.java:215)
	at java.base/java.util.Spliterators$ArraySpliterator.forEachRemaining(Spliterators.java:1024)
	at java.base/java.util.stream.ReferencePipeline$Head.forEach(ReferencePipeline.java:807)
	at java.base/java.util.stream.ReferencePipeline$7$1FlatMap.accept(ReferencePipeline.java:294)
	at java.base/java.util.stream.ReferencePipeline$3$1.accept(ReferencePipeline.java:215)
	at java.base/java.util.stream.ReferencePipeline$3$1.accept(ReferencePipeline.java:215)
	at java.base/java.util.stream.ReferencePipeline$3$1.accept(ReferencePipeline.java:215)
	at java.base/java.util.Spliterators$ArraySpliterator.forEachRemaining(Spliterators.java:1024)
	at java.base/java.util.stream.AbstractPipeline.copyInto(AbstractPipeline.java:570)
	at java.base/java.util.stream.AbstractPipeline.wrapAndCopyInto(AbstractPipeline.java:560)
	at java.base/java.util.stream.ForEachOps$ForEachOp.evaluateSequential(ForEachOps.java:151)
	at java.base/java.util.stream.ForEachOps$ForEachOp$OfRef.evaluateSequential(ForEachOps.java:174)
	at java.base/java.util.stream.AbstractPipeline.evaluate(AbstractPipeline.java:265)
	at java.base/java.util.stream.ReferencePipeline.forEach(ReferencePipeline.java:636)
	at java.base/java.util.stream.ReferencePipeline$7$1FlatMap.accept(ReferencePipeline.java:294)
	at java.base/java.util.ArrayList$ArrayListSpliterator.forEachRemaining(ArrayList.java:1709)
	at java.base/java.util.stream.AbstractPipeline.copyInto(AbstractPipeline.java:570)
	at java.base/java.util.stream.AbstractPipeline.wrapAndCopyInto(AbstractPipeline.java:560)
	at java.base/java.util.stream.ForEachOps$ForEachOp.evaluateSequential(ForEachOps.java:151)
	at java.base/java.util.stream.ForEachOps$ForEachOp$OfRef.evaluateSequential(ForEachOps.java:174)
	at java.base/java.util.stream.AbstractPipeline.evaluate(AbstractPipeline.java:265)
	at java.base/java.util.stream.ReferencePipeline.forEach(ReferencePipeline.java:636)
	at java.base/java.util.stream.ReferencePipeline$7$1FlatMap.accept(ReferencePipeline.java:294)
	at java.base/java.util.stream.ReferencePipeline$3$1.accept(ReferencePipeline.java:215)
	at java.base/java.util.stream.ReferencePipeline$3$1.accept(ReferencePipeline.java:215)
	at java.base/java.util.stream.ReferencePipeline$3$1.accept(ReferencePipeline.java:215)
	at java.base/java.util.ArrayList$ArrayListSpliterator.forEachRemaining(ArrayList.java:1709)
	at java.base/java.util.stream.AbstractPipeline.copyInto(AbstractPipeline.java:570)
	at java.base/java.util.stream.AbstractPipeline.wrapAndCopyInto(AbstractPipeline.java:560)
	at java.base/java.util.stream.ForEachOps$ForEachOp.evaluateSequential(ForEachOps.java:151)
	at java.base/java.util.stream.ForEachOps$ForEachOp$OfRef.evaluateSequential(ForEachOps.java:174)
	at java.base/java.util.stream.AbstractPipeline.evaluate(AbstractPipeline.java:265)
	at java.base/java.util.stream.ReferencePipeline.forEach(ReferencePipeline.java:636)
	at java.base/java.util.ArrayList.forEach(ArrayList.java:1597)
	at java.base/java.util.ArrayList.forEach(ArrayList.java:1597)

[ERROR] org.jsoup.integration.FuzzFixesTest.testXmlParse(File)[27] -- Time elapsed: 0 s <<< ERROR!
java.lang.NoSuchMethodError: 'org.jsoup.nodes.Document$OutputSettings org.jsoup.nodes.Document$OutputSettings.syntax(org.jsoup.nodes.Document$OutputSettings$Syntax)'
	at org.jsoup.parser.XmlTreeBuilder.initialiseParse(XmlTreeBuilder.java:50)
	at org.jsoup.parser.TreeBuilder.parse(TreeBuilder.java:76)
	at org.jsoup.parser.Parser.parseInput(Parser.java:89)
	at org.jsoup.helper.DataUtil.parseInputStream(DataUtil.java:334)
	at org.jsoup.helper.DataUtil.parseInputStream(DataUtil.java:230)
	at org.jsoup.helper.DataUtil.load(DataUtil.java:120)
	at org.jsoup.helper.DataUtil.load(DataUtil.java:87)
	at org.jsoup.Jsoup.parse(Jsoup.java:186)
	at org.jsoup.integration.FuzzFixesTest.testXmlParse(FuzzFixesTest.java:76)
	at java.base/java.lang.reflect.Method.invoke(Method.java:580)
	at java.base/java.util.Optional.ifPresent(Optional.java:178)
	at java.base/java.util.stream.ForEachOps$ForEachOp$OfRef.accept(ForEachOps.java:184)
	at java.base/java.util.stream.ReferencePipeline$3$1.accept(ReferencePipeline.java:215)
	at java.base/java.util.stream.ForEachOps$ForEachOp$OfRef.accept(ForEachOps.java:184)
	at java.base/java.util.stream.ForEachOps$ForEachOp$OfRef.accept(ForEachOps.java:184)
	at java.base/java.util.stream.ReferencePipeline$3$1.accept(ReferencePipeline.java:215)
	at java.base/java.util.Spliterators$ArraySpliterator.forEachRemaining(Spliterators.java:1024)
	at java.base/java.util.stream.ReferencePipeline$Head.forEach(ReferencePipeline.java:807)
	at java.base/java.util.stream.ReferencePipeline$7$1FlatMap.accept(ReferencePipeline.java:294)
	at java.base/java.util.stream.ReferencePipeline$3$1.accept(ReferencePipeline.java:215)
	at java.base/java.util.stream.ReferencePipeline$3$1.accept(ReferencePipeline.java:215)
	at java.base/java.util.stream.ReferencePipeline$3$1.accept(ReferencePipeline.java:215)
	at java.base/java.util.Spliterators$ArraySpliterator.forEachRemaining(Spliterators.java:1024)
	at java.base/java.util.stream.AbstractPipeline.copyInto(AbstractPipeline.java:570)
	at java.base/java.util.stream.AbstractPipeline.wrapAndCopyInto(AbstractPipeline.java:560)
	at java.base/java.util.stream.ForEachOps$ForEachOp.evaluateSequential(ForEachOps.java:151)
	at java.base/java.util.stream.ForEachOps$ForEachOp$OfRef.evaluateSequential(ForEachOps.java:174)
	at java.base/java.util.stream.AbstractPipeline.evaluate(AbstractPipeline.java:265)
	at java.base/java.util.stream.ReferencePipeline.forEach(ReferencePipeline.java:636)
	at java.base/java.util.stream.ReferencePipeline$7$1FlatMap.accept(ReferencePipeline.java:294)
	at java.base/java.util.ArrayList$ArrayListSpliterator.forEachRemaining(ArrayList.java:1709)
	at java.base/java.util.stream.AbstractPipeline.copyInto(AbstractPipeline.java:570)
	at java.base/java.util.stream.AbstractPipeline.wrapAndCopyInto(AbstractPipeline.java:560)
	at java.base/java.util.stream.ForEachOps$ForEachOp.evaluateSequential(ForEachOps.java:151)
	at java.base/java.util.stream.ForEachOps$ForEachOp$OfRef.evaluateSequential(ForEachOps.java:174)
	at java.base/java.util.stream.AbstractPipeline.evaluate(AbstractPipeline.java:265)
	at java.base/java.util.stream.ReferencePipeline.forEach(ReferencePipeline.java:636)
	at java.base/java.util.stream.ReferencePipeline$7$1FlatMap.accept(ReferencePipeline.java:294)
	at java.base/java.util.stream.ReferencePipeline$3$1.accept(ReferencePipeline.java:215)
	at java.base/java.util.stream.ReferencePipeline$3$1.accept(ReferencePipeline.java:215)
	at java.base/java.util.stream.ReferencePipeline$3$1.accept(ReferencePipeline.java:215)
	at java.base/java.util.ArrayList$ArrayListSpliterator.forEachRemaining(ArrayList.java:1709)
	at java.base/java.util.stream.AbstractPipeline.copyInto(AbstractPipeline.java:570)
	at java.base/java.util.stream.AbstractPipeline.wrapAndCopyInto(AbstractPipeline.java:560)
	at java.base/java.util.stream.ForEachOps$ForEachOp.evaluateSequential(ForEachOps.java:151)
	at java.base/java.util.stream.ForEachOps$ForEachOp$OfRef.evaluateSequential(ForEachOps.java:174)
	at java.base/java.util.stream.AbstractPipeline.evaluate(AbstractPipeline.java:265)
	at java.base/java.util.stream.ReferencePipeline.forEach(ReferencePipeline.java:636)
	at java.base/java.util.ArrayList.forEach(ArrayList.java:1597)
	at java.base/java.util.ArrayList.forEach(ArrayList.java:1597)

[ERROR] org.jsoup.integration.FuzzFixesTest.testXmlParse(File)[28] -- Time elapsed: 0.001 s <<< ERROR!
java.lang.NoSuchMethodError: 'org.jsoup.nodes.Document$OutputSettings org.jsoup.nodes.Document$OutputSettings.syntax(org.jsoup.nodes.Document$OutputSettings$Syntax)'
	at org.jsoup.parser.XmlTreeBuilder.initialiseParse(XmlTreeBuilder.java:50)
	at org.jsoup.parser.TreeBuilder.parse(TreeBuilder.java:76)
	at org.jsoup.parser.Parser.parseInput(Parser.java:89)
	at org.jsoup.helper.DataUtil.parseInputStream(DataUtil.java:334)
	at org.jsoup.helper.DataUtil.parseInputStream(DataUtil.java:230)
	at org.jsoup.helper.DataUtil.load(DataUtil.java:120)
	at org.jsoup.helper.DataUtil.load(DataUtil.java:87)
	at org.jsoup.Jsoup.parse(Jsoup.java:186)
	at org.jsoup.integration.FuzzFixesTest.testXmlParse(FuzzFixesTest.java:76)
	at java.base/java.lang.reflect.Method.invoke(Method.java:580)
	at java.base/java.util.Optional.ifPresent(Optional.java:178)
	at java.base/java.util.stream.ForEachOps$ForEachOp$OfRef.accept(ForEachOps.java:184)
	at java.base/java.util.stream.ReferencePipeline$3$1.accept(ReferencePipeline.java:215)
	at java.base/java.util.stream.ForEachOps$ForEachOp$OfRef.accept(ForEachOps.java:184)
	at java.base/java.util.stream.ForEachOps$ForEachOp$OfRef.accept(ForEachOps.java:184)
	at java.base/java.util.stream.ReferencePipeline$3$1.accept(ReferencePipeline.java:215)
	at java.base/java.util.Spliterators$ArraySpliterator.forEachRemaining(Spliterators.java:1024)
	at java.base/java.util.stream.ReferencePipeline$Head.forEach(ReferencePipeline.java:807)
	at java.base/java.util.stream.ReferencePipeline$7$1FlatMap.accept(ReferencePipeline.java:294)
	at java.base/java.util.stream.ReferencePipeline$3$1.accept(ReferencePipeline.java:215)
	at java.base/java.util.stream.ReferencePipeline$3$1.accept(ReferencePipeline.java:215)
	at java.base/java.util.stream.ReferencePipeline$3$1.accept(ReferencePipeline.java:215)
	at java.base/java.util.Spliterators$ArraySpliterator.forEachRemaining(Spliterators.java:1024)
	at java.base/java.util.stream.AbstractPipeline.copyInto(AbstractPipeline.java:570)
	at java.base/java.util.stream.AbstractPipeline.wrapAndCopyInto(AbstractPipeline.java:560)
	at java.base/java.util.stream.ForEachOps$ForEachOp.evaluateSequential(ForEachOps.java:151)
	at java.base/java.util.stream.ForEachOps$ForEachOp$OfRef.evaluateSequential(ForEachOps.java:174)
	at java.base/java.util.stream.AbstractPipeline.evaluate(AbstractPipeline.java:265)
	at java.base/java.util.stream.ReferencePipeline.forEach(ReferencePipeline.java:636)
	at java.base/java.util.stream.ReferencePipeline$7$1FlatMap.accept(ReferencePipeline.java:294)
	at java.base/java.util.ArrayList$ArrayListSpliterator.forEachRemaining(ArrayList.java:1709)
	at java.base/java.util.stream.AbstractPipeline.copyInto(AbstractPipeline.java:570)
	at java.base/java.util.stream.AbstractPipeline.wrapAndCopyInto(AbstractPipeline.java:560)
	at java.base/java.util.stream.ForEachOps$ForEachOp.evaluateSequential(ForEachOps.java:151)
	at java.base/java.util.stream.ForEachOps$ForEachOp$OfRef.evaluateSequential(ForEachOps.java:174)
	at java.base/java.util.stream.AbstractPipeline.evaluate(AbstractPipeline.java:265)
	at java.base/java.util.stream.ReferencePipeline.forEach(ReferencePipeline.java:636)
	at java.base/java.util.stream.ReferencePipeline$7$1FlatMap.accept(ReferencePipeline.java:294)
	at java.base/java.util.stream.ReferencePipeline$3$1.accept(ReferencePipeline.java:215)
	at java.base/java.util.stream.ReferencePipeline$3$1.accept(ReferencePipeline.java:215)
	at java.base/java.util.stream.ReferencePipeline$3$1.accept(ReferencePipeline.java:215)
	at java.base/java.util.ArrayList$ArrayListSpliterator.forEachRemaining(ArrayList.java:1709)
	at java.base/java.util.stream.AbstractPipeline.copyInto(AbstractPipeline.java:570)
	at java.base/java.util.stream.AbstractPipeline.wrapAndCopyInto(AbstractPipeline.java:560)
	at java.base/java.util.stream.ForEachOps$ForEachOp.evaluateSequential(ForEachOps.java:151)
	at java.base/java.util.stream.ForEachOps$ForEachOp$OfRef.evaluateSequential(ForEachOps.java:174)
	at java.base/java.util.stream.AbstractPipeline.evaluate(AbstractPipeline.java:265)
	at java.base/java.util.stream.ReferencePipeline.forEach(ReferencePipeline.java:636)
	at java.base/java.util.ArrayList.forEach(ArrayList.java:1597)
	at java.base/java.util.ArrayList.forEach(ArrayList.java:1597)

[ERROR] org.jsoup.integration.FuzzFixesTest.testXmlParse(File)[29] -- Time elapsed: 0 s <<< ERROR!
java.lang.NoSuchMethodError: 'org.jsoup.nodes.Document$OutputSettings org.jsoup.nodes.Document$OutputSettings.syntax(org.jsoup.nodes.Document$OutputSettings$Syntax)'
	at org.jsoup.parser.XmlTreeBuilder.initialiseParse(XmlTreeBuilder.java:50)
	at org.jsoup.parser.TreeBuilder.parse(TreeBuilder.java:76)
	at org.jsoup.parser.Parser.parseInput(Parser.java:89)
	at org.jsoup.helper.DataUtil.parseInputStream(DataUtil.java:334)
	at org.jsoup.helper.DataUtil.parseInputStream(DataUtil.java:230)
	at org.jsoup.helper.DataUtil.load(DataUtil.java:120)
	at org.jsoup.helper.DataUtil.load(DataUtil.java:87)
	at org.jsoup.Jsoup.parse(Jsoup.java:186)
	at org.jsoup.integration.FuzzFixesTest.testXmlParse(FuzzFixesTest.java:76)
	at java.base/java.lang.reflect.Method.invoke(Method.java:580)
	at java.base/java.util.Optional.ifPresent(Optional.java:178)
	at java.base/java.util.stream.ForEachOps$ForEachOp$OfRef.accept(ForEachOps.java:184)
	at java.base/java.util.stream.ReferencePipeline$3$1.accept(ReferencePipeline.java:215)
	at java.base/java.util.stream.ForEachOps$ForEachOp$OfRef.accept(ForEachOps.java:184)
	at java.base/java.util.stream.ForEachOps$ForEachOp$OfRef.accept(ForEachOps.java:184)
	at java.base/java.util.stream.ReferencePipeline$3$1.accept(ReferencePipeline.java:215)
	at java.base/java.util.Spliterators$ArraySpliterator.forEachRemaining(Spliterators.java:1024)
	at java.base/java.util.stream.ReferencePipeline$Head.forEach(ReferencePipeline.java:807)
	at java.base/java.util.stream.ReferencePipeline$7$1FlatMap.accept(ReferencePipeline.java:294)
	at java.base/java.util.stream.ReferencePipeline$3$1.accept(ReferencePipeline.java:215)
	at java.base/java.util.stream.ReferencePipeline$3$1.accept(ReferencePipeline.java:215)
	at java.base/java.util.stream.ReferencePipeline$3$1.accept(ReferencePipeline.java:215)
	at java.base/java.util.Spliterators$ArraySpliterator.forEachRemaining(Spliterators.java:1024)
	at java.base/java.util.stream.AbstractPipeline.copyInto(AbstractPipeline.java:570)
	at java.base/java.util.stream.AbstractPipeline.wrapAndCopyInto(AbstractPipeline.java:560)
	at java.base/java.util.stream.ForEachOps$ForEachOp.evaluateSequential(ForEachOps.java:151)
	at java.base/java.util.stream.ForEachOps$ForEachOp$OfRef.evaluateSequential(ForEachOps.java:174)
	at java.base/java.util.stream.AbstractPipeline.evaluate(AbstractPipeline.java:265)
	at java.base/java.util.stream.ReferencePipeline.forEach(ReferencePipeline.java:636)
	at java.base/java.util.stream.ReferencePipeline$7$1FlatMap.accept(ReferencePipeline.java:294)
	at java.base/java.util.ArrayList$ArrayListSpliterator.forEachRemaining(ArrayList.java:1709)
	at java.base/java.util.stream.AbstractPipeline.copyInto(AbstractPipeline.java:570)
	at java.base/java.util.stream.AbstractPipeline.wrapAndCopyInto(AbstractPipeline.java:560)
	at java.base/java.util.stream.ForEachOps$ForEachOp.evaluateSequential(ForEachOps.java:151)
	at java.base/java.util.stream.ForEachOps$ForEachOp$OfRef.evaluateSequential(ForEachOps.java:174)
	at java.base/java.util.stream.AbstractPipeline.evaluate(AbstractPipeline.java:265)
	at java.base/java.util.stream.ReferencePipeline.forEach(ReferencePipeline.java:636)
	at java.base/java.util.stream.ReferencePipeline$7$1FlatMap.accept(ReferencePipeline.java:294)
	at java.base/java.util.stream.ReferencePipeline$3$1.accept(ReferencePipeline.java:215)
	at java.base/java.util.stream.ReferencePipeline$3$1.accept(ReferencePipeline.java:215)
	at java.base/java.util.stream.ReferencePipeline$3$1.accept(ReferencePipeline.java:215)
	at java.base/java.util.ArrayList$ArrayListSpliterator.forEachRemaining(ArrayList.java:1709)
	at java.base/java.util.stream.AbstractPipeline.copyInto(AbstractPipeline.java:570)
	at java.base/java.util.stream.AbstractPipeline.wrapAndCopyInto(AbstractPipeline.java:560)
	at java.base/java.util.stream.ForEachOps$ForEachOp.evaluateSequential(ForEachOps.java:151)
	at java.base/java.util.stream.ForEachOps$ForEachOp$OfRef.evaluateSequential(ForEachOps.java:174)
	at java.base/java.util.stream.AbstractPipeline.evaluate(AbstractPipeline.java:265)
	at java.base/java.util.stream.ReferencePipeline.forEach(ReferencePipeline.java:636)
	at java.base/java.util.ArrayList.forEach(ArrayList.java:1597)
	at java.base/java.util.ArrayList.forEach(ArrayList.java:1597)

[ERROR] org.jsoup.integration.FuzzFixesTest.testXmlParse(File)[30] -- Time elapsed: 0 s <<< ERROR!
java.lang.NoSuchMethodError: 'org.jsoup.nodes.Document$OutputSettings org.jsoup.nodes.Document$OutputSettings.syntax(org.jsoup.nodes.Document$OutputSettings$Syntax)'
	at org.jsoup.parser.XmlTreeBuilder.initialiseParse(XmlTreeBuilder.java:50)
	at org.jsoup.parser.TreeBuilder.parse(TreeBuilder.java:76)
	at org.jsoup.parser.Parser.parseInput(Parser.java:89)
	at org.jsoup.helper.DataUtil.parseInputStream(DataUtil.java:334)
	at org.jsoup.helper.DataUtil.parseInputStream(DataUtil.java:230)
	at org.jsoup.helper.DataUtil.load(DataUtil.java:120)
	at org.jsoup.helper.DataUtil.load(DataUtil.java:87)
	at org.jsoup.Jsoup.parse(Jsoup.java:186)
	at org.jsoup.integration.FuzzFixesTest.testXmlParse(FuzzFixesTest.java:76)
	at java.base/java.lang.reflect.Method.invoke(Method.java:580)
	at java.base/java.util.Optional.ifPresent(Optional.java:178)
	at java.base/java.util.stream.ForEachOps$ForEachOp$OfRef.accept(ForEachOps.java:184)
	at java.base/java.util.stream.ReferencePipeline$3$1.accept(ReferencePipeline.java:215)
	at java.base/java.util.stream.ForEachOps$ForEachOp$OfRef.accept(ForEachOps.java:184)
	at java.base/java.util.stream.ForEachOps$ForEachOp$OfRef.accept(ForEachOps.java:184)
	at java.base/java.util.stream.ReferencePipeline$3$1.accept(ReferencePipeline.java:215)
	at java.base/java.util.Spliterators$ArraySpliterator.forEachRemaining(Spliterators.java:1024)
	at java.base/java.util.stream.ReferencePipeline$Head.forEach(ReferencePipeline.java:807)
	at java.base/java.util.stream.ReferencePipeline$7$1FlatMap.accept(ReferencePipeline.java:294)
	at java.base/java.util.stream.ReferencePipeline$3$1.accept(ReferencePipeline.java:215)
	at java.base/java.util.stream.ReferencePipeline$3$1.accept(ReferencePipeline.java:215)
	at java.base/java.util.stream.ReferencePipeline$3$1.accept(ReferencePipeline.java:215)
	at java.base/java.util.Spliterators$ArraySpliterator.forEachRemaining(Spliterators.java:1024)
	at java.base/java.util.stream.AbstractPipeline.copyInto(AbstractPipeline.java:570)
	at java.base/java.util.stream.AbstractPipeline.wrapAndCopyInto(AbstractPipeline.java:560)
	at java.base/java.util.stream.ForEachOps$ForEachOp.evaluateSequential(ForEachOps.java:151)
	at java.base/java.util.stream.ForEachOps$ForEachOp$OfRef.evaluateSequential(ForEachOps.java:174)
	at java.base/java.util.stream.AbstractPipeline.evaluate(AbstractPipeline.java:265)
	at java.base/java.util.stream.ReferencePipeline.forEach(ReferencePipeline.java:636)
	at java.base/java.util.stream.ReferencePipeline$7$1FlatMap.accept(ReferencePipeline.java:294)
	at java.base/java.util.ArrayList$ArrayListSpliterator.forEachRemaining(ArrayList.java:1709)
	at java.base/java.util.stream.AbstractPipeline.copyInto(AbstractPipeline.java:570)
	at java.base/java.util.stream.AbstractPipeline.wrapAndCopyInto(AbstractPipeline.java:560)
	at java.base/java.util.stream.ForEachOps$ForEachOp.evaluateSequential(ForEachOps.java:151)
	at java.base/java.util.stream.ForEachOps$ForEachOp$OfRef.evaluateSequential(ForEachOps.java:174)
	at java.base/java.util.stream.AbstractPipeline.evaluate(AbstractPipeline.java:265)
	at java.base/java.util.stream.ReferencePipeline.forEach(ReferencePipeline.java:636)
	at java.base/java.util.stream.ReferencePipeline$7$1FlatMap.accept(ReferencePipeline.java:294)
	at java.base/java.util.stream.ReferencePipeline$3$1.accept(ReferencePipeline.java:215)
	at java.base/java.util.stream.ReferencePipeline$3$1.accept(ReferencePipeline.java:215)
	at java.base/java.util.stream.ReferencePipeline$3$1.accept(ReferencePipeline.java:215)
	at java.base/java.util.ArrayList$ArrayListSpliterator.forEachRemaining(ArrayList.java:1709)
	at java.base/java.util.stream.AbstractPipeline.copyInto(AbstractPipeline.java:570)
	at java.base/java.util.stream.AbstractPipeline.wrapAndCopyInto(AbstractPipeline.java:560)
	at java.base/java.util.stream.ForEachOps$ForEachOp.evaluateSequential(ForEachOps.java:151)
	at java.base/java.util.stream.ForEachOps$ForEachOp$OfRef.evaluateSequential(ForEachOps.java:174)
	at java.base/java.util.stream.AbstractPipeline.evaluate(AbstractPipeline.java:265)
	at java.base/java.util.stream.ReferencePipeline.forEach(ReferencePipeline.java:636)
	at java.base/java.util.ArrayList.forEach(ArrayList.java:1597)
	at java.base/java.util.ArrayList.forEach(ArrayList.java:1597)

[ERROR] org.jsoup.integration.FuzzFixesTest.testXmlParse(File)[31] -- Time elapsed: 0.001 s <<< ERROR!
java.lang.NoSuchMethodError: 'org.jsoup.nodes.Document$OutputSettings org.jsoup.nodes.Document$OutputSettings.syntax(org.jsoup.nodes.Document$OutputSettings$Syntax)'
	at org.jsoup.parser.XmlTreeBuilder.initialiseParse(XmlTreeBuilder.java:50)
	at org.jsoup.parser.TreeBuilder.parse(TreeBuilder.java:76)
	at org.jsoup.parser.Parser.parseInput(Parser.java:89)
	at org.jsoup.helper.DataUtil.parseInputStream(DataUtil.java:334)
	at org.jsoup.helper.DataUtil.parseInputStream(DataUtil.java:230)
	at org.jsoup.helper.DataUtil.load(DataUtil.java:120)
	at org.jsoup.helper.DataUtil.load(DataUtil.java:87)
	at org.jsoup.Jsoup.parse(Jsoup.java:186)
	at org.jsoup.integration.FuzzFixesTest.testXmlParse(FuzzFixesTest.java:76)
	at java.base/java.lang.reflect.Method.invoke(Method.java:580)
	at java.base/java.util.Optional.ifPresent(Optional.java:178)
	at java.base/java.util.stream.ForEachOps$ForEachOp$OfRef.accept(ForEachOps.java:184)
	at java.base/java.util.stream.ReferencePipeline$3$1.accept(ReferencePipeline.java:215)
	at java.base/java.util.stream.ForEachOps$ForEachOp$OfRef.accept(ForEachOps.java:184)
	at java.base/java.util.stream.ForEachOps$ForEachOp$OfRef.accept(ForEachOps.java:184)
	at java.base/java.util.stream.ReferencePipeline$3$1.accept(ReferencePipeline.java:215)
	at java.base/java.util.Spliterators$ArraySpliterator.forEachRemaining(Spliterators.java:1024)
	at java.base/java.util.stream.ReferencePipeline$Head.forEach(ReferencePipeline.java:807)
	at java.base/java.util.stream.ReferencePipeline$7$1FlatMap.accept(ReferencePipeline.java:294)
	at java.base/java.util.stream.ReferencePipeline$3$1.accept(ReferencePipeline.java:215)
	at java.base/java.util.stream.ReferencePipeline$3$1.accept(ReferencePipeline.java:215)
	at java.base/java.util.stream.ReferencePipeline$3$1.accept(ReferencePipeline.java:215)
	at java.base/java.util.Spliterators$ArraySpliterator.forEachRemaining(Spliterators.java:1024)
	at java.base/java.util.stream.AbstractPipeline.copyInto(AbstractPipeline.java:570)
	at java.base/java.util.stream.AbstractPipeline.wrapAndCopyInto(AbstractPipeline.java:560)
	at java.base/java.util.stream.ForEachOps$ForEachOp.evaluateSequential(ForEachOps.java:151)
	at java.base/java.util.stream.ForEachOps$ForEachOp$OfRef.evaluateSequential(ForEachOps.java:174)
	at java.base/java.util.stream.AbstractPipeline.evaluate(AbstractPipeline.java:265)
	at java.base/java.util.stream.ReferencePipeline.forEach(ReferencePipeline.java:636)
	at java.base/java.util.stream.ReferencePipeline$7$1FlatMap.accept(ReferencePipeline.java:294)
	at java.base/java.util.ArrayList$ArrayListSpliterator.forEachRemaining(ArrayList.java:1709)
	at java.base/java.util.stream.AbstractPipeline.copyInto(AbstractPipeline.java:570)
	at java.base/java.util.stream.AbstractPipeline.wrapAndCopyInto(AbstractPipeline.java:560)
	at java.base/java.util.stream.ForEachOps$ForEachOp.evaluateSequential(ForEachOps.java:151)
	at java.base/java.util.stream.ForEachOps$ForEachOp$OfRef.evaluateSequential(ForEachOps.java:174)
	at java.base/java.util.stream.AbstractPipeline.evaluate(AbstractPipeline.java:265)
	at java.base/java.util.stream.ReferencePipeline.forEach(ReferencePipeline.java:636)
	at java.base/java.util.stream.ReferencePipeline$7$1FlatMap.accept(ReferencePipeline.java:294)
	at java.base/java.util.stream.ReferencePipeline$3$1.accept(ReferencePipeline.java:215)
	at java.base/java.util.stream.ReferencePipeline$3$1.accept(ReferencePipeline.java:215)
	at java.base/java.util.stream.ReferencePipeline$3$1.accept(ReferencePipeline.java:215)
	at java.base/java.util.ArrayList$ArrayListSpliterator.forEachRemaining(ArrayList.java:1709)
	at java.base/java.util.stream.AbstractPipeline.copyInto(AbstractPipeline.java:570)
	at java.base/java.util.stream.AbstractPipeline.wrapAndCopyInto(AbstractPipeline.java:560)
	at java.base/java.util.stream.ForEachOps$ForEachOp.evaluateSequential(ForEachOps.java:151)
	at java.base/java.util.stream.ForEachOps$ForEachOp$OfRef.evaluateSequential(ForEachOps.java:174)
	at java.base/java.util.stream.AbstractPipeline.evaluate(AbstractPipeline.java:265)
	at java.base/java.util.stream.ReferencePipeline.forEach(ReferencePipeline.java:636)
	at java.base/java.util.ArrayList.forEach(ArrayList.java:1597)
	at java.base/java.util.ArrayList.forEach(ArrayList.java:1597)

[ERROR] org.jsoup.integration.FuzzFixesTest.testXmlParse(File)[32] -- Time elapsed: 0 s <<< ERROR!
java.lang.NoSuchMethodError: 'org.jsoup.nodes.Document$OutputSettings org.jsoup.nodes.Document$OutputSettings.syntax(org.jsoup.nodes.Document$OutputSettings$Syntax)'
	at org.jsoup.parser.XmlTreeBuilder.initialiseParse(XmlTreeBuilder.java:50)
	at org.jsoup.parser.TreeBuilder.parse(TreeBuilder.java:76)
	at org.jsoup.parser.Parser.parseInput(Parser.java:89)
	at org.jsoup.helper.DataUtil.parseInputStream(DataUtil.java:334)
	at org.jsoup.helper.DataUtil.parseInputStream(DataUtil.java:230)
	at org.jsoup.helper.DataUtil.load(DataUtil.java:120)
	at org.jsoup.helper.DataUtil.load(DataUtil.java:87)
	at org.jsoup.Jsoup.parse(Jsoup.java:186)
	at org.jsoup.integration.FuzzFixesTest.testXmlParse(FuzzFixesTest.java:76)
	at java.base/java.lang.reflect.Method.invoke(Method.java:580)
	at java.base/java.util.Optional.ifPresent(Optional.java:178)
	at java.base/java.util.stream.ForEachOps$ForEachOp$OfRef.accept(ForEachOps.java:184)
	at java.base/java.util.stream.ReferencePipeline$3$1.accept(ReferencePipeline.java:215)
	at java.base/java.util.stream.ForEachOps$ForEachOp$OfRef.accept(ForEachOps.java:184)
	at java.base/java.util.stream.ForEachOps$ForEachOp$OfRef.accept(ForEachOps.java:184)
	at java.base/java.util.stream.ReferencePipeline$3$1.accept(ReferencePipeline.java:215)
	at java.base/java.util.Spliterators$ArraySpliterator.forEachRemaining(Spliterators.java:1024)
	at java.base/java.util.stream.ReferencePipeline$Head.forEach(ReferencePipeline.java:807)
	at java.base/java.util.stream.ReferencePipeline$7$1FlatMap.accept(ReferencePipeline.java:294)
	at java.base/java.util.stream.ReferencePipeline$3$1.accept(ReferencePipeline.java:215)
	at java.base/java.util.stream.ReferencePipeline$3$1.accept(ReferencePipeline.java:215)
	at java.base/java.util.stream.ReferencePipeline$3$1.accept(ReferencePipeline.java:215)
	at java.base/java.util.Spliterators$ArraySpliterator.forEachRemaining(Spliterators.java:1024)
	at java.base/java.util.stream.AbstractPipeline.copyInto(AbstractPipeline.java:570)
	at java.base/java.util.stream.AbstractPipeline.wrapAndCopyInto(AbstractPipeline.java:560)
	at java.base/java.util.stream.ForEachOps$ForEachOp.evaluateSequential(ForEachOps.java:151)
	at java.base/java.util.stream.ForEachOps$ForEachOp$OfRef.evaluateSequential(ForEachOps.java:174)
	at java.base/java.util.stream.AbstractPipeline.evaluate(AbstractPipeline.java:265)
	at java.base/java.util.stream.ReferencePipeline.forEach(ReferencePipeline.java:636)
	at java.base/java.util.stream.ReferencePipeline$7$1FlatMap.accept(ReferencePipeline.java:294)
	at java.base/java.util.ArrayList$ArrayListSpliterator.forEachRemaining(ArrayList.java:1709)
	at java.base/java.util.stream.AbstractPipeline.copyInto(AbstractPipeline.java:570)
	at java.base/java.util.stream.AbstractPipeline.wrapAndCopyInto(AbstractPipeline.java:560)
	at java.base/java.util.stream.ForEachOps$ForEachOp.evaluateSequential(ForEachOps.java:151)
	at java.base/java.util.stream.ForEachOps$ForEachOp$OfRef.evaluateSequential(ForEachOps.java:174)
	at java.base/java.util.stream.AbstractPipeline.evaluate(AbstractPipeline.java:265)
	at java.base/java.util.stream.ReferencePipeline.forEach(ReferencePipeline.java:636)
	at java.base/java.util.stream.ReferencePipeline$7$1FlatMap.accept(ReferencePipeline.java:294)
	at java.base/java.util.stream.ReferencePipeline$3$1.accept(ReferencePipeline.java:215)
	at java.base/java.util.stream.ReferencePipeline$3$1.accept(ReferencePipeline.java:215)
	at java.base/java.util.stream.ReferencePipeline$3$1.accept(ReferencePipeline.java:215)
	at java.base/java.util.ArrayList$ArrayListSpliterator.forEachRemaining(ArrayList.java:1709)
	at java.base/java.util.stream.AbstractPipeline.copyInto(AbstractPipeline.java:570)
	at java.base/java.util.stream.AbstractPipeline.wrapAndCopyInto(AbstractPipeline.java:560)
	at java.base/java.util.stream.ForEachOps$ForEachOp.evaluateSequential(ForEachOps.java:151)
	at java.base/java.util.stream.ForEachOps$ForEachOp$OfRef.evaluateSequential(ForEachOps.java:174)
	at java.base/java.util.stream.AbstractPipeline.evaluate(AbstractPipeline.java:265)
	at java.base/java.util.stream.ReferencePipeline.forEach(ReferencePipeline.java:636)
	at java.base/java.util.ArrayList.forEach(ArrayList.java:1597)
	at java.base/java.util.ArrayList.forEach(ArrayList.java:1597)

[ERROR] org.jsoup.integration.FuzzFixesTest.testXmlParse(File)[33] -- Time elapsed: 0 s <<< ERROR!
java.lang.NoSuchMethodError: 'org.jsoup.nodes.Document$OutputSettings org.jsoup.nodes.Document$OutputSettings.syntax(org.jsoup.nodes.Document$OutputSettings$Syntax)'
	at org.jsoup.parser.XmlTreeBuilder.initialiseParse(XmlTreeBuilder.java:50)
	at org.jsoup.parser.TreeBuilder.parse(TreeBuilder.java:76)
	at org.jsoup.parser.Parser.parseInput(Parser.java:89)
	at org.jsoup.helper.DataUtil.parseInputStream(DataUtil.java:334)
	at org.jsoup.helper.DataUtil.parseInputStream(DataUtil.java:230)
	at org.jsoup.helper.DataUtil.load(DataUtil.java:120)
	at org.jsoup.helper.DataUtil.load(DataUtil.java:87)
	at org.jsoup.Jsoup.parse(Jsoup.java:186)
	at org.jsoup.integration.FuzzFixesTest.testXmlParse(FuzzFixesTest.java:76)
	at java.base/java.lang.reflect.Method.invoke(Method.java:580)
	at java.base/java.util.Optional.ifPresent(Optional.java:178)
	at java.base/java.util.stream.ForEachOps$ForEachOp$OfRef.accept(ForEachOps.java:184)
	at java.base/java.util.stream.ReferencePipeline$3$1.accept(ReferencePipeline.java:215)
	at java.base/java.util.stream.ForEachOps$ForEachOp$OfRef.accept(ForEachOps.java:184)
	at java.base/java.util.stream.ForEachOps$ForEachOp$OfRef.accept(ForEachOps.java:184)
	at java.base/java.util.stream.ReferencePipeline$3$1.accept(ReferencePipeline.java:215)
	at java.base/java.util.Spliterators$ArraySpliterator.forEachRemaining(Spliterators.java:1024)
	at java.base/java.util.stream.ReferencePipeline$Head.forEach(ReferencePipeline.java:807)
	at java.base/java.util.stream.ReferencePipeline$7$1FlatMap.accept(ReferencePipeline.java:294)
	at java.base/java.util.stream.ReferencePipeline$3$1.accept(ReferencePipeline.java:215)
	at java.base/java.util.stream.ReferencePipeline$3$1.accept(ReferencePipeline.java:215)
	at java.base/java.util.stream.ReferencePipeline$3$1.accept(ReferencePipeline.java:215)
	at java.base/java.util.Spliterators$ArraySpliterator.forEachRemaining(Spliterators.java:1024)
	at java.base/java.util.stream.AbstractPipeline.copyInto(AbstractPipeline.java:570)
	at java.base/java.util.stream.AbstractPipeline.wrapAndCopyInto(AbstractPipeline.java:560)
	at java.base/java.util.stream.ForEachOps$ForEachOp.evaluateSequential(ForEachOps.java:151)
	at java.base/java.util.stream.ForEachOps$ForEachOp$OfRef.evaluateSequential(ForEachOps.java:174)
	at java.base/java.util.stream.AbstractPipeline.evaluate(AbstractPipeline.java:265)
	at java.base/java.util.stream.ReferencePipeline.forEach(ReferencePipeline.java:636)
	at java.base/java.util.stream.ReferencePipeline$7$1FlatMap.accept(ReferencePipeline.java:294)
	at java.base/java.util.ArrayList$ArrayListSpliterator.forEachRemaining(ArrayList.java:1709)
	at java.base/java.util.stream.AbstractPipeline.copyInto(AbstractPipeline.java:570)
	at java.base/java.util.stream.AbstractPipeline.wrapAndCopyInto(AbstractPipeline.java:560)
	at java.base/java.util.stream.ForEachOps$ForEachOp.evaluateSequential(ForEachOps.java:151)
	at java.base/java.util.stream.ForEachOps$ForEachOp$OfRef.evaluateSequential(ForEachOps.java:174)
	at java.base/java.util.stream.AbstractPipeline.evaluate(AbstractPipeline.java:265)
	at java.base/java.util.stream.ReferencePipeline.forEach(ReferencePipeline.java:636)
	at java.base/java.util.stream.ReferencePipeline$7$1FlatMap.accept(ReferencePipeline.java:294)
	at java.base/java.util.stream.ReferencePipeline$3$1.accept(ReferencePipeline.java:215)
	at java.base/java.util.stream.ReferencePipeline$3$1.accept(ReferencePipeline.java:215)
	at java.base/java.util.stream.ReferencePipeline$3$1.accept(ReferencePipeline.java:215)
	at java.base/java.util.ArrayList$ArrayListSpliterator.forEachRemaining(ArrayList.java:1709)
	at java.base/java.util.stream.AbstractPipeline.copyInto(AbstractPipeline.java:570)
	at java.base/java.util.stream.AbstractPipeline.wrapAndCopyInto(AbstractPipeline.java:560)
	at java.base/java.util.stream.ForEachOps$ForEachOp.evaluateSequential(ForEachOps.java:151)
	at java.base/java.util.stream.ForEachOps$ForEachOp$OfRef.evaluateSequential(ForEachOps.java:174)
	at java.base/java.util.stream.AbstractPipeline.evaluate(AbstractPipeline.java:265)
	at java.base/java.util.stream.ReferencePipeline.forEach(ReferencePipeline.java:636)
	at java.base/java.util.ArrayList.forEach(ArrayList.java:1597)
	at java.base/java.util.ArrayList.forEach(ArrayList.java:1597)

[ERROR] org.jsoup.integration.FuzzFixesTest.testXmlParse(File)[34] -- Time elapsed: 0.001 s <<< ERROR!
java.lang.NoSuchMethodError: 'org.jsoup.nodes.Document$OutputSettings org.jsoup.nodes.Document$OutputSettings.syntax(org.jsoup.nodes.Document$OutputSettings$Syntax)'
	at org.jsoup.parser.XmlTreeBuilder.initialiseParse(XmlTreeBuilder.java:50)
	at org.jsoup.parser.TreeBuilder.parse(TreeBuilder.java:76)
	at org.jsoup.parser.Parser.parseInput(Parser.java:89)
	at org.jsoup.helper.DataUtil.parseInputStream(DataUtil.java:334)
	at org.jsoup.helper.DataUtil.parseInputStream(DataUtil.java:230)
	at org.jsoup.helper.DataUtil.load(DataUtil.java:120)
	at org.jsoup.helper.DataUtil.load(DataUtil.java:87)
	at org.jsoup.Jsoup.parse(Jsoup.java:186)
	at org.jsoup.integration.FuzzFixesTest.testXmlParse(FuzzFixesTest.java:76)
	at java.base/java.lang.reflect.Method.invoke(Method.java:580)
	at java.base/java.util.Optional.ifPresent(Optional.java:178)
	at java.base/java.util.stream.ForEachOps$ForEachOp$OfRef.accept(ForEachOps.java:184)
	at java.base/java.util.stream.ReferencePipeline$3$1.accept(ReferencePipeline.java:215)
	at java.base/java.util.stream.ForEachOps$ForEachOp$OfRef.accept(ForEachOps.java:184)
	at java.base/java.util.stream.ForEachOps$ForEachOp$OfRef.accept(ForEachOps.java:184)
	at java.base/java.util.stream.ReferencePipeline$3$1.accept(ReferencePipeline.java:215)
	at java.base/java.util.Spliterators$ArraySpliterator.forEachRemaining(Spliterators.java:1024)
	at java.base/java.util.stream.ReferencePipeline$Head.forEach(ReferencePipeline.java:807)
	at java.base/java.util.stream.ReferencePipeline$7$1FlatMap.accept(ReferencePipeline.java:294)
	at java.base/java.util.stream.ReferencePipeline$3$1.accept(ReferencePipeline.java:215)
	at java.base/java.util.stream.ReferencePipeline$3$1.accept(ReferencePipeline.java:215)
	at java.base/java.util.stream.ReferencePipeline$3$1.accept(ReferencePipeline.java:215)
	at java.base/java.util.Spliterators$ArraySpliterator.forEachRemaining(Spliterators.java:1024)
	at java.base/java.util.stream.AbstractPipeline.copyInto(AbstractPipeline.java:570)
	at java.base/java.util.stream.AbstractPipeline.wrapAndCopyInto(AbstractPipeline.java:560)
	at java.base/java.util.stream.ForEachOps$ForEachOp.evaluateSequential(ForEachOps.java:151)
	at java.base/java.util.stream.ForEachOps$ForEachOp$OfRef.evaluateSequential(ForEachOps.java:174)
	at java.base/java.util.stream.AbstractPipeline.evaluate(AbstractPipeline.java:265)
	at java.base/java.util.stream.ReferencePipeline.forEach(ReferencePipeline.java:636)
	at java.base/java.util.stream.ReferencePipeline$7$1FlatMap.accept(ReferencePipeline.java:294)
	at java.base/java.util.ArrayList$ArrayListSpliterator.forEachRemaining(ArrayList.java:1709)
	at java.base/java.util.stream.AbstractPipeline.copyInto(AbstractPipeline.java:570)
	at java.base/java.util.stream.AbstractPipeline.wrapAndCopyInto(AbstractPipeline.java:560)
	at java.base/java.util.stream.ForEachOps$ForEachOp.evaluateSequential(ForEachOps.java:151)
	at java.base/java.util.stream.ForEachOps$ForEachOp$OfRef.evaluateSequential(ForEachOps.java:174)
	at java.base/java.util.stream.AbstractPipeline.evaluate(AbstractPipeline.java:265)
	at java.base/java.util.stream.ReferencePipeline.forEach(ReferencePipeline.java:636)
	at java.base/java.util.stream.ReferencePipeline$7$1FlatMap.accept(ReferencePipeline.java:294)
	at java.base/java.util.stream.ReferencePipeline$3$1.accept(ReferencePipeline.java:215)
	at java.base/java.util.stream.ReferencePipeline$3$1.accept(ReferencePipeline.java:215)
	at java.base/java.util.stream.ReferencePipeline$3$1.accept(ReferencePipeline.java:215)
	at java.base/java.util.ArrayList$ArrayListSpliterator.forEachRemaining(ArrayList.java:1709)
	at java.base/java.util.stream.AbstractPipeline.copyInto(AbstractPipeline.java:570)
	at java.base/java.util.stream.AbstractPipeline.wrapAndCopyInto(AbstractPipeline.java:560)
	at java.base/java.util.stream.ForEachOps$ForEachOp.evaluateSequential(ForEachOps.java:151)
	at java.base/java.util.stream.ForEachOps$ForEachOp$OfRef.evaluateSequential(ForEachOps.java:174)
	at java.base/java.util.stream.AbstractPipeline.evaluate(AbstractPipeline.java:265)
	at java.base/java.util.stream.ReferencePipeline.forEach(ReferencePipeline.java:636)
	at java.base/java.util.ArrayList.forEach(ArrayList.java:1597)
	at java.base/java.util.ArrayList.forEach(ArrayList.java:1597)

[ERROR] org.jsoup.integration.FuzzFixesTest.testXmlParse(File)[35] -- Time elapsed: 0 s <<< ERROR!
java.lang.NoSuchMethodError: 'org.jsoup.nodes.Document$OutputSettings org.jsoup.nodes.Document$OutputSettings.syntax(org.jsoup.nodes.Document$OutputSettings$Syntax)'
	at org.jsoup.parser.XmlTreeBuilder.initialiseParse(XmlTreeBuilder.java:50)
	at org.jsoup.parser.TreeBuilder.parse(TreeBuilder.java:76)
	at org.jsoup.parser.Parser.parseInput(Parser.java:89)
	at org.jsoup.helper.DataUtil.parseInputStream(DataUtil.java:334)
	at org.jsoup.helper.DataUtil.parseInputStream(DataUtil.java:230)
	at org.jsoup.helper.DataUtil.load(DataUtil.java:120)
	at org.jsoup.helper.DataUtil.load(DataUtil.java:87)
	at org.jsoup.Jsoup.parse(Jsoup.java:186)
	at org.jsoup.integration.FuzzFixesTest.testXmlParse(FuzzFixesTest.java:76)
	at java.base/java.lang.reflect.Method.invoke(Method.java:580)
	at java.base/java.util.Optional.ifPresent(Optional.java:178)
	at java.base/java.util.stream.ForEachOps$ForEachOp$OfRef.accept(ForEachOps.java:184)
	at java.base/java.util.stream.ReferencePipeline$3$1.accept(ReferencePipeline.java:215)
	at java.base/java.util.stream.ForEachOps$ForEachOp$OfRef.accept(ForEachOps.java:184)
	at java.base/java.util.stream.ForEachOps$ForEachOp$OfRef.accept(ForEachOps.java:184)
	at java.base/java.util.stream.ReferencePipeline$3$1.accept(ReferencePipeline.java:215)
	at java.base/java.util.Spliterators$ArraySpliterator.forEachRemaining(Spliterators.java:1024)
	at java.base/java.util.stream.ReferencePipeline$Head.forEach(ReferencePipeline.java:807)
	at java.base/java.util.stream.ReferencePipeline$7$1FlatMap.accept(ReferencePipeline.java:294)
	at java.base/java.util.stream.ReferencePipeline$3$1.accept(ReferencePipeline.java:215)
	at java.base/java.util.stream.ReferencePipeline$3$1.accept(ReferencePipeline.java:215)
	at java.base/java.util.stream.ReferencePipeline$3$1.accept(ReferencePipeline.java:215)
	at java.base/java.util.Spliterators$ArraySpliterator.forEachRemaining(Spliterators.java:1024)
	at java.base/java.util.stream.AbstractPipeline.copyInto(AbstractPipeline.java:570)
	at java.base/java.util.stream.AbstractPipeline.wrapAndCopyInto(AbstractPipeline.java:560)
	at java.base/java.util.stream.ForEachOps$ForEachOp.evaluateSequential(ForEachOps.java:151)
	at java.base/java.util.stream.ForEachOps$ForEachOp$OfRef.evaluateSequential(ForEachOps.java:174)
	at java.base/java.util.stream.AbstractPipeline.evaluate(AbstractPipeline.java:265)
	at java.base/java.util.stream.ReferencePipeline.forEach(ReferencePipeline.java:636)
	at java.base/java.util.stream.ReferencePipeline$7$1FlatMap.accept(ReferencePipeline.java:294)
	at java.base/java.util.ArrayList$ArrayListSpliterator.forEachRemaining(ArrayList.java:1709)
	at java.base/java.util.stream.AbstractPipeline.copyInto(AbstractPipeline.java:570)
	at java.base/java.util.stream.AbstractPipeline.wrapAndCopyInto(AbstractPipeline.java:560)
	at java.base/java.util.stream.ForEachOps$ForEachOp.evaluateSequential(ForEachOps.java:151)
	at java.base/java.util.stream.ForEachOps$ForEachOp$OfRef.evaluateSequential(ForEachOps.java:174)
	at java.base/java.util.stream.AbstractPipeline.evaluate(AbstractPipeline.java:265)
	at java.base/java.util.stream.ReferencePipeline.forEach(ReferencePipeline.java:636)
	at java.base/java.util.stream.ReferencePipeline$7$1FlatMap.accept(ReferencePipeline.java:294)
	at java.base/java.util.stream.ReferencePipeline$3$1.accept(ReferencePipeline.java:215)
	at java.base/java.util.stream.ReferencePipeline$3$1.accept(ReferencePipeline.java:215)
	at java.base/java.util.stream.ReferencePipeline$3$1.accept(ReferencePipeline.java:215)
	at java.base/java.util.ArrayList$ArrayListSpliterator.forEachRemaining(ArrayList.java:1709)
	at java.base/java.util.stream.AbstractPipeline.copyInto(AbstractPipeline.java:570)
	at java.base/java.util.stream.AbstractPipeline.wrapAndCopyInto(AbstractPipeline.java:560)
	at java.base/java.util.stream.ForEachOps$ForEachOp.evaluateSequential(ForEachOps.java:151)
	at java.base/java.util.stream.ForEachOps$ForEachOp$OfRef.evaluateSequential(ForEachOps.java:174)
	at java.base/java.util.stream.AbstractPipeline.evaluate(AbstractPipeline.java:265)
	at java.base/java.util.stream.ReferencePipeline.forEach(ReferencePipeline.java:636)
	at java.base/java.util.ArrayList.forEach(ArrayList.java:1597)
	at java.base/java.util.ArrayList.forEach(ArrayList.java:1597)

[ERROR] org.jsoup.integration.FuzzFixesTest.testXmlParse(File)[36] -- Time elapsed: 0.001 s <<< ERROR!
java.lang.NoSuchMethodError: 'org.jsoup.nodes.Document$OutputSettings org.jsoup.nodes.Document$OutputSettings.syntax(org.jsoup.nodes.Document$OutputSettings$Syntax)'
	at org.jsoup.parser.XmlTreeBuilder.initialiseParse(XmlTreeBuilder.java:50)
	at org.jsoup.parser.TreeBuilder.parse(TreeBuilder.java:76)
	at org.jsoup.parser.Parser.parseInput(Parser.java:89)
	at org.jsoup.helper.DataUtil.parseInputStream(DataUtil.java:334)
	at org.jsoup.helper.DataUtil.parseInputStream(DataUtil.java:230)
	at org.jsoup.helper.DataUtil.load(DataUtil.java:120)
	at org.jsoup.helper.DataUtil.load(DataUtil.java:87)
	at org.jsoup.Jsoup.parse(Jsoup.java:186)
	at org.jsoup.integration.FuzzFixesTest.testXmlParse(FuzzFixesTest.java:76)
	at java.base/java.lang.reflect.Method.invoke(Method.java:580)
	at java.base/java.util.Optional.ifPresent(Optional.java:178)
	at java.base/java.util.stream.ForEachOps$ForEachOp$OfRef.accept(ForEachOps.java:184)
	at java.base/java.util.stream.ReferencePipeline$3$1.accept(ReferencePipeline.java:215)
	at java.base/java.util.stream.ForEachOps$ForEachOp$OfRef.accept(ForEachOps.java:184)
	at java.base/java.util.stream.ForEachOps$ForEachOp$OfRef.accept(ForEachOps.java:184)
	at java.base/java.util.stream.ReferencePipeline$3$1.accept(ReferencePipeline.java:215)
	at java.base/java.util.Spliterators$ArraySpliterator.forEachRemaining(Spliterators.java:1024)
	at java.base/java.util.stream.ReferencePipeline$Head.forEach(ReferencePipeline.java:807)
	at java.base/java.util.stream.ReferencePipeline$7$1FlatMap.accept(ReferencePipeline.java:294)
	at java.base/java.util.stream.ReferencePipeline$3$1.accept(ReferencePipeline.java:215)
	at java.base/java.util.stream.ReferencePipeline$3$1.accept(ReferencePipeline.java:215)
	at java.base/java.util.stream.ReferencePipeline$3$1.accept(ReferencePipeline.java:215)
	at java.base/java.util.Spliterators$ArraySpliterator.forEachRemaining(Spliterators.java:1024)
	at java.base/java.util.stream.AbstractPipeline.copyInto(AbstractPipeline.java:570)
	at java.base/java.util.stream.AbstractPipeline.wrapAndCopyInto(AbstractPipeline.java:560)
	at java.base/java.util.stream.ForEachOps$ForEachOp.evaluateSequential(ForEachOps.java:151)
	at java.base/java.util.stream.ForEachOps$ForEachOp$OfRef.evaluateSequential(ForEachOps.java:174)
	at java.base/java.util.stream.AbstractPipeline.evaluate(AbstractPipeline.java:265)
	at java.base/java.util.stream.ReferencePipeline.forEach(ReferencePipeline.java:636)
	at java.base/java.util.stream.ReferencePipeline$7$1FlatMap.accept(ReferencePipeline.java:294)
	at java.base/java.util.ArrayList$ArrayListSpliterator.forEachRemaining(ArrayList.java:1709)
	at java.base/java.util.stream.AbstractPipeline.copyInto(AbstractPipeline.java:570)
	at java.base/java.util.stream.AbstractPipeline.wrapAndCopyInto(AbstractPipeline.java:560)
	at java.base/java.util.stream.ForEachOps$ForEachOp.evaluateSequential(ForEachOps.java:151)
	at java.base/java.util.stream.ForEachOps$ForEachOp$OfRef.evaluateSequential(ForEachOps.java:174)
	at java.base/java.util.stream.AbstractPipeline.evaluate(AbstractPipeline.java:265)
	at java.base/java.util.stream.ReferencePipeline.forEach(ReferencePipeline.java:636)
	at java.base/java.util.stream.ReferencePipeline$7$1FlatMap.accept(ReferencePipeline.java:294)
	at java.base/java.util.stream.ReferencePipeline$3$1.accept(ReferencePipeline.java:215)
	at java.base/java.util.stream.ReferencePipeline$3$1.accept(ReferencePipeline.java:215)
	at java.base/java.util.stream.ReferencePipeline$3$1.accept(ReferencePipeline.java:215)
	at java.base/java.util.ArrayList$ArrayListSpliterator.forEachRemaining(ArrayList.java:1709)
	at java.base/java.util.stream.AbstractPipeline.copyInto(AbstractPipeline.java:570)
	at java.base/java.util.stream.AbstractPipeline.wrapAndCopyInto(AbstractPipeline.java:560)
	at java.base/java.util.stream.ForEachOps$ForEachOp.evaluateSequential(ForEachOps.java:151)
	at java.base/java.util.stream.ForEachOps$ForEachOp$OfRef.evaluateSequential(ForEachOps.java:174)
	at java.base/java.util.stream.AbstractPipeline.evaluate(AbstractPipeline.java:265)
	at java.base/java.util.stream.ReferencePipeline.forEach(ReferencePipeline.java:636)
	at java.base/java.util.ArrayList.forEach(ArrayList.java:1597)
	at java.base/java.util.ArrayList.forEach(ArrayList.java:1597)

[ERROR] org.jsoup.integration.FuzzFixesTest.testXmlParse(File)[37] -- Time elapsed: 0 s <<< ERROR!
java.lang.NoSuchMethodError: 'org.jsoup.nodes.Document$OutputSettings org.jsoup.nodes.Document$OutputSettings.syntax(org.jsoup.nodes.Document$OutputSettings$Syntax)'
	at org.jsoup.parser.XmlTreeBuilder.initialiseParse(XmlTreeBuilder.java:50)
	at org.jsoup.parser.TreeBuilder.parse(TreeBuilder.java:76)
	at org.jsoup.parser.Parser.parseInput(Parser.java:89)
	at org.jsoup.helper.DataUtil.parseInputStream(DataUtil.java:334)
	at org.jsoup.helper.DataUtil.parseInputStream(DataUtil.java:230)
	at org.jsoup.helper.DataUtil.load(DataUtil.java:120)
	at org.jsoup.helper.DataUtil.load(DataUtil.java:87)
	at org.jsoup.Jsoup.parse(Jsoup.java:186)
	at org.jsoup.integration.FuzzFixesTest.testXmlParse(FuzzFixesTest.java:76)
	at java.base/java.lang.reflect.Method.invoke(Method.java:580)
	at java.base/java.util.Optional.ifPresent(Optional.java:178)
	at java.base/java.util.stream.ForEachOps$ForEachOp$OfRef.accept(ForEachOps.java:184)
	at java.base/java.util.stream.ReferencePipeline$3$1.accept(ReferencePipeline.java:215)
	at java.base/java.util.stream.ForEachOps$ForEachOp$OfRef.accept(ForEachOps.java:184)
	at java.base/java.util.stream.ForEachOps$ForEachOp$OfRef.accept(ForEachOps.java:184)
	at java.base/java.util.stream.ReferencePipeline$3$1.accept(ReferencePipeline.java:215)
	at java.base/java.util.Spliterators$ArraySpliterator.forEachRemaining(Spliterators.java:1024)
	at java.base/java.util.stream.ReferencePipeline$Head.forEach(ReferencePipeline.java:807)
	at java.base/java.util.stream.ReferencePipeline$7$1FlatMap.accept(ReferencePipeline.java:294)
	at java.base/java.util.stream.ReferencePipeline$3$1.accept(ReferencePipeline.java:215)
	at java.base/java.util.stream.ReferencePipeline$3$1.accept(ReferencePipeline.java:215)
	at java.base/java.util.stream.ReferencePipeline$3$1.accept(ReferencePipeline.java:215)
	at java.base/java.util.Spliterators$ArraySpliterator.forEachRemaining(Spliterators.java:1024)
	at java.base/java.util.stream.AbstractPipeline.copyInto(AbstractPipeline.java:570)
	at java.base/java.util.stream.AbstractPipeline.wrapAndCopyInto(AbstractPipeline.java:560)
	at java.base/java.util.stream.ForEachOps$ForEachOp.evaluateSequential(ForEachOps.java:151)
	at java.base/java.util.stream.ForEachOps$ForEachOp$OfRef.evaluateSequential(ForEachOps.java:174)
	at java.base/java.util.stream.AbstractPipeline.evaluate(AbstractPipeline.java:265)
	at java.base/java.util.stream.ReferencePipeline.forEach(ReferencePipeline.java:636)
	at java.base/java.util.stream.ReferencePipeline$7$1FlatMap.accept(ReferencePipeline.java:294)
	at java.base/java.util.ArrayList$ArrayListSpliterator.forEachRemaining(ArrayList.java:1709)
	at java.base/java.util.stream.AbstractPipeline.copyInto(AbstractPipeline.java:570)
	at java.base/java.util.stream.AbstractPipeline.wrapAndCopyInto(AbstractPipeline.java:560)
	at java.base/java.util.stream.ForEachOps$ForEachOp.evaluateSequential(ForEachOps.java:151)
	at java.base/java.util.stream.ForEachOps$ForEachOp$OfRef.evaluateSequential(ForEachOps.java:174)
	at java.base/java.util.stream.AbstractPipeline.evaluate(AbstractPipeline.java:265)
	at java.base/java.util.stream.ReferencePipeline.forEach(ReferencePipeline.java:636)
	at java.base/java.util.stream.ReferencePipeline$7$1FlatMap.accept(ReferencePipeline.java:294)
	at java.base/java.util.stream.ReferencePipeline$3$1.accept(ReferencePipeline.java:215)
	at java.base/java.util.stream.ReferencePipeline$3$1.accept(ReferencePipeline.java:215)
	at java.base/java.util.stream.ReferencePipeline$3$1.accept(ReferencePipeline.java:215)
	at java.base/java.util.ArrayList$ArrayListSpliterator.forEachRemaining(ArrayList.java:1709)
	at java.base/java.util.stream.AbstractPipeline.copyInto(AbstractPipeline.java:570)
	at java.base/java.util.stream.AbstractPipeline.wrapAndCopyInto(AbstractPipeline.java:560)
	at java.base/java.util.stream.ForEachOps$ForEachOp.evaluateSequential(ForEachOps.java:151)
	at java.base/java.util.stream.ForEachOps$ForEachOp$OfRef.evaluateSequential(ForEachOps.java:174)
	at java.base/java.util.stream.AbstractPipeline.evaluate(AbstractPipeline.java:265)
	at java.base/java.util.stream.ReferencePipeline.forEach(ReferencePipeline.java:636)
	at java.base/java.util.ArrayList.forEach(ArrayList.java:1597)
	at java.base/java.util.ArrayList.forEach(ArrayList.java:1597)

[ERROR] org.jsoup.integration.FuzzFixesTest.testXmlParse(File)[38] -- Time elapsed: 0 s <<< ERROR!
java.lang.NoSuchMethodError: 'org.jsoup.nodes.Document$OutputSettings org.jsoup.nodes.Document$OutputSettings.syntax(org.jsoup.nodes.Document$OutputSettings$Syntax)'
	at org.jsoup.parser.XmlTreeBuilder.initialiseParse(XmlTreeBuilder.java:50)
	at org.jsoup.parser.TreeBuilder.parse(TreeBuilder.java:76)
	at org.jsoup.parser.Parser.parseInput(Parser.java:89)
	at org.jsoup.helper.DataUtil.parseInputStream(DataUtil.java:334)
	at org.jsoup.helper.DataUtil.parseInputStream(DataUtil.java:230)
	at org.jsoup.helper.DataUtil.load(DataUtil.java:120)
	at org.jsoup.helper.DataUtil.load(DataUtil.java:87)
	at org.jsoup.Jsoup.parse(Jsoup.java:186)
	at org.jsoup.integration.FuzzFixesTest.testXmlParse(FuzzFixesTest.java:76)
	at java.base/java.lang.reflect.Method.invoke(Method.java:580)
	at java.base/java.util.Optional.ifPresent(Optional.java:178)
	at java.base/java.util.stream.ForEachOps$ForEachOp$OfRef.accept(ForEachOps.java:184)
	at java.base/java.util.stream.ReferencePipeline$3$1.accept(ReferencePipeline.java:215)
	at java.base/java.util.stream.ForEachOps$ForEachOp$OfRef.accept(ForEachOps.java:184)
	at java.base/java.util.stream.ForEachOps$ForEachOp$OfRef.accept(ForEachOps.java:184)
	at java.base/java.util.stream.ReferencePipeline$3$1.accept(ReferencePipeline.java:215)
	at java.base/java.util.Spliterators$ArraySpliterator.forEachRemaining(Spliterators.java:1024)
	at java.base/java.util.stream.ReferencePipeline$Head.forEach(ReferencePipeline.java:807)
	at java.base/java.util.stream.ReferencePipeline$7$1FlatMap.accept(ReferencePipeline.java:294)
	at java.base/java.util.stream.ReferencePipeline$3$1.accept(ReferencePipeline.java:215)
	at java.base/java.util.stream.ReferencePipeline$3$1.accept(ReferencePipeline.java:215)
	at java.base/java.util.stream.ReferencePipeline$3$1.accept(ReferencePipeline.java:215)
	at java.base/java.util.Spliterators$ArraySpliterator.forEachRemaining(Spliterators.java:1024)
	at java.base/java.util.stream.AbstractPipeline.copyInto(AbstractPipeline.java:570)
	at java.base/java.util.stream.AbstractPipeline.wrapAndCopyInto(AbstractPipeline.java:560)
	at java.base/java.util.stream.ForEachOps$ForEachOp.evaluateSequential(ForEachOps.java:151)
	at java.base/java.util.stream.ForEachOps$ForEachOp$OfRef.evaluateSequential(ForEachOps.java:174)
	at java.base/java.util.stream.AbstractPipeline.evaluate(AbstractPipeline.java:265)
	at java.base/java.util.stream.ReferencePipeline.forEach(ReferencePipeline.java:636)
	at java.base/java.util.stream.ReferencePipeline$7$1FlatMap.accept(ReferencePipeline.java:294)
	at java.base/java.util.ArrayList$ArrayListSpliterator.forEachRemaining(ArrayList.java:1709)
	at java.base/java.util.stream.AbstractPipeline.copyInto(AbstractPipeline.java:570)
	at java.base/java.util.stream.AbstractPipeline.wrapAndCopyInto(AbstractPipeline.java:560)
	at java.base/java.util.stream.ForEachOps$ForEachOp.evaluateSequential(ForEachOps.java:151)
	at java.base/java.util.stream.ForEachOps$ForEachOp$OfRef.evaluateSequential(ForEachOps.java:174)
	at java.base/java.util.stream.AbstractPipeline.evaluate(AbstractPipeline.java:265)
	at java.base/java.util.stream.ReferencePipeline.forEach(ReferencePipeline.java:636)
	at java.base/java.util.stream.ReferencePipeline$7$1FlatMap.accept(ReferencePipeline.java:294)
	at java.base/java.util.stream.ReferencePipeline$3$1.accept(ReferencePipeline.java:215)
	at java.base/java.util.stream.ReferencePipeline$3$1.accept(ReferencePipeline.java:215)
	at java.base/java.util.stream.ReferencePipeline$3$1.accept(ReferencePipeline.java:215)
	at java.base/java.util.ArrayList$ArrayListSpliterator.forEachRemaining(ArrayList.java:1709)
	at java.base/java.util.stream.AbstractPipeline.copyInto(AbstractPipeline.java:570)
	at java.base/java.util.stream.AbstractPipeline.wrapAndCopyInto(AbstractPipeline.java:560)
	at java.base/java.util.stream.ForEachOps$ForEachOp.evaluateSequential(ForEachOps.java:151)
	at java.base/java.util.stream.ForEachOps$ForEachOp$OfRef.evaluateSequential(ForEachOps.java:174)
	at java.base/java.util.stream.AbstractPipeline.evaluate(AbstractPipeline.java:265)
	at java.base/java.util.stream.ReferencePipeline.forEach(ReferencePipeline.java:636)
	at java.base/java.util.ArrayList.forEach(ArrayList.java:1597)
	at java.base/java.util.ArrayList.forEach(ArrayList.java:1597)

[ERROR] org.jsoup.integration.FuzzFixesTest.testXmlParse(File)[39] -- Time elapsed: 0.001 s <<< ERROR!
java.lang.NoSuchMethodError: 'org.jsoup.nodes.Document$OutputSettings org.jsoup.nodes.Document$OutputSettings.syntax(org.jsoup.nodes.Document$OutputSettings$Syntax)'
	at org.jsoup.parser.XmlTreeBuilder.initialiseParse(XmlTreeBuilder.java:50)
	at org.jsoup.parser.TreeBuilder.parse(TreeBuilder.java:76)
	at org.jsoup.parser.Parser.parseInput(Parser.java:89)
	at org.jsoup.helper.DataUtil.parseInputStream(DataUtil.java:334)
	at org.jsoup.helper.DataUtil.parseInputStream(DataUtil.java:230)
	at org.jsoup.helper.DataUtil.load(DataUtil.java:120)
	at org.jsoup.helper.DataUtil.load(DataUtil.java:87)
	at org.jsoup.Jsoup.parse(Jsoup.java:186)
	at org.jsoup.integration.FuzzFixesTest.testXmlParse(FuzzFixesTest.java:76)
	at java.base/java.lang.reflect.Method.invoke(Method.java:580)
	at java.base/java.util.Optional.ifPresent(Optional.java:178)
	at java.base/java.util.stream.ForEachOps$ForEachOp$OfRef.accept(ForEachOps.java:184)
	at java.base/java.util.stream.ReferencePipeline$3$1.accept(ReferencePipeline.java:215)
	at java.base/java.util.stream.ForEachOps$ForEachOp$OfRef.accept(ForEachOps.java:184)
	at java.base/java.util.stream.ForEachOps$ForEachOp$OfRef.accept(ForEachOps.java:184)
	at java.base/java.util.stream.ReferencePipeline$3$1.accept(ReferencePipeline.java:215)
	at java.base/java.util.Spliterators$ArraySpliterator.forEachRemaining(Spliterators.java:1024)
	at java.base/java.util.stream.ReferencePipeline$Head.forEach(ReferencePipeline.java:807)
	at java.base/java.util.stream.ReferencePipeline$7$1FlatMap.accept(ReferencePipeline.java:294)
	at java.base/java.util.stream.ReferencePipeline$3$1.accept(ReferencePipeline.java:215)
	at java.base/java.util.stream.ReferencePipeline$3$1.accept(ReferencePipeline.java:215)
	at java.base/java.util.stream.ReferencePipeline$3$1.accept(ReferencePipeline.java:215)
	at java.base/java.util.Spliterators$ArraySpliterator.forEachRemaining(Spliterators.java:1024)
	at java.base/java.util.stream.AbstractPipeline.copyInto(AbstractPipeline.java:570)
	at java.base/java.util.stream.AbstractPipeline.wrapAndCopyInto(AbstractPipeline.java:560)
	at java.base/java.util.stream.ForEachOps$ForEachOp.evaluateSequential(ForEachOps.java:151)
	at java.base/java.util.stream.ForEachOps$ForEachOp$OfRef.evaluateSequential(ForEachOps.java:174)
	at java.base/java.util.stream.AbstractPipeline.evaluate(AbstractPipeline.java:265)
	at java.base/java.util.stream.ReferencePipeline.forEach(ReferencePipeline.java:636)
	at java.base/java.util.stream.ReferencePipeline$7$1FlatMap.accept(ReferencePipeline.java:294)
	at java.base/java.util.ArrayList$ArrayListSpliterator.forEachRemaining(ArrayList.java:1709)
	at java.base/java.util.stream.AbstractPipeline.copyInto(AbstractPipeline.java:570)
	at java.base/java.util.stream.AbstractPipeline.wrapAndCopyInto(AbstractPipeline.java:560)
	at java.base/java.util.stream.ForEachOps$ForEachOp.evaluateSequential(ForEachOps.java:151)
	at java.base/java.util.stream.ForEachOps$ForEachOp$OfRef.evaluateSequential(ForEachOps.java:174)
	at java.base/java.util.stream.AbstractPipeline.evaluate(AbstractPipeline.java:265)
	at java.base/java.util.stream.ReferencePipeline.forEach(ReferencePipeline.java:636)
	at java.base/java.util.stream.ReferencePipeline$7$1FlatMap.accept(ReferencePipeline.java:294)
	at java.base/java.util.stream.ReferencePipeline$3$1.accept(ReferencePipeline.java:215)
	at java.base/java.util.stream.ReferencePipeline$3$1.accept(ReferencePipeline.java:215)
	at java.base/java.util.stream.ReferencePipeline$3$1.accept(ReferencePipeline.java:215)
	at java.base/java.util.ArrayList$ArrayListSpliterator.forEachRemaining(ArrayList.java:1709)
	at java.base/java.util.stream.AbstractPipeline.copyInto(AbstractPipeline.java:570)
	at java.base/java.util.stream.AbstractPipeline.wrapAndCopyInto(AbstractPipeline.java:560)
	at java.base/java.util.stream.ForEachOps$ForEachOp.evaluateSequential(ForEachOps.java:151)
	at java.base/java.util.stream.ForEachOps$ForEachOp$OfRef.evaluateSequential(ForEachOps.java:174)
	at java.base/java.util.stream.AbstractPipeline.evaluate(AbstractPipeline.java:265)
	at java.base/java.util.stream.ReferencePipeline.forEach(ReferencePipeline.java:636)
	at java.base/java.util.ArrayList.forEach(ArrayList.java:1597)
	at java.base/java.util.ArrayList.forEach(ArrayList.java:1597)

[ERROR] org.jsoup.integration.FuzzFixesTest.testXmlParse(File)[40] -- Time elapsed: 0 s <<< ERROR!
java.lang.NoSuchMethodError: 'org.jsoup.nodes.Document$OutputSettings org.jsoup.nodes.Document$OutputSettings.syntax(org.jsoup.nodes.Document$OutputSettings$Syntax)'
	at org.jsoup.parser.XmlTreeBuilder.initialiseParse(XmlTreeBuilder.java:50)
	at org.jsoup.parser.TreeBuilder.parse(TreeBuilder.java:76)
	at org.jsoup.parser.Parser.parseInput(Parser.java:89)
	at org.jsoup.helper.DataUtil.parseInputStream(DataUtil.java:334)
	at org.jsoup.helper.DataUtil.parseInputStream(DataUtil.java:230)
	at org.jsoup.helper.DataUtil.load(DataUtil.java:120)
	at org.jsoup.helper.DataUtil.load(DataUtil.java:87)
	at org.jsoup.Jsoup.parse(Jsoup.java:186)
	at org.jsoup.integration.FuzzFixesTest.testXmlParse(FuzzFixesTest.java:76)
	at java.base/java.lang.reflect.Method.invoke(Method.java:580)
	at java.base/java.util.Optional.ifPresent(Optional.java:178)
	at java.base/java.util.stream.ForEachOps$ForEachOp$OfRef.accept(ForEachOps.java:184)
	at java.base/java.util.stream.ReferencePipeline$3$1.accept(ReferencePipeline.java:215)
	at java.base/java.util.stream.ForEachOps$ForEachOp$OfRef.accept(ForEachOps.java:184)
	at java.base/java.util.stream.ForEachOps$ForEachOp$OfRef.accept(ForEachOps.java:184)
	at java.base/java.util.stream.ReferencePipeline$3$1.accept(ReferencePipeline.java:215)
	at java.base/java.util.Spliterators$ArraySpliterator.forEachRemaining(Spliterators.java:1024)
	at java.base/java.util.stream.ReferencePipeline$Head.forEach(ReferencePipeline.java:807)
	at java.base/java.util.stream.ReferencePipeline$7$1FlatMap.accept(ReferencePipeline.java:294)
	at java.base/java.util.stream.ReferencePipeline$3$1.accept(ReferencePipeline.java:215)
	at java.base/java.util.stream.ReferencePipeline$3$1.accept(ReferencePipeline.java:215)
	at java.base/java.util.stream.ReferencePipeline$3$1.accept(ReferencePipeline.java:215)
	at java.base/java.util.Spliterators$ArraySpliterator.forEachRemaining(Spliterators.java:1024)
	at java.base/java.util.stream.AbstractPipeline.copyInto(AbstractPipeline.java:570)
	at java.base/java.util.stream.AbstractPipeline.wrapAndCopyInto(AbstractPipeline.java:560)
	at java.base/java.util.stream.ForEachOps$ForEachOp.evaluateSequential(ForEachOps.java:151)
	at java.base/java.util.stream.ForEachOps$ForEachOp$OfRef.evaluateSequential(ForEachOps.java:174)
	at java.base/java.util.stream.AbstractPipeline.evaluate(AbstractPipeline.java:265)
	at java.base/java.util.stream.ReferencePipeline.forEach(ReferencePipeline.java:636)
	at java.base/java.util.stream.ReferencePipeline$7$1FlatMap.accept(ReferencePipeline.java:294)
	at java.base/java.util.ArrayList$ArrayListSpliterator.forEachRemaining(ArrayList.java:1709)
	at java.base/java.util.stream.AbstractPipeline.copyInto(AbstractPipeline.java:570)
	at java.base/java.util.stream.AbstractPipeline.wrapAndCopyInto(AbstractPipeline.java:560)
	at java.base/java.util.stream.ForEachOps$ForEachOp.evaluateSequential(ForEachOps.java:151)
	at java.base/java.util.stream.ForEachOps$ForEachOp$OfRef.evaluateSequential(ForEachOps.java:174)
	at java.base/java.util.stream.AbstractPipeline.evaluate(AbstractPipeline.java:265)
	at java.base/java.util.stream.ReferencePipeline.forEach(ReferencePipeline.java:636)
	at java.base/java.util.stream.ReferencePipeline$7$1FlatMap.accept(ReferencePipeline.java:294)
	at java.base/java.util.stream.ReferencePipeline$3$1.accept(ReferencePipeline.java:215)
	at java.base/java.util.stream.ReferencePipeline$3$1.accept(ReferencePipeline.java:215)
	at java.base/java.util.stream.ReferencePipeline$3$1.accept(ReferencePipeline.java:215)
	at java.base/java.util.ArrayList$ArrayListSpliterator.forEachRemaining(ArrayList.java:1709)
	at java.base/java.util.stream.AbstractPipeline.copyInto(AbstractPipeline.java:570)
	at java.base/java.util.stream.AbstractPipeline.wrapAndCopyInto(AbstractPipeline.java:560)
	at java.base/java.util.stream.ForEachOps$ForEachOp.evaluateSequential(ForEachOps.java:151)
	at java.base/java.util.stream.ForEachOps$ForEachOp$OfRef.evaluateSequential(ForEachOps.java:174)
	at java.base/java.util.stream.AbstractPipeline.evaluate(AbstractPipeline.java:265)
	at java.base/java.util.stream.ReferencePipeline.forEach(ReferencePipeline.java:636)
	at java.base/java.util.ArrayList.forEach(ArrayList.java:1597)
	at java.base/java.util.ArrayList.forEach(ArrayList.java:1597)

[ERROR] org.jsoup.integration.FuzzFixesTest.testXmlParse(File)[41] -- Time elapsed: 0 s <<< ERROR!
java.lang.NoSuchMethodError: 'org.jsoup.nodes.Document$OutputSettings org.jsoup.nodes.Document$OutputSettings.syntax(org.jsoup.nodes.Document$OutputSettings$Syntax)'
	at org.jsoup.parser.XmlTreeBuilder.initialiseParse(XmlTreeBuilder.java:50)
	at org.jsoup.parser.TreeBuilder.parse(TreeBuilder.java:76)
	at org.jsoup.parser.Parser.parseInput(Parser.java:89)
	at org.jsoup.helper.DataUtil.parseInputStream(DataUtil.java:334)
	at org.jsoup.helper.DataUtil.parseInputStream(DataUtil.java:230)
	at org.jsoup.helper.DataUtil.load(DataUtil.java:120)
	at org.jsoup.helper.DataUtil.load(DataUtil.java:87)
	at org.jsoup.Jsoup.parse(Jsoup.java:186)
	at org.jsoup.integration.FuzzFixesTest.testXmlParse(FuzzFixesTest.java:76)
	at java.base/java.lang.reflect.Method.invoke(Method.java:580)
	at java.base/java.util.Optional.ifPresent(Optional.java:178)
	at java.base/java.util.stream.ForEachOps$ForEachOp$OfRef.accept(ForEachOps.java:184)
	at java.base/java.util.stream.ReferencePipeline$3$1.accept(ReferencePipeline.java:215)
	at java.base/java.util.stream.ForEachOps$ForEachOp$OfRef.accept(ForEachOps.java:184)
	at java.base/java.util.stream.ForEachOps$ForEachOp$OfRef.accept(ForEachOps.java:184)
	at java.base/java.util.stream.ReferencePipeline$3$1.accept(ReferencePipeline.java:215)
	at java.base/java.util.Spliterators$ArraySpliterator.forEachRemaining(Spliterators.java:1024)
	at java.base/java.util.stream.ReferencePipeline$Head.forEach(ReferencePipeline.java:807)
	at java.base/java.util.stream.ReferencePipeline$7$1FlatMap.accept(ReferencePipeline.java:294)
	at java.base/java.util.stream.ReferencePipeline$3$1.accept(ReferencePipeline.java:215)
	at java.base/java.util.stream.ReferencePipeline$3$1.accept(ReferencePipeline.java:215)
	at java.base/java.util.stream.ReferencePipeline$3$1.accept(ReferencePipeline.java:215)
	at java.base/java.util.Spliterators$ArraySpliterator.forEachRemaining(Spliterators.java:1024)
	at java.base/java.util.stream.AbstractPipeline.copyInto(AbstractPipeline.java:570)
	at java.base/java.util.stream.AbstractPipeline.wrapAndCopyInto(AbstractPipeline.java:560)
	at java.base/java.util.stream.ForEachOps$ForEachOp.evaluateSequential(ForEachOps.java:151)
	at java.base/java.util.stream.ForEachOps$ForEachOp$OfRef.evaluateSequential(ForEachOps.java:174)
	at java.base/java.util.stream.AbstractPipeline.evaluate(AbstractPipeline.java:265)
	at java.base/java.util.stream.ReferencePipeline.forEach(ReferencePipeline.java:636)
	at java.base/java.util.stream.ReferencePipeline$7$1FlatMap.accept(ReferencePipeline.java:294)
	at java.base/java.util.ArrayList$ArrayListSpliterator.forEachRemaining(ArrayList.java:1709)
	at java.base/java.util.stream.AbstractPipeline.copyInto(AbstractPipeline.java:570)
	at java.base/java.util.stream.AbstractPipeline.wrapAndCopyInto(AbstractPipeline.java:560)
	at java.base/java.util.stream.ForEachOps$ForEachOp.evaluateSequential(ForEachOps.java:151)
	at java.base/java.util.stream.ForEachOps$ForEachOp$OfRef.evaluateSequential(ForEachOps.java:174)
	at java.base/java.util.stream.AbstractPipeline.evaluate(AbstractPipeline.java:265)
	at java.base/java.util.stream.ReferencePipeline.forEach(ReferencePipeline.java:636)
	at java.base/java.util.stream.ReferencePipeline$7$1FlatMap.accept(ReferencePipeline.java:294)
	at java.base/java.util.stream.ReferencePipeline$3$1.accept(ReferencePipeline.java:215)
	at java.base/java.util.stream.ReferencePipeline$3$1.accept(ReferencePipeline.java:215)
	at java.base/java.util.stream.ReferencePipeline$3$1.accept(ReferencePipeline.java:215)
	at java.base/java.util.ArrayList$ArrayListSpliterator.forEachRemaining(ArrayList.java:1709)
	at java.base/java.util.stream.AbstractPipeline.copyInto(AbstractPipeline.java:570)
	at java.base/java.util.stream.AbstractPipeline.wrapAndCopyInto(AbstractPipeline.java:560)
	at java.base/java.util.stream.ForEachOps$ForEachOp.evaluateSequential(ForEachOps.java:151)
	at java.base/java.util.stream.ForEachOps$ForEachOp$OfRef.evaluateSequential(ForEachOps.java:174)
	at java.base/java.util.stream.AbstractPipeline.evaluate(AbstractPipeline.java:265)
	at java.base/java.util.stream.ReferencePipeline.forEach(ReferencePipeline.java:636)
	at java.base/java.util.ArrayList.forEach(ArrayList.java:1597)
	at java.base/java.util.ArrayList.forEach(ArrayList.java:1597)

[ERROR] org.jsoup.integration.FuzzFixesTest.testXmlParse(File)[42] -- Time elapsed: 0.001 s <<< ERROR!
java.lang.NoSuchMethodError: 'org.jsoup.nodes.Document$OutputSettings org.jsoup.nodes.Document$OutputSettings.syntax(org.jsoup.nodes.Document$OutputSettings$Syntax)'
	at org.jsoup.parser.XmlTreeBuilder.initialiseParse(XmlTreeBuilder.java:50)
	at org.jsoup.parser.TreeBuilder.parse(TreeBuilder.java:76)
	at org.jsoup.parser.Parser.parseInput(Parser.java:89)
	at org.jsoup.helper.DataUtil.parseInputStream(DataUtil.java:334)
	at org.jsoup.helper.DataUtil.parseInputStream(DataUtil.java:230)
	at org.jsoup.helper.DataUtil.load(DataUtil.java:120)
	at org.jsoup.helper.DataUtil.load(DataUtil.java:87)
	at org.jsoup.Jsoup.parse(Jsoup.java:186)
	at org.jsoup.integration.FuzzFixesTest.testXmlParse(FuzzFixesTest.java:76)
	at java.base/java.lang.reflect.Method.invoke(Method.java:580)
	at java.base/java.util.Optional.ifPresent(Optional.java:178)
	at java.base/java.util.stream.ForEachOps$ForEachOp$OfRef.accept(ForEachOps.java:184)
	at java.base/java.util.stream.ReferencePipeline$3$1.accept(ReferencePipeline.java:215)
	at java.base/java.util.stream.ForEachOps$ForEachOp$OfRef.accept(ForEachOps.java:184)
	at java.base/java.util.stream.ForEachOps$ForEachOp$OfRef.accept(ForEachOps.java:184)
	at java.base/java.util.stream.ReferencePipeline$3$1.accept(ReferencePipeline.java:215)
	at java.base/java.util.Spliterators$ArraySpliterator.forEachRemaining(Spliterators.java:1024)
	at java.base/java.util.stream.ReferencePipeline$Head.forEach(ReferencePipeline.java:807)
	at java.base/java.util.stream.ReferencePipeline$7$1FlatMap.accept(ReferencePipeline.java:294)
	at java.base/java.util.stream.ReferencePipeline$3$1.accept(ReferencePipeline.java:215)
	at java.base/java.util.stream.ReferencePipeline$3$1.accept(ReferencePipeline.java:215)
	at java.base/java.util.stream.ReferencePipeline$3$1.accept(ReferencePipeline.java:215)
	at java.base/java.util.Spliterators$ArraySpliterator.forEachRemaining(Spliterators.java:1024)
	at java.base/java.util.stream.AbstractPipeline.copyInto(AbstractPipeline.java:570)
	at java.base/java.util.stream.AbstractPipeline.wrapAndCopyInto(AbstractPipeline.java:560)
	at java.base/java.util.stream.ForEachOps$ForEachOp.evaluateSequential(ForEachOps.java:151)
	at java.base/java.util.stream.ForEachOps$ForEachOp$OfRef.evaluateSequential(ForEachOps.java:174)
	at java.base/java.util.stream.AbstractPipeline.evaluate(AbstractPipeline.java:265)
	at java.base/java.util.stream.ReferencePipeline.forEach(ReferencePipeline.java:636)
	at java.base/java.util.stream.ReferencePipeline$7$1FlatMap.accept(ReferencePipeline.java:294)
	at java.base/java.util.ArrayList$ArrayListSpliterator.forEachRemaining(ArrayList.java:1709)
	at java.base/java.util.stream.AbstractPipeline.copyInto(AbstractPipeline.java:570)
	at java.base/java.util.stream.AbstractPipeline.wrapAndCopyInto(AbstractPipeline.java:560)
	at java.base/java.util.stream.ForEachOps$ForEachOp.evaluateSequential(ForEachOps.java:151)
	at java.base/java.util.stream.ForEachOps$ForEachOp$OfRef.evaluateSequential(ForEachOps.java:174)
	at java.base/java.util.stream.AbstractPipeline.evaluate(AbstractPipeline.java:265)
	at java.base/java.util.stream.ReferencePipeline.forEach(ReferencePipeline.java:636)
	at java.base/java.util.stream.ReferencePipeline$7$1FlatMap.accept(ReferencePipeline.java:294)
	at java.base/java.util.stream.ReferencePipeline$3$1.accept(ReferencePipeline.java:215)
	at java.base/java.util.stream.ReferencePipeline$3$1.accept(ReferencePipeline.java:215)
	at java.base/java.util.stream.ReferencePipeline$3$1.accept(ReferencePipeline.java:215)
	at java.base/java.util.ArrayList$ArrayListSpliterator.forEachRemaining(ArrayList.java:1709)
	at java.base/java.util.stream.AbstractPipeline.copyInto(AbstractPipeline.java:570)
	at java.base/java.util.stream.AbstractPipeline.wrapAndCopyInto(AbstractPipeline.java:560)
	at java.base/java.util.stream.ForEachOps$ForEachOp.evaluateSequential(ForEachOps.java:151)
	at java.base/java.util.stream.ForEachOps$ForEachOp$OfRef.evaluateSequential(ForEachOps.java:174)
	at java.base/java.util.stream.AbstractPipeline.evaluate(AbstractPipeline.java:265)
	at java.base/java.util.stream.ReferencePipeline.forEach(ReferencePipeline.java:636)
	at java.base/java.util.ArrayList.forEach(ArrayList.java:1597)
	at java.base/java.util.ArrayList.forEach(ArrayList.java:1597)

[ERROR] org.jsoup.integration.FuzzFixesTest.testXmlParse(File)[43] -- Time elapsed: 0 s <<< ERROR!
java.lang.NoSuchMethodError: 'org.jsoup.nodes.Document$OutputSettings org.jsoup.nodes.Document$OutputSettings.syntax(org.jsoup.nodes.Document$OutputSettings$Syntax)'
	at org.jsoup.parser.XmlTreeBuilder.initialiseParse(XmlTreeBuilder.java:50)
	at org.jsoup.parser.TreeBuilder.parse(TreeBuilder.java:76)
	at org.jsoup.parser.Parser.parseInput(Parser.java:89)
	at org.jsoup.helper.DataUtil.parseInputStream(DataUtil.java:334)
	at org.jsoup.helper.DataUtil.parseInputStream(DataUtil.java:230)
	at org.jsoup.helper.DataUtil.load(DataUtil.java:120)
	at org.jsoup.helper.DataUtil.load(DataUtil.java:87)
	at org.jsoup.Jsoup.parse(Jsoup.java:186)
	at org.jsoup.integration.FuzzFixesTest.testXmlParse(FuzzFixesTest.java:76)
	at java.base/java.lang.reflect.Method.invoke(Method.java:580)
	at java.base/java.util.Optional.ifPresent(Optional.java:178)
	at java.base/java.util.stream.ForEachOps$ForEachOp$OfRef.accept(ForEachOps.java:184)
	at java.base/java.util.stream.ReferencePipeline$3$1.accept(ReferencePipeline.java:215)
	at java.base/java.util.stream.ForEachOps$ForEachOp$OfRef.accept(ForEachOps.java:184)
	at java.base/java.util.stream.ForEachOps$ForEachOp$OfRef.accept(ForEachOps.java:184)
	at java.base/java.util.stream.ReferencePipeline$3$1.accept(ReferencePipeline.java:215)
	at java.base/java.util.Spliterators$ArraySpliterator.forEachRemaining(Spliterators.java:1024)
	at java.base/java.util.stream.ReferencePipeline$Head.forEach(ReferencePipeline.java:807)
	at java.base/java.util.stream.ReferencePipeline$7$1FlatMap.accept(ReferencePipeline.java:294)
	at java.base/java.util.stream.ReferencePipeline$3$1.accept(ReferencePipeline.java:215)
	at java.base/java.util.stream.ReferencePipeline$3$1.accept(ReferencePipeline.java:215)
	at java.base/java.util.stream.ReferencePipeline$3$1.accept(ReferencePipeline.java:215)
	at java.base/java.util.Spliterators$ArraySpliterator.forEachRemaining(Spliterators.java:1024)
	at java.base/java.util.stream.AbstractPipeline.copyInto(AbstractPipeline.java:570)
	at java.base/java.util.stream.AbstractPipeline.wrapAndCopyInto(AbstractPipeline.java:560)
	at java.base/java.util.stream.ForEachOps$ForEachOp.evaluateSequential(ForEachOps.java:151)
	at java.base/java.util.stream.ForEachOps$ForEachOp$OfRef.evaluateSequential(ForEachOps.java:174)
	at java.base/java.util.stream.AbstractPipeline.evaluate(AbstractPipeline.java:265)
	at java.base/java.util.stream.ReferencePipeline.forEach(ReferencePipeline.java:636)
	at java.base/java.util.stream.ReferencePipeline$7$1FlatMap.accept(ReferencePipeline.java:294)
	at java.base/java.util.ArrayList$ArrayListSpliterator.forEachRemaining(ArrayList.java:1709)
	at java.base/java.util.stream.AbstractPipeline.copyInto(AbstractPipeline.java:570)
	at java.base/java.util.stream.AbstractPipeline.wrapAndCopyInto(AbstractPipeline.java:560)
	at java.base/java.util.stream.ForEachOps$ForEachOp.evaluateSequential(ForEachOps.java:151)
	at java.base/java.util.stream.ForEachOps$ForEachOp$OfRef.evaluateSequential(ForEachOps.java:174)
	at java.base/java.util.stream.AbstractPipeline.evaluate(AbstractPipeline.java:265)
	at java.base/java.util.stream.ReferencePipeline.forEach(ReferencePipeline.java:636)
	at java.base/java.util.stream.ReferencePipeline$7$1FlatMap.accept(ReferencePipeline.java:294)
	at java.base/java.util.stream.ReferencePipeline$3$1.accept(ReferencePipeline.java:215)
	at java.base/java.util.stream.ReferencePipeline$3$1.accept(ReferencePipeline.java:215)
	at java.base/java.util.stream.ReferencePipeline$3$1.accept(ReferencePipeline.java:215)
	at java.base/java.util.ArrayList$ArrayListSpliterator.forEachRemaining(ArrayList.java:1709)
	at java.base/java.util.stream.AbstractPipeline.copyInto(AbstractPipeline.java:570)
	at java.base/java.util.stream.AbstractPipeline.wrapAndCopyInto(AbstractPipeline.java:560)
	at java.base/java.util.stream.ForEachOps$ForEachOp.evaluateSequential(ForEachOps.java:151)
	at java.base/java.util.stream.ForEachOps$ForEachOp$OfRef.evaluateSequential(ForEachOps.java:174)
	at java.base/java.util.stream.AbstractPipeline.evaluate(AbstractPipeline.java:265)
	at java.base/java.util.stream.ReferencePipeline.forEach(ReferencePipeline.java:636)
	at java.base/java.util.ArrayList.forEach(ArrayList.java:1597)
	at java.base/java.util.ArrayList.forEach(ArrayList.java:1597)

[ERROR] org.jsoup.integration.FuzzFixesTest.testXmlParse(File)[44] -- Time elapsed: 0.001 s <<< ERROR!
java.lang.NoSuchMethodError: 'org.jsoup.nodes.Document$OutputSettings org.jsoup.nodes.Document$OutputSettings.syntax(org.jsoup.nodes.Document$OutputSettings$Syntax)'
	at org.jsoup.parser.XmlTreeBuilder.initialiseParse(XmlTreeBuilder.java:50)
	at org.jsoup.parser.TreeBuilder.parse(TreeBuilder.java:76)
	at org.jsoup.parser.Parser.parseInput(Parser.java:89)
	at org.jsoup.helper.DataUtil.parseInputStream(DataUtil.java:334)
	at org.jsoup.helper.DataUtil.parseInputStream(DataUtil.java:230)
	at org.jsoup.helper.DataUtil.load(DataUtil.java:120)
	at org.jsoup.helper.DataUtil.load(DataUtil.java:87)
	at org.jsoup.Jsoup.parse(Jsoup.java:186)
	at org.jsoup.integration.FuzzFixesTest.testXmlParse(FuzzFixesTest.java:76)
	at java.base/java.lang.reflect.Method.invoke(Method.java:580)
	at java.base/java.util.Optional.ifPresent(Optional.java:178)
	at java.base/java.util.stream.ForEachOps$ForEachOp$OfRef.accept(ForEachOps.java:184)
	at java.base/java.util.stream.ReferencePipeline$3$1.accept(ReferencePipeline.java:215)
	at java.base/java.util.stream.ForEachOps$ForEachOp$OfRef.accept(ForEachOps.java:184)
	at java.base/java.util.stream.ForEachOps$ForEachOp$OfRef.accept(ForEachOps.java:184)
	at java.base/java.util.stream.ReferencePipeline$3$1.accept(ReferencePipeline.java:215)
	at java.base/java.util.Spliterators$ArraySpliterator.forEachRemaining(Spliterators.java:1024)
	at java.base/java.util.stream.ReferencePipeline$Head.forEach(ReferencePipeline.java:807)
	at java.base/java.util.stream.ReferencePipeline$7$1FlatMap.accept(ReferencePipeline.java:294)
	at java.base/java.util.stream.ReferencePipeline$3$1.accept(ReferencePipeline.java:215)
	at java.base/java.util.stream.ReferencePipeline$3$1.accept(ReferencePipeline.java:215)
	at java.base/java.util.stream.ReferencePipeline$3$1.accept(ReferencePipeline.java:215)
	at java.base/java.util.Spliterators$ArraySpliterator.forEachRemaining(Spliterators.java:1024)
	at java.base/java.util.stream.AbstractPipeline.copyInto(AbstractPipeline.java:570)
	at java.base/java.util.stream.AbstractPipeline.wrapAndCopyInto(AbstractPipeline.java:560)
	at java.base/java.util.stream.ForEachOps$ForEachOp.evaluateSequential(ForEachOps.java:151)
	at java.base/java.util.stream.ForEachOps$ForEachOp$OfRef.evaluateSequential(ForEachOps.java:174)
	at java.base/java.util.stream.AbstractPipeline.evaluate(AbstractPipeline.java:265)
	at java.base/java.util.stream.ReferencePipeline.forEach(ReferencePipeline.java:636)
	at java.base/java.util.stream.ReferencePipeline$7$1FlatMap.accept(ReferencePipeline.java:294)
	at java.base/java.util.ArrayList$ArrayListSpliterator.forEachRemaining(ArrayList.java:1709)
	at java.base/java.util.stream.AbstractPipeline.copyInto(AbstractPipeline.java:570)
	at java.base/java.util.stream.AbstractPipeline.wrapAndCopyInto(AbstractPipeline.java:560)
	at java.base/java.util.stream.ForEachOps$ForEachOp.evaluateSequential(ForEachOps.java:151)
	at java.base/java.util.stream.ForEachOps$ForEachOp$OfRef.evaluateSequential(ForEachOps.java:174)
	at java.base/java.util.stream.AbstractPipeline.evaluate(AbstractPipeline.java:265)
	at java.base/java.util.stream.ReferencePipeline.forEach(ReferencePipeline.java:636)
	at java.base/java.util.stream.ReferencePipeline$7$1FlatMap.accept(ReferencePipeline.java:294)
	at java.base/java.util.stream.ReferencePipeline$3$1.accept(ReferencePipeline.java:215)
	at java.base/java.util.stream.ReferencePipeline$3$1.accept(ReferencePipeline.java:215)
	at java.base/java.util.stream.ReferencePipeline$3$1.accept(ReferencePipeline.java:215)
	at java.base/java.util.ArrayList$ArrayListSpliterator.forEachRemaining(ArrayList.java:1709)
	at java.base/java.util.stream.AbstractPipeline.copyInto(AbstractPipeline.java:570)
	at java.base/java.util.stream.AbstractPipeline.wrapAndCopyInto(AbstractPipeline.java:560)
	at java.base/java.util.stream.ForEachOps$ForEachOp.evaluateSequential(ForEachOps.java:151)
	at java.base/java.util.stream.ForEachOps$ForEachOp$OfRef.evaluateSequential(ForEachOps.java:174)
	at java.base/java.util.stream.AbstractPipeline.evaluate(AbstractPipeline.java:265)
	at java.base/java.util.stream.ReferencePipeline.forEach(ReferencePipeline.java:636)
	at java.base/java.util.ArrayList.forEach(ArrayList.java:1597)
	at java.base/java.util.ArrayList.forEach(ArrayList.java:1597)

[ERROR] org.jsoup.integration.FuzzFixesTest.testXmlParse(File)[45] -- Time elapsed: 0 s <<< ERROR!
java.lang.NoSuchMethodError: 'org.jsoup.nodes.Document$OutputSettings org.jsoup.nodes.Document$OutputSettings.syntax(org.jsoup.nodes.Document$OutputSettings$Syntax)'
	at org.jsoup.parser.XmlTreeBuilder.initialiseParse(XmlTreeBuilder.java:50)
	at org.jsoup.parser.TreeBuilder.parse(TreeBuilder.java:76)
	at org.jsoup.parser.Parser.parseInput(Parser.java:89)
	at org.jsoup.helper.DataUtil.parseInputStream(DataUtil.java:334)
	at org.jsoup.helper.DataUtil.parseInputStream(DataUtil.java:230)
	at org.jsoup.helper.DataUtil.load(DataUtil.java:120)
	at org.jsoup.helper.DataUtil.load(DataUtil.java:87)
	at org.jsoup.Jsoup.parse(Jsoup.java:186)
	at org.jsoup.integration.FuzzFixesTest.testXmlParse(FuzzFixesTest.java:76)
	at java.base/java.lang.reflect.Method.invoke(Method.java:580)
	at java.base/java.util.Optional.ifPresent(Optional.java:178)
	at java.base/java.util.stream.ForEachOps$ForEachOp$OfRef.accept(ForEachOps.java:184)
	at java.base/java.util.stream.ReferencePipeline$3$1.accept(ReferencePipeline.java:215)
	at java.base/java.util.stream.ForEachOps$ForEachOp$OfRef.accept(ForEachOps.java:184)
	at java.base/java.util.stream.ForEachOps$ForEachOp$OfRef.accept(ForEachOps.java:184)
	at java.base/java.util.stream.ReferencePipeline$3$1.accept(ReferencePipeline.java:215)
	at java.base/java.util.Spliterators$ArraySpliterator.forEachRemaining(Spliterators.java:1024)
	at java.base/java.util.stream.ReferencePipeline$Head.forEach(ReferencePipeline.java:807)
	at java.base/java.util.stream.ReferencePipeline$7$1FlatMap.accept(ReferencePipeline.java:294)
	at java.base/java.util.stream.ReferencePipeline$3$1.accept(ReferencePipeline.java:215)
	at java.base/java.util.stream.ReferencePipeline$3$1.accept(ReferencePipeline.java:215)
	at java.base/java.util.stream.ReferencePipeline$3$1.accept(ReferencePipeline.java:215)
	at java.base/java.util.Spliterators$ArraySpliterator.forEachRemaining(Spliterators.java:1024)
	at java.base/java.util.stream.AbstractPipeline.copyInto(AbstractPipeline.java:570)
	at java.base/java.util.stream.AbstractPipeline.wrapAndCopyInto(AbstractPipeline.java:560)
	at java.base/java.util.stream.ForEachOps$ForEachOp.evaluateSequential(ForEachOps.java:151)
	at java.base/java.util.stream.ForEachOps$ForEachOp$OfRef.evaluateSequential(ForEachOps.java:174)
	at java.base/java.util.stream.AbstractPipeline.evaluate(AbstractPipeline.java:265)
	at java.base/java.util.stream.ReferencePipeline.forEach(ReferencePipeline.java:636)
	at java.base/java.util.stream.ReferencePipeline$7$1FlatMap.accept(ReferencePipeline.java:294)
	at java.base/java.util.ArrayList$ArrayListSpliterator.forEachRemaining(ArrayList.java:1709)
	at java.base/java.util.stream.AbstractPipeline.copyInto(AbstractPipeline.java:570)
	at java.base/java.util.stream.AbstractPipeline.wrapAndCopyInto(AbstractPipeline.java:560)
	at java.base/java.util.stream.ForEachOps$ForEachOp.evaluateSequential(ForEachOps.java:151)
	at java.base/java.util.stream.ForEachOps$ForEachOp$OfRef.evaluateSequential(ForEachOps.java:174)
	at java.base/java.util.stream.AbstractPipeline.evaluate(AbstractPipeline.java:265)
	at java.base/java.util.stream.ReferencePipeline.forEach(ReferencePipeline.java:636)
	at java.base/java.util.stream.ReferencePipeline$7$1FlatMap.accept(ReferencePipeline.java:294)
	at java.base/java.util.stream.ReferencePipeline$3$1.accept(ReferencePipeline.java:215)
	at java.base/java.util.stream.ReferencePipeline$3$1.accept(ReferencePipeline.java:215)
	at java.base/java.util.stream.ReferencePipeline$3$1.accept(ReferencePipeline.java:215)
	at java.base/java.util.ArrayList$ArrayListSpliterator.forEachRemaining(ArrayList.java:1709)
	at java.base/java.util.stream.AbstractPipeline.copyInto(AbstractPipeline.java:570)
	at java.base/java.util.stream.AbstractPipeline.wrapAndCopyInto(AbstractPipeline.java:560)
	at java.base/java.util.stream.ForEachOps$ForEachOp.evaluateSequential(ForEachOps.java:151)
	at java.base/java.util.stream.ForEachOps$ForEachOp$OfRef.evaluateSequential(ForEachOps.java:174)
	at java.base/java.util.stream.AbstractPipeline.evaluate(AbstractPipeline.java:265)
	at java.base/java.util.stream.ReferencePipeline.forEach(ReferencePipeline.java:636)
	at java.base/java.util.ArrayList.forEach(ArrayList.java:1597)
	at java.base/java.util.ArrayList.forEach(ArrayList.java:1597)

[ERROR] org.jsoup.integration.FuzzFixesTest.testXmlParse(File)[46] -- Time elapsed: 0 s <<< ERROR!
java.lang.NoSuchMethodError: 'org.jsoup.nodes.Document$OutputSettings org.jsoup.nodes.Document$OutputSettings.syntax(org.jsoup.nodes.Document$OutputSettings$Syntax)'
	at org.jsoup.parser.XmlTreeBuilder.initialiseParse(XmlTreeBuilder.java:50)
	at org.jsoup.parser.TreeBuilder.parse(TreeBuilder.java:76)
	at org.jsoup.parser.Parser.parseInput(Parser.java:89)
	at org.jsoup.helper.DataUtil.parseInputStream(DataUtil.java:334)
	at org.jsoup.helper.DataUtil.parseInputStream(DataUtil.java:230)
	at org.jsoup.helper.DataUtil.load(DataUtil.java:120)
	at org.jsoup.helper.DataUtil.load(DataUtil.java:87)
	at org.jsoup.Jsoup.parse(Jsoup.java:186)
	at org.jsoup.integration.FuzzFixesTest.testXmlParse(FuzzFixesTest.java:76)
	at java.base/java.lang.reflect.Method.invoke(Method.java:580)
	at java.base/java.util.Optional.ifPresent(Optional.java:178)
	at java.base/java.util.stream.ForEachOps$ForEachOp$OfRef.accept(ForEachOps.java:184)
	at java.base/java.util.stream.ReferencePipeline$3$1.accept(ReferencePipeline.java:215)
	at java.base/java.util.stream.ForEachOps$ForEachOp$OfRef.accept(ForEachOps.java:184)
	at java.base/java.util.stream.ForEachOps$ForEachOp$OfRef.accept(ForEachOps.java:184)
	at java.base/java.util.stream.ReferencePipeline$3$1.accept(ReferencePipeline.java:215)
	at java.base/java.util.Spliterators$ArraySpliterator.forEachRemaining(Spliterators.java:1024)
	at java.base/java.util.stream.ReferencePipeline$Head.forEach(ReferencePipeline.java:807)
	at java.base/java.util.stream.ReferencePipeline$7$1FlatMap.accept(ReferencePipeline.java:294)
	at java.base/java.util.stream.ReferencePipeline$3$1.accept(ReferencePipeline.java:215)
	at java.base/java.util.stream.ReferencePipeline$3$1.accept(ReferencePipeline.java:215)
	at java.base/java.util.stream.ReferencePipeline$3$1.accept(ReferencePipeline.java:215)
	at java.base/java.util.Spliterators$ArraySpliterator.forEachRemaining(Spliterators.java:1024)
	at java.base/java.util.stream.AbstractPipeline.copyInto(AbstractPipeline.java:570)
	at java.base/java.util.stream.AbstractPipeline.wrapAndCopyInto(AbstractPipeline.java:560)
	at java.base/java.util.stream.ForEachOps$ForEachOp.evaluateSequential(ForEachOps.java:151)
	at java.base/java.util.stream.ForEachOps$ForEachOp$OfRef.evaluateSequential(ForEachOps.java:174)
	at java.base/java.util.stream.AbstractPipeline.evaluate(AbstractPipeline.java:265)
	at java.base/java.util.stream.ReferencePipeline.forEach(ReferencePipeline.java:636)
	at java.base/java.util.stream.ReferencePipeline$7$1FlatMap.accept(ReferencePipeline.java:294)
	at java.base/java.util.ArrayList$ArrayListSpliterator.forEachRemaining(ArrayList.java:1709)
	at java.base/java.util.stream.AbstractPipeline.copyInto(AbstractPipeline.java:570)
	at java.base/java.util.stream.AbstractPipeline.wrapAndCopyInto(AbstractPipeline.java:560)
	at java.base/java.util.stream.ForEachOps$ForEachOp.evaluateSequential(ForEachOps.java:151)
	at java.base/java.util.stream.ForEachOps$ForEachOp$OfRef.evaluateSequential(ForEachOps.java:174)
	at java.base/java.util.stream.AbstractPipeline.evaluate(AbstractPipeline.java:265)
	at java.base/java.util.stream.ReferencePipeline.forEach(ReferencePipeline.java:636)
	at java.base/java.util.stream.ReferencePipeline$7$1FlatMap.accept(ReferencePipeline.java:294)
	at java.base/java.util.stream.ReferencePipeline$3$1.accept(ReferencePipeline.java:215)
	at java.base/java.util.stream.ReferencePipeline$3$1.accept(ReferencePipeline.java:215)
	at java.base/java.util.stream.ReferencePipeline$3$1.accept(ReferencePipeline.java:215)
	at java.base/java.util.ArrayList$ArrayListSpliterator.forEachRemaining(ArrayList.java:1709)
	at java.base/java.util.stream.AbstractPipeline.copyInto(AbstractPipeline.java:570)
	at java.base/java.util.stream.AbstractPipeline.wrapAndCopyInto(AbstractPipeline.java:560)
	at java.base/java.util.stream.ForEachOps$ForEachOp.evaluateSequential(ForEachOps.java:151)
	at java.base/java.util.stream.ForEachOps$ForEachOp$OfRef.evaluateSequential(ForEachOps.java:174)
	at java.base/java.util.stream.AbstractPipeline.evaluate(AbstractPipeline.java:265)
	at java.base/java.util.stream.ReferencePipeline.forEach(ReferencePipeline.java:636)
	at java.base/java.util.ArrayList.forEach(ArrayList.java:1597)
	at java.base/java.util.ArrayList.forEach(ArrayList.java:1597)

[ERROR] org.jsoup.integration.FuzzFixesTest.testXmlParse(File)[47] -- Time elapsed: 0.001 s <<< ERROR!
java.lang.NoSuchMethodError: 'org.jsoup.nodes.Document$OutputSettings org.jsoup.nodes.Document$OutputSettings.syntax(org.jsoup.nodes.Document$OutputSettings$Syntax)'
	at org.jsoup.parser.XmlTreeBuilder.initialiseParse(XmlTreeBuilder.java:50)
	at org.jsoup.parser.TreeBuilder.parse(TreeBuilder.java:76)
	at org.jsoup.parser.Parser.parseInput(Parser.java:89)
	at org.jsoup.helper.DataUtil.parseInputStream(DataUtil.java:334)
	at org.jsoup.helper.DataUtil.parseInputStream(DataUtil.java:230)
	at org.jsoup.helper.DataUtil.load(DataUtil.java:120)
	at org.jsoup.helper.DataUtil.load(DataUtil.java:87)
	at org.jsoup.Jsoup.parse(Jsoup.java:186)
	at org.jsoup.integration.FuzzFixesTest.testXmlParse(FuzzFixesTest.java:76)
	at java.base/java.lang.reflect.Method.invoke(Method.java:580)
	at java.base/java.util.Optional.ifPresent(Optional.java:178)
	at java.base/java.util.stream.ForEachOps$ForEachOp$OfRef.accept(ForEachOps.java:184)
	at java.base/java.util.stream.ReferencePipeline$3$1.accept(ReferencePipeline.java:215)
	at java.base/java.util.stream.ForEachOps$ForEachOp$OfRef.accept(ForEachOps.java:184)
	at java.base/java.util.stream.ForEachOps$ForEachOp$OfRef.accept(ForEachOps.java:184)
	at java.base/java.util.stream.ReferencePipeline$3$1.accept(ReferencePipeline.java:215)
	at java.base/java.util.Spliterators$ArraySpliterator.forEachRemaining(Spliterators.java:1024)
	at java.base/java.util.stream.ReferencePipeline$Head.forEach(ReferencePipeline.java:807)
	at java.base/java.util.stream.ReferencePipeline$7$1FlatMap.accept(ReferencePipeline.java:294)
	at java.base/java.util.stream.ReferencePipeline$3$1.accept(ReferencePipeline.java:215)
	at java.base/java.util.stream.ReferencePipeline$3$1.accept(ReferencePipeline.java:215)
	at java.base/java.util.stream.ReferencePipeline$3$1.accept(ReferencePipeline.java:215)
	at java.base/java.util.Spliterators$ArraySpliterator.forEachRemaining(Spliterators.java:1024)
	at java.base/java.util.stream.AbstractPipeline.copyInto(AbstractPipeline.java:570)
	at java.base/java.util.stream.AbstractPipeline.wrapAndCopyInto(AbstractPipeline.java:560)
	at java.base/java.util.stream.ForEachOps$ForEachOp.evaluateSequential(ForEachOps.java:151)
	at java.base/java.util.stream.ForEachOps$ForEachOp$OfRef.evaluateSequential(ForEachOps.java:174)
	at java.base/java.util.stream.AbstractPipeline.evaluate(AbstractPipeline.java:265)
	at java.base/java.util.stream.ReferencePipeline.forEach(ReferencePipeline.java:636)
	at java.base/java.util.stream.ReferencePipeline$7$1FlatMap.accept(ReferencePipeline.java:294)
	at java.base/java.util.ArrayList$ArrayListSpliterator.forEachRemaining(ArrayList.java:1709)
	at java.base/java.util.stream.AbstractPipeline.copyInto(AbstractPipeline.java:570)
	at java.base/java.util.stream.AbstractPipeline.wrapAndCopyInto(AbstractPipeline.java:560)
	at java.base/java.util.stream.ForEachOps$ForEachOp.evaluateSequential(ForEachOps.java:151)
	at java.base/java.util.stream.ForEachOps$ForEachOp$OfRef.evaluateSequential(ForEachOps.java:174)
	at java.base/java.util.stream.AbstractPipeline.evaluate(AbstractPipeline.java:265)
	at java.base/java.util.stream.ReferencePipeline.forEach(ReferencePipeline.java:636)
	at java.base/java.util.stream.ReferencePipeline$7$1FlatMap.accept(ReferencePipeline.java:294)
	at java.base/java.util.stream.ReferencePipeline$3$1.accept(ReferencePipeline.java:215)
	at java.base/java.util.stream.ReferencePipeline$3$1.accept(ReferencePipeline.java:215)
	at java.base/java.util.stream.ReferencePipeline$3$1.accept(ReferencePipeline.java:215)
	at java.base/java.util.ArrayList$ArrayListSpliterator.forEachRemaining(ArrayList.java:1709)
	at java.base/java.util.stream.AbstractPipeline.copyInto(AbstractPipeline.java:570)
	at java.base/java.util.stream.AbstractPipeline.wrapAndCopyInto(AbstractPipeline.java:560)
	at java.base/java.util.stream.ForEachOps$ForEachOp.evaluateSequential(ForEachOps.java:151)
	at java.base/java.util.stream.ForEachOps$ForEachOp$OfRef.evaluateSequential(ForEachOps.java:174)
	at java.base/java.util.stream.AbstractPipeline.evaluate(AbstractPipeline.java:265)
	at java.base/java.util.stream.ReferencePipeline.forEach(ReferencePipeline.java:636)
	at java.base/java.util.ArrayList.forEach(ArrayList.java:1597)
	at java.base/java.util.ArrayList.forEach(ArrayList.java:1597)

[ERROR] org.jsoup.integration.FuzzFixesTest.testXmlParse(File)[48] -- Time elapsed: 0 s <<< ERROR!
java.lang.NoSuchMethodError: 'org.jsoup.nodes.Document$OutputSettings org.jsoup.nodes.Document$OutputSettings.syntax(org.jsoup.nodes.Document$OutputSettings$Syntax)'
	at org.jsoup.parser.XmlTreeBuilder.initialiseParse(XmlTreeBuilder.java:50)
	at org.jsoup.parser.TreeBuilder.parse(TreeBuilder.java:76)
	at org.jsoup.parser.Parser.parseInput(Parser.java:89)
	at org.jsoup.helper.DataUtil.parseInputStream(DataUtil.java:334)
	at org.jsoup.helper.DataUtil.parseInputStream(DataUtil.java:230)
	at org.jsoup.helper.DataUtil.load(DataUtil.java:120)
	at org.jsoup.helper.DataUtil.load(DataUtil.java:87)
	at org.jsoup.Jsoup.parse(Jsoup.java:186)
	at org.jsoup.integration.FuzzFixesTest.testXmlParse(FuzzFixesTest.java:76)
	at java.base/java.lang.reflect.Method.invoke(Method.java:580)
	at java.base/java.util.Optional.ifPresent(Optional.java:178)
	at java.base/java.util.stream.ForEachOps$ForEachOp$OfRef.accept(ForEachOps.java:184)
	at java.base/java.util.stream.ReferencePipeline$3$1.accept(ReferencePipeline.java:215)
	at java.base/java.util.stream.ForEachOps$ForEachOp$OfRef.accept(ForEachOps.java:184)
	at java.base/java.util.stream.ForEachOps$ForEachOp$OfRef.accept(ForEachOps.java:184)
	at java.base/java.util.stream.ReferencePipeline$3$1.accept(ReferencePipeline.java:215)
	at java.base/java.util.Spliterators$ArraySpliterator.forEachRemaining(Spliterators.java:1024)
	at java.base/java.util.stream.ReferencePipeline$Head.forEach(ReferencePipeline.java:807)
	at java.base/java.util.stream.ReferencePipeline$7$1FlatMap.accept(ReferencePipeline.java:294)
	at java.base/java.util.stream.ReferencePipeline$3$1.accept(ReferencePipeline.java:215)
	at java.base/java.util.stream.ReferencePipeline$3$1.accept(ReferencePipeline.java:215)
	at java.base/java.util.stream.ReferencePipeline$3$1.accept(ReferencePipeline.java:215)
	at java.base/java.util.Spliterators$ArraySpliterator.forEachRemaining(Spliterators.java:1024)
	at java.base/java.util.stream.AbstractPipeline.copyInto(AbstractPipeline.java:570)
	at java.base/java.util.stream.AbstractPipeline.wrapAndCopyInto(AbstractPipeline.java:560)
	at java.base/java.util.stream.ForEachOps$ForEachOp.evaluateSequential(ForEachOps.java:151)
	at java.base/java.util.stream.ForEachOps$ForEachOp$OfRef.evaluateSequential(ForEachOps.java:174)
	at java.base/java.util.stream.AbstractPipeline.evaluate(AbstractPipeline.java:265)
	at java.base/java.util.stream.ReferencePipeline.forEach(ReferencePipeline.java:636)
	at java.base/java.util.stream.ReferencePipeline$7$1FlatMap.accept(ReferencePipeline.java:294)
	at java.base/java.util.ArrayList$ArrayListSpliterator.forEachRemaining(ArrayList.java:1709)
	at java.base/java.util.stream.AbstractPipeline.copyInto(AbstractPipeline.java:570)
	at java.base/java.util.stream.AbstractPipeline.wrapAndCopyInto(AbstractPipeline.java:560)
	at java.base/java.util.stream.ForEachOps$ForEachOp.evaluateSequential(ForEachOps.java:151)
	at java.base/java.util.stream.ForEachOps$ForEachOp$OfRef.evaluateSequential(ForEachOps.java:174)
	at java.base/java.util.stream.AbstractPipeline.evaluate(AbstractPipeline.java:265)
	at java.base/java.util.stream.ReferencePipeline.forEach(ReferencePipeline.java:636)
	at java.base/java.util.stream.ReferencePipeline$7$1FlatMap.accept(ReferencePipeline.java:294)
	at java.base/java.util.stream.ReferencePipeline$3$1.accept(ReferencePipeline.java:215)
	at java.base/java.util.stream.ReferencePipeline$3$1.accept(ReferencePipeline.java:215)
	at java.base/java.util.stream.ReferencePipeline$3$1.accept(ReferencePipeline.java:215)
	at java.base/java.util.ArrayList$ArrayListSpliterator.forEachRemaining(ArrayList.java:1709)
	at java.base/java.util.stream.AbstractPipeline.copyInto(AbstractPipeline.java:570)
	at java.base/java.util.stream.AbstractPipeline.wrapAndCopyInto(AbstractPipeline.java:560)
	at java.base/java.util.stream.ForEachOps$ForEachOp.evaluateSequential(ForEachOps.java:151)
	at java.base/java.util.stream.ForEachOps$ForEachOp$OfRef.evaluateSequential(ForEachOps.java:174)
	at java.base/java.util.stream.AbstractPipeline.evaluate(AbstractPipeline.java:265)
	at java.base/java.util.stream.ReferencePipeline.forEach(ReferencePipeline.java:636)
	at java.base/java.util.ArrayList.forEach(ArrayList.java:1597)
	at java.base/java.util.ArrayList.forEach(ArrayList.java:1597)

[ERROR] org.jsoup.integration.FuzzFixesTest.testXmlParse(File)[49] -- Time elapsed: 0 s <<< ERROR!
java.lang.NoSuchMethodError: 'org.jsoup.nodes.Document$OutputSettings org.jsoup.nodes.Document$OutputSettings.syntax(org.jsoup.nodes.Document$OutputSettings$Syntax)'
	at org.jsoup.parser.XmlTreeBuilder.initialiseParse(XmlTreeBuilder.java:50)
	at org.jsoup.parser.TreeBuilder.parse(TreeBuilder.java:76)
	at org.jsoup.parser.Parser.parseInput(Parser.java:89)
	at org.jsoup.helper.DataUtil.parseInputStream(DataUtil.java:334)
	at org.jsoup.helper.DataUtil.parseInputStream(DataUtil.java:230)
	at org.jsoup.helper.DataUtil.load(DataUtil.java:120)
	at org.jsoup.helper.DataUtil.load(DataUtil.java:87)
	at org.jsoup.Jsoup.parse(Jsoup.java:186)
	at org.jsoup.integration.FuzzFixesTest.testXmlParse(FuzzFixesTest.java:76)
	at java.base/java.lang.reflect.Method.invoke(Method.java:580)
	at java.base/java.util.Optional.ifPresent(Optional.java:178)
	at java.base/java.util.stream.ForEachOps$ForEachOp$OfRef.accept(ForEachOps.java:184)
	at java.base/java.util.stream.ReferencePipeline$3$1.accept(ReferencePipeline.java:215)
	at java.base/java.util.stream.ForEachOps$ForEachOp$OfRef.accept(ForEachOps.java:184)
	at java.base/java.util.stream.ForEachOps$ForEachOp$OfRef.accept(ForEachOps.java:184)
	at java.base/java.util.stream.ReferencePipeline$3$1.accept(ReferencePipeline.java:215)
	at java.base/java.util.Spliterators$ArraySpliterator.forEachRemaining(Spliterators.java:1024)
	at java.base/java.util.stream.ReferencePipeline$Head.forEach(ReferencePipeline.java:807)
	at java.base/java.util.stream.ReferencePipeline$7$1FlatMap.accept(ReferencePipeline.java:294)
	at java.base/java.util.stream.ReferencePipeline$3$1.accept(ReferencePipeline.java:215)
	at java.base/java.util.stream.ReferencePipeline$3$1.accept(ReferencePipeline.java:215)
	at java.base/java.util.stream.ReferencePipeline$3$1.accept(ReferencePipeline.java:215)
	at java.base/java.util.Spliterators$ArraySpliterator.forEachRemaining(Spliterators.java:1024)
	at java.base/java.util.stream.AbstractPipeline.copyInto(AbstractPipeline.java:570)
	at java.base/java.util.stream.AbstractPipeline.wrapAndCopyInto(AbstractPipeline.java:560)
	at java.base/java.util.stream.ForEachOps$ForEachOp.evaluateSequential(ForEachOps.java:151)
	at java.base/java.util.stream.ForEachOps$ForEachOp$OfRef.evaluateSequential(ForEachOps.java:174)
	at java.base/java.util.stream.AbstractPipeline.evaluate(AbstractPipeline.java:265)
	at java.base/java.util.stream.ReferencePipeline.forEach(ReferencePipeline.java:636)
	at java.base/java.util.stream.ReferencePipeline$7$1FlatMap.accept(ReferencePipeline.java:294)
	at java.base/java.util.ArrayList$ArrayListSpliterator.forEachRemaining(ArrayList.java:1709)
	at java.base/java.util.stream.AbstractPipeline.copyInto(AbstractPipeline.java:570)
	at java.base/java.util.stream.AbstractPipeline.wrapAndCopyInto(AbstractPipeline.java:560)
	at java.base/java.util.stream.ForEachOps$ForEachOp.evaluateSequential(ForEachOps.java:151)
	at java.base/java.util.stream.ForEachOps$ForEachOp$OfRef.evaluateSequential(ForEachOps.java:174)
	at java.base/java.util.stream.AbstractPipeline.evaluate(AbstractPipeline.java:265)
	at java.base/java.util.stream.ReferencePipeline.forEach(ReferencePipeline.java:636)
	at java.base/java.util.stream.ReferencePipeline$7$1FlatMap.accept(ReferencePipeline.java:294)
	at java.base/java.util.stream.ReferencePipeline$3$1.accept(ReferencePipeline.java:215)
	at java.base/java.util.stream.ReferencePipeline$3$1.accept(ReferencePipeline.java:215)
	at java.base/java.util.stream.ReferencePipeline$3$1.accept(ReferencePipeline.java:215)
	at java.base/java.util.ArrayList$ArrayListSpliterator.forEachRemaining(ArrayList.java:1709)
	at java.base/java.util.stream.AbstractPipeline.copyInto(AbstractPipeline.java:570)
	at java.base/java.util.stream.AbstractPipeline.wrapAndCopyInto(AbstractPipeline.java:560)
	at java.base/java.util.stream.ForEachOps$ForEachOp.evaluateSequential(ForEachOps.java:151)
	at java.base/java.util.stream.ForEachOps$ForEachOp$OfRef.evaluateSequential(ForEachOps.java:174)
	at java.base/java.util.stream.AbstractPipeline.evaluate(AbstractPipeline.java:265)
	at java.base/java.util.stream.ReferencePipeline.forEach(ReferencePipeline.java:636)
	at java.base/java.util.ArrayList.forEach(ArrayList.java:1597)
	at java.base/java.util.ArrayList.forEach(ArrayList.java:1597)

[ERROR] org.jsoup.integration.FuzzFixesTest.testXmlParse(File)[50] -- Time elapsed: 0.001 s <<< ERROR!
java.lang.NoSuchMethodError: 'org.jsoup.nodes.Document$OutputSettings org.jsoup.nodes.Document$OutputSettings.syntax(org.jsoup.nodes.Document$OutputSettings$Syntax)'
	at org.jsoup.parser.XmlTreeBuilder.initialiseParse(XmlTreeBuilder.java:50)
	at org.jsoup.parser.TreeBuilder.parse(TreeBuilder.java:76)
	at org.jsoup.parser.Parser.parseInput(Parser.java:89)
	at org.jsoup.helper.DataUtil.parseInputStream(DataUtil.java:334)
	at org.jsoup.helper.DataUtil.parseInputStream(DataUtil.java:230)
	at org.jsoup.helper.DataUtil.load(DataUtil.java:120)
	at org.jsoup.helper.DataUtil.load(DataUtil.java:87)
	at org.jsoup.Jsoup.parse(Jsoup.java:186)
	at org.jsoup.integration.FuzzFixesTest.testXmlParse(FuzzFixesTest.java:76)
	at java.base/java.lang.reflect.Method.invoke(Method.java:580)
	at java.base/java.util.Optional.ifPresent(Optional.java:178)
	at java.base/java.util.stream.ForEachOps$ForEachOp$OfRef.accept(ForEachOps.java:184)
	at java.base/java.util.stream.ReferencePipeline$3$1.accept(ReferencePipeline.java:215)
	at java.base/java.util.stream.ForEachOps$ForEachOp$OfRef.accept(ForEachOps.java:184)
	at java.base/java.util.stream.ForEachOps$ForEachOp$OfRef.accept(ForEachOps.java:184)
	at java.base/java.util.stream.ReferencePipeline$3$1.accept(ReferencePipeline.java:215)
	at java.base/java.util.Spliterators$ArraySpliterator.forEachRemaining(Spliterators.java:1024)
	at java.base/java.util.stream.ReferencePipeline$Head.forEach(ReferencePipeline.java:807)
	at java.base/java.util.stream.ReferencePipeline$7$1FlatMap.accept(ReferencePipeline.java:294)
	at java.base/java.util.stream.ReferencePipeline$3$1.accept(ReferencePipeline.java:215)
	at java.base/java.util.stream.ReferencePipeline$3$1.accept(ReferencePipeline.java:215)
	at java.base/java.util.stream.ReferencePipeline$3$1.accept(ReferencePipeline.java:215)
	at java.base/java.util.Spliterators$ArraySpliterator.forEachRemaining(Spliterators.java:1024)
	at java.base/java.util.stream.AbstractPipeline.copyInto(AbstractPipeline.java:570)
	at java.base/java.util.stream.AbstractPipeline.wrapAndCopyInto(AbstractPipeline.java:560)
	at java.base/java.util.stream.ForEachOps$ForEachOp.evaluateSequential(ForEachOps.java:151)
	at java.base/java.util.stream.ForEachOps$ForEachOp$OfRef.evaluateSequential(ForEachOps.java:174)
	at java.base/java.util.stream.AbstractPipeline.evaluate(AbstractPipeline.java:265)
	at java.base/java.util.stream.ReferencePipeline.forEach(ReferencePipeline.java:636)
	at java.base/java.util.stream.ReferencePipeline$7$1FlatMap.accept(ReferencePipeline.java:294)
	at java.base/java.util.ArrayList$ArrayListSpliterator.forEachRemaining(ArrayList.java:1709)
	at java.base/java.util.stream.AbstractPipeline.copyInto(AbstractPipeline.java:570)
	at java.base/java.util.stream.AbstractPipeline.wrapAndCopyInto(AbstractPipeline.java:560)
	at java.base/java.util.stream.ForEachOps$ForEachOp.evaluateSequential(ForEachOps.java:151)
	at java.base/java.util.stream.ForEachOps$ForEachOp$OfRef.evaluateSequential(ForEachOps.java:174)
	at java.base/java.util.stream.AbstractPipeline.evaluate(AbstractPipeline.java:265)
	at java.base/java.util.stream.ReferencePipeline.forEach(ReferencePipeline.java:636)
	at java.base/java.util.stream.ReferencePipeline$7$1FlatMap.accept(ReferencePipeline.java:294)
	at java.base/java.util.stream.ReferencePipeline$3$1.accept(ReferencePipeline.java:215)
	at java.base/java.util.stream.ReferencePipeline$3$1.accept(ReferencePipeline.java:215)
	at java.base/java.util.stream.ReferencePipeline$3$1.accept(ReferencePipeline.java:215)
	at java.base/java.util.ArrayList$ArrayListSpliterator.forEachRemaining(ArrayList.java:1709)
	at java.base/java.util.stream.AbstractPipeline.copyInto(AbstractPipeline.java:570)
	at java.base/java.util.stream.AbstractPipeline.wrapAndCopyInto(AbstractPipeline.java:560)
	at java.base/java.util.stream.ForEachOps$ForEachOp.evaluateSequential(ForEachOps.java:151)
	at java.base/java.util.stream.ForEachOps$ForEachOp$OfRef.evaluateSequential(ForEachOps.java:174)
	at java.base/java.util.stream.AbstractPipeline.evaluate(AbstractPipeline.java:265)
	at java.base/java.util.stream.ReferencePipeline.forEach(ReferencePipeline.java:636)
	at java.base/java.util.ArrayList.forEach(ArrayList.java:1597)
	at java.base/java.util.ArrayList.forEach(ArrayList.java:1597)

[ERROR] org.jsoup.integration.FuzzFixesTest.bookmark -- Time elapsed: 0 s <<< ERROR!
java.lang.NoSuchMethodError: 'org.jsoup.nodes.Document$OutputSettings org.jsoup.nodes.Document$OutputSettings.syntax(org.jsoup.nodes.Document$OutputSettings$Syntax)'
	at org.jsoup.parser.XmlTreeBuilder.initialiseParse(XmlTreeBuilder.java:50)
	at org.jsoup.parser.TreeBuilder.parse(TreeBuilder.java:76)
	at org.jsoup.parser.Parser.parseInput(Parser.java:89)
	at org.jsoup.parser.Parser.parseInput(Parser.java:75)
	at org.jsoup.integration.FuzzFixesTest.bookmark(FuzzFixesTest.java:48)
	at java.base/java.lang.reflect.Method.invoke(Method.java:580)
	at java.base/java.util.ArrayList.forEach(ArrayList.java:1597)
	at java.base/java.util.ArrayList.forEach(ArrayList.java:1597)

[ERROR] Tests run: 73, Failures: 2, Errors: 51, Skipped: 0, Time elapsed: 0.720 s <<< FAILURE! -- in org.jsoup.integration.HttpClientConnectTest
[ERROR] org.jsoup.integration.HttpClientConnectTest.multipleParsesOkAfterBufferUp -- Time elapsed: 0.006 s <<< ERROR!
java.lang.NoSuchMethodError: 'org.jsoup.nodes.Document$OutputSettings org.jsoup.nodes.Document$OutputSettings.charset(java.nio.charset.Charset)'
	at org.jsoup.helper.DataUtil.parseInputStream(DataUtil.java:339)
	at org.jsoup.helper.DataUtil.parseInputStream(DataUtil.java:230)
	at org.jsoup.helper.HttpConnection$Response.parse(HttpConnection.java:1007)
	at org.jsoup.integration.ConnectTest.multipleParsesOkAfterBufferUp(ConnectTest.java:423)
	at java.base/java.lang.reflect.Method.invoke(Method.java:580)
	at java.base/java.util.ArrayList.forEach(ArrayList.java:1597)
	at java.base/java.util.ArrayList.forEach(ArrayList.java:1597)

[ERROR] org.jsoup.integration.HttpClientConnectTest.multiCookieSet -- Time elapsed: 0.014 s <<< ERROR!
java.lang.NoSuchMethodError: 'org.jsoup.nodes.Document$OutputSettings org.jsoup.nodes.Document$OutputSettings.charset(java.nio.charset.Charset)'
	at org.jsoup.helper.DataUtil.parseInputStream(DataUtil.java:339)
	at org.jsoup.helper.DataUtil.parseInputStream(DataUtil.java:230)
	at org.jsoup.helper.HttpConnection$Response.parse(HttpConnection.java:1007)
	at org.jsoup.helper.HttpConnection.get(HttpConnection.java:353)
	at org.jsoup.integration.ConnectTest.multiCookieSet(ConnectTest.java:496)
	at java.base/java.lang.reflect.Method.invoke(Method.java:580)
	at java.base/java.util.ArrayList.forEach(ArrayList.java:1597)
	at java.base/java.util.ArrayList.forEach(ArrayList.java:1597)

[ERROR] org.jsoup.integration.HttpClientConnectTest.sendHeadRequest -- Time elapsed: 0.006 s <<< ERROR!
java.lang.NoSuchMethodError: 'org.jsoup.nodes.Document$OutputSettings org.jsoup.nodes.Document$OutputSettings.syntax(org.jsoup.nodes.Document$OutputSettings$Syntax)'
	at org.jsoup.parser.XmlTreeBuilder.initialiseParse(XmlTreeBuilder.java:50)
	at org.jsoup.parser.TreeBuilder.parse(TreeBuilder.java:76)
	at org.jsoup.parser.Parser.parseInput(Parser.java:89)
	at org.jsoup.helper.DataUtil.detectCharset(DataUtil.java:266)
	at org.jsoup.helper.DataUtil.detectCharset(DataUtil.java:242)
	at org.jsoup.helper.DataUtil.parseInputStream(DataUtil.java:229)
	at org.jsoup.helper.HttpConnection$Response.parse(HttpConnection.java:1007)
	at org.jsoup.integration.ConnectTest.sendHeadRequest(ConnectTest.java:815)
	at java.base/java.lang.reflect.Method.invoke(Method.java:580)
	at java.base/java.util.ArrayList.forEach(ArrayList.java:1597)
	at java.base/java.util.ArrayList.forEach(ArrayList.java:1597)

[ERROR] org.jsoup.integration.HttpClientConnectTest.fetchURIWithWhitespace -- Time elapsed: 0.007 s <<< ERROR!
java.lang.NoSuchMethodError: 'org.jsoup.nodes.Document$OutputSettings org.jsoup.nodes.Document$OutputSettings.charset(java.nio.charset.Charset)'
	at org.jsoup.helper.DataUtil.parseInputStream(DataUtil.java:339)
	at org.jsoup.helper.DataUtil.parseInputStream(DataUtil.java:230)
	at org.jsoup.helper.HttpConnection$Response.parse(HttpConnection.java:1007)
	at org.jsoup.helper.HttpConnection.get(HttpConnection.java:353)
	at org.jsoup.integration.ConnectTest.fetchURIWithWhitespace(ConnectTest.java:101)
	at java.base/java.lang.reflect.Method.invoke(Method.java:580)
	at java.base/java.util.ArrayList.forEach(ArrayList.java:1597)
	at java.base/java.util.ArrayList.forEach(ArrayList.java:1597)

[ERROR] org.jsoup.integration.HttpClientConnectTest.bodyAndBytesAvailableBeforeParse -- Time elapsed: 0.006 s <<< ERROR!
java.lang.NoSuchMethodError: 'org.jsoup.nodes.Document$OutputSettings org.jsoup.nodes.Document$OutputSettings.charset(java.nio.charset.Charset)'
	at org.jsoup.helper.DataUtil.parseInputStream(DataUtil.java:339)
	at org.jsoup.helper.DataUtil.parseInputStream(DataUtil.java:230)
	at org.jsoup.helper.HttpConnection$Response.parse(HttpConnection.java:1007)
	at org.jsoup.integration.ConnectTest.bodyAndBytesAvailableBeforeParse(ConnectTest.java:466)
	at java.base/java.lang.reflect.Method.invoke(Method.java:580)
	at java.base/java.util.ArrayList.forEach(ArrayList.java:1597)
	at java.base/java.util.ArrayList.forEach(ArrayList.java:1597)

[ERROR] org.jsoup.integration.HttpClientConnectTest.sendsRequestBodyStream -- Time elapsed: 0.007 s <<< ERROR!
java.lang.NoSuchMethodError: 'org.jsoup.nodes.Document$OutputSettings org.jsoup.nodes.Document$OutputSettings.charset(java.nio.charset.Charset)'
	at org.jsoup.helper.DataUtil.parseInputStream(DataUtil.java:339)
	at org.jsoup.helper.DataUtil.parseInputStream(DataUtil.java:230)
	at org.jsoup.helper.HttpConnection$Response.parse(HttpConnection.java:1007)
	at org.jsoup.helper.HttpConnection.post(HttpConnection.java:361)
	at org.jsoup.integration.ConnectTest.sendsRequestBodyStream(ConnectTest.java:278)
	at java.base/java.lang.reflect.Method.invoke(Method.java:580)
	at java.base/java.util.ArrayList.forEach(ArrayList.java:1597)
	at java.base/java.util.ArrayList.forEach(ArrayList.java:1597)

[ERROR] org.jsoup.integration.HttpClientConnectTest.formLoginFlow -- Time elapsed: 0.012 s <<< ERROR!
java.lang.NoSuchMethodError: 'org.jsoup.nodes.Document$OutputSettings org.jsoup.nodes.Document$OutputSettings.charset(java.nio.charset.Charset)'
	at org.jsoup.helper.DataUtil.parseInputStream(DataUtil.java:339)
	at org.jsoup.helper.DataUtil.parseInputStream(DataUtil.java:230)
	at org.jsoup.helper.HttpConnection$Response.parse(HttpConnection.java:1007)
	at org.jsoup.integration.ConnectTest.formLoginFlow(ConnectTest.java:908)
	at java.base/java.lang.reflect.Method.invoke(Method.java:580)
	at java.base/java.util.ArrayList.forEach(ArrayList.java:1597)
	at java.base/java.util.ArrayList.forEach(ArrayList.java:1597)

[ERROR] org.jsoup.integration.HttpClientConnectTest.statusMessage -- Time elapsed: 0.005 s <<< ERROR!
java.lang.NoSuchMethodError: 'org.jsoup.nodes.Document$OutputSettings org.jsoup.nodes.Document$OutputSettings.charset(java.nio.charset.Charset)'
	at org.jsoup.helper.DataUtil.parseInputStream(DataUtil.java:339)
	at org.jsoup.helper.DataUtil.parseInputStream(DataUtil.java:230)
	at org.jsoup.helper.HttpConnection$Response.parse(HttpConnection.java:1007)
	at org.jsoup.helper.HttpConnection.get(HttpConnection.java:353)
	at org.jsoup.integration.ConnectTest.statusMessage(ConnectTest.java:126)
	at java.base/java.lang.reflect.Method.invoke(Method.java:580)
	at java.base/java.util.ArrayList.forEach(ArrayList.java:1597)
	at java.base/java.util.ArrayList.forEach(ArrayList.java:1597)

[ERROR] org.jsoup.integration.HttpClientConnectTest.postHtmlFile -- Time elapsed: 0.027 s <<< ERROR!
java.lang.NoSuchMethodError: 'org.jsoup.nodes.Document$OutputSettings org.jsoup.nodes.Document$OutputSettings.charset(java.nio.charset.Charset)'
	at org.jsoup.helper.DataUtil.parseInputStream(DataUtil.java:339)
	at org.jsoup.helper.DataUtil.parseInputStream(DataUtil.java:230)
	at org.jsoup.helper.HttpConnection$Response.parse(HttpConnection.java:1007)
	at org.jsoup.integration.ConnectTest.postHtmlFile(ConnectTest.java:751)
	at java.base/java.lang.reflect.Method.invoke(Method.java:580)
	at java.base/java.util.ArrayList.forEach(ArrayList.java:1597)
	at java.base/java.util.ArrayList.forEach(ArrayList.java:1597)

[ERROR] org.jsoup.integration.HttpClientConnectTest.parseParseThrowsValidates -- Time elapsed: 0.006 s <<< FAILURE!
org.opentest4j.AssertionFailedError: Unexpected exception type thrown, expected: <java.lang.IllegalArgumentException> but was: <java.lang.NoSuchMethodError>
	at org.jsoup.integration.ConnectTest.parseParseThrowsValidates(ConnectTest.java:472)
	at java.base/java.lang.reflect.Method.invoke(Method.java:580)
	at java.base/java.util.ArrayList.forEach(ArrayList.java:1597)
	at java.base/java.util.ArrayList.forEach(ArrayList.java:1597)
Caused by: java.lang.NoSuchMethodError: 'org.jsoup.nodes.Document$OutputSettings org.jsoup.nodes.Document$OutputSettings.charset(java.nio.charset.Charset)'
	at org.jsoup.helper.DataUtil.parseInputStream(DataUtil.java:339)
	at org.jsoup.helper.DataUtil.parseInputStream(DataUtil.java:230)
	at org.jsoup.helper.HttpConnection$Response.parse(HttpConnection.java:1007)
	at org.jsoup.integration.ConnectTest.lambda$parseParseThrowsValidates$1(ConnectTest.java:474)
	... 4 more

[ERROR] org.jsoup.integration.HttpClientConnectTest.preservesUrlFragment -- Time elapsed: 0.005 s <<< ERROR!
java.lang.NoSuchMethodError: 'org.jsoup.nodes.Document$OutputSettings org.jsoup.nodes.Document$OutputSettings.charset(java.nio.charset.Charset)'
	at org.jsoup.helper.DataUtil.parseInputStream(DataUtil.java:339)
	at org.jsoup.helper.DataUtil.parseInputStream(DataUtil.java:230)
	at org.jsoup.helper.HttpConnection$Response.parse(HttpConnection.java:1007)
	at org.jsoup.helper.HttpConnection.get(HttpConnection.java:353)
	at org.jsoup.integration.ConnectTest.preservesUrlFragment(ConnectTest.java:954)
	at java.base/java.lang.reflect.Method.invoke(Method.java:580)
	at java.base/java.util.ArrayList.forEach(ArrayList.java:1597)
	at java.base/java.util.ArrayList.forEach(ArrayList.java:1597)

[ERROR] org.jsoup.integration.HttpClientConnectTest.imageXmlMimeType -- Time elapsed: 0.005 s <<< ERROR!
java.lang.NoSuchMethodError: 'org.jsoup.nodes.Document$OutputSettings org.jsoup.nodes.Document$OutputSettings.syntax(org.jsoup.nodes.Document$OutputSettings$Syntax)'
	at org.jsoup.parser.XmlTreeBuilder.initialiseParse(XmlTreeBuilder.java:50)
	at org.jsoup.parser.TreeBuilder.parse(TreeBuilder.java:76)
	at org.jsoup.parser.Parser.parseInput(Parser.java:89)
	at org.jsoup.helper.DataUtil.detectCharset(DataUtil.java:266)
	at org.jsoup.helper.DataUtil.detectCharset(DataUtil.java:242)
	at org.jsoup.helper.DataUtil.parseInputStream(DataUtil.java:229)
	at org.jsoup.helper.HttpConnection$Response.parse(HttpConnection.java:1007)
	at org.jsoup.helper.HttpConnection.get(HttpConnection.java:353)
	at org.jsoup.integration.ConnectTest.imageXmlMimeType(ConnectTest.java:677)
	at java.base/java.lang.reflect.Method.invoke(Method.java:580)
	at java.base/java.util.ArrayList.forEach(ArrayList.java:1597)
	at java.base/java.util.ArrayList.forEach(ArrayList.java:1597)

[ERROR] org.jsoup.integration.HttpClientConnectTest.multipleParsesOkAfterReadFully -- Time elapsed: 0.006 s <<< ERROR!
java.lang.NoSuchMethodError: 'org.jsoup.nodes.Document$OutputSettings org.jsoup.nodes.Document$OutputSettings.charset(java.nio.charset.Charset)'
	at org.jsoup.helper.DataUtil.parseInputStream(DataUtil.java:339)
	at org.jsoup.helper.DataUtil.parseInputStream(DataUtil.java:230)
	at org.jsoup.helper.HttpConnection$Response.parse(HttpConnection.java:1007)
	at org.jsoup.integration.ConnectTest.multipleParsesOkAfterReadFully(ConnectTest.java:411)
	at java.base/java.lang.reflect.Method.invoke(Method.java:580)
	at java.base/java.util.ArrayList.forEach(ArrayList.java:1597)
	at java.base/java.util.ArrayList.forEach(ArrayList.java:1597)

[ERROR] org.jsoup.integration.HttpClientConnectTest.testSupplyParserToConnection -- Time elapsed: 0.004 s <<< ERROR!
java.lang.NoSuchMethodError: 'org.jsoup.nodes.Document$OutputSettings org.jsoup.nodes.Document$OutputSettings.syntax(org.jsoup.nodes.Document$OutputSettings$Syntax)'
	at org.jsoup.parser.XmlTreeBuilder.initialiseParse(XmlTreeBuilder.java:50)
	at org.jsoup.parser.TreeBuilder.parse(TreeBuilder.java:76)
	at org.jsoup.parser.Parser.parseInput(Parser.java:89)
	at org.jsoup.helper.DataUtil.detectCharset(DataUtil.java:266)
	at org.jsoup.helper.DataUtil.detectCharset(DataUtil.java:242)
	at org.jsoup.helper.DataUtil.parseInputStream(DataUtil.java:229)
	at org.jsoup.helper.HttpConnection$Response.parse(HttpConnection.java:1007)
	at org.jsoup.helper.HttpConnection.get(HttpConnection.java:353)
	at org.jsoup.integration.ConnectTest.testSupplyParserToConnection(ConnectTest.java:656)
	at java.base/java.lang.reflect.Method.invoke(Method.java:580)
	at java.base/java.util.ArrayList.forEach(ArrayList.java:1597)
	at java.base/java.util.ArrayList.forEach(ArrayList.java:1597)

[ERROR] org.jsoup.integration.HttpClientConnectTest.maxBodySize -- Time elapsed: 0.025 s <<< ERROR!
java.lang.NoSuchMethodError: 'org.jsoup.nodes.Document$OutputSettings org.jsoup.nodes.Document$OutputSettings.charset(java.nio.charset.Charset)'
	at org.jsoup.helper.DataUtil.parseInputStream(DataUtil.java:339)
	at org.jsoup.helper.DataUtil.parseInputStream(DataUtil.java:230)
	at org.jsoup.helper.HttpConnection$Response.parse(HttpConnection.java:1007)
	at org.jsoup.integration.ConnectTest.maxBodySize(ConnectTest.java:850)
	at java.base/java.lang.reflect.Method.invoke(Method.java:580)
	at java.base/java.util.ArrayList.forEach(ArrayList.java:1597)
	at java.base/java.util.ArrayList.forEach(ArrayList.java:1597)

[ERROR] org.jsoup.integration.HttpClientConnectTest.handlesUnknownEscapesAcrossBuffer -- Time elapsed: 0.015 s <<< ERROR!
java.lang.NoSuchMethodError: 'org.jsoup.nodes.Document$OutputSettings org.jsoup.nodes.Document$OutputSettings.charset(java.nio.charset.Charset)'
	at org.jsoup.helper.DataUtil.parseInputStream(DataUtil.java:339)
	at org.jsoup.helper.DataUtil.parseInputStream(DataUtil.java:230)
	at org.jsoup.helper.HttpConnection$Response.parse(HttpConnection.java:1007)
	at org.jsoup.helper.HttpConnection.get(HttpConnection.java:353)
	at org.jsoup.integration.ConnectTest.handlesUnknownEscapesAcrossBuffer(ConnectTest.java:716)
	at java.base/java.lang.reflect.Method.invoke(Method.java:580)
	at java.base/java.util.ArrayList.forEach(ArrayList.java:1597)
	at java.base/java.util.ArrayList.forEach(ArrayList.java:1597)

[ERROR] org.jsoup.integration.HttpClientConnectTest.doesPostMultipartWithoutInputstream -- Time elapsed: 0.005 s <<< ERROR!
java.lang.NoSuchMethodError: 'org.jsoup.nodes.Document$OutputSettings org.jsoup.nodes.Document$OutputSettings.charset(java.nio.charset.Charset)'
	at org.jsoup.helper.DataUtil.parseInputStream(DataUtil.java:339)
	at org.jsoup.helper.DataUtil.parseInputStream(DataUtil.java:230)
	at org.jsoup.helper.HttpConnection$Response.parse(HttpConnection.java:1007)
	at org.jsoup.helper.HttpConnection.post(HttpConnection.java:361)
	at org.jsoup.integration.ConnectTest.doesPostMultipartWithoutInputstream(ConnectTest.java:181)
	at java.base/java.lang.reflect.Method.invoke(Method.java:580)
	at java.base/java.util.ArrayList.forEach(ArrayList.java:1597)
	at java.base/java.util.ArrayList.forEach(ArrayList.java:1597)

[ERROR] org.jsoup.integration.HttpClientConnectTest.sendsRequestBodyWithUrlParams -- Time elapsed: 0.004 s <<< ERROR!
java.lang.NoSuchMethodError: 'org.jsoup.nodes.Document$OutputSettings org.jsoup.nodes.Document$OutputSettings.charset(java.nio.charset.Charset)'
	at org.jsoup.helper.DataUtil.parseInputStream(DataUtil.java:339)
	at org.jsoup.helper.DataUtil.parseInputStream(DataUtil.java:230)
	at org.jsoup.helper.HttpConnection$Response.parse(HttpConnection.java:1007)
	at org.jsoup.helper.HttpConnection.post(HttpConnection.java:361)
	at org.jsoup.integration.ConnectTest.sendsRequestBodyWithUrlParams(ConnectTest.java:264)
	at java.base/java.lang.reflect.Method.invoke(Method.java:580)
	at java.base/java.util.ArrayList.forEach(ArrayList.java:1597)
	at java.base/java.util.ArrayList.forEach(ArrayList.java:1597)

[ERROR] org.jsoup.integration.HttpClientConnectTest.fetchURl -- Time elapsed: 0.003 s <<< ERROR!
java.lang.NoSuchMethodError: 'org.jsoup.nodes.Document$OutputSettings org.jsoup.nodes.Document$OutputSettings.charset(java.nio.charset.Charset)'
	at org.jsoup.helper.DataUtil.parseInputStream(DataUtil.java:339)
	at org.jsoup.helper.DataUtil.parseInputStream(DataUtil.java:230)
	at org.jsoup.helper.HttpConnection$Response.parse(HttpConnection.java:1007)
	at org.jsoup.helper.HttpConnection.get(HttpConnection.java:353)
	at org.jsoup.Jsoup.parse(Jsoup.java:332)
	at org.jsoup.integration.ConnectTest.fetchURl(ConnectTest.java:94)
	at java.base/java.lang.reflect.Method.invoke(Method.java:580)
	at java.base/java.util.ArrayList.forEach(ArrayList.java:1597)
	at java.base/java.util.ArrayList.forEach(ArrayList.java:1597)

[ERROR] org.jsoup.integration.HttpClientConnectTest.fetchUnicodeUrl -- Time elapsed: 0.003 s <<< ERROR!
java.lang.NoSuchMethodError: 'org.jsoup.nodes.Document$OutputSettings org.jsoup.nodes.Document$OutputSettings.charset(java.nio.charset.Charset)'
	at org.jsoup.helper.DataUtil.parseInputStream(DataUtil.java:339)
	at org.jsoup.helper.DataUtil.parseInputStream(DataUtil.java:230)
	at org.jsoup.helper.HttpConnection$Response.parse(HttpConnection.java:1007)
	at org.jsoup.helper.HttpConnection.get(HttpConnection.java:353)
	at org.jsoup.integration.ConnectTest.fetchUnicodeUrl(ConnectTest.java:960)
	at java.base/java.lang.reflect.Method.invoke(Method.java:580)
	at java.base/java.util.ArrayList.forEach(ArrayList.java:1597)
	at java.base/java.util.ArrayList.forEach(ArrayList.java:1597)

[ERROR] org.jsoup.integration.HttpClientConnectTest.sendsRequestBody -- Time elapsed: 0.003 s <<< ERROR!
java.lang.NoSuchMethodError: 'org.jsoup.nodes.Document$OutputSettings org.jsoup.nodes.Document$OutputSettings.charset(java.nio.charset.Charset)'
	at org.jsoup.helper.DataUtil.parseInputStream(DataUtil.java:339)
	at org.jsoup.helper.DataUtil.parseInputStream(DataUtil.java:230)
	at org.jsoup.helper.HttpConnection$Response.parse(HttpConnection.java:1007)
	at org.jsoup.helper.HttpConnection.post(HttpConnection.java:361)
	at org.jsoup.integration.ConnectTest.sendsRequestBody(ConnectTest.java:251)
	at java.base/java.lang.reflect.Method.invoke(Method.java:580)
	at java.base/java.util.ArrayList.forEach(ArrayList.java:1597)
	at java.base/java.util.ArrayList.forEach(ArrayList.java:1597)

[ERROR] org.jsoup.integration.HttpClientConnectTest.bodyAfterParseThrowsValidationError -- Time elapsed: 0.004 s <<< FAILURE!
org.opentest4j.AssertionFailedError: Unexpected exception type thrown, expected: <java.lang.IllegalArgumentException> but was: <java.lang.NoSuchMethodError>
	at org.jsoup.integration.ConnectTest.bodyAfterParseThrowsValidationError(ConnectTest.java:451)
	at java.base/java.lang.reflect.Method.invoke(Method.java:580)
	at java.base/java.util.ArrayList.forEach(ArrayList.java:1597)
	at java.base/java.util.ArrayList.forEach(ArrayList.java:1597)
Caused by: java.lang.NoSuchMethodError: 'org.jsoup.nodes.Document$OutputSettings org.jsoup.nodes.Document$OutputSettings.charset(java.nio.charset.Charset)'
	at org.jsoup.helper.DataUtil.parseInputStream(DataUtil.java:339)
	at org.jsoup.helper.DataUtil.parseInputStream(DataUtil.java:230)
	at org.jsoup.helper.HttpConnection$Response.parse(HttpConnection.java:1007)
	at org.jsoup.integration.ConnectTest.lambda$bodyAfterParseThrowsValidationError$0(ConnectTest.java:453)
	... 4 more

[ERROR] org.jsoup.integration.HttpClientConnectTest.doesDeleteWithBody -- Time elapsed: 0.004 s <<< ERROR!
java.lang.NoSuchMethodError: 'org.jsoup.nodes.Document$OutputSettings org.jsoup.nodes.Document$OutputSettings.charset(java.nio.charset.Charset)'
	at org.jsoup.helper.DataUtil.parseInputStream(DataUtil.java:339)
	at org.jsoup.helper.DataUtil.parseInputStream(DataUtil.java:230)
	at org.jsoup.helper.HttpConnection$Response.parse(HttpConnection.java:1007)
	at org.jsoup.integration.ConnectTest.doesDeleteWithBody(ConnectTest.java:348)
	at java.base/java.lang.reflect.Method.invoke(Method.java:580)
	at java.base/java.util.ArrayList.forEach(ArrayList.java:1597)
	at java.base/java.util.ArrayList.forEach(ArrayList.java:1597)

[ERROR] org.jsoup.integration.HttpClientConnectTest.canConnectToLocalTlsServer -- Time elapsed: 0.014 s <<< ERROR!
java.lang.NoSuchMethodError: 'org.jsoup.nodes.Document$OutputSettings org.jsoup.nodes.Document$OutputSettings.charset(java.nio.charset.Charset)'
	at org.jsoup.helper.DataUtil.parseInputStream(DataUtil.java:339)
	at org.jsoup.helper.DataUtil.parseInputStream(DataUtil.java:230)
	at org.jsoup.helper.HttpConnection$Response.parse(HttpConnection.java:1007)
	at org.jsoup.helper.HttpConnection.get(HttpConnection.java:353)
	at org.jsoup.integration.ConnectTest.canConnectToLocalTlsServer(ConnectTest.java:87)
	at java.base/java.lang.reflect.Method.invoke(Method.java:580)
	at java.base/java.util.ArrayList.forEach(ArrayList.java:1597)
	at java.base/java.util.ArrayList.forEach(ArrayList.java:1597)

[ERROR] org.jsoup.integration.HttpClientConnectTest.handlesRedirect -- Time elapsed: 0.004 s <<< ERROR!
java.lang.NoSuchMethodError: 'org.jsoup.nodes.Document$OutputSettings org.jsoup.nodes.Document$OutputSettings.charset(java.nio.charset.Charset)'
	at org.jsoup.helper.DataUtil.parseInputStream(DataUtil.java:339)
	at org.jsoup.helper.DataUtil.parseInputStream(DataUtil.java:230)
	at org.jsoup.helper.HttpConnection$Response.parse(HttpConnection.java:1007)
	at org.jsoup.helper.HttpConnection.get(HttpConnection.java:353)
	at org.jsoup.integration.ConnectTest.handlesRedirect(ConnectTest.java:560)
	at java.base/java.lang.reflect.Method.invoke(Method.java:580)
	at java.base/java.util.ArrayList.forEach(ArrayList.java:1597)
	at java.base/java.util.ArrayList.forEach(ArrayList.java:1597)

[ERROR] org.jsoup.integration.HttpClientConnectTest.doesPost -- Time elapsed: 0.003 s <<< ERROR!
java.lang.NoSuchMethodError: 'org.jsoup.nodes.Document$OutputSettings org.jsoup.nodes.Document$OutputSettings.charset(java.nio.charset.Charset)'
	at org.jsoup.helper.DataUtil.parseInputStream(DataUtil.java:339)
	at org.jsoup.helper.DataUtil.parseInputStream(DataUtil.java:230)
	at org.jsoup.helper.HttpConnection$Response.parse(HttpConnection.java:1007)
	at org.jsoup.helper.HttpConnection.post(HttpConnection.java:361)
	at org.jsoup.integration.ConnectTest.doesPost(ConnectTest.java:166)
	at java.base/java.lang.reflect.Method.invoke(Method.java:580)
	at java.base/java.util.ArrayList.forEach(ArrayList.java:1597)
	at java.base/java.util.ArrayList.forEach(ArrayList.java:1597)

[ERROR] org.jsoup.integration.HttpClientConnectTest.getUtf8Bom -- Time elapsed: 0.002 s <<< ERROR!
java.lang.NoSuchMethodError: 'org.jsoup.nodes.Document$OutputSettings org.jsoup.nodes.Document$OutputSettings.charset(java.nio.charset.Charset)'
	at org.jsoup.helper.DataUtil.parseInputStream(DataUtil.java:339)
	at org.jsoup.helper.DataUtil.parseInputStream(DataUtil.java:230)
	at org.jsoup.helper.HttpConnection$Response.parse(HttpConnection.java:1007)
	at org.jsoup.helper.HttpConnection.get(HttpConnection.java:353)
	at org.jsoup.integration.ConnectTest.getUtf8Bom(ConnectTest.java:605)
	at java.base/java.lang.reflect.Method.invoke(Method.java:580)
	at java.base/java.util.ArrayList.forEach(ArrayList.java:1597)
	at java.base/java.util.ArrayList.forEach(ArrayList.java:1597)

[ERROR] org.jsoup.integration.HttpClientConnectTest.supportsDeflate -- Time elapsed: 0.007 s <<< ERROR!
java.lang.NoSuchMethodError: 'org.jsoup.nodes.Document$OutputSettings org.jsoup.nodes.Document$OutputSettings.charset(java.nio.charset.Charset)'
	at org.jsoup.helper.DataUtil.parseInputStream(DataUtil.java:339)
	at org.jsoup.helper.DataUtil.parseInputStream(DataUtil.java:230)
	at org.jsoup.helper.HttpConnection$Response.parse(HttpConnection.java:1007)
	at org.jsoup.integration.ConnectTest.supportsDeflate(ConnectTest.java:521)
	at java.base/java.lang.reflect.Method.invoke(Method.java:580)
	at java.base/java.util.ArrayList.forEach(ArrayList.java:1597)
	at java.base/java.util.ArrayList.forEach(ArrayList.java:1597)

[ERROR] org.jsoup.integration.HttpClientConnectTest.canAuthenticate(String)[1] -- Time elapsed: 0.007 s <<< ERROR!
java.lang.NoSuchMethodError: 'org.jsoup.nodes.Document$OutputSettings org.jsoup.nodes.Document$OutputSettings.charset(java.nio.charset.Charset)'
	at org.jsoup.helper.DataUtil.parseInputStream(DataUtil.java:339)
	at org.jsoup.helper.DataUtil.parseInputStream(DataUtil.java:230)
	at org.jsoup.helper.HttpConnection$Response.parse(HttpConnection.java:1007)
	at org.jsoup.integration.ConnectTest.canAuthenticate(ConnectTest.java:1016)
	at java.base/java.lang.reflect.Method.invoke(Method.java:580)
	at java.base/java.util.Optional.ifPresent(Optional.java:178)
	at java.base/java.util.stream.ForEachOps$ForEachOp$OfRef.accept(ForEachOps.java:184)
	at java.base/java.util.stream.ReferencePipeline$3$1.accept(ReferencePipeline.java:215)
	at java.base/java.util.stream.ForEachOps$ForEachOp$OfRef.accept(ForEachOps.java:184)
	at java.base/java.util.stream.ForEachOps$ForEachOp$OfRef.accept(ForEachOps.java:184)
	at java.base/java.util.stream.ReferencePipeline$3$1.accept(ReferencePipeline.java:215)
	at java.base/java.util.Spliterators$ArraySpliterator.forEachRemaining(Spliterators.java:1024)
	at java.base/java.util.stream.ReferencePipeline$Head.forEach(ReferencePipeline.java:807)
	at java.base/java.util.stream.ReferencePipeline$7$1FlatMap.accept(ReferencePipeline.java:294)
	at java.base/java.util.stream.ReferencePipeline$3$1.accept(ReferencePipeline.java:215)
	at java.base/java.util.stream.ReferencePipeline$3$1.accept(ReferencePipeline.java:215)
	at java.base/java.util.stream.ReferencePipeline$3$1.accept(ReferencePipeline.java:215)
	at java.base/java.util.Spliterators$ArraySpliterator.forEachRemaining(Spliterators.java:1024)
	at java.base/java.util.stream.AbstractPipeline.copyInto(AbstractPipeline.java:570)
	at java.base/java.util.stream.AbstractPipeline.wrapAndCopyInto(AbstractPipeline.java:560)
	at java.base/java.util.stream.ForEachOps$ForEachOp.evaluateSequential(ForEachOps.java:151)
	at java.base/java.util.stream.ForEachOps$ForEachOp$OfRef.evaluateSequential(ForEachOps.java:174)
	at java.base/java.util.stream.AbstractPipeline.evaluate(AbstractPipeline.java:265)
	at java.base/java.util.stream.ReferencePipeline.forEach(ReferencePipeline.java:636)
	at java.base/java.util.stream.ReferencePipeline$7$1FlatMap.accept(ReferencePipeline.java:294)
	at java.base/java.util.ArrayList$ArrayListSpliterator.forEachRemaining(ArrayList.java:1709)
	at java.base/java.util.stream.AbstractPipeline.copyInto(AbstractPipeline.java:570)
	at java.base/java.util.stream.AbstractPipeline.wrapAndCopyInto(AbstractPipeline.java:560)
	at java.base/java.util.stream.ForEachOps$ForEachOp.evaluateSequential(ForEachOps.java:151)
	at java.base/java.util.stream.ForEachOps$ForEachOp$OfRef.evaluateSequential(ForEachOps.java:174)
	at java.base/java.util.stream.AbstractPipeline.evaluate(AbstractPipeline.java:265)
	at java.base/java.util.stream.ReferencePipeline.forEach(ReferencePipeline.java:636)
	at java.base/java.util.stream.ReferencePipeline$7$1FlatMap.accept(ReferencePipeline.java:294)
	at java.base/java.util.stream.ReferencePipeline$3$1.accept(ReferencePipeline.java:215)
	at java.base/java.util.stream.ReferencePipeline$3$1.accept(ReferencePipeline.java:215)
	at java.base/java.util.stream.ReferencePipeline$3$1.accept(ReferencePipeline.java:215)
	at java.base/java.util.ArrayList$ArrayListSpliterator.forEachRemaining(ArrayList.java:1709)
	at java.base/java.util.stream.AbstractPipeline.copyInto(AbstractPipeline.java:570)
	at java.base/java.util.stream.AbstractPipeline.wrapAndCopyInto(AbstractPipeline.java:560)
	at java.base/java.util.stream.ForEachOps$ForEachOp.evaluateSequential(ForEachOps.java:151)
	at java.base/java.util.stream.ForEachOps$ForEachOp$OfRef.evaluateSequential(ForEachOps.java:174)
	at java.base/java.util.stream.AbstractPipeline.evaluate(AbstractPipeline.java:265)
	at java.base/java.util.stream.ReferencePipeline.forEach(ReferencePipeline.java:636)
	at java.base/java.util.ArrayList.forEach(ArrayList.java:1597)
	at java.base/java.util.ArrayList.forEach(ArrayList.java:1597)

[ERROR] org.jsoup.integration.HttpClientConnectTest.canAuthenticate(String)[2] -- Time elapsed: 0.014 s <<< ERROR!
java.lang.NoSuchMethodError: 'org.jsoup.nodes.Document$OutputSettings org.jsoup.nodes.Document$OutputSettings.charset(java.nio.charset.Charset)'
	at org.jsoup.helper.DataUtil.parseInputStream(DataUtil.java:339)
	at org.jsoup.helper.DataUtil.parseInputStream(DataUtil.java:230)
	at org.jsoup.helper.HttpConnection$Response.parse(HttpConnection.java:1007)
	at org.jsoup.integration.ConnectTest.canAuthenticate(ConnectTest.java:1016)
	at java.base/java.lang.reflect.Method.invoke(Method.java:580)
	at java.base/java.util.Optional.ifPresent(Optional.java:178)
	at java.base/java.util.stream.ForEachOps$ForEachOp$OfRef.accept(ForEachOps.java:184)
	at java.base/java.util.stream.ReferencePipeline$3$1.accept(ReferencePipeline.java:215)
	at java.base/java.util.stream.ForEachOps$ForEachOp$OfRef.accept(ForEachOps.java:184)
	at java.base/java.util.stream.ForEachOps$ForEachOp$OfRef.accept(ForEachOps.java:184)
	at java.base/java.util.stream.ReferencePipeline$3$1.accept(ReferencePipeline.java:215)
	at java.base/java.util.Spliterators$ArraySpliterator.forEachRemaining(Spliterators.java:1024)
	at java.base/java.util.stream.ReferencePipeline$Head.forEach(ReferencePipeline.java:807)
	at java.base/java.util.stream.ReferencePipeline$7$1FlatMap.accept(ReferencePipeline.java:294)
	at java.base/java.util.stream.ReferencePipeline$3$1.accept(ReferencePipeline.java:215)
	at java.base/java.util.stream.ReferencePipeline$3$1.accept(ReferencePipeline.java:215)
	at java.base/java.util.stream.ReferencePipeline$3$1.accept(ReferencePipeline.java:215)
	at java.base/java.util.Spliterators$ArraySpliterator.forEachRemaining(Spliterators.java:1024)
	at java.base/java.util.stream.AbstractPipeline.copyInto(AbstractPipeline.java:570)
	at java.base/java.util.stream.AbstractPipeline.wrapAndCopyInto(AbstractPipeline.java:560)
	at java.base/java.util.stream.ForEachOps$ForEachOp.evaluateSequential(ForEachOps.java:151)
	at java.base/java.util.stream.ForEachOps$ForEachOp$OfRef.evaluateSequential(ForEachOps.java:174)
	at java.base/java.util.stream.AbstractPipeline.evaluate(AbstractPipeline.java:265)
	at java.base/java.util.stream.ReferencePipeline.forEach(ReferencePipeline.java:636)
	at java.base/java.util.stream.ReferencePipeline$7$1FlatMap.accept(ReferencePipeline.java:294)
	at java.base/java.util.ArrayList$ArrayListSpliterator.forEachRemaining(ArrayList.java:1709)
	at java.base/java.util.stream.AbstractPipeline.copyInto(AbstractPipeline.java:570)
	at java.base/java.util.stream.AbstractPipeline.wrapAndCopyInto(AbstractPipeline.java:560)
	at java.base/java.util.stream.ForEachOps$ForEachOp.evaluateSequential(ForEachOps.java:151)
	at java.base/java.util.stream.ForEachOps$ForEachOp$OfRef.evaluateSequential(ForEachOps.java:174)
	at java.base/java.util.stream.AbstractPipeline.evaluate(AbstractPipeline.java:265)
	at java.base/java.util.stream.ReferencePipeline.forEach(ReferencePipeline.java:636)
	at java.base/java.util.stream.ReferencePipeline$7$1FlatMap.accept(ReferencePipeline.java:294)
	at java.base/java.util.stream.ReferencePipeline$3$1.accept(ReferencePipeline.java:215)
	at java.base/java.util.stream.ReferencePipeline$3$1.accept(ReferencePipeline.java:215)
	at java.base/java.util.stream.ReferencePipeline$3$1.accept(ReferencePipeline.java:215)
	at java.base/java.util.ArrayList$ArrayListSpliterator.forEachRemaining(ArrayList.java:1709)
	at java.base/java.util.stream.AbstractPipeline.copyInto(AbstractPipeline.java:570)
	at java.base/java.util.stream.AbstractPipeline.wrapAndCopyInto(AbstractPipeline.java:560)
	at java.base/java.util.stream.ForEachOps$ForEachOp.evaluateSequential(ForEachOps.java:151)
	at java.base/java.util.stream.ForEachOps$ForEachOp$OfRef.evaluateSequential(ForEachOps.java:174)
	at java.base/java.util.stream.AbstractPipeline.evaluate(AbstractPipeline.java:265)
	at java.base/java.util.stream.ReferencePipeline.forEach(ReferencePipeline.java:636)
	at java.base/java.util.ArrayList.forEach(ArrayList.java:1597)
	at java.base/java.util.ArrayList.forEach(ArrayList.java:1597)

[ERROR] org.jsoup.integration.HttpClientConnectTest.repeatable -- Time elapsed: 0.003 s <<< ERROR!
java.lang.NoSuchMethodError: 'org.jsoup.nodes.Document$OutputSettings org.jsoup.nodes.Document$OutputSettings.syntax(org.jsoup.nodes.Document$OutputSettings$Syntax)'
	at org.jsoup.parser.XmlTreeBuilder.initialiseParse(XmlTreeBuilder.java:50)
	at org.jsoup.parser.TreeBuilder.parse(TreeBuilder.java:76)
	at org.jsoup.parser.Parser.parseInput(Parser.java:89)
	at org.jsoup.helper.DataUtil.detectCharset(DataUtil.java:266)
	at org.jsoup.helper.DataUtil.detectCharset(DataUtil.java:242)
	at org.jsoup.helper.DataUtil.parseInputStream(DataUtil.java:229)
	at org.jsoup.helper.HttpConnection$Response.parse(HttpConnection.java:1007)
	at org.jsoup.helper.HttpConnection.get(HttpConnection.java:353)
	at org.jsoup.integration.ConnectTest.repeatable(ConnectTest.java:860)
	at java.base/java.lang.reflect.Method.invoke(Method.java:580)
	at java.base/java.util.ArrayList.forEach(ArrayList.java:1597)
	at java.base/java.util.ArrayList.forEach(ArrayList.java:1597)

[ERROR] org.jsoup.integration.HttpClientConnectTest.sendsRequestBodyJsonWithoutData -- Time elapsed: 0.002 s <<< ERROR!
java.lang.NoSuchMethodError: 'org.jsoup.nodes.Document$OutputSettings org.jsoup.nodes.Document$OutputSettings.charset(java.nio.charset.Charset)'
	at org.jsoup.helper.DataUtil.parseInputStream(DataUtil.java:339)
	at org.jsoup.helper.DataUtil.parseInputStream(DataUtil.java:230)
	at org.jsoup.helper.HttpConnection$Response.parse(HttpConnection.java:1007)
	at org.jsoup.helper.HttpConnection.post(HttpConnection.java:361)
	at org.jsoup.integration.ConnectTest.sendsRequestBodyJsonWithoutData(ConnectTest.java:239)
	at java.base/java.lang.reflect.Method.invoke(Method.java:580)
	at java.base/java.util.ArrayList.forEach(ArrayList.java:1597)
	at java.base/java.util.ArrayList.forEach(ArrayList.java:1597)

[ERROR] org.jsoup.integration.HttpClientConnectTest.doesDeleteWithoutBody -- Time elapsed: 0.003 s <<< ERROR!
java.lang.NoSuchMethodError: 'org.jsoup.nodes.Document$OutputSettings org.jsoup.nodes.Document$OutputSettings.charset(java.nio.charset.Charset)'
	at org.jsoup.helper.DataUtil.parseInputStream(DataUtil.java:339)
	at org.jsoup.helper.DataUtil.parseInputStream(DataUtil.java:230)
	at org.jsoup.helper.HttpConnection$Response.parse(HttpConnection.java:1007)
	at org.jsoup.integration.ConnectTest.doesDeleteWithoutBody(ConnectTest.java:359)
	at java.base/java.lang.reflect.Method.invoke(Method.java:580)
	at java.base/java.util.ArrayList.forEach(ArrayList.java:1597)
	at java.base/java.util.ArrayList.forEach(ArrayList.java:1597)

[ERROR] org.jsoup.integration.HttpClientConnectTest.formLoginFlow2 -- Time elapsed: 0.004 s <<< ERROR!
java.lang.NoSuchMethodError: 'org.jsoup.nodes.Document$OutputSettings org.jsoup.nodes.Document$OutputSettings.charset(java.nio.charset.Charset)'
	at org.jsoup.helper.DataUtil.parseInputStream(DataUtil.java:339)
	at org.jsoup.helper.DataUtil.parseInputStream(DataUtil.java:230)
	at org.jsoup.helper.HttpConnection$Response.parse(HttpConnection.java:1007)
	at org.jsoup.integration.ConnectTest.formLoginFlow2(ConnectTest.java:944)
	at java.base/java.lang.reflect.Method.invoke(Method.java:580)
	at java.base/java.util.ArrayList.forEach(ArrayList.java:1597)
	at java.base/java.util.ArrayList.forEach(ArrayList.java:1597)

[ERROR] org.jsoup.integration.HttpClientConnectTest.combinesSameHeadersWithComma -- Time elapsed: 0.002 s <<< ERROR!
java.lang.NoSuchMethodError: 'org.jsoup.nodes.Document$OutputSettings org.jsoup.nodes.Document$OutputSettings.charset(java.nio.charset.Charset)'
	at org.jsoup.helper.DataUtil.parseInputStream(DataUtil.java:339)
	at org.jsoup.helper.DataUtil.parseInputStream(DataUtil.java:230)
	at org.jsoup.helper.HttpConnection$Response.parse(HttpConnection.java:1007)
	at org.jsoup.helper.HttpConnection.get(HttpConnection.java:353)
	at org.jsoup.integration.ConnectTest.combinesSameHeadersWithComma(ConnectTest.java:794)
	at java.base/java.lang.reflect.Method.invoke(Method.java:580)
	at java.base/java.util.ArrayList.forEach(ArrayList.java:1597)
	at java.base/java.util.ArrayList.forEach(ArrayList.java:1597)

[ERROR] org.jsoup.integration.HttpClientConnectTest.sendsRequestBodyJsonWithData -- Time elapsed: 0.003 s <<< ERROR!
java.lang.NoSuchMethodError: 'org.jsoup.nodes.Document$OutputSettings org.jsoup.nodes.Document$OutputSettings.charset(java.nio.charset.Charset)'
	at org.jsoup.helper.DataUtil.parseInputStream(DataUtil.java:339)
	at org.jsoup.helper.DataUtil.parseInputStream(DataUtil.java:230)
	at org.jsoup.helper.HttpConnection$Response.parse(HttpConnection.java:1007)
	at org.jsoup.helper.HttpConnection.post(HttpConnection.java:361)
	at org.jsoup.integration.ConnectTest.sendsRequestBodyJsonWithData(ConnectTest.java:226)
	at java.base/java.lang.reflect.Method.invoke(Method.java:580)
	at java.base/java.util.ArrayList.forEach(ArrayList.java:1597)
	at java.base/java.util.ArrayList.forEach(ArrayList.java:1597)

[ERROR] org.jsoup.integration.HttpClientConnectTest.willEscapePathInRedirect -- Time elapsed: 0.003 s <<< ERROR!
java.lang.NoSuchMethodError: 'org.jsoup.nodes.Document$OutputSettings org.jsoup.nodes.Document$OutputSettings.charset(java.nio.charset.Charset)'
	at org.jsoup.helper.DataUtil.parseInputStream(DataUtil.java:339)
	at org.jsoup.helper.DataUtil.parseInputStream(DataUtil.java:230)
	at org.jsoup.helper.HttpConnection$Response.parse(HttpConnection.java:1007)
	at org.jsoup.helper.HttpConnection.get(HttpConnection.java:353)
	at org.jsoup.integration.ConnectTest.willEscapePathInRedirect(ConnectTest.java:973)
	at java.base/java.lang.reflect.Method.invoke(Method.java:580)
	at java.base/java.util.ArrayList.forEach(ArrayList.java:1597)
	at java.base/java.util.ArrayList.forEach(ArrayList.java:1597)

[ERROR] org.jsoup.integration.HttpClientConnectTest.doesPostFor307 -- Time elapsed: 0.003 s <<< ERROR!
java.lang.NoSuchMethodError: 'org.jsoup.nodes.Document$OutputSettings org.jsoup.nodes.Document$OutputSettings.charset(java.nio.charset.Charset)'
	at org.jsoup.helper.DataUtil.parseInputStream(DataUtil.java:339)
	at org.jsoup.helper.DataUtil.parseInputStream(DataUtil.java:230)
	at org.jsoup.helper.HttpConnection$Response.parse(HttpConnection.java:1007)
	at org.jsoup.helper.HttpConnection.post(HttpConnection.java:361)
	at org.jsoup.integration.ConnectTest.doesPostFor307(ConnectTest.java:596)
	at java.base/java.lang.reflect.Method.invoke(Method.java:580)
	at java.base/java.util.ArrayList.forEach(ArrayList.java:1597)
	at java.base/java.util.ArrayList.forEach(ArrayList.java:1597)

[ERROR] org.jsoup.integration.HttpClientConnectTest.fetchHandlesXml -- Time elapsed: 0.003 s <<< ERROR!
java.lang.NoSuchMethodError: 'org.jsoup.nodes.Document$OutputSettings org.jsoup.nodes.Document$OutputSettings.syntax(org.jsoup.nodes.Document$OutputSettings$Syntax)'
	at org.jsoup.parser.XmlTreeBuilder.initialiseParse(XmlTreeBuilder.java:50)
	at org.jsoup.parser.TreeBuilder.parse(TreeBuilder.java:76)
	at org.jsoup.parser.Parser.parseInput(Parser.java:89)
	at org.jsoup.helper.DataUtil.detectCharset(DataUtil.java:266)
	at org.jsoup.helper.DataUtil.detectCharset(DataUtil.java:242)
	at org.jsoup.helper.DataUtil.parseInputStream(DataUtil.java:229)
	at org.jsoup.helper.HttpConnection$Response.parse(HttpConnection.java:1007)
	at org.jsoup.helper.HttpConnection.get(HttpConnection.java:353)
	at org.jsoup.integration.ConnectTest.fetchHandlesXml(ConnectTest.java:771)
	at org.jsoup.integration.ConnectTest.fetchHandlesXml(ConnectTest.java:762)
	at java.base/java.lang.reflect.Method.invoke(Method.java:580)
	at java.base/java.util.ArrayList.forEach(ArrayList.java:1597)
	at java.base/java.util.ArrayList.forEach(ArrayList.java:1597)

[ERROR] org.jsoup.integration.HttpClientConnectTest.canConnectToLocalServer -- Time elapsed: 0.002 s <<< ERROR!
java.lang.NoSuchMethodError: 'org.jsoup.nodes.Document$OutputSettings org.jsoup.nodes.Document$OutputSettings.charset(java.nio.charset.Charset)'
	at org.jsoup.helper.DataUtil.parseInputStream(DataUtil.java:339)
	at org.jsoup.helper.DataUtil.parseInputStream(DataUtil.java:230)
	at org.jsoup.helper.HttpConnection$Response.parse(HttpConnection.java:1007)
	at org.jsoup.helper.HttpConnection.get(HttpConnection.java:353)
	at org.jsoup.integration.ConnectTest.canConnectToLocalServer(ConnectTest.java:80)
	at java.base/java.lang.reflect.Method.invoke(Method.java:580)
	at java.base/java.util.ArrayList.forEach(ArrayList.java:1597)
	at java.base/java.util.ArrayList.forEach(ArrayList.java:1597)

[ERROR] org.jsoup.integration.HttpClientConnectTest.ignoresExceptionIfSoConfigured -- Time elapsed: 0.002 s <<< ERROR!
java.lang.NoSuchMethodError: 'org.jsoup.nodes.Document$OutputSettings org.jsoup.nodes.Document$OutputSettings.charset(java.nio.charset.Charset)'
	at org.jsoup.helper.DataUtil.parseInputStream(DataUtil.java:339)
	at org.jsoup.helper.DataUtil.parseInputStream(DataUtil.java:230)
	at org.jsoup.helper.HttpConnection$Response.parse(HttpConnection.java:1007)
	at org.jsoup.integration.ConnectTest.ignoresExceptionIfSoConfigured(ConnectTest.java:155)
	at java.base/java.lang.reflect.Method.invoke(Method.java:580)
	at java.base/java.util.ArrayList.forEach(ArrayList.java:1597)
	at java.base/java.util.ArrayList.forEach(ArrayList.java:1597)

[ERROR] org.jsoup.integration.HttpClientConnectTest.doesGet(String)[1] -- Time elapsed: 0.004 s <<< ERROR!
java.lang.NoSuchMethodError: 'org.jsoup.nodes.Document$OutputSettings org.jsoup.nodes.Document$OutputSettings.charset(java.nio.charset.Charset)'
	at org.jsoup.helper.DataUtil.parseInputStream(DataUtil.java:339)
	at org.jsoup.helper.DataUtil.parseInputStream(DataUtil.java:230)
	at org.jsoup.helper.HttpConnection$Response.parse(HttpConnection.java:1007)
	at org.jsoup.helper.HttpConnection.get(HttpConnection.java:353)
	at org.jsoup.integration.ConnectTest.doesGet(ConnectTest.java:292)
	at java.base/java.lang.reflect.Method.invoke(Method.java:580)
	at java.base/java.util.Optional.ifPresent(Optional.java:178)
	at java.base/java.util.stream.ForEachOps$ForEachOp$OfRef.accept(ForEachOps.java:184)
	at java.base/java.util.stream.ReferencePipeline$3$1.accept(ReferencePipeline.java:215)
	at java.base/java.util.stream.ForEachOps$ForEachOp$OfRef.accept(ForEachOps.java:184)
	at java.base/java.util.stream.ForEachOps$ForEachOp$OfRef.accept(ForEachOps.java:184)
	at java.base/java.util.stream.ReferencePipeline$3$1.accept(ReferencePipeline.java:215)
	at java.base/java.util.Spliterators$ArraySpliterator.forEachRemaining(Spliterators.java:1024)
	at java.base/java.util.stream.ReferencePipeline$Head.forEach(ReferencePipeline.java:807)
	at java.base/java.util.stream.ReferencePipeline$7$1FlatMap.accept(ReferencePipeline.java:294)
	at java.base/java.util.stream.ReferencePipeline$3$1.accept(ReferencePipeline.java:215)
	at java.base/java.util.stream.ReferencePipeline$3$1.accept(ReferencePipeline.java:215)
	at java.base/java.util.stream.ReferencePipeline$3$1.accept(ReferencePipeline.java:215)
	at java.base/java.util.Spliterators$ArraySpliterator.forEachRemaining(Spliterators.java:1024)
	at java.base/java.util.stream.AbstractPipeline.copyInto(AbstractPipeline.java:570)
	at java.base/java.util.stream.AbstractPipeline.wrapAndCopyInto(AbstractPipeline.java:560)
	at java.base/java.util.stream.ForEachOps$ForEachOp.evaluateSequential(ForEachOps.java:151)
	at java.base/java.util.stream.ForEachOps$ForEachOp$OfRef.evaluateSequential(ForEachOps.java:174)
	at java.base/java.util.stream.AbstractPipeline.evaluate(AbstractPipeline.java:265)
	at java.base/java.util.stream.ReferencePipeline.forEach(ReferencePipeline.java:636)
	at java.base/java.util.stream.ReferencePipeline$7$1FlatMap.accept(ReferencePipeline.java:294)
	at java.base/java.util.ArrayList$ArrayListSpliterator.forEachRemaining(ArrayList.java:1709)
	at java.base/java.util.stream.AbstractPipeline.copyInto(AbstractPipeline.java:570)
	at java.base/java.util.stream.AbstractPipeline.wrapAndCopyInto(AbstractPipeline.java:560)
	at java.base/java.util.stream.ForEachOps$ForEachOp.evaluateSequential(ForEachOps.java:151)
	at java.base/java.util.stream.ForEachOps$ForEachOp$OfRef.evaluateSequential(ForEachOps.java:174)
	at java.base/java.util.stream.AbstractPipeline.evaluate(AbstractPipeline.java:265)
	at java.base/java.util.stream.ReferencePipeline.forEach(ReferencePipeline.java:636)
	at java.base/java.util.stream.ReferencePipeline$7$1FlatMap.accept(ReferencePipeline.java:294)
	at java.base/java.util.stream.ReferencePipeline$3$1.accept(ReferencePipeline.java:215)
	at java.base/java.util.stream.ReferencePipeline$3$1.accept(ReferencePipeline.java:215)
	at java.base/java.util.stream.ReferencePipeline$3$1.accept(ReferencePipeline.java:215)
	at java.base/java.util.ArrayList$ArrayListSpliterator.forEachRemaining(ArrayList.java:1709)
	at java.base/java.util.stream.AbstractPipeline.copyInto(AbstractPipeline.java:570)
	at java.base/java.util.stream.AbstractPipeline.wrapAndCopyInto(AbstractPipeline.java:560)
	at java.base/java.util.stream.ForEachOps$ForEachOp.evaluateSequential(ForEachOps.java:151)
	at java.base/java.util.stream.ForEachOps$ForEachOp$OfRef.evaluateSequential(ForEachOps.java:174)
	at java.base/java.util.stream.AbstractPipeline.evaluate(AbstractPipeline.java:265)
	at java.base/java.util.stream.ReferencePipeline.forEach(ReferencePipeline.java:636)
	at java.base/java.util.ArrayList.forEach(ArrayList.java:1597)
	at java.base/java.util.ArrayList.forEach(ArrayList.java:1597)

[ERROR] org.jsoup.integration.HttpClientConnectTest.doesGet(String)[2] -- Time elapsed: 0.012 s <<< ERROR!
java.lang.NoSuchMethodError: 'org.jsoup.nodes.Document$OutputSettings org.jsoup.nodes.Document$OutputSettings.charset(java.nio.charset.Charset)'
	at org.jsoup.helper.DataUtil.parseInputStream(DataUtil.java:339)
	at org.jsoup.helper.DataUtil.parseInputStream(DataUtil.java:230)
	at org.jsoup.helper.HttpConnection$Response.parse(HttpConnection.java:1007)
	at org.jsoup.helper.HttpConnection.get(HttpConnection.java:353)
	at org.jsoup.integration.ConnectTest.doesGet(ConnectTest.java:292)
	at java.base/java.lang.reflect.Method.invoke(Method.java:580)
	at java.base/java.util.Optional.ifPresent(Optional.java:178)
	at java.base/java.util.stream.ForEachOps$ForEachOp$OfRef.accept(ForEachOps.java:184)
	at java.base/java.util.stream.ReferencePipeline$3$1.accept(ReferencePipeline.java:215)
	at java.base/java.util.stream.ForEachOps$ForEachOp$OfRef.accept(ForEachOps.java:184)
	at java.base/java.util.stream.ForEachOps$ForEachOp$OfRef.accept(ForEachOps.java:184)
	at java.base/java.util.stream.ReferencePipeline$3$1.accept(ReferencePipeline.java:215)
	at java.base/java.util.Spliterators$ArraySpliterator.forEachRemaining(Spliterators.java:1024)
	at java.base/java.util.stream.ReferencePipeline$Head.forEach(ReferencePipeline.java:807)
	at java.base/java.util.stream.ReferencePipeline$7$1FlatMap.accept(ReferencePipeline.java:294)
	at java.base/java.util.stream.ReferencePipeline$3$1.accept(ReferencePipeline.java:215)
	at java.base/java.util.stream.ReferencePipeline$3$1.accept(ReferencePipeline.java:215)
	at java.base/java.util.stream.ReferencePipeline$3$1.accept(ReferencePipeline.java:215)
	at java.base/java.util.Spliterators$ArraySpliterator.forEachRemaining(Spliterators.java:1024)
	at java.base/java.util.stream.AbstractPipeline.copyInto(AbstractPipeline.java:570)
	at java.base/java.util.stream.AbstractPipeline.wrapAndCopyInto(AbstractPipeline.java:560)
	at java.base/java.util.stream.ForEachOps$ForEachOp.evaluateSequential(ForEachOps.java:151)
	at java.base/java.util.stream.ForEachOps$ForEachOp$OfRef.evaluateSequential(ForEachOps.java:174)
	at java.base/java.util.stream.AbstractPipeline.evaluate(AbstractPipeline.java:265)
	at java.base/java.util.stream.ReferencePipeline.forEach(ReferencePipeline.java:636)
	at java.base/java.util.stream.ReferencePipeline$7$1FlatMap.accept(ReferencePipeline.java:294)
	at java.base/java.util.ArrayList$ArrayListSpliterator.forEachRemaining(ArrayList.java:1709)
	at java.base/java.util.stream.AbstractPipeline.copyInto(AbstractPipeline.java:570)
	at java.base/java.util.stream.AbstractPipeline.wrapAndCopyInto(AbstractPipeline.java:560)
	at java.base/java.util.stream.ForEachOps$ForEachOp.evaluateSequential(ForEachOps.java:151)
	at java.base/java.util.stream.ForEachOps$ForEachOp$OfRef.evaluateSequential(ForEachOps.java:174)
	at java.base/java.util.stream.AbstractPipeline.evaluate(AbstractPipeline.java:265)
	at java.base/java.util.stream.ReferencePipeline.forEach(ReferencePipeline.java:636)
	at java.base/java.util.stream.ReferencePipeline$7$1FlatMap.accept(ReferencePipeline.java:294)
	at java.base/java.util.stream.ReferencePipeline$3$1.accept(ReferencePipeline.java:215)
	at java.base/java.util.stream.ReferencePipeline$3$1.accept(ReferencePipeline.java:215)
	at java.base/java.util.stream.ReferencePipeline$3$1.accept(ReferencePipeline.java:215)
	at java.base/java.util.ArrayList$ArrayListSpliterator.forEachRemaining(ArrayList.java:1709)
	at java.base/java.util.stream.AbstractPipeline.copyInto(AbstractPipeline.java:570)
	at java.base/java.util.stream.AbstractPipeline.wrapAndCopyInto(AbstractPipeline.java:560)
	at java.base/java.util.stream.ForEachOps$ForEachOp.evaluateSequential(ForEachOps.java:151)
	at java.base/java.util.stream.ForEachOps$ForEachOp$OfRef.evaluateSequential(ForEachOps.java:174)
	at java.base/java.util.stream.AbstractPipeline.evaluate(AbstractPipeline.java:265)
	at java.base/java.util.stream.ReferencePipeline.forEach(ReferencePipeline.java:636)
	at java.base/java.util.ArrayList.forEach(ArrayList.java:1597)
	at java.base/java.util.ArrayList.forEach(ArrayList.java:1597)

[ERROR] org.jsoup.integration.HttpClientConnectTest.doesPut -- Time elapsed: 0.003 s <<< ERROR!
java.lang.NoSuchMethodError: 'org.jsoup.nodes.Document$OutputSettings org.jsoup.nodes.Document$OutputSettings.charset(java.nio.charset.Charset)'
	at org.jsoup.helper.DataUtil.parseInputStream(DataUtil.java:339)
	at org.jsoup.helper.DataUtil.parseInputStream(DataUtil.java:230)
	at org.jsoup.helper.HttpConnection$Response.parse(HttpConnection.java:1007)
	at org.jsoup.integration.ConnectTest.doesPut(ConnectTest.java:333)
	at java.base/java.lang.reflect.Method.invoke(Method.java:580)
	at java.base/java.util.ArrayList.forEach(ArrayList.java:1597)
	at java.base/java.util.ArrayList.forEach(ArrayList.java:1597)

[ERROR] org.jsoup.integration.HttpClientConnectTest.progressListener(String)[1] -- Time elapsed: 0.008 s <<< ERROR!
java.lang.NoSuchMethodError: 'org.jsoup.nodes.Document$OutputSettings org.jsoup.nodes.Document$OutputSettings.charset(java.nio.charset.Charset)'
	at org.jsoup.helper.DataUtil.parseInputStream(DataUtil.java:339)
	at org.jsoup.helper.DataUtil.parseInputStream(DataUtil.java:230)
	at org.jsoup.helper.HttpConnection$Response.parse(HttpConnection.java:1007)
	at org.jsoup.helper.HttpConnection.get(HttpConnection.java:353)
	at org.jsoup.integration.ConnectTest.progressListener(ConnectTest.java:1099)
	at java.base/java.lang.reflect.Method.invoke(Method.java:580)
	at java.base/java.util.Optional.ifPresent(Optional.java:178)
	at java.base/java.util.stream.ForEachOps$ForEachOp$OfRef.accept(ForEachOps.java:184)
	at java.base/java.util.stream.ReferencePipeline$3$1.accept(ReferencePipeline.java:215)
	at java.base/java.util.stream.ForEachOps$ForEachOp$OfRef.accept(ForEachOps.java:184)
	at java.base/java.util.stream.ForEachOps$ForEachOp$OfRef.accept(ForEachOps.java:184)
	at java.base/java.util.stream.ReferencePipeline$3$1.accept(ReferencePipeline.java:215)
	at java.base/java.util.Spliterators$ArraySpliterator.forEachRemaining(Spliterators.java:1024)
	at java.base/java.util.stream.AbstractPipeline.copyInto(AbstractPipeline.java:570)
	at java.base/java.util.stream.AbstractPipeline.wrapAndCopyInto(AbstractPipeline.java:560)
	at java.base/java.util.stream.ForEachOps$ForEachOp.evaluateSequential(ForEachOps.java:151)
	at java.base/java.util.stream.ForEachOps$ForEachOp$OfRef.evaluateSequential(ForEachOps.java:174)
	at java.base/java.util.stream.AbstractPipeline.evaluate(AbstractPipeline.java:265)
	at java.base/java.util.stream.ReferencePipeline.forEach(ReferencePipeline.java:636)
	at java.base/java.util.stream.ReferencePipeline$7$1FlatMap.accept(ReferencePipeline.java:294)
	at java.base/java.util.ArrayList$ArrayListSpliterator.forEachRemaining(ArrayList.java:1709)
	at java.base/java.util.stream.AbstractPipeline.copyInto(AbstractPipeline.java:570)
	at java.base/java.util.stream.AbstractPipeline.wrapAndCopyInto(AbstractPipeline.java:560)
	at java.base/java.util.stream.ForEachOps$ForEachOp.evaluateSequential(ForEachOps.java:151)
	at java.base/java.util.stream.ForEachOps$ForEachOp$OfRef.evaluateSequential(ForEachOps.java:174)
	at java.base/java.util.stream.AbstractPipeline.evaluate(AbstractPipeline.java:265)
	at java.base/java.util.stream.ReferencePipeline.forEach(ReferencePipeline.java:636)
	at java.base/java.util.stream.ReferencePipeline$7$1FlatMap.accept(ReferencePipeline.java:294)
	at java.base/java.util.stream.ReferencePipeline$3$1.accept(ReferencePipeline.java:215)
	at java.base/java.util.stream.ReferencePipeline$3$1.accept(ReferencePipeline.java:215)
	at java.base/java.util.stream.ReferencePipeline$3$1.accept(ReferencePipeline.java:215)
	at java.base/java.util.ArrayList$ArrayListSpliterator.forEachRemaining(ArrayList.java:1709)
	at java.base/java.util.stream.AbstractPipeline.copyInto(AbstractPipeline.java:570)
	at java.base/java.util.stream.AbstractPipeline.wrapAndCopyInto(AbstractPipeline.java:560)
	at java.base/java.util.stream.ForEachOps$ForEachOp.evaluateSequential(ForEachOps.java:151)
	at java.base/java.util.stream.ForEachOps$ForEachOp$OfRef.evaluateSequential(ForEachOps.java:174)
	at java.base/java.util.stream.AbstractPipeline.evaluate(AbstractPipeline.java:265)
	at java.base/java.util.stream.ReferencePipeline.forEach(ReferencePipeline.java:636)
	at java.base/java.util.ArrayList.forEach(ArrayList.java:1597)
	at java.base/java.util.ArrayList.forEach(ArrayList.java:1597)

[ERROR] org.jsoup.integration.HttpClientConnectTest.progressListener(String)[2] -- Time elapsed: 0.006 s <<< ERROR!
java.lang.NoSuchMethodError: 'org.jsoup.nodes.Document$OutputSettings org.jsoup.nodes.Document$OutputSettings.charset(java.nio.charset.Charset)'
	at org.jsoup.helper.DataUtil.parseInputStream(DataUtil.java:339)
	at org.jsoup.helper.DataUtil.parseInputStream(DataUtil.java:230)
	at org.jsoup.helper.HttpConnection$Response.parse(HttpConnection.java:1007)
	at org.jsoup.helper.HttpConnection.get(HttpConnection.java:353)
	at org.jsoup.integration.ConnectTest.progressListener(ConnectTest.java:1099)
	at java.base/java.lang.reflect.Method.invoke(Method.java:580)
	at java.base/java.util.Optional.ifPresent(Optional.java:178)
	at java.base/java.util.stream.ForEachOps$ForEachOp$OfRef.accept(ForEachOps.java:184)
	at java.base/java.util.stream.ReferencePipeline$3$1.accept(ReferencePipeline.java:215)
	at java.base/java.util.stream.ForEachOps$ForEachOp$OfRef.accept(ForEachOps.java:184)
	at java.base/java.util.stream.ForEachOps$ForEachOp$OfRef.accept(ForEachOps.java:184)
	at java.base/java.util.stream.ReferencePipeline$3$1.accept(ReferencePipeline.java:215)
	at java.base/java.util.Spliterators$ArraySpliterator.forEachRemaining(Spliterators.java:1024)
	at java.base/java.util.stream.AbstractPipeline.copyInto(AbstractPipeline.java:570)
	at java.base/java.util.stream.AbstractPipeline.wrapAndCopyInto(AbstractPipeline.java:560)
	at java.base/java.util.stream.ForEachOps$ForEachOp.evaluateSequential(ForEachOps.java:151)
	at java.base/java.util.stream.ForEachOps$ForEachOp$OfRef.evaluateSequential(ForEachOps.java:174)
	at java.base/java.util.stream.AbstractPipeline.evaluate(AbstractPipeline.java:265)
	at java.base/java.util.stream.ReferencePipeline.forEach(ReferencePipeline.java:636)
	at java.base/java.util.stream.ReferencePipeline$7$1FlatMap.accept(ReferencePipeline.java:294)
	at java.base/java.util.ArrayList$ArrayListSpliterator.forEachRemaining(ArrayList.java:1709)
	at java.base/java.util.stream.AbstractPipeline.copyInto(AbstractPipeline.java:570)
	at java.base/java.util.stream.AbstractPipeline.wrapAndCopyInto(AbstractPipeline.java:560)
	at java.base/java.util.stream.ForEachOps$ForEachOp.evaluateSequential(ForEachOps.java:151)
	at java.base/java.util.stream.ForEachOps$ForEachOp$OfRef.evaluateSequential(ForEachOps.java:174)
	at java.base/java.util.stream.AbstractPipeline.evaluate(AbstractPipeline.java:265)
	at java.base/java.util.stream.ReferencePipeline.forEach(ReferencePipeline.java:636)
	at java.base/java.util.stream.ReferencePipeline$7$1FlatMap.accept(ReferencePipeline.java:294)
	at java.base/java.util.stream.ReferencePipeline$3$1.accept(ReferencePipeline.java:215)
	at java.base/java.util.stream.ReferencePipeline$3$1.accept(ReferencePipeline.java:215)
	at java.base/java.util.stream.ReferencePipeline$3$1.accept(ReferencePipeline.java:215)
	at java.base/java.util.ArrayList$ArrayListSpliterator.forEachRemaining(ArrayList.java:1709)
	at java.base/java.util.stream.AbstractPipeline.copyInto(AbstractPipeline.java:570)
	at java.base/java.util.stream.AbstractPipeline.wrapAndCopyInto(AbstractPipeline.java:560)
	at java.base/java.util.stream.ForEachOps$ForEachOp.evaluateSequential(ForEachOps.java:151)
	at java.base/java.util.stream.ForEachOps$ForEachOp$OfRef.evaluateSequential(ForEachOps.java:174)
	at java.base/java.util.stream.AbstractPipeline.evaluate(AbstractPipeline.java:265)
	at java.base/java.util.stream.ReferencePipeline.forEach(ReferencePipeline.java:636)
	at java.base/java.util.ArrayList.forEach(ArrayList.java:1597)
	at java.base/java.util.ArrayList.forEach(ArrayList.java:1597)

[ERROR] org.jsoup.integration.HttpClientConnectTest.testParseRss -- Time elapsed: 0.003 s <<< ERROR!
java.lang.NoSuchMethodError: 'org.jsoup.nodes.Document$OutputSettings org.jsoup.nodes.Document$OutputSettings.syntax(org.jsoup.nodes.Document$OutputSettings$Syntax)'
	at org.jsoup.parser.XmlTreeBuilder.initialiseParse(XmlTreeBuilder.java:50)
	at org.jsoup.parser.TreeBuilder.parse(TreeBuilder.java:76)
	at org.jsoup.parser.Parser.parseInput(Parser.java:89)
	at org.jsoup.helper.DataUtil.detectCharset(DataUtil.java:266)
	at org.jsoup.helper.DataUtil.detectCharset(DataUtil.java:242)
	at org.jsoup.helper.DataUtil.parseInputStream(DataUtil.java:229)
	at org.jsoup.helper.HttpConnection$Response.parse(HttpConnection.java:1007)
	at org.jsoup.helper.HttpConnection.get(HttpConnection.java:353)
	at org.jsoup.integration.ConnectTest.testParseRss(ConnectTest.java:639)
	at java.base/java.lang.reflect.Method.invoke(Method.java:580)
	at java.base/java.util.ArrayList.forEach(ArrayList.java:1597)
	at java.base/java.util.ArrayList.forEach(ArrayList.java:1597)

[ERROR] org.jsoup.integration.HttpClientConnectTest.doesNotPostFor302 -- Time elapsed: 0.005 s <<< ERROR!
java.lang.NoSuchMethodError: 'org.jsoup.nodes.Document$OutputSettings org.jsoup.nodes.Document$OutputSettings.charset(java.nio.charset.Charset)'
	at org.jsoup.helper.DataUtil.parseInputStream(DataUtil.java:339)
	at org.jsoup.helper.DataUtil.parseInputStream(DataUtil.java:230)
	at org.jsoup.helper.HttpConnection$Response.parse(HttpConnection.java:1007)
	at org.jsoup.helper.HttpConnection.post(HttpConnection.java:361)
	at org.jsoup.integration.ConnectTest.doesNotPostFor302(ConnectTest.java:584)
	at java.base/java.lang.reflect.Method.invoke(Method.java:580)
	at java.base/java.util.ArrayList.forEach(ArrayList.java:1597)
	at java.base/java.util.ArrayList.forEach(ArrayList.java:1597)

[ERROR] org.jsoup.integration.HttpClientConnectTest.postFiles(String)[1] -- Time elapsed: 0.014 s <<< ERROR!
java.lang.NoSuchMethodError: 'org.jsoup.nodes.Document$OutputSettings org.jsoup.nodes.Document$OutputSettings.charset(java.nio.charset.Charset)'
	at org.jsoup.helper.DataUtil.parseInputStream(DataUtil.java:339)
	at org.jsoup.helper.DataUtil.parseInputStream(DataUtil.java:230)
	at org.jsoup.helper.HttpConnection$Response.parse(HttpConnection.java:1007)
	at org.jsoup.helper.HttpConnection.post(HttpConnection.java:361)
	at org.jsoup.integration.ConnectTest.postFiles(ConnectTest.java:378)
	at java.base/java.lang.reflect.Method.invoke(Method.java:580)
	at java.base/java.util.Optional.ifPresent(Optional.java:178)
	at java.base/java.util.stream.ForEachOps$ForEachOp$OfRef.accept(ForEachOps.java:184)
	at java.base/java.util.stream.ReferencePipeline$3$1.accept(ReferencePipeline.java:215)
	at java.base/java.util.stream.ForEachOps$ForEachOp$OfRef.accept(ForEachOps.java:184)
	at java.base/java.util.stream.ForEachOps$ForEachOp$OfRef.accept(ForEachOps.java:184)
	at java.base/java.util.stream.ReferencePipeline$3$1.accept(ReferencePipeline.java:215)
	at java.base/java.util.Spliterators$ArraySpliterator.forEachRemaining(Spliterators.java:1024)
	at java.base/java.util.stream.ReferencePipeline$Head.forEach(ReferencePipeline.java:807)
	at java.base/java.util.stream.ReferencePipeline$7$1FlatMap.accept(ReferencePipeline.java:294)
	at java.base/java.util.stream.ReferencePipeline$3$1.accept(ReferencePipeline.java:215)
	at java.base/java.util.stream.ReferencePipeline$3$1.accept(ReferencePipeline.java:215)
	at java.base/java.util.stream.ReferencePipeline$3$1.accept(ReferencePipeline.java:215)
	at java.base/java.util.Spliterators$ArraySpliterator.forEachRemaining(Spliterators.java:1024)
	at java.base/java.util.stream.AbstractPipeline.copyInto(AbstractPipeline.java:570)
	at java.base/java.util.stream.AbstractPipeline.wrapAndCopyInto(AbstractPipeline.java:560)
	at java.base/java.util.stream.ForEachOps$ForEachOp.evaluateSequential(ForEachOps.java:151)
	at java.base/java.util.stream.ForEachOps$ForEachOp$OfRef.evaluateSequential(ForEachOps.java:174)
	at java.base/java.util.stream.AbstractPipeline.evaluate(AbstractPipeline.java:265)
	at java.base/java.util.stream.ReferencePipeline.forEach(ReferencePipeline.java:636)
	at java.base/java.util.stream.ReferencePipeline$7$1FlatMap.accept(ReferencePipeline.java:294)
	at java.base/java.util.ArrayList$ArrayListSpliterator.forEachRemaining(ArrayList.java:1709)
	at java.base/java.util.stream.AbstractPipeline.copyInto(AbstractPipeline.java:570)
	at java.base/java.util.stream.AbstractPipeline.wrapAndCopyInto(AbstractPipeline.java:560)
	at java.base/java.util.stream.ForEachOps$ForEachOp.evaluateSequential(ForEachOps.java:151)
	at java.base/java.util.stream.ForEachOps$ForEachOp$OfRef.evaluateSequential(ForEachOps.java:174)
	at java.base/java.util.stream.AbstractPipeline.evaluate(AbstractPipeline.java:265)
	at java.base/java.util.stream.ReferencePipeline.forEach(ReferencePipeline.java:636)
	at java.base/java.util.stream.ReferencePipeline$7$1FlatMap.accept(ReferencePipeline.java:294)
	at java.base/java.util.stream.ReferencePipeline$3$1.accept(ReferencePipeline.java:215)
	at java.base/java.util.stream.ReferencePipeline$3$1.accept(ReferencePipeline.java:215)
	at java.base/java.util.stream.ReferencePipeline$3$1.accept(ReferencePipeline.java:215)
	at java.base/java.util.ArrayList$ArrayListSpliterator.forEachRemaining(ArrayList.java:1709)
	at java.base/java.util.stream.AbstractPipeline.copyInto(AbstractPipeline.java:570)
	at java.base/java.util.stream.AbstractPipeline.wrapAndCopyInto(AbstractPipeline.java:560)
	at java.base/java.util.stream.ForEachOps$ForEachOp.evaluateSequential(ForEachOps.java:151)
	at java.base/java.util.stream.ForEachOps$ForEachOp$OfRef.evaluateSequential(ForEachOps.java:174)
	at java.base/java.util.stream.AbstractPipeline.evaluate(AbstractPipeline.java:265)
	at java.base/java.util.stream.ReferencePipeline.forEach(ReferencePipeline.java:636)
	at java.base/java.util.ArrayList.forEach(ArrayList.java:1597)
	at java.base/java.util.ArrayList.forEach(ArrayList.java:1597)

[ERROR] org.jsoup.integration.HttpClientConnectTest.postFiles(String)[2] -- Time elapsed: 0.052 s <<< ERROR!
java.lang.NoSuchMethodError: 'org.jsoup.nodes.Document$OutputSettings org.jsoup.nodes.Document$OutputSettings.charset(java.nio.charset.Charset)'
	at org.jsoup.helper.DataUtil.parseInputStream(DataUtil.java:339)
	at org.jsoup.helper.DataUtil.parseInputStream(DataUtil.java:230)
	at org.jsoup.helper.HttpConnection$Response.parse(HttpConnection.java:1007)
	at org.jsoup.helper.HttpConnection.post(HttpConnection.java:361)
	at org.jsoup.integration.ConnectTest.postFiles(ConnectTest.java:378)
	at java.base/java.lang.reflect.Method.invoke(Method.java:580)
	at java.base/java.util.Optional.ifPresent(Optional.java:178)
	at java.base/java.util.stream.ForEachOps$ForEachOp$OfRef.accept(ForEachOps.java:184)
	at java.base/java.util.stream.ReferencePipeline$3$1.accept(ReferencePipeline.java:215)
	at java.base/java.util.stream.ForEachOps$ForEachOp$OfRef.accept(ForEachOps.java:184)
	at java.base/java.util.stream.ForEachOps$ForEachOp$OfRef.accept(ForEachOps.java:184)
	at java.base/java.util.stream.ReferencePipeline$3$1.accept(ReferencePipeline.java:215)
	at java.base/java.util.Spliterators$ArraySpliterator.forEachRemaining(Spliterators.java:1024)
	at java.base/java.util.stream.ReferencePipeline$Head.forEach(ReferencePipeline.java:807)
	at java.base/java.util.stream.ReferencePipeline$7$1FlatMap.accept(ReferencePipeline.java:294)
	at java.base/java.util.stream.ReferencePipeline$3$1.accept(ReferencePipeline.java:215)
	at java.base/java.util.stream.ReferencePipeline$3$1.accept(ReferencePipeline.java:215)
	at java.base/java.util.stream.ReferencePipeline$3$1.accept(ReferencePipeline.java:215)
	at java.base/java.util.Spliterators$ArraySpliterator.forEachRemaining(Spliterators.java:1024)
	at java.base/java.util.stream.AbstractPipeline.copyInto(AbstractPipeline.java:570)
	at java.base/java.util.stream.AbstractPipeline.wrapAndCopyInto(AbstractPipeline.java:560)
	at java.base/java.util.stream.ForEachOps$ForEachOp.evaluateSequential(ForEachOps.java:151)
	at java.base/java.util.stream.ForEachOps$ForEachOp$OfRef.evaluateSequential(ForEachOps.java:174)
	at java.base/java.util.stream.AbstractPipeline.evaluate(AbstractPipeline.java:265)
	at java.base/java.util.stream.ReferencePipeline.forEach(ReferencePipeline.java:636)
	at java.base/java.util.stream.ReferencePipeline$7$1FlatMap.accept(ReferencePipeline.java:294)
	at java.base/java.util.ArrayList$ArrayListSpliterator.forEachRemaining(ArrayList.java:1709)
	at java.base/java.util.stream.AbstractPipeline.copyInto(AbstractPipeline.java:570)
	at java.base/java.util.stream.AbstractPipeline.wrapAndCopyInto(AbstractPipeline.java:560)
	at java.base/java.util.stream.ForEachOps$ForEachOp.evaluateSequential(ForEachOps.java:151)
	at java.base/java.util.stream.ForEachOps$ForEachOp$OfRef.evaluateSequential(ForEachOps.java:174)
	at java.base/java.util.stream.AbstractPipeline.evaluate(AbstractPipeline.java:265)
	at java.base/java.util.stream.ReferencePipeline.forEach(ReferencePipeline.java:636)
	at java.base/java.util.stream.ReferencePipeline$7$1FlatMap.accept(ReferencePipeline.java:294)
	at java.base/java.util.stream.ReferencePipeline$3$1.accept(ReferencePipeline.java:215)
	at java.base/java.util.stream.ReferencePipeline$3$1.accept(ReferencePipeline.java:215)
	at java.base/java.util.stream.ReferencePipeline$3$1.accept(ReferencePipeline.java:215)
	at java.base/java.util.ArrayList$ArrayListSpliterator.forEachRemaining(ArrayList.java:1709)
	at java.base/java.util.stream.AbstractPipeline.copyInto(AbstractPipeline.java:570)
	at java.base/java.util.stream.AbstractPipeline.wrapAndCopyInto(AbstractPipeline.java:560)
	at java.base/java.util.stream.ForEachOps$ForEachOp.evaluateSequential(ForEachOps.java:151)
	at java.base/java.util.stream.ForEachOps$ForEachOp$OfRef.evaluateSequential(ForEachOps.java:174)
	at java.base/java.util.stream.AbstractPipeline.evaluate(AbstractPipeline.java:265)
	at java.base/java.util.stream.ReferencePipeline.forEach(ReferencePipeline.java:636)
	at java.base/java.util.ArrayList.forEach(ArrayList.java:1597)
	at java.base/java.util.ArrayList.forEach(ArrayList.java:1597)

[ERROR] org.jsoup.integration.HttpClientConnectTest.secFetchHeadersSurviveRedirect -- Time elapsed: 0.007 s <<< ERROR!
java.lang.NoSuchMethodError: 'org.jsoup.nodes.Document$OutputSettings org.jsoup.nodes.Document$OutputSettings.charset(java.nio.charset.Charset)'
	at org.jsoup.helper.DataUtil.parseInputStream(DataUtil.java:339)
	at org.jsoup.helper.DataUtil.parseInputStream(DataUtil.java:230)
	at org.jsoup.helper.HttpConnection$Response.parse(HttpConnection.java:1007)
	at org.jsoup.helper.HttpConnection.get(HttpConnection.java:353)
	at org.jsoup.integration.ConnectTest.secFetchHeadersSurviveRedirect(ConnectTest.java:212)
	at java.base/java.lang.reflect.Method.invoke(Method.java:580)
	at java.base/java.util.ArrayList.forEach(ArrayList.java:1597)
	at java.base/java.util.ArrayList.forEach(ArrayList.java:1597)

[ERROR] org.jsoup.integration.HttpClientConnectTest.canSendSecFetchHeaders -- Time elapsed: 0.004 s <<< ERROR!
java.lang.NoSuchMethodError: 'org.jsoup.nodes.Document$OutputSettings org.jsoup.nodes.Document$OutputSettings.charset(java.nio.charset.Charset)'
	at org.jsoup.helper.DataUtil.parseInputStream(DataUtil.java:339)
	at org.jsoup.helper.DataUtil.parseInputStream(DataUtil.java:230)
	at org.jsoup.helper.HttpConnection$Response.parse(HttpConnection.java:1007)
	at org.jsoup.helper.HttpConnection.get(HttpConnection.java:353)
	at org.jsoup.integration.ConnectTest.canSendSecFetchHeaders(ConnectTest.java:197)
	at java.base/java.lang.reflect.Method.invoke(Method.java:580)
	at java.base/java.util.ArrayList.forEach(ArrayList.java:1597)
	at java.base/java.util.ArrayList.forEach(ArrayList.java:1597)

[ERROR] org.jsoup.integration.HttpClientConnectTest.requestCookiesSurviveRedirect -- Time elapsed: 0.004 s <<< ERROR!
java.lang.NoSuchMethodError: 'org.jsoup.nodes.Document$OutputSettings org.jsoup.nodes.Document$OutputSettings.charset(java.nio.charset.Charset)'
	at org.jsoup.helper.DataUtil.parseInputStream(DataUtil.java:339)
	at org.jsoup.helper.DataUtil.parseInputStream(DataUtil.java:230)
	at org.jsoup.helper.HttpConnection$Response.parse(HttpConnection.java:1007)
	at org.jsoup.integration.ConnectTest.requestCookiesSurviveRedirect(ConnectTest.java:510)
	at java.base/java.lang.reflect.Method.invoke(Method.java:580)
	at java.base/java.util.ArrayList.forEach(ArrayList.java:1597)
	at java.base/java.util.ArrayList.forEach(ArrayList.java:1597)

[ERROR] Tests run: 5, Failures: 0, Errors: 3, Skipped: 0, Time elapsed: 0.012 s <<< FAILURE! -- in org.jsoup.integration.HttpClientSessionTest
[ERROR] org.jsoup.integration.HttpClientSessionTest.testCanChangeParsers -- Time elapsed: 0.003 s <<< ERROR!
java.lang.NoSuchMethodError: 'org.jsoup.nodes.Document$OutputSettings org.jsoup.nodes.Document$OutputSettings.syntax(org.jsoup.nodes.Document$OutputSettings$Syntax)'
	at org.jsoup.parser.XmlTreeBuilder.initialiseParse(XmlTreeBuilder.java:50)
	at org.jsoup.parser.TreeBuilder.parse(TreeBuilder.java:76)
	at org.jsoup.parser.Parser.parseInput(Parser.java:89)
	at org.jsoup.helper.DataUtil.detectCharset(DataUtil.java:266)
	at org.jsoup.helper.DataUtil.detectCharset(DataUtil.java:242)
	at org.jsoup.helper.DataUtil.parseInputStream(DataUtil.java:229)
	at org.jsoup.helper.HttpConnection$Response.parse(HttpConnection.java:1007)
	at org.jsoup.helper.HttpConnection.get(HttpConnection.java:353)
	at org.jsoup.integration.SessionTest.testCanChangeParsers(SessionTest.java:131)
	at java.base/java.lang.reflect.Method.invoke(Method.java:580)
	at java.base/java.util.ArrayList.forEach(ArrayList.java:1597)
	at java.base/java.util.ArrayList.forEach(ArrayList.java:1597)

[ERROR] org.jsoup.integration.HttpClientSessionTest.testPathScopedCookiesOnRedirect -- Time elapsed: 0.005 s <<< ERROR!
java.lang.NoSuchMethodError: 'org.jsoup.nodes.Document$OutputSettings org.jsoup.nodes.Document$OutputSettings.charset(java.nio.charset.Charset)'
	at org.jsoup.helper.DataUtil.parseInputStream(DataUtil.java:339)
	at org.jsoup.helper.DataUtil.parseInputStream(DataUtil.java:230)
	at org.jsoup.helper.HttpConnection$Response.parse(HttpConnection.java:1007)
	at org.jsoup.helper.HttpConnection.get(HttpConnection.java:353)
	at org.jsoup.integration.SessionTest.testPathScopedCookiesOnRedirect(SessionTest.java:107)
	at java.base/java.lang.reflect.Method.invoke(Method.java:580)
	at java.base/java.util.ArrayList.forEach(ArrayList.java:1597)
	at java.base/java.util.ArrayList.forEach(ArrayList.java:1597)

[ERROR] org.jsoup.integration.HttpClientSessionTest.testPathScopedCookies -- Time elapsed: 0.003 s <<< ERROR!
java.lang.NoSuchMethodError: 'org.jsoup.nodes.Document$OutputSettings org.jsoup.nodes.Document$OutputSettings.charset(java.nio.charset.Charset)'
	at org.jsoup.helper.DataUtil.parseInputStream(DataUtil.java:339)
	at org.jsoup.helper.DataUtil.parseInputStream(DataUtil.java:230)
	at org.jsoup.helper.HttpConnection$Response.parse(HttpConnection.java:1007)
	at org.jsoup.helper.HttpConnection.get(HttpConnection.java:353)
	at org.jsoup.integration.SessionTest.testPathScopedCookies(SessionTest.java:46)
	at java.base/java.lang.reflect.Method.invoke(Method.java:580)
	at java.base/java.util.ArrayList.forEach(ArrayList.java:1597)
	at java.base/java.util.ArrayList.forEach(ArrayList.java:1597)

[ERROR] Tests run: 73, Failures: 2, Errors: 51, Skipped: 0, Time elapsed: 0.461 s <<< FAILURE! -- in org.jsoup.integration.ConnectTest
[ERROR] org.jsoup.integration.ConnectTest.multipleParsesOkAfterBufferUp -- Time elapsed: 0.010 s <<< ERROR!
java.lang.NoSuchMethodError: 'org.jsoup.nodes.Document$OutputSettings org.jsoup.nodes.Document$OutputSettings.charset(java.nio.charset.Charset)'
	at org.jsoup.helper.DataUtil.parseInputStream(DataUtil.java:339)
	at org.jsoup.helper.DataUtil.parseInputStream(DataUtil.java:230)
	at org.jsoup.helper.HttpConnection$Response.parse(HttpConnection.java:1007)
	at org.jsoup.integration.ConnectTest.multipleParsesOkAfterBufferUp(ConnectTest.java:423)
	at java.base/java.lang.reflect.Method.invoke(Method.java:580)
	at java.base/java.util.ArrayList.forEach(ArrayList.java:1597)
	at java.base/java.util.ArrayList.forEach(ArrayList.java:1597)

[ERROR] org.jsoup.integration.ConnectTest.multiCookieSet -- Time elapsed: 0.005 s <<< ERROR!
java.lang.NoSuchMethodError: 'org.jsoup.nodes.Document$OutputSettings org.jsoup.nodes.Document$OutputSettings.charset(java.nio.charset.Charset)'
	at org.jsoup.helper.DataUtil.parseInputStream(DataUtil.java:339)
	at org.jsoup.helper.DataUtil.parseInputStream(DataUtil.java:230)
	at org.jsoup.helper.HttpConnection$Response.parse(HttpConnection.java:1007)
	at org.jsoup.helper.HttpConnection.get(HttpConnection.java:353)
	at org.jsoup.integration.ConnectTest.multiCookieSet(ConnectTest.java:496)
	at java.base/java.lang.reflect.Method.invoke(Method.java:580)
	at java.base/java.util.ArrayList.forEach(ArrayList.java:1597)
	at java.base/java.util.ArrayList.forEach(ArrayList.java:1597)

[ERROR] org.jsoup.integration.ConnectTest.sendHeadRequest -- Time elapsed: 0.002 s <<< ERROR!
java.lang.NoSuchMethodError: 'org.jsoup.nodes.Document$OutputSettings org.jsoup.nodes.Document$OutputSettings.syntax(org.jsoup.nodes.Document$OutputSettings$Syntax)'
	at org.jsoup.parser.XmlTreeBuilder.initialiseParse(XmlTreeBuilder.java:50)
	at org.jsoup.parser.TreeBuilder.parse(TreeBuilder.java:76)
	at org.jsoup.parser.Parser.parseInput(Parser.java:89)
	at org.jsoup.helper.DataUtil.detectCharset(DataUtil.java:266)
	at org.jsoup.helper.DataUtil.detectCharset(DataUtil.java:242)
	at org.jsoup.helper.DataUtil.parseInputStream(DataUtil.java:229)
	at org.jsoup.helper.HttpConnection$Response.parse(HttpConnection.java:1007)
	at org.jsoup.integration.ConnectTest.sendHeadRequest(ConnectTest.java:815)
	at java.base/java.lang.reflect.Method.invoke(Method.java:580)
	at java.base/java.util.ArrayList.forEach(ArrayList.java:1597)
	at java.base/java.util.ArrayList.forEach(ArrayList.java:1597)

[ERROR] org.jsoup.integration.ConnectTest.fetchURIWithWhitespace -- Time elapsed: 0.002 s <<< ERROR!
java.lang.NoSuchMethodError: 'org.jsoup.nodes.Document$OutputSettings org.jsoup.nodes.Document$OutputSettings.charset(java.nio.charset.Charset)'
	at org.jsoup.helper.DataUtil.parseInputStream(DataUtil.java:339)
	at org.jsoup.helper.DataUtil.parseInputStream(DataUtil.java:230)
	at org.jsoup.helper.HttpConnection$Response.parse(HttpConnection.java:1007)
	at org.jsoup.helper.HttpConnection.get(HttpConnection.java:353)
	at org.jsoup.integration.ConnectTest.fetchURIWithWhitespace(ConnectTest.java:101)
	at java.base/java.lang.reflect.Method.invoke(Method.java:580)
	at java.base/java.util.ArrayList.forEach(ArrayList.java:1597)
	at java.base/java.util.ArrayList.forEach(ArrayList.java:1597)

[ERROR] org.jsoup.integration.ConnectTest.bodyAndBytesAvailableBeforeParse -- Time elapsed: 0.001 s <<< ERROR!
java.lang.NoSuchMethodError: 'org.jsoup.nodes.Document$OutputSettings org.jsoup.nodes.Document$OutputSettings.charset(java.nio.charset.Charset)'
	at org.jsoup.helper.DataUtil.parseInputStream(DataUtil.java:339)
	at org.jsoup.helper.DataUtil.parseInputStream(DataUtil.java:230)
	at org.jsoup.helper.HttpConnection$Response.parse(HttpConnection.java:1007)
	at org.jsoup.integration.ConnectTest.bodyAndBytesAvailableBeforeParse(ConnectTest.java:466)
	at java.base/java.lang.reflect.Method.invoke(Method.java:580)
	at java.base/java.util.ArrayList.forEach(ArrayList.java:1597)
	at java.base/java.util.ArrayList.forEach(ArrayList.java:1597)

[ERROR] org.jsoup.integration.ConnectTest.sendsRequestBodyStream -- Time elapsed: 0.004 s <<< ERROR!
java.lang.NoSuchMethodError: 'org.jsoup.nodes.Document$OutputSettings org.jsoup.nodes.Document$OutputSettings.charset(java.nio.charset.Charset)'
	at org.jsoup.helper.DataUtil.parseInputStream(DataUtil.java:339)
	at org.jsoup.helper.DataUtil.parseInputStream(DataUtil.java:230)
	at org.jsoup.helper.HttpConnection$Response.parse(HttpConnection.java:1007)
	at org.jsoup.helper.HttpConnection.post(HttpConnection.java:361)
	at org.jsoup.integration.ConnectTest.sendsRequestBodyStream(ConnectTest.java:278)
	at java.base/java.lang.reflect.Method.invoke(Method.java:580)
	at java.base/java.util.ArrayList.forEach(ArrayList.java:1597)
	at java.base/java.util.ArrayList.forEach(ArrayList.java:1597)

[ERROR] org.jsoup.integration.ConnectTest.formLoginFlow -- Time elapsed: 0.005 s <<< ERROR!
java.lang.NoSuchMethodError: 'org.jsoup.nodes.Document$OutputSettings org.jsoup.nodes.Document$OutputSettings.charset(java.nio.charset.Charset)'
	at org.jsoup.helper.DataUtil.parseInputStream(DataUtil.java:339)
	at org.jsoup.helper.DataUtil.parseInputStream(DataUtil.java:230)
	at org.jsoup.helper.HttpConnection$Response.parse(HttpConnection.java:1007)
	at org.jsoup.integration.ConnectTest.formLoginFlow(ConnectTest.java:908)
	at java.base/java.lang.reflect.Method.invoke(Method.java:580)
	at java.base/java.util.ArrayList.forEach(ArrayList.java:1597)
	at java.base/java.util.ArrayList.forEach(ArrayList.java:1597)

[ERROR] org.jsoup.integration.ConnectTest.statusMessage -- Time elapsed: 0.002 s <<< ERROR!
java.lang.NoSuchMethodError: 'org.jsoup.nodes.Document$OutputSettings org.jsoup.nodes.Document$OutputSettings.charset(java.nio.charset.Charset)'
	at org.jsoup.helper.DataUtil.parseInputStream(DataUtil.java:339)
	at org.jsoup.helper.DataUtil.parseInputStream(DataUtil.java:230)
	at org.jsoup.helper.HttpConnection$Response.parse(HttpConnection.java:1007)
	at org.jsoup.helper.HttpConnection.get(HttpConnection.java:353)
	at org.jsoup.integration.ConnectTest.statusMessage(ConnectTest.java:126)
	at java.base/java.lang.reflect.Method.invoke(Method.java:580)
	at java.base/java.util.ArrayList.forEach(ArrayList.java:1597)
	at java.base/java.util.ArrayList.forEach(ArrayList.java:1597)

[ERROR] org.jsoup.integration.ConnectTest.postHtmlFile -- Time elapsed: 0.020 s <<< ERROR!
java.lang.NoSuchMethodError: 'org.jsoup.nodes.Document$OutputSettings org.jsoup.nodes.Document$OutputSettings.charset(java.nio.charset.Charset)'
	at org.jsoup.helper.DataUtil.parseInputStream(DataUtil.java:339)
	at org.jsoup.helper.DataUtil.parseInputStream(DataUtil.java:230)
	at org.jsoup.helper.HttpConnection$Response.parse(HttpConnection.java:1007)
	at org.jsoup.integration.ConnectTest.postHtmlFile(ConnectTest.java:751)
	at java.base/java.lang.reflect.Method.invoke(Method.java:580)
	at java.base/java.util.ArrayList.forEach(ArrayList.java:1597)
	at java.base/java.util.ArrayList.forEach(ArrayList.java:1597)

[ERROR] org.jsoup.integration.ConnectTest.parseParseThrowsValidates -- Time elapsed: 0.002 s <<< FAILURE!
org.opentest4j.AssertionFailedError: Unexpected exception type thrown, expected: <java.lang.IllegalArgumentException> but was: <java.lang.NoSuchMethodError>
	at org.junit.jupiter.api.AssertionFailureBuilder.build(AssertionFailureBuilder.java:151)
	at org.junit.jupiter.api.AssertThrows.assertThrows(AssertThrows.java:67)
	at org.junit.jupiter.api.AssertThrows.assertThrows(AssertThrows.java:35)
	at org.junit.jupiter.api.Assertions.assertThrows(Assertions.java:3128)
	at org.jsoup.integration.ConnectTest.parseParseThrowsValidates(ConnectTest.java:472)
	at java.base/java.lang.reflect.Method.invoke(Method.java:580)
	at java.base/java.util.ArrayList.forEach(ArrayList.java:1597)
	at java.base/java.util.ArrayList.forEach(ArrayList.java:1597)
Caused by: java.lang.NoSuchMethodError: 'org.jsoup.nodes.Document$OutputSettings org.jsoup.nodes.Document$OutputSettings.charset(java.nio.charset.Charset)'
	at org.jsoup.helper.DataUtil.parseInputStream(DataUtil.java:339)
	at org.jsoup.helper.DataUtil.parseInputStream(DataUtil.java:230)
	at org.jsoup.helper.HttpConnection$Response.parse(HttpConnection.java:1007)
	at org.jsoup.integration.ConnectTest.lambda$parseParseThrowsValidates$1(ConnectTest.java:474)
	at org.junit.jupiter.api.AssertThrows.assertThrows(AssertThrows.java:53)
	... 6 more

[ERROR] org.jsoup.integration.ConnectTest.preservesUrlFragment -- Time elapsed: 0.001 s <<< ERROR!
java.lang.NoSuchMethodError: 'org.jsoup.nodes.Document$OutputSettings org.jsoup.nodes.Document$OutputSettings.charset(java.nio.charset.Charset)'
	at org.jsoup.helper.DataUtil.parseInputStream(DataUtil.java:339)
	at org.jsoup.helper.DataUtil.parseInputStream(DataUtil.java:230)
	at org.jsoup.helper.HttpConnection$Response.parse(HttpConnection.java:1007)
	at org.jsoup.helper.HttpConnection.get(HttpConnection.java:353)
	at org.jsoup.integration.ConnectTest.preservesUrlFragment(ConnectTest.java:954)
	at java.base/java.lang.reflect.Method.invoke(Method.java:580)
	at java.base/java.util.ArrayList.forEach(ArrayList.java:1597)
	at java.base/java.util.ArrayList.forEach(ArrayList.java:1597)

[ERROR] org.jsoup.integration.ConnectTest.imageXmlMimeType -- Time elapsed: 0.001 s <<< ERROR!
java.lang.NoSuchMethodError: 'org.jsoup.nodes.Document$OutputSettings org.jsoup.nodes.Document$OutputSettings.syntax(org.jsoup.nodes.Document$OutputSettings$Syntax)'
	at org.jsoup.parser.XmlTreeBuilder.initialiseParse(XmlTreeBuilder.java:50)
	at org.jsoup.parser.TreeBuilder.parse(TreeBuilder.java:76)
	at org.jsoup.parser.Parser.parseInput(Parser.java:89)
	at org.jsoup.helper.DataUtil.detectCharset(DataUtil.java:266)
	at org.jsoup.helper.DataUtil.detectCharset(DataUtil.java:242)
	at org.jsoup.helper.DataUtil.parseInputStream(DataUtil.java:229)
	at org.jsoup.helper.HttpConnection$Response.parse(HttpConnection.java:1007)
	at org.jsoup.helper.HttpConnection.get(HttpConnection.java:353)
	at org.jsoup.integration.ConnectTest.imageXmlMimeType(ConnectTest.java:677)
	at java.base/java.lang.reflect.Method.invoke(Method.java:580)
	at java.base/java.util.ArrayList.forEach(ArrayList.java:1597)
	at java.base/java.util.ArrayList.forEach(ArrayList.java:1597)

[ERROR] org.jsoup.integration.ConnectTest.multipleParsesOkAfterReadFully -- Time elapsed: 0.002 s <<< ERROR!
java.lang.NoSuchMethodError: 'org.jsoup.nodes.Document$OutputSettings org.jsoup.nodes.Document$OutputSettings.charset(java.nio.charset.Charset)'
	at org.jsoup.helper.DataUtil.parseInputStream(DataUtil.java:339)
	at org.jsoup.helper.DataUtil.parseInputStream(DataUtil.java:230)
	at org.jsoup.helper.HttpConnection$Response.parse(HttpConnection.java:1007)
	at org.jsoup.integration.ConnectTest.multipleParsesOkAfterReadFully(ConnectTest.java:411)
	at java.base/java.lang.reflect.Method.invoke(Method.java:580)
	at java.base/java.util.ArrayList.forEach(ArrayList.java:1597)
	at java.base/java.util.ArrayList.forEach(ArrayList.java:1597)

[ERROR] org.jsoup.integration.ConnectTest.testSupplyParserToConnection -- Time elapsed: 0.001 s <<< ERROR!
java.lang.NoSuchMethodError: 'org.jsoup.nodes.Document$OutputSettings org.jsoup.nodes.Document$OutputSettings.syntax(org.jsoup.nodes.Document$OutputSettings$Syntax)'
	at org.jsoup.parser.XmlTreeBuilder.initialiseParse(XmlTreeBuilder.java:50)
	at org.jsoup.parser.TreeBuilder.parse(TreeBuilder.java:76)
	at org.jsoup.parser.Parser.parseInput(Parser.java:89)
	at org.jsoup.helper.DataUtil.detectCharset(DataUtil.java:266)
	at org.jsoup.helper.DataUtil.detectCharset(DataUtil.java:242)
	at org.jsoup.helper.DataUtil.parseInputStream(DataUtil.java:229)
	at org.jsoup.helper.HttpConnection$Response.parse(HttpConnection.java:1007)
	at org.jsoup.helper.HttpConnection.get(HttpConnection.java:353)
	at org.jsoup.integration.ConnectTest.testSupplyParserToConnection(ConnectTest.java:656)
	at java.base/java.lang.reflect.Method.invoke(Method.java:580)
	at java.base/java.util.ArrayList.forEach(ArrayList.java:1597)
	at java.base/java.util.ArrayList.forEach(ArrayList.java:1597)

[ERROR] org.jsoup.integration.ConnectTest.maxBodySize -- Time elapsed: 0.010 s <<< ERROR!
java.lang.NoSuchMethodError: 'org.jsoup.nodes.Document$OutputSettings org.jsoup.nodes.Document$OutputSettings.charset(java.nio.charset.Charset)'
	at org.jsoup.helper.DataUtil.parseInputStream(DataUtil.java:339)
	at org.jsoup.helper.DataUtil.parseInputStream(DataUtil.java:230)
	at org.jsoup.helper.HttpConnection$Response.parse(HttpConnection.java:1007)
	at org.jsoup.integration.ConnectTest.maxBodySize(ConnectTest.java:850)
	at java.base/java.lang.reflect.Method.invoke(Method.java:580)
	at java.base/java.util.ArrayList.forEach(ArrayList.java:1597)
	at java.base/java.util.ArrayList.forEach(ArrayList.java:1597)

[ERROR] org.jsoup.integration.ConnectTest.handlesUnknownEscapesAcrossBuffer -- Time elapsed: 0.004 s <<< ERROR!
java.lang.NoSuchMethodError: 'org.jsoup.nodes.Document$OutputSettings org.jsoup.nodes.Document$OutputSettings.charset(java.nio.charset.Charset)'
	at org.jsoup.helper.DataUtil.parseInputStream(DataUtil.java:339)
	at org.jsoup.helper.DataUtil.parseInputStream(DataUtil.java:230)
	at org.jsoup.helper.HttpConnection$Response.parse(HttpConnection.java:1007)
	at org.jsoup.helper.HttpConnection.get(HttpConnection.java:353)
	at org.jsoup.integration.ConnectTest.handlesUnknownEscapesAcrossBuffer(ConnectTest.java:716)
	at java.base/java.lang.reflect.Method.invoke(Method.java:580)
	at java.base/java.util.ArrayList.forEach(ArrayList.java:1597)
	at java.base/java.util.ArrayList.forEach(ArrayList.java:1597)

[ERROR] org.jsoup.integration.ConnectTest.doesPostMultipartWithoutInputstream -- Time elapsed: 0.003 s <<< ERROR!
java.lang.NoSuchMethodError: 'org.jsoup.nodes.Document$OutputSettings org.jsoup.nodes.Document$OutputSettings.charset(java.nio.charset.Charset)'
	at org.jsoup.helper.DataUtil.parseInputStream(DataUtil.java:339)
	at org.jsoup.helper.DataUtil.parseInputStream(DataUtil.java:230)
	at org.jsoup.helper.HttpConnection$Response.parse(HttpConnection.java:1007)
	at org.jsoup.helper.HttpConnection.post(HttpConnection.java:361)
	at org.jsoup.integration.ConnectTest.doesPostMultipartWithoutInputstream(ConnectTest.java:181)
	at java.base/java.lang.reflect.Method.invoke(Method.java:580)
	at java.base/java.util.ArrayList.forEach(ArrayList.java:1597)
	at java.base/java.util.ArrayList.forEach(ArrayList.java:1597)

[ERROR] org.jsoup.integration.ConnectTest.sendsRequestBodyWithUrlParams -- Time elapsed: 0.001 s <<< ERROR!
java.lang.NoSuchMethodError: 'org.jsoup.nodes.Document$OutputSettings org.jsoup.nodes.Document$OutputSettings.charset(java.nio.charset.Charset)'
	at org.jsoup.helper.DataUtil.parseInputStream(DataUtil.java:339)
	at org.jsoup.helper.DataUtil.parseInputStream(DataUtil.java:230)
	at org.jsoup.helper.HttpConnection$Response.parse(HttpConnection.java:1007)
	at org.jsoup.helper.HttpConnection.post(HttpConnection.java:361)
	at org.jsoup.integration.ConnectTest.sendsRequestBodyWithUrlParams(ConnectTest.java:264)
	at java.base/java.lang.reflect.Method.invoke(Method.java:580)
	at java.base/java.util.ArrayList.forEach(ArrayList.java:1597)
	at java.base/java.util.ArrayList.forEach(ArrayList.java:1597)

[ERROR] org.jsoup.integration.ConnectTest.fetchURl -- Time elapsed: 0.002 s <<< ERROR!
java.lang.NoSuchMethodError: 'org.jsoup.nodes.Document$OutputSettings org.jsoup.nodes.Document$OutputSettings.charset(java.nio.charset.Charset)'
	at org.jsoup.helper.DataUtil.parseInputStream(DataUtil.java:339)
	at org.jsoup.helper.DataUtil.parseInputStream(DataUtil.java:230)
	at org.jsoup.helper.HttpConnection$Response.parse(HttpConnection.java:1007)
	at org.jsoup.helper.HttpConnection.get(HttpConnection.java:353)
	at org.jsoup.Jsoup.parse(Jsoup.java:332)
	at org.jsoup.integration.ConnectTest.fetchURl(ConnectTest.java:94)
	at java.base/java.lang.reflect.Method.invoke(Method.java:580)
	at java.base/java.util.ArrayList.forEach(ArrayList.java:1597)
	at java.base/java.util.ArrayList.forEach(ArrayList.java:1597)

[ERROR] org.jsoup.integration.ConnectTest.fetchUnicodeUrl -- Time elapsed: 0.002 s <<< ERROR!
java.lang.NoSuchMethodError: 'org.jsoup.nodes.Document$OutputSettings org.jsoup.nodes.Document$OutputSettings.charset(java.nio.charset.Charset)'
	at org.jsoup.helper.DataUtil.parseInputStream(DataUtil.java:339)
	at org.jsoup.helper.DataUtil.parseInputStream(DataUtil.java:230)
	at org.jsoup.helper.HttpConnection$Response.parse(HttpConnection.java:1007)
	at org.jsoup.helper.HttpConnection.get(HttpConnection.java:353)
	at org.jsoup.integration.ConnectTest.fetchUnicodeUrl(ConnectTest.java:960)
	at java.base/java.lang.reflect.Method.invoke(Method.java:580)
	at java.base/java.util.ArrayList.forEach(ArrayList.java:1597)
	at java.base/java.util.ArrayList.forEach(ArrayList.java:1597)

[ERROR] org.jsoup.integration.ConnectTest.sendsRequestBody -- Time elapsed: 0.001 s <<< ERROR!
java.lang.NoSuchMethodError: 'org.jsoup.nodes.Document$OutputSettings org.jsoup.nodes.Document$OutputSettings.charset(java.nio.charset.Charset)'
	at org.jsoup.helper.DataUtil.parseInputStream(DataUtil.java:339)
	at org.jsoup.helper.DataUtil.parseInputStream(DataUtil.java:230)
	at org.jsoup.helper.HttpConnection$Response.parse(HttpConnection.java:1007)
	at org.jsoup.helper.HttpConnection.post(HttpConnection.java:361)
	at org.jsoup.integration.ConnectTest.sendsRequestBody(ConnectTest.java:251)
	at java.base/java.lang.reflect.Method.invoke(Method.java:580)
	at java.base/java.util.ArrayList.forEach(ArrayList.java:1597)
	at java.base/java.util.ArrayList.forEach(ArrayList.java:1597)

[ERROR] org.jsoup.integration.ConnectTest.bodyAfterParseThrowsValidationError -- Time elapsed: 0.001 s <<< FAILURE!
org.opentest4j.AssertionFailedError: Unexpected exception type thrown, expected: <java.lang.IllegalArgumentException> but was: <java.lang.NoSuchMethodError>
	at org.junit.jupiter.api.AssertionFailureBuilder.build(AssertionFailureBuilder.java:151)
	at org.junit.jupiter.api.AssertThrows.assertThrows(AssertThrows.java:67)
	at org.junit.jupiter.api.AssertThrows.assertThrows(AssertThrows.java:35)
	at org.junit.jupiter.api.Assertions.assertThrows(Assertions.java:3128)
	at org.jsoup.integration.ConnectTest.bodyAfterParseThrowsValidationError(ConnectTest.java:451)
	at java.base/java.lang.reflect.Method.invoke(Method.java:580)
	at java.base/java.util.ArrayList.forEach(ArrayList.java:1597)
	at java.base/java.util.ArrayList.forEach(ArrayList.java:1597)
Caused by: java.lang.NoSuchMethodError: 'org.jsoup.nodes.Document$OutputSettings org.jsoup.nodes.Document$OutputSettings.charset(java.nio.charset.Charset)'
	at org.jsoup.helper.DataUtil.parseInputStream(DataUtil.java:339)
	at org.jsoup.helper.DataUtil.parseInputStream(DataUtil.java:230)
	at org.jsoup.helper.HttpConnection$Response.parse(HttpConnection.java:1007)
	at org.jsoup.integration.ConnectTest.lambda$bodyAfterParseThrowsValidationError$0(ConnectTest.java:453)
	at org.junit.jupiter.api.AssertThrows.assertThrows(AssertThrows.java:53)
	... 6 more

[ERROR] org.jsoup.integration.ConnectTest.doesDeleteWithBody -- Time elapsed: 0.002 s <<< ERROR!
java.lang.NoSuchMethodError: 'org.jsoup.nodes.Document$OutputSettings org.jsoup.nodes.Document$OutputSettings.charset(java.nio.charset.Charset)'
	at org.jsoup.helper.DataUtil.parseInputStream(DataUtil.java:339)
	at org.jsoup.helper.DataUtil.parseInputStream(DataUtil.java:230)
	at org.jsoup.helper.HttpConnection$Response.parse(HttpConnection.java:1007)
	at org.jsoup.integration.ConnectTest.doesDeleteWithBody(ConnectTest.java:348)
	at java.base/java.lang.reflect.Method.invoke(Method.java:580)
	at java.base/java.util.ArrayList.forEach(ArrayList.java:1597)
	at java.base/java.util.ArrayList.forEach(ArrayList.java:1597)

[ERROR] org.jsoup.integration.ConnectTest.canConnectToLocalTlsServer -- Time elapsed: 0.002 s <<< ERROR!
java.lang.NoSuchMethodError: 'org.jsoup.nodes.Document$OutputSettings org.jsoup.nodes.Document$OutputSettings.charset(java.nio.charset.Charset)'
	at org.jsoup.helper.DataUtil.parseInputStream(DataUtil.java:339)
	at org.jsoup.helper.DataUtil.parseInputStream(DataUtil.java:230)
	at org.jsoup.helper.HttpConnection$Response.parse(HttpConnection.java:1007)
	at org.jsoup.helper.HttpConnection.get(HttpConnection.java:353)
	at org.jsoup.integration.ConnectTest.canConnectToLocalTlsServer(ConnectTest.java:87)
	at java.base/java.lang.reflect.Method.invoke(Method.java:580)
	at java.base/java.util.ArrayList.forEach(ArrayList.java:1597)
	at java.base/java.util.ArrayList.forEach(ArrayList.java:1597)

[ERROR] org.jsoup.integration.ConnectTest.handlesRedirect -- Time elapsed: 0.002 s <<< ERROR!
java.lang.NoSuchMethodError: 'org.jsoup.nodes.Document$OutputSettings org.jsoup.nodes.Document$OutputSettings.charset(java.nio.charset.Charset)'
	at org.jsoup.helper.DataUtil.parseInputStream(DataUtil.java:339)
	at org.jsoup.helper.DataUtil.parseInputStream(DataUtil.java:230)
	at org.jsoup.helper.HttpConnection$Response.parse(HttpConnection.java:1007)
	at org.jsoup.helper.HttpConnection.get(HttpConnection.java:353)
	at org.jsoup.integration.ConnectTest.handlesRedirect(ConnectTest.java:560)
	at java.base/java.lang.reflect.Method.invoke(Method.java:580)
	at java.base/java.util.ArrayList.forEach(ArrayList.java:1597)
	at java.base/java.util.ArrayList.forEach(ArrayList.java:1597)

[ERROR] org.jsoup.integration.ConnectTest.doesPost -- Time elapsed: 0.002 s <<< ERROR!
java.lang.NoSuchMethodError: 'org.jsoup.nodes.Document$OutputSettings org.jsoup.nodes.Document$OutputSettings.charset(java.nio.charset.Charset)'
	at org.jsoup.helper.DataUtil.parseInputStream(DataUtil.java:339)
	at org.jsoup.helper.DataUtil.parseInputStream(DataUtil.java:230)
	at org.jsoup.helper.HttpConnection$Response.parse(HttpConnection.java:1007)
	at org.jsoup.helper.HttpConnection.post(HttpConnection.java:361)
	at org.jsoup.integration.ConnectTest.doesPost(ConnectTest.java:166)
	at java.base/java.lang.reflect.Method.invoke(Method.java:580)
	at java.base/java.util.ArrayList.forEach(ArrayList.java:1597)
	at java.base/java.util.ArrayList.forEach(ArrayList.java:1597)

[ERROR] org.jsoup.integration.ConnectTest.getUtf8Bom -- Time elapsed: 0.001 s <<< ERROR!
java.lang.NoSuchMethodError: 'org.jsoup.nodes.Document$OutputSettings org.jsoup.nodes.Document$OutputSettings.charset(java.nio.charset.Charset)'
	at org.jsoup.helper.DataUtil.parseInputStream(DataUtil.java:339)
	at org.jsoup.helper.DataUtil.parseInputStream(DataUtil.java:230)
	at org.jsoup.helper.HttpConnection$Response.parse(HttpConnection.java:1007)
	at org.jsoup.helper.HttpConnection.get(HttpConnection.java:353)
	at org.jsoup.integration.ConnectTest.getUtf8Bom(ConnectTest.java:605)
	at java.base/java.lang.reflect.Method.invoke(Method.java:580)
	at java.base/java.util.ArrayList.forEach(ArrayList.java:1597)
	at java.base/java.util.ArrayList.forEach(ArrayList.java:1597)

[ERROR] org.jsoup.integration.ConnectTest.supportsDeflate -- Time elapsed: 0.002 s <<< ERROR!
java.lang.NoSuchMethodError: 'org.jsoup.nodes.Document$OutputSettings org.jsoup.nodes.Document$OutputSettings.charset(java.nio.charset.Charset)'
	at org.jsoup.helper.DataUtil.parseInputStream(DataUtil.java:339)
	at org.jsoup.helper.DataUtil.parseInputStream(DataUtil.java:230)
	at org.jsoup.helper.HttpConnection$Response.parse(HttpConnection.java:1007)
	at org.jsoup.integration.ConnectTest.supportsDeflate(ConnectTest.java:521)
	at java.base/java.lang.reflect.Method.invoke(Method.java:580)
	at java.base/java.util.ArrayList.forEach(ArrayList.java:1597)
	at java.base/java.util.ArrayList.forEach(ArrayList.java:1597)

[ERROR] org.jsoup.integration.ConnectTest.canAuthenticate(String)[1] -- Time elapsed: 0.008 s <<< ERROR!
java.lang.NoSuchMethodError: 'org.jsoup.nodes.Document$OutputSettings org.jsoup.nodes.Document$OutputSettings.charset(java.nio.charset.Charset)'
	at org.jsoup.helper.DataUtil.parseInputStream(DataUtil.java:339)
	at org.jsoup.helper.DataUtil.parseInputStream(DataUtil.java:230)
	at org.jsoup.helper.HttpConnection$Response.parse(HttpConnection.java:1007)
	at org.jsoup.integration.ConnectTest.canAuthenticate(ConnectTest.java:1016)
	at java.base/java.lang.reflect.Method.invoke(Method.java:580)
	at java.base/java.util.Optional.ifPresent(Optional.java:178)
	at java.base/java.util.stream.ForEachOps$ForEachOp$OfRef.accept(ForEachOps.java:184)
	at java.base/java.util.stream.ReferencePipeline$3$1.accept(ReferencePipeline.java:215)
	at java.base/java.util.stream.ForEachOps$ForEachOp$OfRef.accept(ForEachOps.java:184)
	at java.base/java.util.stream.ForEachOps$ForEachOp$OfRef.accept(ForEachOps.java:184)
	at java.base/java.util.stream.ReferencePipeline$3$1.accept(ReferencePipeline.java:215)
	at java.base/java.util.Spliterators$ArraySpliterator.forEachRemaining(Spliterators.java:1024)
	at java.base/java.util.stream.ReferencePipeline$Head.forEach(ReferencePipeline.java:807)
	at java.base/java.util.stream.ReferencePipeline$7$1FlatMap.accept(ReferencePipeline.java:294)
	at java.base/java.util.stream.ReferencePipeline$3$1.accept(ReferencePipeline.java:215)
	at java.base/java.util.stream.ReferencePipeline$3$1.accept(ReferencePipeline.java:215)
	at java.base/java.util.stream.ReferencePipeline$3$1.accept(ReferencePipeline.java:215)
	at java.base/java.util.Spliterators$ArraySpliterator.forEachRemaining(Spliterators.java:1024)
	at java.base/java.util.stream.AbstractPipeline.copyInto(AbstractPipeline.java:570)
	at java.base/java.util.stream.AbstractPipeline.wrapAndCopyInto(AbstractPipeline.java:560)
	at java.base/java.util.stream.ForEachOps$ForEachOp.evaluateSequential(ForEachOps.java:151)
	at java.base/java.util.stream.ForEachOps$ForEachOp$OfRef.evaluateSequential(ForEachOps.java:174)
	at java.base/java.util.stream.AbstractPipeline.evaluate(AbstractPipeline.java:265)
	at java.base/java.util.stream.ReferencePipeline.forEach(ReferencePipeline.java:636)
	at java.base/java.util.stream.ReferencePipeline$7$1FlatMap.accept(ReferencePipeline.java:294)
	at java.base/java.util.ArrayList$ArrayListSpliterator.forEachRemaining(ArrayList.java:1709)
	at java.base/java.util.stream.AbstractPipeline.copyInto(AbstractPipeline.java:570)
	at java.base/java.util.stream.AbstractPipeline.wrapAndCopyInto(AbstractPipeline.java:560)
	at java.base/java.util.stream.ForEachOps$ForEachOp.evaluateSequential(ForEachOps.java:151)
	at java.base/java.util.stream.ForEachOps$ForEachOp$OfRef.evaluateSequential(ForEachOps.java:174)
	at java.base/java.util.stream.AbstractPipeline.evaluate(AbstractPipeline.java:265)
	at java.base/java.util.stream.ReferencePipeline.forEach(ReferencePipeline.java:636)
	at java.base/java.util.stream.ReferencePipeline$7$1FlatMap.accept(ReferencePipeline.java:294)
	at java.base/java.util.stream.ReferencePipeline$3$1.accept(ReferencePipeline.java:215)
	at java.base/java.util.stream.ReferencePipeline$3$1.accept(ReferencePipeline.java:215)
	at java.base/java.util.stream.ReferencePipeline$3$1.accept(ReferencePipeline.java:215)
	at java.base/java.util.ArrayList$ArrayListSpliterator.forEachRemaining(ArrayList.java:1709)
	at java.base/java.util.stream.AbstractPipeline.copyInto(AbstractPipeline.java:570)
	at java.base/java.util.stream.AbstractPipeline.wrapAndCopyInto(AbstractPipeline.java:560)
	at java.base/java.util.stream.ForEachOps$ForEachOp.evaluateSequential(ForEachOps.java:151)
	at java.base/java.util.stream.ForEachOps$ForEachOp$OfRef.evaluateSequential(ForEachOps.java:174)
	at java.base/java.util.stream.AbstractPipeline.evaluate(AbstractPipeline.java:265)
	at java.base/java.util.stream.ReferencePipeline.forEach(ReferencePipeline.java:636)
	at java.base/java.util.ArrayList.forEach(ArrayList.java:1597)
	at java.base/java.util.ArrayList.forEach(ArrayList.java:1597)

[ERROR] org.jsoup.integration.ConnectTest.canAuthenticate(String)[2] -- Time elapsed: 0.031 s <<< ERROR!
java.lang.NoSuchMethodError: 'org.jsoup.nodes.Document$OutputSettings org.jsoup.nodes.Document$OutputSettings.charset(java.nio.charset.Charset)'
	at org.jsoup.helper.DataUtil.parseInputStream(DataUtil.java:339)
	at org.jsoup.helper.DataUtil.parseInputStream(DataUtil.java:230)
	at org.jsoup.helper.HttpConnection$Response.parse(HttpConnection.java:1007)
	at org.jsoup.integration.ConnectTest.canAuthenticate(ConnectTest.java:1016)
	at java.base/java.lang.reflect.Method.invoke(Method.java:580)
	at java.base/java.util.Optional.ifPresent(Optional.java:178)
	at java.base/java.util.stream.ForEachOps$ForEachOp$OfRef.accept(ForEachOps.java:184)
	at java.base/java.util.stream.ReferencePipeline$3$1.accept(ReferencePipeline.java:215)
	at java.base/java.util.stream.ForEachOps$ForEachOp$OfRef.accept(ForEachOps.java:184)
	at java.base/java.util.stream.ForEachOps$ForEachOp$OfRef.accept(ForEachOps.java:184)
	at java.base/java.util.stream.ReferencePipeline$3$1.accept(ReferencePipeline.java:215)
	at java.base/java.util.Spliterators$ArraySpliterator.forEachRemaining(Spliterators.java:1024)
	at java.base/java.util.stream.ReferencePipeline$Head.forEach(ReferencePipeline.java:807)
	at java.base/java.util.stream.ReferencePipeline$7$1FlatMap.accept(ReferencePipeline.java:294)
	at java.base/java.util.stream.ReferencePipeline$3$1.accept(ReferencePipeline.java:215)
	at java.base/java.util.stream.ReferencePipeline$3$1.accept(ReferencePipeline.java:215)
	at java.base/java.util.stream.ReferencePipeline$3$1.accept(ReferencePipeline.java:215)
	at java.base/java.util.Spliterators$ArraySpliterator.forEachRemaining(Spliterators.java:1024)
	at java.base/java.util.stream.AbstractPipeline.copyInto(AbstractPipeline.java:570)
	at java.base/java.util.stream.AbstractPipeline.wrapAndCopyInto(AbstractPipeline.java:560)
	at java.base/java.util.stream.ForEachOps$ForEachOp.evaluateSequential(ForEachOps.java:151)
	at java.base/java.util.stream.ForEachOps$ForEachOp$OfRef.evaluateSequential(ForEachOps.java:174)
	at java.base/java.util.stream.AbstractPipeline.evaluate(AbstractPipeline.java:265)
	at java.base/java.util.stream.ReferencePipeline.forEach(ReferencePipeline.java:636)
	at java.base/java.util.stream.ReferencePipeline$7$1FlatMap.accept(ReferencePipeline.java:294)
	at java.base/java.util.ArrayList$ArrayListSpliterator.forEachRemaining(ArrayList.java:1709)
	at java.base/java.util.stream.AbstractPipeline.copyInto(AbstractPipeline.java:570)
	at java.base/java.util.stream.AbstractPipeline.wrapAndCopyInto(AbstractPipeline.java:560)
	at java.base/java.util.stream.ForEachOps$ForEachOp.evaluateSequential(ForEachOps.java:151)
	at java.base/java.util.stream.ForEachOps$ForEachOp$OfRef.evaluateSequential(ForEachOps.java:174)
	at java.base/java.util.stream.AbstractPipeline.evaluate(AbstractPipeline.java:265)
	at java.base/java.util.stream.ReferencePipeline.forEach(ReferencePipeline.java:636)
	at java.base/java.util.stream.ReferencePipeline$7$1FlatMap.accept(ReferencePipeline.java:294)
	at java.base/java.util.stream.ReferencePipeline$3$1.accept(ReferencePipeline.java:215)
	at java.base/java.util.stream.ReferencePipeline$3$1.accept(ReferencePipeline.java:215)
	at java.base/java.util.stream.ReferencePipeline$3$1.accept(ReferencePipeline.java:215)
	at java.base/java.util.ArrayList$ArrayListSpliterator.forEachRemaining(ArrayList.java:1709)
	at java.base/java.util.stream.AbstractPipeline.copyInto(AbstractPipeline.java:570)
	at java.base/java.util.stream.AbstractPipeline.wrapAndCopyInto(AbstractPipeline.java:560)
	at java.base/java.util.stream.ForEachOps$ForEachOp.evaluateSequential(ForEachOps.java:151)
	at java.base/java.util.stream.ForEachOps$ForEachOp$OfRef.evaluateSequential(ForEachOps.java:174)
	at java.base/java.util.stream.AbstractPipeline.evaluate(AbstractPipeline.java:265)
	at java.base/java.util.stream.ReferencePipeline.forEach(ReferencePipeline.java:636)
	at java.base/java.util.ArrayList.forEach(ArrayList.java:1597)
	at java.base/java.util.ArrayList.forEach(ArrayList.java:1597)

[ERROR] org.jsoup.integration.ConnectTest.repeatable -- Time elapsed: 0.003 s <<< ERROR!
java.lang.NoSuchMethodError: 'org.jsoup.nodes.Document$OutputSettings org.jsoup.nodes.Document$OutputSettings.syntax(org.jsoup.nodes.Document$OutputSettings$Syntax)'
	at org.jsoup.parser.XmlTreeBuilder.initialiseParse(XmlTreeBuilder.java:50)
	at org.jsoup.parser.TreeBuilder.parse(TreeBuilder.java:76)
	at org.jsoup.parser.Parser.parseInput(Parser.java:89)
	at org.jsoup.helper.DataUtil.detectCharset(DataUtil.java:266)
	at org.jsoup.helper.DataUtil.detectCharset(DataUtil.java:242)
	at org.jsoup.helper.DataUtil.parseInputStream(DataUtil.java:229)
	at org.jsoup.helper.HttpConnection$Response.parse(HttpConnection.java:1007)
	at org.jsoup.helper.HttpConnection.get(HttpConnection.java:353)
	at org.jsoup.integration.ConnectTest.repeatable(ConnectTest.java:860)
	at java.base/java.lang.reflect.Method.invoke(Method.java:580)
	at java.base/java.util.ArrayList.forEach(ArrayList.java:1597)
	at java.base/java.util.ArrayList.forEach(ArrayList.java:1597)

[ERROR] org.jsoup.integration.ConnectTest.sendsRequestBodyJsonWithoutData -- Time elapsed: 0.002 s <<< ERROR!
java.lang.NoSuchMethodError: 'org.jsoup.nodes.Document$OutputSettings org.jsoup.nodes.Document$OutputSettings.charset(java.nio.charset.Charset)'
	at org.jsoup.helper.DataUtil.parseInputStream(DataUtil.java:339)
	at org.jsoup.helper.DataUtil.parseInputStream(DataUtil.java:230)
	at org.jsoup.helper.HttpConnection$Response.parse(HttpConnection.java:1007)
	at org.jsoup.helper.HttpConnection.post(HttpConnection.java:361)
	at org.jsoup.integration.ConnectTest.sendsRequestBodyJsonWithoutData(ConnectTest.java:239)
	at java.base/java.lang.reflect.Method.invoke(Method.java:580)
	at java.base/java.util.ArrayList.forEach(ArrayList.java:1597)
	at java.base/java.util.ArrayList.forEach(ArrayList.java:1597)

[ERROR] org.jsoup.integration.ConnectTest.doesDeleteWithoutBody -- Time elapsed: 0.001 s <<< ERROR!
java.lang.NoSuchMethodError: 'org.jsoup.nodes.Document$OutputSettings org.jsoup.nodes.Document$OutputSettings.charset(java.nio.charset.Charset)'
	at org.jsoup.helper.DataUtil.parseInputStream(DataUtil.java:339)
	at org.jsoup.helper.DataUtil.parseInputStream(DataUtil.java:230)
	at org.jsoup.helper.HttpConnection$Response.parse(HttpConnection.java:1007)
	at org.jsoup.integration.ConnectTest.doesDeleteWithoutBody(ConnectTest.java:359)
	at java.base/java.lang.reflect.Method.invoke(Method.java:580)
	at java.base/java.util.ArrayList.forEach(ArrayList.java:1597)
	at java.base/java.util.ArrayList.forEach(ArrayList.java:1597)

[ERROR] org.jsoup.integration.ConnectTest.formLoginFlow2 -- Time elapsed: 0.003 s <<< ERROR!
java.lang.NoSuchMethodError: 'org.jsoup.nodes.Document$OutputSettings org.jsoup.nodes.Document$OutputSettings.charset(java.nio.charset.Charset)'
	at org.jsoup.helper.DataUtil.parseInputStream(DataUtil.java:339)
	at org.jsoup.helper.DataUtil.parseInputStream(DataUtil.java:230)
	at org.jsoup.helper.HttpConnection$Response.parse(HttpConnection.java:1007)
	at org.jsoup.integration.ConnectTest.formLoginFlow2(ConnectTest.java:944)
	at java.base/java.lang.reflect.Method.invoke(Method.java:580)
	at java.base/java.util.ArrayList.forEach(ArrayList.java:1597)
	at java.base/java.util.ArrayList.forEach(ArrayList.java:1597)

[ERROR] org.jsoup.integration.ConnectTest.combinesSameHeadersWithComma -- Time elapsed: 0.001 s <<< ERROR!
java.lang.NoSuchMethodError: 'org.jsoup.nodes.Document$OutputSettings org.jsoup.nodes.Document$OutputSettings.charset(java.nio.charset.Charset)'
	at org.jsoup.helper.DataUtil.parseInputStream(DataUtil.java:339)
	at org.jsoup.helper.DataUtil.parseInputStream(DataUtil.java:230)
	at org.jsoup.helper.HttpConnection$Response.parse(HttpConnection.java:1007)
	at org.jsoup.helper.HttpConnection.get(HttpConnection.java:353)
	at org.jsoup.integration.ConnectTest.combinesSameHeadersWithComma(ConnectTest.java:794)
	at java.base/java.lang.reflect.Method.invoke(Method.java:580)
	at java.base/java.util.ArrayList.forEach(ArrayList.java:1597)
	at java.base/java.util.ArrayList.forEach(ArrayList.java:1597)

[ERROR] org.jsoup.integration.ConnectTest.sendsRequestBodyJsonWithData -- Time elapsed: 0.001 s <<< ERROR!
java.lang.NoSuchMethodError: 'org.jsoup.nodes.Document$OutputSettings org.jsoup.nodes.Document$OutputSettings.charset(java.nio.charset.Charset)'
	at org.jsoup.helper.DataUtil.parseInputStream(DataUtil.java:339)
	at org.jsoup.helper.DataUtil.parseInputStream(DataUtil.java:230)
	at org.jsoup.helper.HttpConnection$Response.parse(HttpConnection.java:1007)
	at org.jsoup.helper.HttpConnection.post(HttpConnection.java:361)
	at org.jsoup.integration.ConnectTest.sendsRequestBodyJsonWithData(ConnectTest.java:226)
	at java.base/java.lang.reflect.Method.invoke(Method.java:580)
	at java.base/java.util.ArrayList.forEach(ArrayList.java:1597)
	at java.base/java.util.ArrayList.forEach(ArrayList.java:1597)

[ERROR] org.jsoup.integration.ConnectTest.willEscapePathInRedirect -- Time elapsed: 0.002 s <<< ERROR!
java.lang.NoSuchMethodError: 'org.jsoup.nodes.Document$OutputSettings org.jsoup.nodes.Document$OutputSettings.charset(java.nio.charset.Charset)'
	at org.jsoup.helper.DataUtil.parseInputStream(DataUtil.java:339)
	at org.jsoup.helper.DataUtil.parseInputStream(DataUtil.java:230)
	at org.jsoup.helper.HttpConnection$Response.parse(HttpConnection.java:1007)
	at org.jsoup.helper.HttpConnection.get(HttpConnection.java:353)
	at org.jsoup.integration.ConnectTest.willEscapePathInRedirect(ConnectTest.java:973)
	at java.base/java.lang.reflect.Method.invoke(Method.java:580)
	at java.base/java.util.ArrayList.forEach(ArrayList.java:1597)
	at java.base/java.util.ArrayList.forEach(ArrayList.java:1597)

[ERROR] org.jsoup.integration.ConnectTest.doesPostFor307 -- Time elapsed: 0.002 s <<< ERROR!
java.lang.NoSuchMethodError: 'org.jsoup.nodes.Document$OutputSettings org.jsoup.nodes.Document$OutputSettings.charset(java.nio.charset.Charset)'
	at org.jsoup.helper.DataUtil.parseInputStream(DataUtil.java:339)
	at org.jsoup.helper.DataUtil.parseInputStream(DataUtil.java:230)
	at org.jsoup.helper.HttpConnection$Response.parse(HttpConnection.java:1007)
	at org.jsoup.helper.HttpConnection.post(HttpConnection.java:361)
	at org.jsoup.integration.ConnectTest.doesPostFor307(ConnectTest.java:596)
	at java.base/java.lang.reflect.Method.invoke(Method.java:580)
	at java.base/java.util.ArrayList.forEach(ArrayList.java:1597)
	at java.base/java.util.ArrayList.forEach(ArrayList.java:1597)

[ERROR] org.jsoup.integration.ConnectTest.fetchHandlesXml -- Time elapsed: 0.001 s <<< ERROR!
java.lang.NoSuchMethodError: 'org.jsoup.nodes.Document$OutputSettings org.jsoup.nodes.Document$OutputSettings.syntax(org.jsoup.nodes.Document$OutputSettings$Syntax)'
	at org.jsoup.parser.XmlTreeBuilder.initialiseParse(XmlTreeBuilder.java:50)
	at org.jsoup.parser.TreeBuilder.parse(TreeBuilder.java:76)
	at org.jsoup.parser.Parser.parseInput(Parser.java:89)
	at org.jsoup.helper.DataUtil.detectCharset(DataUtil.java:266)
	at org.jsoup.helper.DataUtil.detectCharset(DataUtil.java:242)
	at org.jsoup.helper.DataUtil.parseInputStream(DataUtil.java:229)
	at org.jsoup.helper.HttpConnection$Response.parse(HttpConnection.java:1007)
	at org.jsoup.helper.HttpConnection.get(HttpConnection.java:353)
	at org.jsoup.integration.ConnectTest.fetchHandlesXml(ConnectTest.java:771)
	at org.jsoup.integration.ConnectTest.fetchHandlesXml(ConnectTest.java:762)
	at java.base/java.lang.reflect.Method.invoke(Method.java:580)
	at java.base/java.util.ArrayList.forEach(ArrayList.java:1597)
	at java.base/java.util.ArrayList.forEach(ArrayList.java:1597)

[ERROR] org.jsoup.integration.ConnectTest.canConnectToLocalServer -- Time elapsed: 0.001 s <<< ERROR!
java.lang.NoSuchMethodError: 'org.jsoup.nodes.Document$OutputSettings org.jsoup.nodes.Document$OutputSettings.charset(java.nio.charset.Charset)'
	at org.jsoup.helper.DataUtil.parseInputStream(DataUtil.java:339)
	at org.jsoup.helper.DataUtil.parseInputStream(DataUtil.java:230)
	at org.jsoup.helper.HttpConnection$Response.parse(HttpConnection.java:1007)
	at org.jsoup.helper.HttpConnection.get(HttpConnection.java:353)
	at org.jsoup.integration.ConnectTest.canConnectToLocalServer(ConnectTest.java:80)
	at java.base/java.lang.reflect.Method.invoke(Method.java:580)
	at java.base/java.util.ArrayList.forEach(ArrayList.java:1597)
	at java.base/java.util.ArrayList.forEach(ArrayList.java:1597)

[ERROR] org.jsoup.integration.ConnectTest.ignoresExceptionIfSoConfigured -- Time elapsed: 0.002 s <<< ERROR!
java.lang.NoSuchMethodError: 'org.jsoup.nodes.Document$OutputSettings org.jsoup.nodes.Document$OutputSettings.charset(java.nio.charset.Charset)'
	at org.jsoup.helper.DataUtil.parseInputStream(DataUtil.java:339)
	at org.jsoup.helper.DataUtil.parseInputStream(DataUtil.java:230)
	at org.jsoup.helper.HttpConnection$Response.parse(HttpConnection.java:1007)
	at org.jsoup.integration.ConnectTest.ignoresExceptionIfSoConfigured(ConnectTest.java:155)
	at java.base/java.lang.reflect.Method.invoke(Method.java:580)
	at java.base/java.util.ArrayList.forEach(ArrayList.java:1597)
	at java.base/java.util.ArrayList.forEach(ArrayList.java:1597)

[ERROR] org.jsoup.integration.ConnectTest.doesGet(String)[1] -- Time elapsed: 0.001 s <<< ERROR!
java.lang.NoSuchMethodError: 'org.jsoup.nodes.Document$OutputSettings org.jsoup.nodes.Document$OutputSettings.charset(java.nio.charset.Charset)'
	at org.jsoup.helper.DataUtil.parseInputStream(DataUtil.java:339)
	at org.jsoup.helper.DataUtil.parseInputStream(DataUtil.java:230)
	at org.jsoup.helper.HttpConnection$Response.parse(HttpConnection.java:1007)
	at org.jsoup.helper.HttpConnection.get(HttpConnection.java:353)
	at org.jsoup.integration.ConnectTest.doesGet(ConnectTest.java:292)
	at java.base/java.lang.reflect.Method.invoke(Method.java:580)
	at java.base/java.util.Optional.ifPresent(Optional.java:178)
	at java.base/java.util.stream.ForEachOps$ForEachOp$OfRef.accept(ForEachOps.java:184)
	at java.base/java.util.stream.ReferencePipeline$3$1.accept(ReferencePipeline.java:215)
	at java.base/java.util.stream.ForEachOps$ForEachOp$OfRef.accept(ForEachOps.java:184)
	at java.base/java.util.stream.ForEachOps$ForEachOp$OfRef.accept(ForEachOps.java:184)
	at java.base/java.util.stream.ReferencePipeline$3$1.accept(ReferencePipeline.java:215)
	at java.base/java.util.Spliterators$ArraySpliterator.forEachRemaining(Spliterators.java:1024)
	at java.base/java.util.stream.ReferencePipeline$Head.forEach(ReferencePipeline.java:807)
	at java.base/java.util.stream.ReferencePipeline$7$1FlatMap.accept(ReferencePipeline.java:294)
	at java.base/java.util.stream.ReferencePipeline$3$1.accept(ReferencePipeline.java:215)
	at java.base/java.util.stream.ReferencePipeline$3$1.accept(ReferencePipeline.java:215)
	at java.base/java.util.stream.ReferencePipeline$3$1.accept(ReferencePipeline.java:215)
	at java.base/java.util.Spliterators$ArraySpliterator.forEachRemaining(Spliterators.java:1024)
	at java.base/java.util.stream.AbstractPipeline.copyInto(AbstractPipeline.java:570)
	at java.base/java.util.stream.AbstractPipeline.wrapAndCopyInto(AbstractPipeline.java:560)
	at java.base/java.util.stream.ForEachOps$ForEachOp.evaluateSequential(ForEachOps.java:151)
	at java.base/java.util.stream.ForEachOps$ForEachOp$OfRef.evaluateSequential(ForEachOps.java:174)
	at java.base/java.util.stream.AbstractPipeline.evaluate(AbstractPipeline.java:265)
	at java.base/java.util.stream.ReferencePipeline.forEach(ReferencePipeline.java:636)
	at java.base/java.util.stream.ReferencePipeline$7$1FlatMap.accept(ReferencePipeline.java:294)
	at java.base/java.util.ArrayList$ArrayListSpliterator.forEachRemaining(ArrayList.java:1709)
	at java.base/java.util.stream.AbstractPipeline.copyInto(AbstractPipeline.java:570)
	at java.base/java.util.stream.AbstractPipeline.wrapAndCopyInto(AbstractPipeline.java:560)
	at java.base/java.util.stream.ForEachOps$ForEachOp.evaluateSequential(ForEachOps.java:151)
	at java.base/java.util.stream.ForEachOps$ForEachOp$OfRef.evaluateSequential(ForEachOps.java:174)
	at java.base/java.util.stream.AbstractPipeline.evaluate(AbstractPipeline.java:265)
	at java.base/java.util.stream.ReferencePipeline.forEach(ReferencePipeline.java:636)
	at java.base/java.util.stream.ReferencePipeline$7$1FlatMap.accept(ReferencePipeline.java:294)
	at java.base/java.util.stream.ReferencePipeline$3$1.accept(ReferencePipeline.java:215)
	at java.base/java.util.stream.ReferencePipeline$3$1.accept(ReferencePipeline.java:215)
	at java.base/java.util.stream.ReferencePipeline$3$1.accept(ReferencePipeline.java:215)
	at java.base/java.util.ArrayList$ArrayListSpliterator.forEachRemaining(ArrayList.java:1709)
	at java.base/java.util.stream.AbstractPipeline.copyInto(AbstractPipeline.java:570)
	at java.base/java.util.stream.AbstractPipeline.wrapAndCopyInto(AbstractPipeline.java:560)
	at java.base/java.util.stream.ForEachOps$ForEachOp.evaluateSequential(ForEachOps.java:151)
	at java.base/java.util.stream.ForEachOps$ForEachOp$OfRef.evaluateSequential(ForEachOps.java:174)
	at java.base/java.util.stream.AbstractPipeline.evaluate(AbstractPipeline.java:265)
	at java.base/java.util.stream.ReferencePipeline.forEach(ReferencePipeline.java:636)
	at java.base/java.util.ArrayList.forEach(ArrayList.java:1597)
	at java.base/java.util.ArrayList.forEach(ArrayList.java:1597)

[ERROR] org.jsoup.integration.ConnectTest.doesGet(String)[2] -- Time elapsed: 0.016 s <<< ERROR!
java.lang.NoSuchMethodError: 'org.jsoup.nodes.Document$OutputSettings org.jsoup.nodes.Document$OutputSettings.charset(java.nio.charset.Charset)'
	at org.jsoup.helper.DataUtil.parseInputStream(DataUtil.java:339)
	at org.jsoup.helper.DataUtil.parseInputStream(DataUtil.java:230)
	at org.jsoup.helper.HttpConnection$Response.parse(HttpConnection.java:1007)
	at org.jsoup.helper.HttpConnection.get(HttpConnection.java:353)
	at org.jsoup.integration.ConnectTest.doesGet(ConnectTest.java:292)
	at java.base/java.lang.reflect.Method.invoke(Method.java:580)
	at java.base/java.util.Optional.ifPresent(Optional.java:178)
	at java.base/java.util.stream.ForEachOps$ForEachOp$OfRef.accept(ForEachOps.java:184)
	at java.base/java.util.stream.ReferencePipeline$3$1.accept(ReferencePipeline.java:215)
	at java.base/java.util.stream.ForEachOps$ForEachOp$OfRef.accept(ForEachOps.java:184)
	at java.base/java.util.stream.ForEachOps$ForEachOp$OfRef.accept(ForEachOps.java:184)
	at java.base/java.util.stream.ReferencePipeline$3$1.accept(ReferencePipeline.java:215)
	at java.base/java.util.Spliterators$ArraySpliterator.forEachRemaining(Spliterators.java:1024)
	at java.base/java.util.stream.ReferencePipeline$Head.forEach(ReferencePipeline.java:807)
	at java.base/java.util.stream.ReferencePipeline$7$1FlatMap.accept(ReferencePipeline.java:294)
	at java.base/java.util.stream.ReferencePipeline$3$1.accept(ReferencePipeline.java:215)
	at java.base/java.util.stream.ReferencePipeline$3$1.accept(ReferencePipeline.java:215)
	at java.base/java.util.stream.ReferencePipeline$3$1.accept(ReferencePipeline.java:215)
	at java.base/java.util.Spliterators$ArraySpliterator.forEachRemaining(Spliterators.java:1024)
	at java.base/java.util.stream.AbstractPipeline.copyInto(AbstractPipeline.java:570)
	at java.base/java.util.stream.AbstractPipeline.wrapAndCopyInto(AbstractPipeline.java:560)
	at java.base/java.util.stream.ForEachOps$ForEachOp.evaluateSequential(ForEachOps.java:151)
	at java.base/java.util.stream.ForEachOps$ForEachOp$OfRef.evaluateSequential(ForEachOps.java:174)
	at java.base/java.util.stream.AbstractPipeline.evaluate(AbstractPipeline.java:265)
	at java.base/java.util.stream.ReferencePipeline.forEach(ReferencePipeline.java:636)
	at java.base/java.util.stream.ReferencePipeline$7$1FlatMap.accept(ReferencePipeline.java:294)
	at java.base/java.util.ArrayList$ArrayListSpliterator.forEachRemaining(ArrayList.java:1709)
	at java.base/java.util.stream.AbstractPipeline.copyInto(AbstractPipeline.java:570)
	at java.base/java.util.stream.AbstractPipeline.wrapAndCopyInto(AbstractPipeline.java:560)
	at java.base/java.util.stream.ForEachOps$ForEachOp.evaluateSequential(ForEachOps.java:151)
	at java.base/java.util.stream.ForEachOps$ForEachOp$OfRef.evaluateSequential(ForEachOps.java:174)
	at java.base/java.util.stream.AbstractPipeline.evaluate(AbstractPipeline.java:265)
	at java.base/java.util.stream.ReferencePipeline.forEach(ReferencePipeline.java:636)
	at java.base/java.util.stream.ReferencePipeline$7$1FlatMap.accept(ReferencePipeline.java:294)
	at java.base/java.util.stream.ReferencePipeline$3$1.accept(ReferencePipeline.java:215)
	at java.base/java.util.stream.ReferencePipeline$3$1.accept(ReferencePipeline.java:215)
	at java.base/java.util.stream.ReferencePipeline$3$1.accept(ReferencePipeline.java:215)
	at java.base/java.util.ArrayList$ArrayListSpliterator.forEachRemaining(ArrayList.java:1709)
	at java.base/java.util.stream.AbstractPipeline.copyInto(AbstractPipeline.java:570)
	at java.base/java.util.stream.AbstractPipeline.wrapAndCopyInto(AbstractPipeline.java:560)
	at java.base/java.util.stream.ForEachOps$ForEachOp.evaluateSequential(ForEachOps.java:151)
	at java.base/java.util.stream.ForEachOps$ForEachOp$OfRef.evaluateSequential(ForEachOps.java:174)
	at java.base/java.util.stream.AbstractPipeline.evaluate(AbstractPipeline.java:265)
	at java.base/java.util.stream.ReferencePipeline.forEach(ReferencePipeline.java:636)
	at java.base/java.util.ArrayList.forEach(ArrayList.java:1597)
	at java.base/java.util.ArrayList.forEach(ArrayList.java:1597)

[ERROR] org.jsoup.integration.ConnectTest.doesPut -- Time elapsed: 0.001 s <<< ERROR!
java.lang.NoSuchMethodError: 'org.jsoup.nodes.Document$OutputSettings org.jsoup.nodes.Document$OutputSettings.charset(java.nio.charset.Charset)'
	at org.jsoup.helper.DataUtil.parseInputStream(DataUtil.java:339)
	at org.jsoup.helper.DataUtil.parseInputStream(DataUtil.java:230)
	at org.jsoup.helper.HttpConnection$Response.parse(HttpConnection.java:1007)
	at org.jsoup.integration.ConnectTest.doesPut(ConnectTest.java:333)
	at java.base/java.lang.reflect.Method.invoke(Method.java:580)
	at java.base/java.util.ArrayList.forEach(ArrayList.java:1597)
	at java.base/java.util.ArrayList.forEach(ArrayList.java:1597)

[ERROR] org.jsoup.integration.ConnectTest.progressListener(String)[1] -- Time elapsed: 0.015 s <<< ERROR!
java.lang.NoSuchMethodError: 'org.jsoup.nodes.Document$OutputSettings org.jsoup.nodes.Document$OutputSettings.charset(java.nio.charset.Charset)'
	at org.jsoup.helper.DataUtil.parseInputStream(DataUtil.java:339)
	at org.jsoup.helper.DataUtil.parseInputStream(DataUtil.java:230)
	at org.jsoup.helper.HttpConnection$Response.parse(HttpConnection.java:1007)
	at org.jsoup.helper.HttpConnection.get(HttpConnection.java:353)
	at org.jsoup.integration.ConnectTest.progressListener(ConnectTest.java:1099)
	at java.base/java.lang.reflect.Method.invoke(Method.java:580)
	at java.base/java.util.Optional.ifPresent(Optional.java:178)
	at java.base/java.util.stream.ForEachOps$ForEachOp$OfRef.accept(ForEachOps.java:184)
	at java.base/java.util.stream.ReferencePipeline$3$1.accept(ReferencePipeline.java:215)
	at java.base/java.util.stream.ForEachOps$ForEachOp$OfRef.accept(ForEachOps.java:184)
	at java.base/java.util.stream.ForEachOps$ForEachOp$OfRef.accept(ForEachOps.java:184)
	at java.base/java.util.stream.ReferencePipeline$3$1.accept(ReferencePipeline.java:215)
	at java.base/java.util.Spliterators$ArraySpliterator.forEachRemaining(Spliterators.java:1024)
	at java.base/java.util.stream.AbstractPipeline.copyInto(AbstractPipeline.java:570)
	at java.base/java.util.stream.AbstractPipeline.wrapAndCopyInto(AbstractPipeline.java:560)
	at java.base/java.util.stream.ForEachOps$ForEachOp.evaluateSequential(ForEachOps.java:151)
	at java.base/java.util.stream.ForEachOps$ForEachOp$OfRef.evaluateSequential(ForEachOps.java:174)
	at java.base/java.util.stream.AbstractPipeline.evaluate(AbstractPipeline.java:265)
	at java.base/java.util.stream.ReferencePipeline.forEach(ReferencePipeline.java:636)
	at java.base/java.util.stream.ReferencePipeline$7$1FlatMap.accept(ReferencePipeline.java:294)
	at java.base/java.util.ArrayList$ArrayListSpliterator.forEachRemaining(ArrayList.java:1709)
	at java.base/java.util.stream.AbstractPipeline.copyInto(AbstractPipeline.java:570)
	at java.base/java.util.stream.AbstractPipeline.wrapAndCopyInto(AbstractPipeline.java:560)
	at java.base/java.util.stream.ForEachOps$ForEachOp.evaluateSequential(ForEachOps.java:151)
	at java.base/java.util.stream.ForEachOps$ForEachOp$OfRef.evaluateSequential(ForEachOps.java:174)
	at java.base/java.util.stream.AbstractPipeline.evaluate(AbstractPipeline.java:265)
	at java.base/java.util.stream.ReferencePipeline.forEach(ReferencePipeline.java:636)
	at java.base/java.util.stream.ReferencePipeline$7$1FlatMap.accept(ReferencePipeline.java:294)
	at java.base/java.util.stream.ReferencePipeline$3$1.accept(ReferencePipeline.java:215)
	at java.base/java.util.stream.ReferencePipeline$3$1.accept(ReferencePipeline.java:215)
	at java.base/java.util.stream.ReferencePipeline$3$1.accept(ReferencePipeline.java:215)
	at java.base/java.util.ArrayList$ArrayListSpliterator.forEachRemaining(ArrayList.java:1709)
	at java.base/java.util.stream.AbstractPipeline.copyInto(AbstractPipeline.java:570)
	at java.base/java.util.stream.AbstractPipeline.wrapAndCopyInto(AbstractPipeline.java:560)
	at java.base/java.util.stream.ForEachOps$ForEachOp.evaluateSequential(ForEachOps.java:151)
	at java.base/java.util.stream.ForEachOps$ForEachOp$OfRef.evaluateSequential(ForEachOps.java:174)
	at java.base/java.util.stream.AbstractPipeline.evaluate(AbstractPipeline.java:265)
	at java.base/java.util.stream.ReferencePipeline.forEach(ReferencePipeline.java:636)
	at java.base/java.util.ArrayList.forEach(ArrayList.java:1597)
	at java.base/java.util.ArrayList.forEach(ArrayList.java:1597)

[ERROR] org.jsoup.integration.ConnectTest.progressListener(String)[2] -- Time elapsed: 0.005 s <<< ERROR!
java.lang.NoSuchMethodError: 'org.jsoup.nodes.Document$OutputSettings org.jsoup.nodes.Document$OutputSettings.charset(java.nio.charset.Charset)'
	at org.jsoup.helper.DataUtil.parseInputStream(DataUtil.java:339)
	at org.jsoup.helper.DataUtil.parseInputStream(DataUtil.java:230)
	at org.jsoup.helper.HttpConnection$Response.parse(HttpConnection.java:1007)
	at org.jsoup.helper.HttpConnection.get(HttpConnection.java:353)
	at org.jsoup.integration.ConnectTest.progressListener(ConnectTest.java:1099)
	at java.base/java.lang.reflect.Method.invoke(Method.java:580)
	at java.base/java.util.Optional.ifPresent(Optional.java:178)
	at java.base/java.util.stream.ForEachOps$ForEachOp$OfRef.accept(ForEachOps.java:184)
	at java.base/java.util.stream.ReferencePipeline$3$1.accept(ReferencePipeline.java:215)
	at java.base/java.util.stream.ForEachOps$ForEachOp$OfRef.accept(ForEachOps.java:184)
	at java.base/java.util.stream.ForEachOps$ForEachOp$OfRef.accept(ForEachOps.java:184)
	at java.base/java.util.stream.ReferencePipeline$3$1.accept(ReferencePipeline.java:215)
	at java.base/java.util.Spliterators$ArraySpliterator.forEachRemaining(Spliterators.java:1024)
	at java.base/java.util.stream.AbstractPipeline.copyInto(AbstractPipeline.java:570)
	at java.base/java.util.stream.AbstractPipeline.wrapAndCopyInto(AbstractPipeline.java:560)
	at java.base/java.util.stream.ForEachOps$ForEachOp.evaluateSequential(ForEachOps.java:151)
	at java.base/java.util.stream.ForEachOps$ForEachOp$OfRef.evaluateSequential(ForEachOps.java:174)
	at java.base/java.util.stream.AbstractPipeline.evaluate(AbstractPipeline.java:265)
	at java.base/java.util.stream.ReferencePipeline.forEach(ReferencePipeline.java:636)
	at java.base/java.util.stream.ReferencePipeline$7$1FlatMap.accept(ReferencePipeline.java:294)
	at java.base/java.util.ArrayList$ArrayListSpliterator.forEachRemaining(ArrayList.java:1709)
	at java.base/java.util.stream.AbstractPipeline.copyInto(AbstractPipeline.java:570)
	at java.base/java.util.stream.AbstractPipeline.wrapAndCopyInto(AbstractPipeline.java:560)
	at java.base/java.util.stream.ForEachOps$ForEachOp.evaluateSequential(ForEachOps.java:151)
	at java.base/java.util.stream.ForEachOps$ForEachOp$OfRef.evaluateSequential(ForEachOps.java:174)
	at java.base/java.util.stream.AbstractPipeline.evaluate(AbstractPipeline.java:265)
	at java.base/java.util.stream.ReferencePipeline.forEach(ReferencePipeline.java:636)
	at java.base/java.util.stream.ReferencePipeline$7$1FlatMap.accept(ReferencePipeline.java:294)
	at java.base/java.util.stream.ReferencePipeline$3$1.accept(ReferencePipeline.java:215)
	at java.base/java.util.stream.ReferencePipeline$3$1.accept(ReferencePipeline.java:215)
	at java.base/java.util.stream.ReferencePipeline$3$1.accept(ReferencePipeline.java:215)
	at java.base/java.util.ArrayList$ArrayListSpliterator.forEachRemaining(ArrayList.java:1709)
	at java.base/java.util.stream.AbstractPipeline.copyInto(AbstractPipeline.java:570)
	at java.base/java.util.stream.AbstractPipeline.wrapAndCopyInto(AbstractPipeline.java:560)
	at java.base/java.util.stream.ForEachOps$ForEachOp.evaluateSequential(ForEachOps.java:151)
	at java.base/java.util.stream.ForEachOps$ForEachOp$OfRef.evaluateSequential(ForEachOps.java:174)
	at java.base/java.util.stream.AbstractPipeline.evaluate(AbstractPipeline.java:265)
	at java.base/java.util.stream.ReferencePipeline.forEach(ReferencePipeline.java:636)
	at java.base/java.util.ArrayList.forEach(ArrayList.java:1597)
	at java.base/java.util.ArrayList.forEach(ArrayList.java:1597)

[ERROR] org.jsoup.integration.ConnectTest.testParseRss -- Time elapsed: 0.006 s <<< ERROR!
java.lang.NoSuchMethodError: 'org.jsoup.nodes.Document$OutputSettings org.jsoup.nodes.Document$OutputSettings.syntax(org.jsoup.nodes.Document$OutputSettings$Syntax)'
	at org.jsoup.parser.XmlTreeBuilder.initialiseParse(XmlTreeBuilder.java:50)
	at org.jsoup.parser.TreeBuilder.parse(TreeBuilder.java:76)
	at org.jsoup.parser.Parser.parseInput(Parser.java:89)
	at org.jsoup.helper.DataUtil.detectCharset(DataUtil.java:266)
	at org.jsoup.helper.DataUtil.detectCharset(DataUtil.java:242)
	at org.jsoup.helper.DataUtil.parseInputStream(DataUtil.java:229)
	at org.jsoup.helper.HttpConnection$Response.parse(HttpConnection.java:1007)
	at org.jsoup.helper.HttpConnection.get(HttpConnection.java:353)
	at org.jsoup.integration.ConnectTest.testParseRss(ConnectTest.java:639)
	at java.base/java.lang.reflect.Method.invoke(Method.java:580)
	at java.base/java.util.ArrayList.forEach(ArrayList.java:1597)
	at java.base/java.util.ArrayList.forEach(ArrayList.java:1597)

[ERROR] org.jsoup.integration.ConnectTest.doesNotPostFor302 -- Time elapsed: 0.002 s <<< ERROR!
java.lang.NoSuchMethodError: 'org.jsoup.nodes.Document$OutputSettings org.jsoup.nodes.Document$OutputSettings.charset(java.nio.charset.Charset)'
	at org.jsoup.helper.DataUtil.parseInputStream(DataUtil.java:339)
	at org.jsoup.helper.DataUtil.parseInputStream(DataUtil.java:230)
	at org.jsoup.helper.HttpConnection$Response.parse(HttpConnection.java:1007)
	at org.jsoup.helper.HttpConnection.post(HttpConnection.java:361)
	at org.jsoup.integration.ConnectTest.doesNotPostFor302(ConnectTest.java:584)
	at java.base/java.lang.reflect.Method.invoke(Method.java:580)
	at java.base/java.util.ArrayList.forEach(ArrayList.java:1597)
	at java.base/java.util.ArrayList.forEach(ArrayList.java:1597)

[ERROR] org.jsoup.integration.ConnectTest.postFiles(String)[1] -- Time elapsed: 0.009 s <<< ERROR!
java.lang.NoSuchMethodError: 'org.jsoup.nodes.Document$OutputSettings org.jsoup.nodes.Document$OutputSettings.charset(java.nio.charset.Charset)'
	at org.jsoup.helper.DataUtil.parseInputStream(DataUtil.java:339)
	at org.jsoup.helper.DataUtil.parseInputStream(DataUtil.java:230)
	at org.jsoup.helper.HttpConnection$Response.parse(HttpConnection.java:1007)
	at org.jsoup.helper.HttpConnection.post(HttpConnection.java:361)
	at org.jsoup.integration.ConnectTest.postFiles(ConnectTest.java:378)
	at java.base/java.lang.reflect.Method.invoke(Method.java:580)
	at java.base/java.util.Optional.ifPresent(Optional.java:178)
	at java.base/java.util.stream.ForEachOps$ForEachOp$OfRef.accept(ForEachOps.java:184)
	at java.base/java.util.stream.ReferencePipeline$3$1.accept(ReferencePipeline.java:215)
	at java.base/java.util.stream.ForEachOps$ForEachOp$OfRef.accept(ForEachOps.java:184)
	at java.base/java.util.stream.ForEachOps$ForEachOp$OfRef.accept(ForEachOps.java:184)
	at java.base/java.util.stream.ReferencePipeline$3$1.accept(ReferencePipeline.java:215)
	at java.base/java.util.Spliterators$ArraySpliterator.forEachRemaining(Spliterators.java:1024)
	at java.base/java.util.stream.ReferencePipeline$Head.forEach(ReferencePipeline.java:807)
	at java.base/java.util.stream.ReferencePipeline$7$1FlatMap.accept(ReferencePipeline.java:294)
	at java.base/java.util.stream.ReferencePipeline$3$1.accept(ReferencePipeline.java:215)
	at java.base/java.util.stream.ReferencePipeline$3$1.accept(ReferencePipeline.java:215)
	at java.base/java.util.stream.ReferencePipeline$3$1.accept(ReferencePipeline.java:215)
	at java.base/java.util.Spliterators$ArraySpliterator.forEachRemaining(Spliterators.java:1024)
	at java.base/java.util.stream.AbstractPipeline.copyInto(AbstractPipeline.java:570)
	at java.base/java.util.stream.AbstractPipeline.wrapAndCopyInto(AbstractPipeline.java:560)
	at java.base/java.util.stream.ForEachOps$ForEachOp.evaluateSequential(ForEachOps.java:151)
	at java.base/java.util.stream.ForEachOps$ForEachOp$OfRef.evaluateSequential(ForEachOps.java:174)
	at java.base/java.util.stream.AbstractPipeline.evaluate(AbstractPipeline.java:265)
	at java.base/java.util.stream.ReferencePipeline.forEach(ReferencePipeline.java:636)
	at java.base/java.util.stream.ReferencePipeline$7$1FlatMap.accept(ReferencePipeline.java:294)
	at java.base/java.util.ArrayList$ArrayListSpliterator.forEachRemaining(ArrayList.java:1709)
	at java.base/java.util.stream.AbstractPipeline.copyInto(AbstractPipeline.java:570)
	at java.base/java.util.stream.AbstractPipeline.wrapAndCopyInto(AbstractPipeline.java:560)
	at java.base/java.util.stream.ForEachOps$ForEachOp.evaluateSequential(ForEachOps.java:151)
	at java.base/java.util.stream.ForEachOps$ForEachOp$OfRef.evaluateSequential(ForEachOps.java:174)
	at java.base/java.util.stream.AbstractPipeline.evaluate(AbstractPipeline.java:265)
	at java.base/java.util.stream.ReferencePipeline.forEach(ReferencePipeline.java:636)
	at java.base/java.util.stream.ReferencePipeline$7$1FlatMap.accept(ReferencePipeline.java:294)
	at java.base/java.util.stream.ReferencePipeline$3$1.accept(ReferencePipeline.java:215)
	at java.base/java.util.stream.ReferencePipeline$3$1.accept(ReferencePipeline.java:215)
	at java.base/java.util.stream.ReferencePipeline$3$1.accept(ReferencePipeline.java:215)
	at java.base/java.util.ArrayList$ArrayListSpliterator.forEachRemaining(ArrayList.java:1709)
	at java.base/java.util.stream.AbstractPipeline.copyInto(AbstractPipeline.java:570)
	at java.base/java.util.stream.AbstractPipeline.wrapAndCopyInto(AbstractPipeline.java:560)
	at java.base/java.util.stream.ForEachOps$ForEachOp.evaluateSequential(ForEachOps.java:151)
	at java.base/java.util.stream.ForEachOps$ForEachOp$OfRef.evaluateSequential(ForEachOps.java:174)
	at java.base/java.util.stream.AbstractPipeline.evaluate(AbstractPipeline.java:265)
	at java.base/java.util.stream.ReferencePipeline.forEach(ReferencePipeline.java:636)
	at java.base/java.util.ArrayList.forEach(ArrayList.java:1597)
	at java.base/java.util.ArrayList.forEach(ArrayList.java:1597)

[ERROR] org.jsoup.integration.ConnectTest.postFiles(String)[2] -- Time elapsed: 0.043 s <<< ERROR!
java.lang.NoSuchMethodError: 'org.jsoup.nodes.Document$OutputSettings org.jsoup.nodes.Document$OutputSettings.charset(java.nio.charset.Charset)'
	at org.jsoup.helper.DataUtil.parseInputStream(DataUtil.java:339)
	at org.jsoup.helper.DataUtil.parseInputStream(DataUtil.java:230)
	at org.jsoup.helper.HttpConnection$Response.parse(HttpConnection.java:1007)
	at org.jsoup.helper.HttpConnection.post(HttpConnection.java:361)
	at org.jsoup.integration.ConnectTest.postFiles(ConnectTest.java:378)
	at java.base/java.lang.reflect.Method.invoke(Method.java:580)
	at java.base/java.util.Optional.ifPresent(Optional.java:178)
	at java.base/java.util.stream.ForEachOps$ForEachOp$OfRef.accept(ForEachOps.java:184)
	at java.base/java.util.stream.ReferencePipeline$3$1.accept(ReferencePipeline.java:215)
	at java.base/java.util.stream.ForEachOps$ForEachOp$OfRef.accept(ForEachOps.java:184)
	at java.base/java.util.stream.ForEachOps$ForEachOp$OfRef.accept(ForEachOps.java:184)
	at java.base/java.util.stream.ReferencePipeline$3$1.accept(ReferencePipeline.java:215)
	at java.base/java.util.Spliterators$ArraySpliterator.forEachRemaining(Spliterators.java:1024)
	at java.base/java.util.stream.ReferencePipeline$Head.forEach(ReferencePipeline.java:807)
	at java.base/java.util.stream.ReferencePipeline$7$1FlatMap.accept(ReferencePipeline.java:294)
	at java.base/java.util.stream.ReferencePipeline$3$1.accept(ReferencePipeline.java:215)
	at java.base/java.util.stream.ReferencePipeline$3$1.accept(ReferencePipeline.java:215)
	at java.base/java.util.stream.ReferencePipeline$3$1.accept(ReferencePipeline.java:215)
	at java.base/java.util.Spliterators$ArraySpliterator.forEachRemaining(Spliterators.java:1024)
	at java.base/java.util.stream.AbstractPipeline.copyInto(AbstractPipeline.java:570)
	at java.base/java.util.stream.AbstractPipeline.wrapAndCopyInto(AbstractPipeline.java:560)
	at java.base/java.util.stream.ForEachOps$ForEachOp.evaluateSequential(ForEachOps.java:151)
	at java.base/java.util.stream.ForEachOps$ForEachOp$OfRef.evaluateSequential(ForEachOps.java:174)
	at java.base/java.util.stream.AbstractPipeline.evaluate(AbstractPipeline.java:265)
	at java.base/java.util.stream.ReferencePipeline.forEach(ReferencePipeline.java:636)
	at java.base/java.util.stream.ReferencePipeline$7$1FlatMap.accept(ReferencePipeline.java:294)
	at java.base/java.util.ArrayList$ArrayListSpliterator.forEachRemaining(ArrayList.java:1709)
	at java.base/java.util.stream.AbstractPipeline.copyInto(AbstractPipeline.java:570)
	at java.base/java.util.stream.AbstractPipeline.wrapAndCopyInto(AbstractPipeline.java:560)
	at java.base/java.util.stream.ForEachOps$ForEachOp.evaluateSequential(ForEachOps.java:151)
	at java.base/java.util.stream.ForEachOps$ForEachOp$OfRef.evaluateSequential(ForEachOps.java:174)
	at java.base/java.util.stream.AbstractPipeline.evaluate(AbstractPipeline.java:265)
	at java.base/java.util.stream.ReferencePipeline.forEach(ReferencePipeline.java:636)
	at java.base/java.util.stream.ReferencePipeline$7$1FlatMap.accept(ReferencePipeline.java:294)
	at java.base/java.util.stream.ReferencePipeline$3$1.accept(ReferencePipeline.java:215)
	at java.base/java.util.stream.ReferencePipeline$3$1.accept(ReferencePipeline.java:215)
	at java.base/java.util.stream.ReferencePipeline$3$1.accept(ReferencePipeline.java:215)
	at java.base/java.util.ArrayList$ArrayListSpliterator.forEachRemaining(ArrayList.java:1709)
	at java.base/java.util.stream.AbstractPipeline.copyInto(AbstractPipeline.java:570)
	at java.base/java.util.stream.AbstractPipeline.wrapAndCopyInto(AbstractPipeline.java:560)
	at java.base/java.util.stream.ForEachOps$ForEachOp.evaluateSequential(ForEachOps.java:151)
	at java.base/java.util.stream.ForEachOps$ForEachOp$OfRef.evaluateSequential(ForEachOps.java:174)
	at java.base/java.util.stream.AbstractPipeline.evaluate(AbstractPipeline.java:265)
	at java.base/java.util.stream.ReferencePipeline.forEach(ReferencePipeline.java:636)
	at java.base/java.util.ArrayList.forEach(ArrayList.java:1597)
	at java.base/java.util.ArrayList.forEach(ArrayList.java:1597)

[ERROR] org.jsoup.integration.ConnectTest.secFetchHeadersSurviveRedirect -- Time elapsed: 0.004 s <<< ERROR!
java.lang.NoSuchMethodError: 'org.jsoup.nodes.Document$OutputSettings org.jsoup.nodes.Document$OutputSettings.charset(java.nio.charset.Charset)'
	at org.jsoup.helper.DataUtil.parseInputStream(DataUtil.java:339)
	at org.jsoup.helper.DataUtil.parseInputStream(DataUtil.java:230)
	at org.jsoup.helper.HttpConnection$Response.parse(HttpConnection.java:1007)
	at org.jsoup.helper.HttpConnection.get(HttpConnection.java:353)
	at org.jsoup.integration.ConnectTest.secFetchHeadersSurviveRedirect(ConnectTest.java:212)
	at java.base/java.lang.reflect.Method.invoke(Method.java:580)
	at java.base/java.util.ArrayList.forEach(ArrayList.java:1597)
	at java.base/java.util.ArrayList.forEach(ArrayList.java:1597)

[ERROR] org.jsoup.integration.ConnectTest.canSendSecFetchHeaders -- Time elapsed: 0.002 s <<< ERROR!
java.lang.NoSuchMethodError: 'org.jsoup.nodes.Document$OutputSettings org.jsoup.nodes.Document$OutputSettings.charset(java.nio.charset.Charset)'
	at org.jsoup.helper.DataUtil.parseInputStream(DataUtil.java:339)
	at org.jsoup.helper.DataUtil.parseInputStream(DataUtil.java:230)
	at org.jsoup.helper.HttpConnection$Response.parse(HttpConnection.java:1007)
	at org.jsoup.helper.HttpConnection.get(HttpConnection.java:353)
	at org.jsoup.integration.ConnectTest.canSendSecFetchHeaders(ConnectTest.java:197)
	at java.base/java.lang.reflect.Method.invoke(Method.java:580)
	at java.base/java.util.ArrayList.forEach(ArrayList.java:1597)
	at java.base/java.util.ArrayList.forEach(ArrayList.java:1597)

[ERROR] org.jsoup.integration.ConnectTest.requestCookiesSurviveRedirect -- Time elapsed: 0.004 s <<< ERROR!
java.lang.NoSuchMethodError: 'org.jsoup.nodes.Document$OutputSettings org.jsoup.nodes.Document$OutputSettings.charset(java.nio.charset.Charset)'
	at org.jsoup.helper.DataUtil.parseInputStream(DataUtil.java:339)
	at org.jsoup.helper.DataUtil.parseInputStream(DataUtil.java:230)
	at org.jsoup.helper.HttpConnection$Response.parse(HttpConnection.java:1007)
	at org.jsoup.integration.ConnectTest.requestCookiesSurviveRedirect(ConnectTest.java:510)
	at java.base/java.lang.reflect.Method.invoke(Method.java:580)
	at java.base/java.util.ArrayList.forEach(ArrayList.java:1597)
	at java.base/java.util.ArrayList.forEach(ArrayList.java:1597)

[ERROR] Tests run: 8, Failures: 0, Errors: 6, Skipped: 0, Time elapsed: 0.154 s <<< FAILURE! -- in org.jsoup.integration.ProxyTest
[ERROR] org.jsoup.integration.ProxyTest.canAuthToProxyAndServer(String)[1] -- Time elapsed: 0.049 s <<< ERROR!
java.lang.NoSuchMethodError: 'org.jsoup.nodes.Document$OutputSettings org.jsoup.nodes.Document$OutputSettings.charset(java.nio.charset.Charset)'
	at org.jsoup.helper.DataUtil.parseInputStream(DataUtil.java:339)
	at org.jsoup.helper.DataUtil.parseInputStream(DataUtil.java:230)
	at org.jsoup.helper.HttpConnection$Response.parse(HttpConnection.java:1007)
	at org.jsoup.integration.ProxyTest.canAuthToProxyAndServer(ProxyTest.java:183)
	at java.base/java.lang.reflect.Method.invoke(Method.java:580)
	at java.base/java.util.Optional.ifPresent(Optional.java:178)
	at java.base/java.util.stream.ForEachOps$ForEachOp$OfRef.accept(ForEachOps.java:184)
	at java.base/java.util.stream.ReferencePipeline$3$1.accept(ReferencePipeline.java:215)
	at java.base/java.util.stream.ForEachOps$ForEachOp$OfRef.accept(ForEachOps.java:184)
	at java.base/java.util.stream.ForEachOps$ForEachOp$OfRef.accept(ForEachOps.java:184)
	at java.base/java.util.stream.ReferencePipeline$3$1.accept(ReferencePipeline.java:215)
	at java.base/java.util.Spliterators$ArraySpliterator.forEachRemaining(Spliterators.java:1024)
	at java.base/java.util.stream.ReferencePipeline$Head.forEach(ReferencePipeline.java:807)
	at java.base/java.util.stream.ReferencePipeline$7$1FlatMap.accept(ReferencePipeline.java:294)
	at java.base/java.util.stream.ReferencePipeline$3$1.accept(ReferencePipeline.java:215)
	at java.base/java.util.stream.ReferencePipeline$3$1.accept(ReferencePipeline.java:215)
	at java.base/java.util.stream.ReferencePipeline$3$1.accept(ReferencePipeline.java:215)
	at java.base/java.util.Spliterators$ArraySpliterator.forEachRemaining(Spliterators.java:1024)
	at java.base/java.util.stream.AbstractPipeline.copyInto(AbstractPipeline.java:570)
	at java.base/java.util.stream.AbstractPipeline.wrapAndCopyInto(AbstractPipeline.java:560)
	at java.base/java.util.stream.ForEachOps$ForEachOp.evaluateSequential(ForEachOps.java:151)
	at java.base/java.util.stream.ForEachOps$ForEachOp$OfRef.evaluateSequential(ForEachOps.java:174)
	at java.base/java.util.stream.AbstractPipeline.evaluate(AbstractPipeline.java:265)
	at java.base/java.util.stream.ReferencePipeline.forEach(ReferencePipeline.java:636)
	at java.base/java.util.stream.ReferencePipeline$7$1FlatMap.accept(ReferencePipeline.java:294)
	at java.base/java.util.ArrayList$ArrayListSpliterator.forEachRemaining(ArrayList.java:1709)
	at java.base/java.util.stream.AbstractPipeline.copyInto(AbstractPipeline.java:570)
	at java.base/java.util.stream.AbstractPipeline.wrapAndCopyInto(AbstractPipeline.java:560)
	at java.base/java.util.stream.ForEachOps$ForEachOp.evaluateSequential(ForEachOps.java:151)
	at java.base/java.util.stream.ForEachOps$ForEachOp$OfRef.evaluateSequential(ForEachOps.java:174)
	at java.base/java.util.stream.AbstractPipeline.evaluate(AbstractPipeline.java:265)
	at java.base/java.util.stream.ReferencePipeline.forEach(ReferencePipeline.java:636)
	at java.base/java.util.stream.ReferencePipeline$7$1FlatMap.accept(ReferencePipeline.java:294)
	at java.base/java.util.stream.ReferencePipeline$3$1.accept(ReferencePipeline.java:215)
	at java.base/java.util.stream.ReferencePipeline$3$1.accept(ReferencePipeline.java:215)
	at java.base/java.util.stream.ReferencePipeline$3$1.accept(ReferencePipeline.java:215)
	at java.base/java.util.ArrayList$ArrayListSpliterator.forEachRemaining(ArrayList.java:1709)
	at java.base/java.util.stream.AbstractPipeline.copyInto(AbstractPipeline.java:570)
	at java.base/java.util.stream.AbstractPipeline.wrapAndCopyInto(AbstractPipeline.java:560)
	at java.base/java.util.stream.ForEachOps$ForEachOp.evaluateSequential(ForEachOps.java:151)
	at java.base/java.util.stream.ForEachOps$ForEachOp$OfRef.evaluateSequential(ForEachOps.java:174)
	at java.base/java.util.stream.AbstractPipeline.evaluate(AbstractPipeline.java:265)
	at java.base/java.util.stream.ReferencePipeline.forEach(ReferencePipeline.java:636)
	at java.base/java.util.ArrayList.forEach(ArrayList.java:1597)
	at java.base/java.util.ArrayList.forEach(ArrayList.java:1597)

[ERROR] org.jsoup.integration.ProxyTest.canAuthToProxyAndServer(String)[2] -- Time elapsed: 0.026 s <<< ERROR!
java.lang.NoSuchMethodError: 'org.jsoup.nodes.Document$OutputSettings org.jsoup.nodes.Document$OutputSettings.charset(java.nio.charset.Charset)'
	at org.jsoup.helper.DataUtil.parseInputStream(DataUtil.java:339)
	at org.jsoup.helper.DataUtil.parseInputStream(DataUtil.java:230)
	at org.jsoup.helper.HttpConnection$Response.parse(HttpConnection.java:1007)
	at org.jsoup.integration.ProxyTest.canAuthToProxyAndServer(ProxyTest.java:183)
	at java.base/java.lang.reflect.Method.invoke(Method.java:580)
	at java.base/java.util.Optional.ifPresent(Optional.java:178)
	at java.base/java.util.stream.ForEachOps$ForEachOp$OfRef.accept(ForEachOps.java:184)
	at java.base/java.util.stream.ReferencePipeline$3$1.accept(ReferencePipeline.java:215)
	at java.base/java.util.stream.ForEachOps$ForEachOp$OfRef.accept(ForEachOps.java:184)
	at java.base/java.util.stream.ForEachOps$ForEachOp$OfRef.accept(ForEachOps.java:184)
	at java.base/java.util.stream.ReferencePipeline$3$1.accept(ReferencePipeline.java:215)
	at java.base/java.util.Spliterators$ArraySpliterator.forEachRemaining(Spliterators.java:1024)
	at java.base/java.util.stream.ReferencePipeline$Head.forEach(ReferencePipeline.java:807)
	at java.base/java.util.stream.ReferencePipeline$7$1FlatMap.accept(ReferencePipeline.java:294)
	at java.base/java.util.stream.ReferencePipeline$3$1.accept(ReferencePipeline.java:215)
	at java.base/java.util.stream.ReferencePipeline$3$1.accept(ReferencePipeline.java:215)
	at java.base/java.util.stream.ReferencePipeline$3$1.accept(ReferencePipeline.java:215)
	at java.base/java.util.Spliterators$ArraySpliterator.forEachRemaining(Spliterators.java:1024)
	at java.base/java.util.stream.AbstractPipeline.copyInto(AbstractPipeline.java:570)
	at java.base/java.util.stream.AbstractPipeline.wrapAndCopyInto(AbstractPipeline.java:560)
	at java.base/java.util.stream.ForEachOps$ForEachOp.evaluateSequential(ForEachOps.java:151)
	at java.base/java.util.stream.ForEachOps$ForEachOp$OfRef.evaluateSequential(ForEachOps.java:174)
	at java.base/java.util.stream.AbstractPipeline.evaluate(AbstractPipeline.java:265)
	at java.base/java.util.stream.ReferencePipeline.forEach(ReferencePipeline.java:636)
	at java.base/java.util.stream.ReferencePipeline$7$1FlatMap.accept(ReferencePipeline.java:294)
	at java.base/java.util.ArrayList$ArrayListSpliterator.forEachRemaining(ArrayList.java:1709)
	at java.base/java.util.stream.AbstractPipeline.copyInto(AbstractPipeline.java:570)
	at java.base/java.util.stream.AbstractPipeline.wrapAndCopyInto(AbstractPipeline.java:560)
	at java.base/java.util.stream.ForEachOps$ForEachOp.evaluateSequential(ForEachOps.java:151)
	at java.base/java.util.stream.ForEachOps$ForEachOp$OfRef.evaluateSequential(ForEachOps.java:174)
	at java.base/java.util.stream.AbstractPipeline.evaluate(AbstractPipeline.java:265)
	at java.base/java.util.stream.ReferencePipeline.forEach(ReferencePipeline.java:636)
	at java.base/java.util.stream.ReferencePipeline$7$1FlatMap.accept(ReferencePipeline.java:294)
	at java.base/java.util.stream.ReferencePipeline$3$1.accept(ReferencePipeline.java:215)
	at java.base/java.util.stream.ReferencePipeline$3$1.accept(ReferencePipeline.java:215)
	at java.base/java.util.stream.ReferencePipeline$3$1.accept(ReferencePipeline.java:215)
	at java.base/java.util.ArrayList$ArrayListSpliterator.forEachRemaining(ArrayList.java:1709)
	at java.base/java.util.stream.AbstractPipeline.copyInto(AbstractPipeline.java:570)
	at java.base/java.util.stream.AbstractPipeline.wrapAndCopyInto(AbstractPipeline.java:560)
	at java.base/java.util.stream.ForEachOps$ForEachOp.evaluateSequential(ForEachOps.java:151)
	at java.base/java.util.stream.ForEachOps$ForEachOp$OfRef.evaluateSequential(ForEachOps.java:174)
	at java.base/java.util.stream.AbstractPipeline.evaluate(AbstractPipeline.java:265)
	at java.base/java.util.stream.ReferencePipeline.forEach(ReferencePipeline.java:636)
	at java.base/java.util.ArrayList.forEach(ArrayList.java:1597)
	at java.base/java.util.ArrayList.forEach(ArrayList.java:1597)

[ERROR] org.jsoup.integration.ProxyTest.redirectViaProxy -- Time elapsed: 0.007 s <<< ERROR!
java.lang.NoSuchMethodError: 'org.jsoup.nodes.Document$OutputSettings org.jsoup.nodes.Document$OutputSettings.charset(java.nio.charset.Charset)'
	at org.jsoup.helper.DataUtil.parseInputStream(DataUtil.java:339)
	at org.jsoup.helper.DataUtil.parseInputStream(DataUtil.java:230)
	at org.jsoup.helper.HttpConnection$Response.parse(HttpConnection.java:1007)
	at org.jsoup.integration.ProxyTest.redirectViaProxy(ProxyTest.java:71)
	at java.base/java.lang.reflect.Method.invoke(Method.java:580)
	at java.base/java.util.ArrayList.forEach(ArrayList.java:1597)
	at java.base/java.util.ArrayList.forEach(ArrayList.java:1597)

[ERROR] org.jsoup.integration.ProxyTest.proxyForSession -- Time elapsed: 0.007 s <<< ERROR!
java.lang.NoSuchMethodError: 'org.jsoup.nodes.Document$OutputSettings org.jsoup.nodes.Document$OutputSettings.charset(java.nio.charset.Charset)'
	at org.jsoup.helper.DataUtil.parseInputStream(DataUtil.java:339)
	at org.jsoup.helper.DataUtil.parseInputStream(DataUtil.java:230)
	at org.jsoup.helper.HttpConnection$Response.parse(HttpConnection.java:1007)
	at org.jsoup.integration.ProxyTest.proxyForSession(ProxyTest.java:86)
	at java.base/java.lang.reflect.Method.invoke(Method.java:580)
	at java.base/java.util.ArrayList.forEach(ArrayList.java:1597)
	at java.base/java.util.ArrayList.forEach(ArrayList.java:1597)

[ERROR] org.jsoup.integration.ProxyTest.fetchViaProxy(String)[1] -- Time elapsed: 0.003 s <<< ERROR!
java.lang.NoSuchMethodError: 'org.jsoup.nodes.Document$OutputSettings org.jsoup.nodes.Document$OutputSettings.charset(java.nio.charset.Charset)'
	at org.jsoup.helper.DataUtil.parseInputStream(DataUtil.java:339)
	at org.jsoup.helper.DataUtil.parseInputStream(DataUtil.java:230)
	at org.jsoup.helper.HttpConnection$Response.parse(HttpConnection.java:1007)
	at org.jsoup.integration.ProxyTest.fetchViaProxy(ProxyTest.java:44)
	at java.base/java.lang.reflect.Method.invoke(Method.java:580)
	at java.base/java.util.Optional.ifPresent(Optional.java:178)
	at java.base/java.util.stream.ForEachOps$ForEachOp$OfRef.accept(ForEachOps.java:184)
	at java.base/java.util.stream.ReferencePipeline$3$1.accept(ReferencePipeline.java:215)
	at java.base/java.util.stream.ForEachOps$ForEachOp$OfRef.accept(ForEachOps.java:184)
	at java.base/java.util.stream.ForEachOps$ForEachOp$OfRef.accept(ForEachOps.java:184)
	at java.base/java.util.stream.ReferencePipeline$3$1.accept(ReferencePipeline.java:215)
	at java.base/java.util.Spliterators$ArraySpliterator.forEachRemaining(Spliterators.java:1024)
	at java.base/java.util.stream.ReferencePipeline$Head.forEach(ReferencePipeline.java:807)
	at java.base/java.util.stream.ReferencePipeline$7$1FlatMap.accept(ReferencePipeline.java:294)
	at java.base/java.util.stream.ReferencePipeline$3$1.accept(ReferencePipeline.java:215)
	at java.base/java.util.stream.ReferencePipeline$3$1.accept(ReferencePipeline.java:215)
	at java.base/java.util.stream.ReferencePipeline$3$1.accept(ReferencePipeline.java:215)
	at java.base/java.util.Spliterators$ArraySpliterator.forEachRemaining(Spliterators.java:1024)
	at java.base/java.util.stream.AbstractPipeline.copyInto(AbstractPipeline.java:570)
	at java.base/java.util.stream.AbstractPipeline.wrapAndCopyInto(AbstractPipeline.java:560)
	at java.base/java.util.stream.ForEachOps$ForEachOp.evaluateSequential(ForEachOps.java:151)
	at java.base/java.util.stream.ForEachOps$ForEachOp$OfRef.evaluateSequential(ForEachOps.java:174)
	at java.base/java.util.stream.AbstractPipeline.evaluate(AbstractPipeline.java:265)
	at java.base/java.util.stream.ReferencePipeline.forEach(ReferencePipeline.java:636)
	at java.base/java.util.stream.ReferencePipeline$7$1FlatMap.accept(ReferencePipeline.java:294)
	at java.base/java.util.ArrayList$ArrayListSpliterator.forEachRemaining(ArrayList.java:1709)
	at java.base/java.util.stream.AbstractPipeline.copyInto(AbstractPipeline.java:570)
	at java.base/java.util.stream.AbstractPipeline.wrapAndCopyInto(AbstractPipeline.java:560)
	at java.base/java.util.stream.ForEachOps$ForEachOp.evaluateSequential(ForEachOps.java:151)
	at java.base/java.util.stream.ForEachOps$ForEachOp$OfRef.evaluateSequential(ForEachOps.java:174)
	at java.base/java.util.stream.AbstractPipeline.evaluate(AbstractPipeline.java:265)
	at java.base/java.util.stream.ReferencePipeline.forEach(ReferencePipeline.java:636)
	at java.base/java.util.stream.ReferencePipeline$7$1FlatMap.accept(ReferencePipeline.java:294)
	at java.base/java.util.stream.ReferencePipeline$3$1.accept(ReferencePipeline.java:215)
	at java.base/java.util.stream.ReferencePipeline$3$1.accept(ReferencePipeline.java:215)
	at java.base/java.util.stream.ReferencePipeline$3$1.accept(ReferencePipeline.java:215)
	at java.base/java.util.ArrayList$ArrayListSpliterator.forEachRemaining(ArrayList.java:1709)
	at java.base/java.util.stream.AbstractPipeline.copyInto(AbstractPipeline.java:570)
	at java.base/java.util.stream.AbstractPipeline.wrapAndCopyInto(AbstractPipeline.java:560)
	at java.base/java.util.stream.ForEachOps$ForEachOp.evaluateSequential(ForEachOps.java:151)
	at java.base/java.util.stream.ForEachOps$ForEachOp$OfRef.evaluateSequential(ForEachOps.java:174)
	at java.base/java.util.stream.AbstractPipeline.evaluate(AbstractPipeline.java:265)
	at java.base/java.util.stream.ReferencePipeline.forEach(ReferencePipeline.java:636)
	at java.base/java.util.ArrayList.forEach(ArrayList.java:1597)
	at java.base/java.util.ArrayList.forEach(ArrayList.java:1597)

[ERROR] org.jsoup.integration.ProxyTest.fetchViaProxy(String)[2] -- Time elapsed: 0.016 s <<< ERROR!
java.lang.NoSuchMethodError: 'org.jsoup.nodes.Document$OutputSettings org.jsoup.nodes.Document$OutputSettings.charset(java.nio.charset.Charset)'
	at org.jsoup.helper.DataUtil.parseInputStream(DataUtil.java:339)
	at org.jsoup.helper.DataUtil.parseInputStream(DataUtil.java:230)
	at org.jsoup.helper.HttpConnection$Response.parse(HttpConnection.java:1007)
	at org.jsoup.integration.ProxyTest.fetchViaProxy(ProxyTest.java:44)
	at java.base/java.lang.reflect.Method.invoke(Method.java:580)
	at java.base/java.util.Optional.ifPresent(Optional.java:178)
	at java.base/java.util.stream.ForEachOps$ForEachOp$OfRef.accept(ForEachOps.java:184)
	at java.base/java.util.stream.ReferencePipeline$3$1.accept(ReferencePipeline.java:215)
	at java.base/java.util.stream.ForEachOps$ForEachOp$OfRef.accept(ForEachOps.java:184)
	at java.base/java.util.stream.ForEachOps$ForEachOp$OfRef.accept(ForEachOps.java:184)
	at java.base/java.util.stream.ReferencePipeline$3$1.accept(ReferencePipeline.java:215)
	at java.base/java.util.Spliterators$ArraySpliterator.forEachRemaining(Spliterators.java:1024)
	at java.base/java.util.stream.ReferencePipeline$Head.forEach(ReferencePipeline.java:807)
	at java.base/java.util.stream.ReferencePipeline$7$1FlatMap.accept(ReferencePipeline.java:294)
	at java.base/java.util.stream.ReferencePipeline$3$1.accept(ReferencePipeline.java:215)
	at java.base/java.util.stream.ReferencePipeline$3$1.accept(ReferencePipeline.java:215)
	at java.base/java.util.stream.ReferencePipeline$3$1.accept(ReferencePipeline.java:215)
	at java.base/java.util.Spliterators$ArraySpliterator.forEachRemaining(Spliterators.java:1024)
	at java.base/java.util.stream.AbstractPipeline.copyInto(AbstractPipeline.java:570)
	at java.base/java.util.stream.AbstractPipeline.wrapAndCopyInto(AbstractPipeline.java:560)
	at java.base/java.util.stream.ForEachOps$ForEachOp.evaluateSequential(ForEachOps.java:151)
	at java.base/java.util.stream.ForEachOps$ForEachOp$OfRef.evaluateSequential(ForEachOps.java:174)
	at java.base/java.util.stream.AbstractPipeline.evaluate(AbstractPipeline.java:265)
	at java.base/java.util.stream.ReferencePipeline.forEach(ReferencePipeline.java:636)
	at java.base/java.util.stream.ReferencePipeline$7$1FlatMap.accept(ReferencePipeline.java:294)
	at java.base/java.util.ArrayList$ArrayListSpliterator.forEachRemaining(ArrayList.java:1709)
	at java.base/java.util.stream.AbstractPipeline.copyInto(AbstractPipeline.java:570)
	at java.base/java.util.stream.AbstractPipeline.wrapAndCopyInto(AbstractPipeline.java:560)
	at java.base/java.util.stream.ForEachOps$ForEachOp.evaluateSequential(ForEachOps.java:151)
	at java.base/java.util.stream.ForEachOps$ForEachOp$OfRef.evaluateSequential(ForEachOps.java:174)
	at java.base/java.util.stream.AbstractPipeline.evaluate(AbstractPipeline.java:265)
	at java.base/java.util.stream.ReferencePipeline.forEach(ReferencePipeline.java:636)
	at java.base/java.util.stream.ReferencePipeline$7$1FlatMap.accept(ReferencePipeline.java:294)
	at java.base/java.util.stream.ReferencePipeline$3$1.accept(ReferencePipeline.java:215)
	at java.base/java.util.stream.ReferencePipeline$3$1.accept(ReferencePipeline.java:215)
	at java.base/java.util.stream.ReferencePipeline$3$1.accept(ReferencePipeline.java:215)
	at java.base/java.util.ArrayList$ArrayListSpliterator.forEachRemaining(ArrayList.java:1709)
	at java.base/java.util.stream.AbstractPipeline.copyInto(AbstractPipeline.java:570)
	at java.base/java.util.stream.AbstractPipeline.wrapAndCopyInto(AbstractPipeline.java:560)
	at java.base/java.util.stream.ForEachOps$ForEachOp.evaluateSequential(ForEachOps.java:151)
	at java.base/java.util.stream.ForEachOps$ForEachOp$OfRef.evaluateSequential(ForEachOps.java:174)
	at java.base/java.util.stream.AbstractPipeline.evaluate(AbstractPipeline.java:265)
	at java.base/java.util.stream.ReferencePipeline.forEach(ReferencePipeline.java:636)
	at java.base/java.util.ArrayList.forEach(ArrayList.java:1597)
	at java.base/java.util.ArrayList.forEach(ArrayList.java:1597)

[ERROR] Failures: 
[ERROR]   ConnectTest.bodyAfterParseThrowsValidationError:451 Unexpected exception type thrown, expected: <java.lang.IllegalArgumentException> but was: <java.lang.NoSuchMethodError>
[ERROR]   ConnectTest.parseParseThrowsValidates:472 Unexpected exception type thrown, expected: <java.lang.IllegalArgumentException> but was: <java.lang.NoSuchMethodError>
[ERROR]   HttpClientConnectTest>ConnectTest.bodyAfterParseThrowsValidationError:451 Unexpected exception type thrown, expected: <java.lang.IllegalArgumentException> but was: <java.lang.NoSuchMethodError>
[ERROR]   HttpClientConnectTest>ConnectTest.parseParseThrowsValidates:472 Unexpected exception type thrown, expected: <java.lang.IllegalArgumentException> but was: <java.lang.NoSuchMethodError>
[ERROR]   DocumentTest.parseAndHtmlOnDifferentThreads:487 expected: <US-ASCII> but was: <UTF-8>
[ERROR] Errors: 
[ERROR]   JsoupTest.parseWithPath:20 » NoSuchMethod 'org.jsoup.nodes.Document$OutputSettings org.jsoup.nodes.Document$OutputSettings.charset(java.nio.charset.Charset)'
[ERROR]   DataUtilTest.charsetSniffingCanReuseTruncatedPreParse:388 » NoSuchMethod 'org.jsoup.nodes.Document$OutputSettings org.jsoup.nodes.Document$OutputSettings.charset(java.nio.charset.Charset)'
[ERROR]   DataUtilTest.discardsSpuriousByteOrderMark:53 » NoSuchMethod 'org.jsoup.nodes.Document$OutputSettings org.jsoup.nodes.Document$OutputSettings.charset(java.nio.charset.Charset)'
[ERROR]   DataUtilTest.discardsSpuriousByteOrderMarkWhenNoCharsetSet:60 » NoSuchMethod 'org.jsoup.nodes.Document$OutputSettings org.jsoup.nodes.Document$OutputSettings.charset(java.nio.charset.Charset)'
[ERROR]   DataUtilTest.firstMetaElementWithCharsetShouldBeUsedForDecoding:131 » NoSuchMethod 'org.jsoup.nodes.Document$OutputSettings org.jsoup.nodes.Document$OutputSettings.charset(java.nio.charset.Charset)'
[ERROR]   DataUtilTest.handlesChunkedInputStream:334 » NoSuchMethod 'org.jsoup.nodes.Document$OutputSettings org.jsoup.nodes.Document$OutputSettings.charset(java.nio.charset.Charset)'
[ERROR]   DataUtilTest.parseSequenceInputStream:149 » NoSuchMethod 'org.jsoup.nodes.Document$OutputSettings org.jsoup.nodes.Document$OutputSettings.charset(java.nio.charset.Charset)'
[ERROR]   DataUtilTest.parseSurrogateAcrossBuffer:367 » NoSuchMethod 'org.jsoup.nodes.Document$OutputSettings org.jsoup.nodes.Document$OutputSettings.charset(java.nio.charset.Charset)'
[ERROR]   DataUtilTest.secondMetaElementWithContentTypeContainsCharsetParameter:119 » NoSuchMethod 'org.jsoup.nodes.Document$OutputSettings org.jsoup.nodes.Document$OutputSettings.charset(java.nio.charset.Charset)'
[ERROR]   DataUtilTest.supportsBOMinFiles:157 » NoSuchMethod 'org.jsoup.nodes.Document$OutputSettings org.jsoup.nodes.Document$OutputSettings.charset(java.nio.charset.Charset)'
[ERROR]   DataUtilTest.supportsUTF8BOM:213 » NoSuchMethod 'org.jsoup.nodes.Document$OutputSettings org.jsoup.nodes.Document$OutputSettings.charset(java.nio.charset.Charset)'
[ERROR]   DataUtilTest.supportsXmlCharsetDeclaration:250 » NoSuchMethod 'org.jsoup.nodes.Document$OutputSettings org.jsoup.nodes.Document$OutputSettings.syntax(org.jsoup.nodes.Document$OutputSettings$Syntax)'
[ERROR]   DataUtilTest.supportsZippedUTF8BOM:228 » NoSuchMethod 'org.jsoup.nodes.Document$OutputSettings org.jsoup.nodes.Document$OutputSettings.charset(java.nio.charset.Charset)'
[ERROR]   W3CDomTest.canXmlParseCdataNodes:456 NoSuchMethod 'org.jsoup.nodes.Document$OutputSettings org.jsoup.nodes.Document$OutputSettings.syntax(org.jsoup.nodes.Document$OutputSettings$Syntax)'
[ERROR]   W3CDomTest.doesNotExpandEntities:521 » NoSuchMethod 'org.jsoup.nodes.Document$OutputSettings org.jsoup.nodes.Document$OutputSettings.syntax(org.jsoup.nodes.Document$OutputSettings$Syntax)'
[ERROR]   W3CDomTest.explicitXmlNamespacesRoundTripThroughW3cDom:174 » NoSuchMethod 'org.jsoup.nodes.Document$OutputSettings org.jsoup.nodes.Document$OutputSettings.syntax(org.jsoup.nodes.Document$OutputSettings$Syntax)'
[ERROR]   W3CDomTest.handlesHtmlElsWithLt:259 NoSuchMethod 'org.jsoup.nodes.Document$OutputSettings org.jsoup.nodes.Document$OutputSettings.syntax(org.jsoup.nodes.Document$OutputSettings$Syntax)'
[ERROR]   W3CDomTest.namespacePreservation:92 » NoSuchMethod 'org.jsoup.nodes.Document$OutputSettings org.jsoup.nodes.Document$OutputSettings.syntax(org.jsoup.nodes.Document$OutputSettings$Syntax)'
[ERROR]   W3CDomTest.plainXmlElementsDoNotUseReservedXmlNamespace:152 » NoSuchMethod 'org.jsoup.nodes.Document$OutputSettings org.jsoup.nodes.Document$OutputSettings.syntax(org.jsoup.nodes.Document$OutputSettings$Syntax)'
[ERROR]   W3CDomTest.xmlInputDocMaintainsHtmlAttributeNames:227 NoSuchMethod 'org.jsoup.nodes.Document$OutputSettings org.jsoup.nodes.Document$OutputSettings.syntax(org.jsoup.nodes.Document$OutputSettings$Syntax)'
[ERROR]   ConnectTest.bodyAndBytesAvailableBeforeParse:466 » NoSuchMethod 'org.jsoup.nodes.Document$OutputSettings org.jsoup.nodes.Document$OutputSettings.charset(java.nio.charset.Charset)'
[ERROR]   ConnectTest.canAuthenticate:1016 » NoSuchMethod 'org.jsoup.nodes.Document$OutputSettings org.jsoup.nodes.Document$OutputSettings.charset(java.nio.charset.Charset)'
[ERROR]   ConnectTest.canAuthenticate:1016 » NoSuchMethod 'org.jsoup.nodes.Document$OutputSettings org.jsoup.nodes.Document$OutputSettings.charset(java.nio.charset.Charset)'
[ERROR]   ConnectTest.canConnectToLocalServer:80 » NoSuchMethod 'org.jsoup.nodes.Document$OutputSettings org.jsoup.nodes.Document$OutputSettings.charset(java.nio.charset.Charset)'
[ERROR]   ConnectTest.canConnectToLocalTlsServer:87 » NoSuchMethod 'org.jsoup.nodes.Document$OutputSettings org.jsoup.nodes.Document$OutputSettings.charset(java.nio.charset.Charset)'
[ERROR]   ConnectTest.canSendSecFetchHeaders:197 » NoSuchMethod 'org.jsoup.nodes.Document$OutputSettings org.jsoup.nodes.Document$OutputSettings.charset(java.nio.charset.Charset)'
[ERROR]   ConnectTest.combinesSameHeadersWithComma:794 » NoSuchMethod 'org.jsoup.nodes.Document$OutputSettings org.jsoup.nodes.Document$OutputSettings.charset(java.nio.charset.Charset)'
[ERROR]   ConnectTest.doesDeleteWithBody:348 » NoSuchMethod 'org.jsoup.nodes.Document$OutputSettings org.jsoup.nodes.Document$OutputSettings.charset(java.nio.charset.Charset)'
[ERROR]   ConnectTest.doesDeleteWithoutBody:359 » NoSuchMethod 'org.jsoup.nodes.Document$OutputSettings org.jsoup.nodes.Document$OutputSettings.charset(java.nio.charset.Charset)'
[ERROR]   ConnectTest.doesGet:292 » NoSuchMethod 'org.jsoup.nodes.Document$OutputSettings org.jsoup.nodes.Document$OutputSettings.charset(java.nio.charset.Charset)'
[ERROR]   ConnectTest.doesGet:292 » NoSuchMethod 'org.jsoup.nodes.Document$OutputSettings org.jsoup.nodes.Document$OutputSettings.charset(java.nio.charset.Charset)'
[ERROR]   ConnectTest.doesNotPostFor302:584 » NoSuchMethod 'org.jsoup.nodes.Document$OutputSettings org.jsoup.nodes.Document$OutputSettings.charset(java.nio.charset.Charset)'
[ERROR]   ConnectTest.doesPost:166 » NoSuchMethod 'org.jsoup.nodes.Document$OutputSettings org.jsoup.nodes.Document$OutputSettings.charset(java.nio.charset.Charset)'
[ERROR]   ConnectTest.doesPostFor307:596 » NoSuchMethod 'org.jsoup.nodes.Document$OutputSettings org.jsoup.nodes.Document$OutputSettings.charset(java.nio.charset.Charset)'
[ERROR]   ConnectTest.doesPostMultipartWithoutInputstream:181 » NoSuchMethod 'org.jsoup.nodes.Document$OutputSettings org.jsoup.nodes.Document$OutputSettings.charset(java.nio.charset.Charset)'
[ERROR]   ConnectTest.doesPut:333 » NoSuchMethod 'org.jsoup.nodes.Document$OutputSettings org.jsoup.nodes.Document$OutputSettings.charset(java.nio.charset.Charset)'
[ERROR]   ConnectTest.fetchHandlesXml:762->fetchHandlesXml:771 » NoSuchMethod 'org.jsoup.nodes.Document$OutputSettings org.jsoup.nodes.Document$OutputSettings.syntax(org.jsoup.nodes.Document$OutputSettings$Syntax)'
[ERROR]   ConnectTest.fetchURIWithWhitespace:101 » NoSuchMethod 'org.jsoup.nodes.Document$OutputSettings org.jsoup.nodes.Document$OutputSettings.charset(java.nio.charset.Charset)'
[ERROR]   ConnectTest.fetchURl:94 » NoSuchMethod 'org.jsoup.nodes.Document$OutputSettings org.jsoup.nodes.Document$OutputSettings.charset(java.nio.charset.Charset)'
[ERROR]   ConnectTest.fetchUnicodeUrl:960 » NoSuchMethod 'org.jsoup.nodes.Document$OutputSettings org.jsoup.nodes.Document$OutputSettings.charset(java.nio.charset.Charset)'
[ERROR]   ConnectTest.formLoginFlow:908 » NoSuchMethod 'org.jsoup.nodes.Document$OutputSettings org.jsoup.nodes.Document$OutputSettings.charset(java.nio.charset.Charset)'
[ERROR]   ConnectTest.formLoginFlow2:944 » NoSuchMethod 'org.jsoup.nodes.Document$OutputSettings org.jsoup.nodes.Document$OutputSettings.charset(java.nio.charset.Charset)'
[ERROR]   ConnectTest.getUtf8Bom:605 » NoSuchMethod 'org.jsoup.nodes.Document$OutputSettings org.jsoup.nodes.Document$OutputSettings.charset(java.nio.charset.Charset)'
[ERROR]   ConnectTest.handlesRedirect:560 » NoSuchMethod 'org.jsoup.nodes.Document$OutputSettings org.jsoup.nodes.Document$OutputSettings.charset(java.nio.charset.Charset)'
[ERROR]   ConnectTest.handlesUnknownEscapesAcrossBuffer:716 » NoSuchMethod 'org.jsoup.nodes.Document$OutputSettings org.jsoup.nodes.Document$OutputSettings.charset(java.nio.charset.Charset)'
[ERROR]   ConnectTest.ignoresExceptionIfSoConfigured:155 » NoSuchMethod 'org.jsoup.nodes.Document$OutputSettings org.jsoup.nodes.Document$OutputSettings.charset(java.nio.charset.Charset)'
[ERROR]   ConnectTest.imageXmlMimeType:677 » NoSuchMethod 'org.jsoup.nodes.Document$OutputSettings org.jsoup.nodes.Document$OutputSettings.syntax(org.jsoup.nodes.Document$OutputSettings$Syntax)'
[ERROR]   ConnectTest.maxBodySize:850 » NoSuchMethod 'org.jsoup.nodes.Document$OutputSettings org.jsoup.nodes.Document$OutputSettings.charset(java.nio.charset.Charset)'
[ERROR]   ConnectTest.multiCookieSet:496 » NoSuchMethod 'org.jsoup.nodes.Document$OutputSettings org.jsoup.nodes.Document$OutputSettings.charset(java.nio.charset.Charset)'
[ERROR]   ConnectTest.multipleParsesOkAfterBufferUp:423 » NoSuchMethod 'org.jsoup.nodes.Document$OutputSettings org.jsoup.nodes.Document$OutputSettings.charset(java.nio.charset.Charset)'
[ERROR]   ConnectTest.multipleParsesOkAfterReadFully:411 » NoSuchMethod 'org.jsoup.nodes.Document$OutputSettings org.jsoup.nodes.Document$OutputSettings.charset(java.nio.charset.Charset)'
[ERROR]   ConnectTest.postFiles:378 » NoSuchMethod 'org.jsoup.nodes.Document$OutputSettings org.jsoup.nodes.Document$OutputSettings.charset(java.nio.charset.Charset)'
[ERROR]   ConnectTest.postFiles:378 » NoSuchMethod 'org.jsoup.nodes.Document$OutputSettings org.jsoup.nodes.Document$OutputSettings.charset(java.nio.charset.Charset)'
[ERROR]   ConnectTest.postHtmlFile:751 » NoSuchMethod 'org.jsoup.nodes.Document$OutputSettings org.jsoup.nodes.Document$OutputSettings.charset(java.nio.charset.Charset)'
[ERROR]   ConnectTest.preservesUrlFragment:954 » NoSuchMethod 'org.jsoup.nodes.Document$OutputSettings org.jsoup.nodes.Document$OutputSettings.charset(java.nio.charset.Charset)'
[ERROR]   ConnectTest.progressListener:1099 » NoSuchMethod 'org.jsoup.nodes.Document$OutputSettings org.jsoup.nodes.Document$OutputSettings.charset(java.nio.charset.Charset)'
[ERROR]   ConnectTest.progressListener:1099 » NoSuchMethod 'org.jsoup.nodes.Document$OutputSettings org.jsoup.nodes.Document$OutputSettings.charset(java.nio.charset.Charset)'
[ERROR]   ConnectTest.repeatable:860 » NoSuchMethod 'org.jsoup.nodes.Document$OutputSettings org.jsoup.nodes.Document$OutputSettings.syntax(org.jsoup.nodes.Document$OutputSettings$Syntax)'
[ERROR]   ConnectTest.requestCookiesSurviveRedirect:510 » NoSuchMethod 'org.jsoup.nodes.Document$OutputSettings org.jsoup.nodes.Document$OutputSettings.charset(java.nio.charset.Charset)'
[ERROR]   ConnectTest.secFetchHeadersSurviveRedirect:212 » NoSuchMethod 'org.jsoup.nodes.Document$OutputSettings org.jsoup.nodes.Document$OutputSettings.charset(java.nio.charset.Charset)'
[ERROR]   ConnectTest.sendHeadRequest:815 » NoSuchMethod 'org.jsoup.nodes.Document$OutputSettings org.jsoup.nodes.Document$OutputSettings.syntax(org.jsoup.nodes.Document$OutputSettings$Syntax)'
[ERROR]   ConnectTest.sendsRequestBody:251 » NoSuchMethod 'org.jsoup.nodes.Document$OutputSettings org.jsoup.nodes.Document$OutputSettings.charset(java.nio.charset.Charset)'
[ERROR]   ConnectTest.sendsRequestBodyJsonWithData:226 » NoSuchMethod 'org.jsoup.nodes.Document$OutputSettings org.jsoup.nodes.Document$OutputSettings.charset(java.nio.charset.Charset)'
[ERROR]   ConnectTest.sendsRequestBodyJsonWithoutData:239 » NoSuchMethod 'org.jsoup.nodes.Document$OutputSettings org.jsoup.nodes.Document$OutputSettings.charset(java.nio.charset.Charset)'
[ERROR]   ConnectTest.sendsRequestBodyStream:278 » NoSuchMethod 'org.jsoup.nodes.Document$OutputSettings org.jsoup.nodes.Document$OutputSettings.charset(java.nio.charset.Charset)'
[ERROR]   ConnectTest.sendsRequestBodyWithUrlParams:264 » NoSuchMethod 'org.jsoup.nodes.Document$OutputSettings org.jsoup.nodes.Document$OutputSettings.charset(java.nio.charset.Charset)'
[ERROR]   ConnectTest.statusMessage:126 » NoSuchMethod 'org.jsoup.nodes.Document$OutputSettings org.jsoup.nodes.Document$OutputSettings.charset(java.nio.charset.Charset)'
[ERROR]   ConnectTest.supportsDeflate:521 » NoSuchMethod 'org.jsoup.nodes.Document$OutputSettings org.jsoup.nodes.Document$OutputSettings.charset(java.nio.charset.Charset)'
[ERROR]   ConnectTest.testParseRss:639 » NoSuchMethod 'org.jsoup.nodes.Document$OutputSettings org.jsoup.nodes.Document$OutputSettings.syntax(org.jsoup.nodes.Document$OutputSettings$Syntax)'
[ERROR]   ConnectTest.testSupplyParserToConnection:656 » NoSuchMethod 'org.jsoup.nodes.Document$OutputSettings org.jsoup.nodes.Document$OutputSettings.syntax(org.jsoup.nodes.Document$OutputSettings$Syntax)'
[ERROR]   ConnectTest.willEscapePathInRedirect:973 » NoSuchMethod 'org.jsoup.nodes.Document$OutputSettings org.jsoup.nodes.Document$OutputSettings.charset(java.nio.charset.Charset)'
[ERROR]   FuzzFixesTest.bookmark:48 » NoSuchMethod 'org.jsoup.nodes.Document$OutputSettings org.jsoup.nodes.Document$OutputSettings.syntax(org.jsoup.nodes.Document$OutputSettings$Syntax)'
[ERROR]   FuzzFixesTest.testHtmlParse:59 » NoSuchMethod 'org.jsoup.nodes.Document$OutputSettings org.jsoup.nodes.Document$OutputSettings.charset(java.nio.charset.Charset)'
[ERROR]   FuzzFixesTest.testHtmlParse:59 » NoSuchMethod 'org.jsoup.nodes.Document$OutputSettings org.jsoup.nodes.Document$OutputSettings.charset(java.nio.charset.Charset)'
[ERROR]   FuzzFixesTest.testHtmlParse:59 » NoSuchMethod 'org.jsoup.nodes.Document$OutputSettings org.jsoup.nodes.Document$OutputSettings.charset(java.nio.charset.Charset)'
[ERROR]   FuzzFixesTest.testHtmlParse:59 » NoSuchMethod 'org.jsoup.nodes.Document$OutputSettings org.jsoup.nodes.Document$OutputSettings.charset(java.nio.charset.Charset)'
[ERROR]   FuzzFixesTest.testHtmlParse:59 » NoSuchMethod 'org.jsoup.nodes.Document$OutputSettings org.jsoup.nodes.Document$OutputSettings.charset(java.nio.charset.Charset)'
[ERROR]   FuzzFixesTest.testHtmlParse:59 » NoSuchMethod 'org.jsoup.nodes.Document$OutputSettings org.jsoup.nodes.Document$OutputSettings.charset(java.nio.charset.Charset)'
[ERROR]   FuzzFixesTest.testHtmlParse:59 » NoSuchMethod 'org.jsoup.nodes.Document$OutputSettings org.jsoup.nodes.Document$OutputSettings.charset(java.nio.charset.Charset)'
[ERROR]   FuzzFixesTest.testHtmlParse:59 » NoSuchMethod 'org.jsoup.nodes.Document$OutputSettings org.jsoup.nodes.Document$OutputSettings.charset(java.nio.charset.Charset)'
[ERROR]   FuzzFixesTest.testHtmlParse:59 » NoSuchMethod 'org.jsoup.nodes.Document$OutputSettings org.jsoup.nodes.Document$OutputSettings.charset(java.nio.charset.Charset)'
[ERROR]   FuzzFixesTest.testHtmlParse:59 » NoSuchMethod 'org.jsoup.nodes.Document$OutputSettings org.jsoup.nodes.Document$OutputSettings.charset(java.nio.charset.Charset)'
[ERROR]   FuzzFixesTest.testHtmlParse:59 » NoSuchMethod 'org.jsoup.nodes.Document$OutputSettings org.jsoup.nodes.Document$OutputSettings.charset(java.nio.charset.Charset)'
[ERROR]   FuzzFixesTest.testHtmlParse:59 » NoSuchMethod 'org.jsoup.nodes.Document$OutputSettings org.jsoup.nodes.Document$OutputSettings.charset(java.nio.charset.Charset)'
[ERROR]   FuzzFixesTest.testHtmlParse:59 » NoSuchMethod 'org.jsoup.nodes.Document$OutputSettings org.jsoup.nodes.Document$OutputSettings.charset(java.nio.charset.Charset)'
[ERROR]   FuzzFixesTest.testHtmlParse:59 » NoSuchMethod 'org.jsoup.nodes.Document$OutputSettings org.jsoup.nodes.Document$OutputSettings.charset(java.nio.charset.Charset)'
[ERROR]   FuzzFixesTest.testHtmlParse:59 » NoSuchMethod 'org.jsoup.nodes.Document$OutputSettings org.jsoup.nodes.Document$OutputSettings.charset(java.nio.charset.Charset)'
[ERROR]   FuzzFixesTest.testHtmlParse:59 » NoSuchMethod 'org.jsoup.nodes.Document$OutputSettings org.jsoup.nodes.Document$OutputSettings.charset(java.nio.charset.Charset)'
[ERROR]   FuzzFixesTest.testHtmlParse:59 » NoSuchMethod 'org.jsoup.nodes.Document$OutputSettings org.jsoup.nodes.Document$OutputSettings.charset(java.nio.charset.Charset)'
[ERROR]   FuzzFixesTest.testHtmlParse:59 » NoSuchMethod 'org.jsoup.nodes.Document$OutputSettings org.jsoup.nodes.Document$OutputSettings.charset(java.nio.charset.Charset)'
[ERROR]   FuzzFixesTest.testHtmlParse:59 » NoSuchMethod 'org.jsoup.nodes.Document$OutputSettings org.jsoup.nodes.Document$OutputSettings.charset(java.nio.charset.Charset)'
[ERROR]   FuzzFixesTest.testHtmlParse:59 » NoSuchMethod 'org.jsoup.nodes.Document$OutputSettings org.jsoup.nodes.Document$OutputSettings.charset(java.nio.charset.Charset)'
[ERROR]   FuzzFixesTest.testHtmlParse:59 » NoSuchMethod 'org.jsoup.nodes.Document$OutputSettings org.jsoup.nodes.Document$OutputSettings.charset(java.nio.charset.Charset)'
[ERROR]   FuzzFixesTest.testHtmlParse:59 » NoSuchMethod 'org.jsoup.nodes.Document$OutputSettings org.jsoup.nodes.Document$OutputSettings.charset(java.nio.charset.Charset)'
[ERROR]   FuzzFixesTest.testHtmlParse:59 » NoSuchMethod 'org.jsoup.nodes.Document$OutputSettings org.jsoup.nodes.Document$OutputSettings.charset(java.nio.charset.Charset)'
[ERROR]   FuzzFixesTest.testHtmlParse:59 » NoSuchMethod 'org.jsoup.nodes.Document$OutputSettings org.jsoup.nodes.Document$OutputSettings.charset(java.nio.charset.Charset)'
[ERROR]   FuzzFixesTest.testHtmlParse:59 » NoSuchMethod 'org.jsoup.nodes.Document$OutputSettings org.jsoup.nodes.Document$OutputSettings.charset(java.nio.charset.Charset)'
[ERROR]   FuzzFixesTest.testHtmlParse:59 » NoSuchMethod 'org.jsoup.nodes.Document$OutputSettings org.jsoup.nodes.Document$OutputSettings.charset(java.nio.charset.Charset)'
[ERROR]   FuzzFixesTest.testHtmlParse:59 » NoSuchMethod 'org.jsoup.nodes.Document$OutputSettings org.jsoup.nodes.Document$OutputSettings.charset(java.nio.charset.Charset)'
[ERROR]   FuzzFixesTest.testHtmlParse:59 » NoSuchMethod 'org.jsoup.nodes.Document$OutputSettings org.jsoup.nodes.Document$OutputSettings.charset(java.nio.charset.Charset)'
[ERROR]   FuzzFixesTest.testHtmlParse:59 » NoSuchMethod 'org.jsoup.nodes.Document$OutputSettings org.jsoup.nodes.Document$OutputSettings.charset(java.nio.charset.Charset)'
[ERROR]   FuzzFixesTest.testHtmlParse:59 » NoSuchMethod 'org.jsoup.nodes.Document$OutputSettings org.jsoup.nodes.Document$OutputSettings.charset(java.nio.charset.Charset)'
[ERROR]   FuzzFixesTest.testHtmlParse:59 » NoSuchMethod 'org.jsoup.nodes.Document$OutputSettings org.jsoup.nodes.Document$OutputSettings.charset(java.nio.charset.Charset)'
[ERROR]   FuzzFixesTest.testHtmlParse:59 » NoSuchMethod 'org.jsoup.nodes.Document$OutputSettings org.jsoup.nodes.Document$OutputSettings.charset(java.nio.charset.Charset)'
[ERROR]   FuzzFixesTest.testHtmlParse:59 » NoSuchMethod 'org.jsoup.nodes.Document$OutputSettings org.jsoup.nodes.Document$OutputSettings.charset(java.nio.charset.Charset)'
[ERROR]   FuzzFixesTest.testHtmlParse:59 » NoSuchMethod 'org.jsoup.nodes.Document$OutputSettings org.jsoup.nodes.Document$OutputSettings.charset(java.nio.charset.Charset)'
[ERROR]   FuzzFixesTest.testHtmlParse:59 » NoSuchMethod 'org.jsoup.nodes.Document$OutputSettings org.jsoup.nodes.Document$OutputSettings.charset(java.nio.charset.Charset)'
[ERROR]   FuzzFixesTest.testHtmlParse:59 » NoSuchMethod 'org.jsoup.nodes.Document$OutputSettings org.jsoup.nodes.Document$OutputSettings.charset(java.nio.charset.Charset)'
[ERROR]   FuzzFixesTest.testHtmlParse:59 » NoSuchMethod 'org.jsoup.nodes.Document$OutputSettings org.jsoup.nodes.Document$OutputSettings.charset(java.nio.charset.Charset)'
[ERROR]   FuzzFixesTest.testHtmlParse:59 » NoSuchMethod 'org.jsoup.nodes.Document$OutputSettings org.jsoup.nodes.Document$OutputSettings.charset(java.nio.charset.Charset)'
[ERROR]   FuzzFixesTest.testHtmlParse:59 » NoSuchMethod 'org.jsoup.nodes.Document$OutputSettings org.jsoup.nodes.Document$OutputSettings.charset(java.nio.charset.Charset)'
[ERROR]   FuzzFixesTest.testHtmlParse:59 » NoSuchMethod 'org.jsoup.nodes.Document$OutputSettings org.jsoup.nodes.Document$OutputSettings.charset(java.nio.charset.Charset)'
[ERROR]   FuzzFixesTest.testHtmlParse:59 » NoSuchMethod 'org.jsoup.nodes.Document$OutputSettings org.jsoup.nodes.Document$OutputSettings.charset(java.nio.charset.Charset)'
[ERROR]   FuzzFixesTest.testHtmlParse:59 » NoSuchMethod 'org.jsoup.nodes.Document$OutputSettings org.jsoup.nodes.Document$OutputSettings.charset(java.nio.charset.Charset)'
[ERROR]   FuzzFixesTest.testHtmlParse:59 » NoSuchMethod 'org.jsoup.nodes.Document$OutputSettings org.jsoup.nodes.Document$OutputSettings.charset(java.nio.charset.Charset)'
[ERROR]   FuzzFixesTest.testHtmlParse:59 » NoSuchMethod 'org.jsoup.nodes.Document$OutputSettings org.jsoup.nodes.Document$OutputSettings.charset(java.nio.charset.Charset)'
[ERROR]   FuzzFixesTest.testHtmlParse:59 » NoSuchMethod 'org.jsoup.nodes.Document$OutputSettings org.jsoup.nodes.Document$OutputSettings.charset(java.nio.charset.Charset)'
[ERROR]   FuzzFixesTest.testHtmlParse:59 » NoSuchMethod 'org.jsoup.nodes.Document$OutputSettings org.jsoup.nodes.Document$OutputSettings.charset(java.nio.charset.Charset)'
[ERROR]   FuzzFixesTest.testHtmlParse:59 » NoSuchMethod 'org.jsoup.nodes.Document$OutputSettings org.jsoup.nodes.Document$OutputSettings.charset(java.nio.charset.Charset)'
[ERROR]   FuzzFixesTest.testHtmlParse:59 » NoSuchMethod 'org.jsoup.nodes.Document$OutputSettings org.jsoup.nodes.Document$OutputSettings.charset(java.nio.charset.Charset)'
[ERROR]   FuzzFixesTest.testHtmlParse:59 » NoSuchMethod 'org.jsoup.nodes.Document$OutputSettings org.jsoup.nodes.Document$OutputSettings.charset(java.nio.charset.Charset)'
[ERROR]   FuzzFixesTest.testHtmlParse:59 » NoSuchMethod 'org.jsoup.nodes.Document$OutputSettings org.jsoup.nodes.Document$OutputSettings.charset(java.nio.charset.Charset)'
[ERROR]   FuzzFixesTest.testXmlParse:76 » NoSuchMethod 'org.jsoup.nodes.Document$OutputSettings org.jsoup.nodes.Document$OutputSettings.syntax(org.jsoup.nodes.Document$OutputSettings$Syntax)'
[ERROR]   FuzzFixesTest.testXmlParse:76 » NoSuchMethod 'org.jsoup.nodes.Document$OutputSettings org.jsoup.nodes.Document$OutputSettings.syntax(org.jsoup.nodes.Document$OutputSettings$Syntax)'
[ERROR]   FuzzFixesTest.testXmlParse:76 » NoSuchMethod 'org.jsoup.nodes.Document$OutputSettings org.jsoup.nodes.Document$OutputSettings.syntax(org.jsoup.nodes.Document$OutputSettings$Syntax)'
[ERROR]   FuzzFixesTest.testXmlParse:76 » NoSuchMethod 'org.jsoup.nodes.Document$OutputSettings org.jsoup.nodes.Document$OutputSettings.syntax(org.jsoup.nodes.Document$OutputSettings$Syntax)'
[ERROR]   FuzzFixesTest.testXmlParse:76 » NoSuchMethod 'org.jsoup.nodes.Document$OutputSettings org.jsoup.nodes.Document$OutputSettings.syntax(org.jsoup.nodes.Document$OutputSettings$Syntax)'
[ERROR]   FuzzFixesTest.testXmlParse:76 » NoSuchMethod 'org.jsoup.nodes.Document$OutputSettings org.jsoup.nodes.Document$OutputSettings.syntax(org.jsoup.nodes.Document$OutputSettings$Syntax)'
[ERROR]   FuzzFixesTest.testXmlParse:76 » NoSuchMethod 'org.jsoup.nodes.Document$OutputSettings org.jsoup.nodes.Document$OutputSettings.syntax(org.jsoup.nodes.Document$OutputSettings$Syntax)'
[ERROR]   FuzzFixesTest.testXmlParse:76 » NoSuchMethod 'org.jsoup.nodes.Document$OutputSettings org.jsoup.nodes.Document$OutputSettings.syntax(org.jsoup.nodes.Document$OutputSettings$Syntax)'
[ERROR]   FuzzFixesTest.testXmlParse:76 » NoSuchMethod 'org.jsoup.nodes.Document$OutputSettings org.jsoup.nodes.Document$OutputSettings.syntax(org.jsoup.nodes.Document$OutputSettings$Syntax)'
[ERROR]   FuzzFixesTest.testXmlParse:76 » NoSuchMethod 'org.jsoup.nodes.Document$OutputSettings org.jsoup.nodes.Document$OutputSettings.syntax(org.jsoup.nodes.Document$OutputSettings$Syntax)'
[ERROR]   FuzzFixesTest.testXmlParse:76 » NoSuchMethod 'org.jsoup.nodes.Document$OutputSettings org.jsoup.nodes.Document$OutputSettings.syntax(org.jsoup.nodes.Document$OutputSettings$Syntax)'
[ERROR]   FuzzFixesTest.testXmlParse:76 » NoSuchMethod 'org.jsoup.nodes.Document$OutputSettings org.jsoup.nodes.Document$OutputSettings.syntax(org.jsoup.nodes.Document$OutputSettings$Syntax)'
[ERROR]   FuzzFixesTest.testXmlParse:76 » NoSuchMethod 'org.jsoup.nodes.Document$OutputSettings org.jsoup.nodes.Document$OutputSettings.syntax(org.jsoup.nodes.Document$OutputSettings$Syntax)'
[ERROR]   FuzzFixesTest.testXmlParse:76 » NoSuchMethod 'org.jsoup.nodes.Document$OutputSettings org.jsoup.nodes.Document$OutputSettings.syntax(org.jsoup.nodes.Document$OutputSettings$Syntax)'
[ERROR]   FuzzFixesTest.testXmlParse:76 » NoSuchMethod 'org.jsoup.nodes.Document$OutputSettings org.jsoup.nodes.Document$OutputSettings.syntax(org.jsoup.nodes.Document$OutputSettings$Syntax)'
[ERROR]   FuzzFixesTest.testXmlParse:76 » NoSuchMethod 'org.jsoup.nodes.Document$OutputSettings org.jsoup.nodes.Document$OutputSettings.syntax(org.jsoup.nodes.Document$OutputSettings$Syntax)'
[ERROR]   FuzzFixesTest.testXmlParse:76 » NoSuchMethod 'org.jsoup.nodes.Document$OutputSettings org.jsoup.nodes.Document$OutputSettings.syntax(org.jsoup.nodes.Document$OutputSettings$Syntax)'
[ERROR]   FuzzFixesTest.testXmlParse:76 » NoSuchMethod 'org.jsoup.nodes.Document$OutputSettings org.jsoup.nodes.Document$OutputSettings.syntax(org.jsoup.nodes.Document$OutputSettings$Syntax)'
[ERROR]   FuzzFixesTest.testXmlParse:76 » NoSuchMethod 'org.jsoup.nodes.Document$OutputSettings org.jsoup.nodes.Document$OutputSettings.syntax(org.jsoup.nodes.Document$OutputSettings$Syntax)'
[ERROR]   FuzzFixesTest.testXmlParse:76 » NoSuchMethod 'org.jsoup.nodes.Document$OutputSettings org.jsoup.nodes.Document$OutputSettings.syntax(org.jsoup.nodes.Document$OutputSettings$Syntax)'
[ERROR]   FuzzFixesTest.testXmlParse:76 » NoSuchMethod 'org.jsoup.nodes.Document$OutputSettings org.jsoup.nodes.Document$OutputSettings.syntax(org.jsoup.nodes.Document$OutputSettings$Syntax)'
[ERROR]   FuzzFixesTest.testXmlParse:76 » NoSuchMethod 'org.jsoup.nodes.Document$OutputSettings org.jsoup.nodes.Document$OutputSettings.syntax(org.jsoup.nodes.Document$OutputSettings$Syntax)'
[ERROR]   FuzzFixesTest.testXmlParse:76 » NoSuchMethod 'org.jsoup.nodes.Document$OutputSettings org.jsoup.nodes.Document$OutputSettings.syntax(org.jsoup.nodes.Document$OutputSettings$Syntax)'
[ERROR]   FuzzFixesTest.testXmlParse:76 » NoSuchMethod 'org.jsoup.nodes.Document$OutputSettings org.jsoup.nodes.Document$OutputSettings.syntax(org.jsoup.nodes.Document$OutputSettings$Syntax)'
[ERROR]   FuzzFixesTest.testXmlParse:76 » NoSuchMethod 'org.jsoup.nodes.Document$OutputSettings org.jsoup.nodes.Document$OutputSettings.syntax(org.jsoup.nodes.Document$OutputSettings$Syntax)'
[ERROR]   FuzzFixesTest.testXmlParse:76 » NoSuchMethod 'org.jsoup.nodes.Document$OutputSettings org.jsoup.nodes.Document$OutputSettings.syntax(org.jsoup.nodes.Document$OutputSettings$Syntax)'
[ERROR]   FuzzFixesTest.testXmlParse:76 » NoSuchMethod 'org.jsoup.nodes.Document$OutputSettings org.jsoup.nodes.Document$OutputSettings.syntax(org.jsoup.nodes.Document$OutputSettings$Syntax)'
[ERROR]   FuzzFixesTest.testXmlParse:76 » NoSuchMethod 'org.jsoup.nodes.Document$OutputSettings org.jsoup.nodes.Document$OutputSettings.syntax(org.jsoup.nodes.Document$OutputSettings$Syntax)'
[ERROR]   FuzzFixesTest.testXmlParse:76 » NoSuchMethod 'org.jsoup.nodes.Document$OutputSettings org.jsoup.nodes.Document$OutputSettings.syntax(org.jsoup.nodes.Document$OutputSettings$Syntax)'
[ERROR]   FuzzFixesTest.testXmlParse:76 » NoSuchMethod 'org.jsoup.nodes.Document$OutputSettings org.jsoup.nodes.Document$OutputSettings.syntax(org.jsoup.nodes.Document$OutputSettings$Syntax)'
[ERROR]   FuzzFixesTest.testXmlParse:76 » NoSuchMethod 'org.jsoup.nodes.Document$OutputSettings org.jsoup.nodes.Document$OutputSettings.syntax(org.jsoup.nodes.Document$OutputSettings$Syntax)'
[ERROR]   FuzzFixesTest.testXmlParse:76 » NoSuchMethod 'org.jsoup.nodes.Document$OutputSettings org.jsoup.nodes.Document$OutputSettings.syntax(org.jsoup.nodes.Document$OutputSettings$Syntax)'
[ERROR]   FuzzFixesTest.testXmlParse:76 » NoSuchMethod 'org.jsoup.nodes.Document$OutputSettings org.jsoup.nodes.Document$OutputSettings.syntax(org.jsoup.nodes.Document$OutputSettings$Syntax)'
[ERROR]   FuzzFixesTest.testXmlParse:76 » NoSuchMethod 'org.jsoup.nodes.Document$OutputSettings org.jsoup.nodes.Document$OutputSettings.syntax(org.jsoup.nodes.Document$OutputSettings$Syntax)'
[ERROR]   FuzzFixesTest.testXmlParse:76 » NoSuchMethod 'org.jsoup.nodes.Document$OutputSettings org.jsoup.nodes.Document$OutputSettings.syntax(org.jsoup.nodes.Document$OutputSettings$Syntax)'
[ERROR]   FuzzFixesTest.testXmlParse:76 » NoSuchMethod 'org.jsoup.nodes.Document$OutputSettings org.jsoup.nodes.Document$OutputSettings.syntax(org.jsoup.nodes.Document$OutputSettings$Syntax)'
[ERROR]   FuzzFixesTest.testXmlParse:76 » NoSuchMethod 'org.jsoup.nodes.Document$OutputSettings org.jsoup.nodes.Document$OutputSettings.syntax(org.jsoup.nodes.Document$OutputSettings$Syntax)'
[ERROR]   FuzzFixesTest.testXmlParse:76 » NoSuchMethod 'org.jsoup.nodes.Document$OutputSettings org.jsoup.nodes.Document$OutputSettings.syntax(org.jsoup.nodes.Document$OutputSettings$Syntax)'
[ERROR]   FuzzFixesTest.testXmlParse:76 » NoSuchMethod 'org.jsoup.nodes.Document$OutputSettings org.jsoup.nodes.Document$OutputSettings.syntax(org.jsoup.nodes.Document$OutputSettings$Syntax)'
[ERROR]   FuzzFixesTest.testXmlParse:76 » NoSuchMethod 'org.jsoup.nodes.Document$OutputSettings org.jsoup.nodes.Document$OutputSettings.syntax(org.jsoup.nodes.Document$OutputSettings$Syntax)'
[ERROR]   FuzzFixesTest.testXmlParse:76 » NoSuchMethod 'org.jsoup.nodes.Document$OutputSettings org.jsoup.nodes.Document$OutputSettings.syntax(org.jsoup.nodes.Document$OutputSettings$Syntax)'
[ERROR]   FuzzFixesTest.testXmlParse:76 » NoSuchMethod 'org.jsoup.nodes.Document$OutputSettings org.jsoup.nodes.Document$OutputSettings.syntax(org.jsoup.nodes.Document$OutputSettings$Syntax)'
[ERROR]   FuzzFixesTest.testXmlParse:76 » NoSuchMethod 'org.jsoup.nodes.Document$OutputSettings org.jsoup.nodes.Document$OutputSettings.syntax(org.jsoup.nodes.Document$OutputSettings$Syntax)'
[ERROR]   FuzzFixesTest.testXmlParse:76 » NoSuchMethod 'org.jsoup.nodes.Document$OutputSettings org.jsoup.nodes.Document$OutputSettings.syntax(org.jsoup.nodes.Document$OutputSettings$Syntax)'
[ERROR]   FuzzFixesTest.testXmlParse:76 » NoSuchMethod 'org.jsoup.nodes.Document$OutputSettings org.jsoup.nodes.Document$OutputSettings.syntax(org.jsoup.nodes.Document$OutputSettings$Syntax)'
[ERROR]   FuzzFixesTest.testXmlParse:76 » NoSuchMethod 'org.jsoup.nodes.Document$OutputSettings org.jsoup.nodes.Document$OutputSettings.syntax(org.jsoup.nodes.Document$OutputSettings$Syntax)'
[ERROR]   FuzzFixesTest.testXmlParse:76 » NoSuchMethod 'org.jsoup.nodes.Document$OutputSettings org.jsoup.nodes.Document$OutputSettings.syntax(org.jsoup.nodes.Document$OutputSettings$Syntax)'
[ERROR]   FuzzFixesTest.testXmlParse:76 » NoSuchMethod 'org.jsoup.nodes.Document$OutputSettings org.jsoup.nodes.Document$OutputSettings.syntax(org.jsoup.nodes.Document$OutputSettings$Syntax)'
[ERROR]   FuzzFixesTest.testXmlParse:76 » NoSuchMethod 'org.jsoup.nodes.Document$OutputSettings org.jsoup.nodes.Document$OutputSettings.syntax(org.jsoup.nodes.Document$OutputSettings$Syntax)'
[ERROR]   FuzzFixesTest.testXmlParse:76 » NoSuchMethod 'org.jsoup.nodes.Document$OutputSettings org.jsoup.nodes.Document$OutputSettings.syntax(org.jsoup.nodes.Document$OutputSettings$Syntax)'
[ERROR]   HttpClientConnectTest>ConnectTest.bodyAndBytesAvailableBeforeParse:466 » NoSuchMethod 'org.jsoup.nodes.Document$OutputSettings org.jsoup.nodes.Document$OutputSettings.charset(java.nio.charset.Charset)'
[ERROR]   HttpClientConnectTest>ConnectTest.canAuthenticate:1016 » NoSuchMethod 'org.jsoup.nodes.Document$OutputSettings org.jsoup.nodes.Document$OutputSettings.charset(java.nio.charset.Charset)'
[ERROR]   HttpClientConnectTest>ConnectTest.canAuthenticate:1016 » NoSuchMethod 'org.jsoup.nodes.Document$OutputSettings org.jsoup.nodes.Document$OutputSettings.charset(java.nio.charset.Charset)'
[ERROR]   HttpClientConnectTest>ConnectTest.canConnectToLocalServer:80 » NoSuchMethod 'org.jsoup.nodes.Document$OutputSettings org.jsoup.nodes.Document$OutputSettings.charset(java.nio.charset.Charset)'
[ERROR]   HttpClientConnectTest>ConnectTest.canConnectToLocalTlsServer:87 » NoSuchMethod 'org.jsoup.nodes.Document$OutputSettings org.jsoup.nodes.Document$OutputSettings.charset(java.nio.charset.Charset)'
[ERROR]   HttpClientConnectTest>ConnectTest.canSendSecFetchHeaders:197 » NoSuchMethod 'org.jsoup.nodes.Document$OutputSettings org.jsoup.nodes.Document$OutputSettings.charset(java.nio.charset.Charset)'
[ERROR]   HttpClientConnectTest>ConnectTest.combinesSameHeadersWithComma:794 » NoSuchMethod 'org.jsoup.nodes.Document$OutputSettings org.jsoup.nodes.Document$OutputSettings.charset(java.nio.charset.Charset)'
[ERROR]   HttpClientConnectTest>ConnectTest.doesDeleteWithBody:348 » NoSuchMethod 'org.jsoup.nodes.Document$OutputSettings org.jsoup.nodes.Document$OutputSettings.charset(java.nio.charset.Charset)'
[ERROR]   HttpClientConnectTest>ConnectTest.doesDeleteWithoutBody:359 » NoSuchMethod 'org.jsoup.nodes.Document$OutputSettings org.jsoup.nodes.Document$OutputSettings.charset(java.nio.charset.Charset)'
[ERROR]   HttpClientConnectTest>ConnectTest.doesGet:292 » NoSuchMethod 'org.jsoup.nodes.Document$OutputSettings org.jsoup.nodes.Document$OutputSettings.charset(java.nio.charset.Charset)'
[ERROR]   HttpClientConnectTest>ConnectTest.doesGet:292 » NoSuchMethod 'org.jsoup.nodes.Document$OutputSettings org.jsoup.nodes.Document$OutputSettings.charset(java.nio.charset.Charset)'
[ERROR]   HttpClientConnectTest>ConnectTest.doesNotPostFor302:584 » NoSuchMethod 'org.jsoup.nodes.Document$OutputSettings org.jsoup.nodes.Document$OutputSettings.charset(java.nio.charset.Charset)'
[ERROR]   HttpClientConnectTest>ConnectTest.doesPost:166 » NoSuchMethod 'org.jsoup.nodes.Document$OutputSettings org.jsoup.nodes.Document$OutputSettings.charset(java.nio.charset.Charset)'
[ERROR]   HttpClientConnectTest>ConnectTest.doesPostFor307:596 » NoSuchMethod 'org.jsoup.nodes.Document$OutputSettings org.jsoup.nodes.Document$OutputSettings.charset(java.nio.charset.Charset)'
[ERROR]   HttpClientConnectTest>ConnectTest.doesPostMultipartWithoutInputstream:181 » NoSuchMethod 'org.jsoup.nodes.Document$OutputSettings org.jsoup.nodes.Document$OutputSettings.charset(java.nio.charset.Charset)'
[ERROR]   HttpClientConnectTest>ConnectTest.doesPut:333 » NoSuchMethod 'org.jsoup.nodes.Document$OutputSettings org.jsoup.nodes.Document$OutputSettings.charset(java.nio.charset.Charset)'
[ERROR]   HttpClientConnectTest>ConnectTest.fetchHandlesXml:762->ConnectTest.fetchHandlesXml:771 » NoSuchMethod 'org.jsoup.nodes.Document$OutputSettings org.jsoup.nodes.Document$OutputSettings.syntax(org.jsoup.nodes.Document$OutputSettings$Syntax)'
[ERROR]   HttpClientConnectTest>ConnectTest.fetchURIWithWhitespace:101 » NoSuchMethod 'org.jsoup.nodes.Document$OutputSettings org.jsoup.nodes.Document$OutputSettings.charset(java.nio.charset.Charset)'
[ERROR]   HttpClientConnectTest>ConnectTest.fetchURl:94 » NoSuchMethod 'org.jsoup.nodes.Document$OutputSettings org.jsoup.nodes.Document$OutputSettings.charset(java.nio.charset.Charset)'
[ERROR]   HttpClientConnectTest>ConnectTest.fetchUnicodeUrl:960 » NoSuchMethod 'org.jsoup.nodes.Document$OutputSettings org.jsoup.nodes.Document$OutputSettings.charset(java.nio.charset.Charset)'
[ERROR]   HttpClientConnectTest>ConnectTest.formLoginFlow:908 » NoSuchMethod 'org.jsoup.nodes.Document$OutputSettings org.jsoup.nodes.Document$OutputSettings.charset(java.nio.charset.Charset)'
[ERROR]   HttpClientConnectTest>ConnectTest.formLoginFlow2:944 » NoSuchMethod 'org.jsoup.nodes.Document$OutputSettings org.jsoup.nodes.Document$OutputSettings.charset(java.nio.charset.Charset)'
[ERROR]   HttpClientConnectTest>ConnectTest.getUtf8Bom:605 » NoSuchMethod 'org.jsoup.nodes.Document$OutputSettings org.jsoup.nodes.Document$OutputSettings.charset(java.nio.charset.Charset)'
[ERROR]   HttpClientConnectTest>ConnectTest.handlesRedirect:560 » NoSuchMethod 'org.jsoup.nodes.Document$OutputSettings org.jsoup.nodes.Document$OutputSettings.charset(java.nio.charset.Charset)'
[ERROR]   HttpClientConnectTest>ConnectTest.handlesUnknownEscapesAcrossBuffer:716 » NoSuchMethod 'org.jsoup.nodes.Document$OutputSettings org.jsoup.nodes.Document$OutputSettings.charset(java.nio.charset.Charset)'
[ERROR]   HttpClientConnectTest>ConnectTest.ignoresExceptionIfSoConfigured:155 » NoSuchMethod 'org.jsoup.nodes.Document$OutputSettings org.jsoup.nodes.Document$OutputSettings.charset(java.nio.charset.Charset)'
[ERROR]   HttpClientConnectTest>ConnectTest.imageXmlMimeType:677 » NoSuchMethod 'org.jsoup.nodes.Document$OutputSettings org.jsoup.nodes.Document$OutputSettings.syntax(org.jsoup.nodes.Document$OutputSettings$Syntax)'
[ERROR]   HttpClientConnectTest>ConnectTest.maxBodySize:850 » NoSuchMethod 'org.jsoup.nodes.Document$OutputSettings org.jsoup.nodes.Document$OutputSettings.charset(java.nio.charset.Charset)'
[ERROR]   HttpClientConnectTest>ConnectTest.multiCookieSet:496 » NoSuchMethod 'org.jsoup.nodes.Document$OutputSettings org.jsoup.nodes.Document$OutputSettings.charset(java.nio.charset.Charset)'
[ERROR]   HttpClientConnectTest>ConnectTest.multipleParsesOkAfterBufferUp:423 » NoSuchMethod 'org.jsoup.nodes.Document$OutputSettings org.jsoup.nodes.Document$OutputSettings.charset(java.nio.charset.Charset)'
[ERROR]   HttpClientConnectTest>ConnectTest.multipleParsesOkAfterReadFully:411 » NoSuchMethod 'org.jsoup.nodes.Document$OutputSettings org.jsoup.nodes.Document$OutputSettings.charset(java.nio.charset.Charset)'
[ERROR]   HttpClientConnectTest>ConnectTest.postFiles:378 » NoSuchMethod 'org.jsoup.nodes.Document$OutputSettings org.jsoup.nodes.Document$OutputSettings.charset(java.nio.charset.Charset)'
[ERROR]   HttpClientConnectTest>ConnectTest.postFiles:378 » NoSuchMethod 'org.jsoup.nodes.Document$OutputSettings org.jsoup.nodes.Document$OutputSettings.charset(java.nio.charset.Charset)'
[ERROR]   HttpClientConnectTest>ConnectTest.postHtmlFile:751 » NoSuchMethod 'org.jsoup.nodes.Document$OutputSettings org.jsoup.nodes.Document$OutputSettings.charset(java.nio.charset.Charset)'
[ERROR]   HttpClientConnectTest>ConnectTest.preservesUrlFragment:954 » NoSuchMethod 'org.jsoup.nodes.Document$OutputSettings org.jsoup.nodes.Document$OutputSettings.charset(java.nio.charset.Charset)'
[ERROR]   HttpClientConnectTest>ConnectTest.progressListener:1099 » NoSuchMethod 'org.jsoup.nodes.Document$OutputSettings org.jsoup.nodes.Document$OutputSettings.charset(java.nio.charset.Charset)'
[ERROR]   HttpClientConnectTest>ConnectTest.progressListener:1099 » NoSuchMethod 'org.jsoup.nodes.Document$OutputSettings org.jsoup.nodes.Document$OutputSettings.charset(java.nio.charset.Charset)'
[ERROR]   HttpClientConnectTest>ConnectTest.repeatable:860 » NoSuchMethod 'org.jsoup.nodes.Document$OutputSettings org.jsoup.nodes.Document$OutputSettings.syntax(org.jsoup.nodes.Document$OutputSettings$Syntax)'
[ERROR]   HttpClientConnectTest>ConnectTest.requestCookiesSurviveRedirect:510 » NoSuchMethod 'org.jsoup.nodes.Document$OutputSettings org.jsoup.nodes.Document$OutputSettings.charset(java.nio.charset.Charset)'
[ERROR]   HttpClientConnectTest>ConnectTest.secFetchHeadersSurviveRedirect:212 » NoSuchMethod 'org.jsoup.nodes.Document$OutputSettings org.jsoup.nodes.Document$OutputSettings.charset(java.nio.charset.Charset)'
[ERROR]   HttpClientConnectTest>ConnectTest.sendHeadRequest:815 » NoSuchMethod 'org.jsoup.nodes.Document$OutputSettings org.jsoup.nodes.Document$OutputSettings.syntax(org.jsoup.nodes.Document$OutputSettings$Syntax)'
[ERROR]   HttpClientConnectTest>ConnectTest.sendsRequestBody:251 » NoSuchMethod 'org.jsoup.nodes.Document$OutputSettings org.jsoup.nodes.Document$OutputSettings.charset(java.nio.charset.Charset)'
[ERROR]   HttpClientConnectTest>ConnectTest.sendsRequestBodyJsonWithData:226 » NoSuchMethod 'org.jsoup.nodes.Document$OutputSettings org.jsoup.nodes.Document$OutputSettings.charset(java.nio.charset.Charset)'
[ERROR]   HttpClientConnectTest>ConnectTest.sendsRequestBodyJsonWithoutData:239 » NoSuchMethod 'org.jsoup.nodes.Document$OutputSettings org.jsoup.nodes.Document$OutputSettings.charset(java.nio.charset.Charset)'
[ERROR]   HttpClientConnectTest>ConnectTest.sendsRequestBodyStream:278 » NoSuchMethod 'org.jsoup.nodes.Document$OutputSettings org.jsoup.nodes.Document$OutputSettings.charset(java.nio.charset.Charset)'
[ERROR]   HttpClientConnectTest>ConnectTest.sendsRequestBodyWithUrlParams:264 » NoSuchMethod 'org.jsoup.nodes.Document$OutputSettings org.jsoup.nodes.Document$OutputSettings.charset(java.nio.charset.Charset)'
[ERROR]   HttpClientConnectTest>ConnectTest.statusMessage:126 » NoSuchMethod 'org.jsoup.nodes.Document$OutputSettings org.jsoup.nodes.Document$OutputSettings.charset(java.nio.charset.Charset)'
[ERROR]   HttpClientConnectTest>ConnectTest.supportsDeflate:521 » NoSuchMethod 'org.jsoup.nodes.Document$OutputSettings org.jsoup.nodes.Document$OutputSettings.charset(java.nio.charset.Charset)'
[ERROR]   HttpClientConnectTest>ConnectTest.testParseRss:639 » NoSuchMethod 'org.jsoup.nodes.Document$OutputSettings org.jsoup.nodes.Document$OutputSettings.syntax(org.jsoup.nodes.Document$OutputSettings$Syntax)'
[ERROR]   HttpClientConnectTest>ConnectTest.testSupplyParserToConnection:656 » NoSuchMethod 'org.jsoup.nodes.Document$OutputSettings org.jsoup.nodes.Document$OutputSettings.syntax(org.jsoup.nodes.Document$OutputSettings$Syntax)'
[ERROR]   HttpClientConnectTest>ConnectTest.willEscapePathInRedirect:973 » NoSuchMethod 'org.jsoup.nodes.Document$OutputSettings org.jsoup.nodes.Document$OutputSettings.charset(java.nio.charset.Charset)'
[ERROR]   HttpClientSessionTest>SessionTest.testCanChangeParsers:131 » NoSuchMethod 'org.jsoup.nodes.Document$OutputSettings org.jsoup.nodes.Document$OutputSettings.syntax(org.jsoup.nodes.Document$OutputSettings$Syntax)'
[ERROR]   HttpClientSessionTest>SessionTest.testPathScopedCookies:46 » NoSuchMethod 'org.jsoup.nodes.Document$OutputSettings org.jsoup.nodes.Document$OutputSettings.charset(java.nio.charset.Charset)'
[ERROR]   HttpClientSessionTest>SessionTest.testPathScopedCookiesOnRedirect:107 » NoSuchMethod 'org.jsoup.nodes.Document$OutputSettings org.jsoup.nodes.Document$OutputSettings.charset(java.nio.charset.Charset)'
[ERROR]   ParseTest.testFileParseNoCharsetMethod:124 » NoSuchMethod 'org.jsoup.nodes.Document$OutputSettings org.jsoup.nodes.Document$OutputSettings.charset(java.nio.charset.Charset)'
[ERROR]   ParseTest.testHtml5Charset:34 » NoSuchMethod 'org.jsoup.nodes.Document$OutputSettings org.jsoup.nodes.Document$OutputSettings.charset(java.nio.charset.Charset)'
[ERROR]   ParseTest.testXwiki:76 » NoSuchMethod 'org.jsoup.nodes.Document$OutputSettings org.jsoup.nodes.Document$OutputSettings.charset(java.nio.charset.Charset)'
[ERROR]   ParseTest.testXwikiExpanded:92 » NoSuchMethod 'org.jsoup.nodes.Document$OutputSettings org.jsoup.nodes.Document$OutputSettings.charset(java.nio.charset.Charset)'
[ERROR]   ProxyTest.canAuthToProxyAndServer:183 » NoSuchMethod 'org.jsoup.nodes.Document$OutputSettings org.jsoup.nodes.Document$OutputSettings.charset(java.nio.charset.Charset)'
[ERROR]   ProxyTest.canAuthToProxyAndServer:183 » NoSuchMethod 'org.jsoup.nodes.Document$OutputSettings org.jsoup.nodes.Document$OutputSettings.charset(java.nio.charset.Charset)'
[ERROR]   ProxyTest.fetchViaProxy:44 » NoSuchMethod 'org.jsoup.nodes.Document$OutputSettings org.jsoup.nodes.Document$OutputSettings.charset(java.nio.charset.Charset)'
[ERROR]   ProxyTest.fetchViaProxy:44 » NoSuchMethod 'org.jsoup.nodes.Document$OutputSettings org.jsoup.nodes.Document$OutputSettings.charset(java.nio.charset.Charset)'
[ERROR]   ProxyTest.proxyForSession:86 » NoSuchMethod 'org.jsoup.nodes.Document$OutputSettings org.jsoup.nodes.Document$OutputSettings.charset(java.nio.charset.Charset)'
[ERROR]   ProxyTest.redirectViaProxy:71 » NoSuchMethod 'org.jsoup.nodes.Document$OutputSettings org.jsoup.nodes.Document$OutputSettings.charset(java.nio.charset.Charset)'
[ERROR]   SessionTest.testCanChangeParsers:131 » NoSuchMethod 'org.jsoup.nodes.Document$OutputSettings org.jsoup.nodes.Document$OutputSettings.syntax(org.jsoup.nodes.Document$OutputSettings$Syntax)'
[ERROR]   SessionTest.testPathScopedCookies:46 » NoSuchMethod 'org.jsoup.nodes.Document$OutputSettings org.jsoup.nodes.Document$OutputSettings.charset(java.nio.charset.Charset)'
[ERROR]   SessionTest.testPathScopedCookiesOnRedirect:107 » NoSuchMethod 'org.jsoup.nodes.Document$OutputSettings org.jsoup.nodes.Document$OutputSettings.charset(java.nio.charset.Charset)'
[ERROR]   CommentTest.asXmlDeclaration:76 » NoSuchMethod 'org.jsoup.nodes.Document$OutputSettings org.jsoup.nodes.Document$OutputSettings.syntax(org.jsoup.nodes.Document$OutputSettings$Syntax)'
[ERROR]   CommentTest.testHtmlNoPretty:37 NoSuchMethod 'org.jsoup.nodes.Document$OutputSettings org.jsoup.nodes.Document$OutputSettings.prettyPrint(boolean)'
[ERROR]   DataNodeTest.xmlOutputOrphanWithoutCData:72 NoSuchMethod 'org.jsoup.nodes.Document$OutputSettings org.jsoup.nodes.Document$OutputSettings.syntax(org.jsoup.nodes.Document$OutputSettings$Syntax)'
[ERROR]   DataNodeTest.xmlOutputOtherWithCData:55 NoSuchMethod 'org.jsoup.nodes.Document$OutputSettings org.jsoup.nodes.Document$OutputSettings.syntax(org.jsoup.nodes.Document$OutputSettings$Syntax)'
[ERROR]   DataNodeTest.xmlOutputOtherWithoutCData:64 NoSuchMethod 'org.jsoup.nodes.Document$OutputSettings org.jsoup.nodes.Document$OutputSettings.syntax(org.jsoup.nodes.Document$OutputSettings$Syntax)'
[ERROR]   DataNodeTest.xmlOutputScriptWithCData:19 NoSuchMethod 'org.jsoup.nodes.Document$OutputSettings org.jsoup.nodes.Document$OutputSettings.syntax(org.jsoup.nodes.Document$OutputSettings$Syntax)'
[ERROR]   DataNodeTest.xmlOutputScriptWithoutCData:28 NoSuchMethod 'org.jsoup.nodes.Document$OutputSettings org.jsoup.nodes.Document$OutputSettings.syntax(org.jsoup.nodes.Document$OutputSettings$Syntax)'
[ERROR]   DataNodeTest.xmlOutputStyleWithCData:37 NoSuchMethod 'org.jsoup.nodes.Document$OutputSettings org.jsoup.nodes.Document$OutputSettings.syntax(org.jsoup.nodes.Document$OutputSettings$Syntax)'
[ERROR]   DataNodeTest.xmlOutputStyleWithoutCData:46 NoSuchMethod 'org.jsoup.nodes.Document$OutputSettings org.jsoup.nodes.Document$OutputSettings.syntax(org.jsoup.nodes.Document$OutputSettings$Syntax)'
[ERROR]   DocumentTest.charsetOnEmptyDoc:438 NoSuchMethod 'org.jsoup.nodes.Document$OutputSettings org.jsoup.nodes.Document$OutputSettings.syntax(org.jsoup.nodes.Document$OutputSettings$Syntax)'
[ERROR]   DocumentTest.testHtmlAndXmlSyntax:165 NoSuchMethod 'org.jsoup.nodes.Document$OutputSettings org.jsoup.nodes.Document$OutputSettings.syntax(org.jsoup.nodes.Document$OutputSettings$Syntax)'
[ERROR]   DocumentTest.testHtmlAppendable:194 NoSuchMethod 'org.jsoup.nodes.Document$OutputSettings org.jsoup.nodes.Document$OutputSettings.prettyPrint(boolean)'
[ERROR]   DocumentTest.testLocation:145 » NoSuchMethod 'org.jsoup.nodes.Document$OutputSettings org.jsoup.nodes.Document$OutputSettings.charset(java.nio.charset.Charset)'
[ERROR]   DocumentTest.testMetaCharsetUpdateXmlDisabled:394->createXmlDocument:424 NoSuchMethod 'org.jsoup.nodes.Document$OutputSettings org.jsoup.nodes.Document$OutputSettings.syntax(org.jsoup.nodes.Document$OutputSettings$Syntax)'
[ERROR]   DocumentTest.testMetaCharsetUpdateXmlDisabledNoChanges:402->createXmlDocument:424 NoSuchMethod 'org.jsoup.nodes.Document$OutputSettings org.jsoup.nodes.Document$OutputSettings.syntax(org.jsoup.nodes.Document$OutputSettings$Syntax)'
[ERROR]   DocumentTest.testMetaCharsetUpdateXmlIso8859:366->createXmlDocument:424 NoSuchMethod 'org.jsoup.nodes.Document$OutputSettings org.jsoup.nodes.Document$OutputSettings.syntax(org.jsoup.nodes.Document$OutputSettings$Syntax)'
[ERROR]   DocumentTest.testMetaCharsetUpdateXmlNoCharset:381->createXmlDocument:424 NoSuchMethod 'org.jsoup.nodes.Document$OutputSettings org.jsoup.nodes.Document$OutputSettings.syntax(org.jsoup.nodes.Document$OutputSettings$Syntax)'
[ERROR]   DocumentTest.testMetaCharsetUpdateXmlUtf8:351->createXmlDocument:424 NoSuchMethod 'org.jsoup.nodes.Document$OutputSettings org.jsoup.nodes.Document$OutputSettings.syntax(org.jsoup.nodes.Document$OutputSettings$Syntax)'
[ERROR]   DocumentTest.testOutputEncoding:63 NoSuchMethod 'org.jsoup.nodes.Document$OutputSettings org.jsoup.nodes.Document$OutputSettings.charset(java.lang.String)'
[ERROR]   DocumentTest.testShiftJisRoundtrip:460 » NoSuchMethod 'org.jsoup.nodes.Document$OutputSettings org.jsoup.nodes.Document$OutputSettings.charset(java.nio.charset.Charset)'
[ERROR]   DocumentTest.testXhtmlReferences:73 NoSuchMethod 'org.jsoup.nodes.Document$OutputSettings org.jsoup.nodes.Document$OutputSettings.escapeMode(org.jsoup.nodes.Entities$EscapeMode)'
[ERROR]   DocumentTypeTest.testRoundTrip:51->xmlOutput:81 » NoSuchMethod 'org.jsoup.nodes.Document$OutputSettings org.jsoup.nodes.Document$OutputSettings.syntax(org.jsoup.nodes.Document$OutputSettings$Syntax)'
[ERROR]   ElementTest.cloneRetainsParser:1180 » NoSuchMethod 'org.jsoup.nodes.Document$OutputSettings org.jsoup.nodes.Document$OutputSettings.syntax(org.jsoup.nodes.Document$OutputSettings$Syntax)'
[ERROR]   ElementTest.clonedElementsHaveOwnerDocsAndIndependentSettings:2556 NoSuchMethod 'org.jsoup.nodes.Document$OutputSettings org.jsoup.nodes.Document$OutputSettings.prettyPrint(boolean)'
[ERROR]   ElementTest.datanodesOutputCdataInXhtml:3135 NoSuchMethod 'org.jsoup.nodes.Document$OutputSettings org.jsoup.nodes.Document$OutputSettings.syntax(org.jsoup.nodes.Document$OutputSettings$Syntax)'
[ERROR]   ElementTest.datanodesOutputExistingCdataInXhtml:3168 NoSuchMethod 'org.jsoup.nodes.Document$OutputSettings org.jsoup.nodes.Document$OutputSettings.syntax(org.jsoup.nodes.Document$OutputSettings$Syntax)'
[ERROR]   ElementTest.doctypeIsPrettyPrinted:2771 NoSuchMethod 'org.jsoup.nodes.Document$OutputSettings org.jsoup.nodes.Document$OutputSettings.prettyPrint(boolean)'
[ERROR]   ElementTest.elementBrText:2621 NoSuchMethod 'org.jsoup.nodes.Document$OutputSettings org.jsoup.nodes.Document$OutputSettings.prettyPrint(boolean)'
[ERROR]   ElementTest.htmlToXmlNormalizes:3341 NoSuchMethod 'org.jsoup.nodes.Document$OutputSettings org.jsoup.nodes.Document$OutputSettings.prettyPrint(boolean)'
[ERROR]   ElementTest.invalidCharactersDiscardedInXml:3354 NoSuchMethod 'org.jsoup.nodes.Document$OutputSettings org.jsoup.nodes.Document$OutputSettings.syntax(org.jsoup.nodes.Document$OutputSettings$Syntax)'
[ERROR]   ElementTest.preformatFlowsToChildTextNodes:2654 NoSuchMethod 'org.jsoup.nodes.Document$OutputSettings org.jsoup.nodes.Document$OutputSettings.indentAmount(int)'
[ERROR]   ElementTest.prettyPrintScriptsDoesNotGrowOnRepeat:2605 NoSuchMethod 'org.jsoup.nodes.Document$OutputSettings org.jsoup.nodes.Document$OutputSettings.prettyPrint(boolean)'
[ERROR]   ElementTest.testOutputSettings:2579 NoSuchMethod 'org.jsoup.nodes.Document$OutputSettings org.jsoup.nodes.Document$OutputSettings.prettyPrint(boolean)'
[ERROR]   ElementTest.testFormatOutline:534 NoSuchMethod 'org.jsoup.nodes.Document$OutputSettings org.jsoup.nodes.Document$OutputSettings.outline(boolean)'
[ERROR]   ElementTest.testHtmlContainsOuter:1220 NoSuchMethod 'org.jsoup.nodes.Document$OutputSettings org.jsoup.nodes.Document$OutputSettings.indentAmount(int)'
[ERROR]   ElementTest.testIndentLevel:560 NoSuchMethod 'org.jsoup.nodes.Document$OutputSettings org.jsoup.nodes.Document$OutputSettings.maxPaddingWidth(int)'
[ERROR]   ElementTest.testNormalizesInvisiblesInText:1973 NoSuchMethod 'org.jsoup.nodes.Document$OutputSettings org.jsoup.nodes.Document$OutputSettings.charset(java.lang.String)'
[ERROR]   ElementTest.testNotPretty:574 NoSuchMethod 'org.jsoup.nodes.Document$OutputSettings org.jsoup.nodes.Document$OutputSettings.prettyPrint(boolean)'
[ERROR]   ElementTest.testNotPrettyWithEnDashBody:585 NoSuchMethod 'org.jsoup.nodes.Document$OutputSettings org.jsoup.nodes.Document$OutputSettings.prettyPrint(boolean)'
[ERROR]   ElementTest.testPrettyAndOutlineWithEnDashBody:602 NoSuchMethod 'org.jsoup.nodes.Document$OutputSettings org.jsoup.nodes.Document$OutputSettings.outline(boolean)'
[ERROR]   ElementTest.testScriptTextHtmlSetAsData:2371 » NoSuchMethod 'org.jsoup.nodes.Document$OutputSettings org.jsoup.nodes.Document$OutputSettings.syntax(org.jsoup.nodes.Document$OutputSettings$Syntax)'
[ERROR]   ElementTest.testSetIndent:541 NoSuchMethod 'org.jsoup.nodes.Document$OutputSettings org.jsoup.nodes.Document$OutputSettings.indentAmount(int)'
[ERROR]   ElementTest.xmlSyntaxSetsEscapeMode:3277 NoSuchMethod 'org.jsoup.nodes.Document$OutputSettings org.jsoup.nodes.Document$OutputSettings.charset(java.lang.String)'
[ERROR]   EntitiesTest.alwaysEscapeLtAndGtInAttributeValues:162 NoSuchMethod 'org.jsoup.nodes.Document$OutputSettings org.jsoup.nodes.Document$OutputSettings.escapeMode(org.jsoup.nodes.Entities$EscapeMode)'
[ERROR]   EntitiesTest.caseSensitive:126 NoSuchMethod 'org.jsoup.nodes.Document$OutputSettings org.jsoup.nodes.Document$OutputSettings.charset(java.lang.String)'
[ERROR]   EntitiesTest.controlCharactersAreEscaped:176 » NoSuchMethod 'org.jsoup.nodes.Document$OutputSettings org.jsoup.nodes.Document$OutputSettings.syntax(org.jsoup.nodes.Document$OutputSettings$Syntax)'
[ERROR]   EntitiesTest.escape:16 NoSuchMethod 'org.jsoup.nodes.Document$OutputSettings org.jsoup.nodes.Document$OutputSettings.charset(java.lang.String)'
[ERROR]   EntitiesTest.escapeSupplementaryCharacter:83 NoSuchMethod 'org.jsoup.nodes.Document$OutputSettings org.jsoup.nodes.Document$OutputSettings.charset(java.lang.String)'
[ERROR]   EntitiesTest.escapedSupplementary:45 NoSuchMethod 'org.jsoup.nodes.Document$OutputSettings org.jsoup.nodes.Document$OutputSettings.charset(java.lang.String)'
[ERROR]   EntitiesTest.letterDigitEntities:142 NoSuchMethod 'org.jsoup.nodes.Document$OutputSettings org.jsoup.nodes.Document$OutputSettings.charset(java.lang.String)'
[ERROR]   EntitiesTest.unescapeMultiChars:57 NoSuchMethod 'org.jsoup.nodes.Document$OutputSettings org.jsoup.nodes.Document$OutputSettings.charset(java.lang.String)'
[ERROR]   FormElementTest.formSubmissionCarriesCookiesFromSession:195 » NoSuchMethod 'org.jsoup.nodes.Document$OutputSettings org.jsoup.nodes.Document$OutputSettings.charset(java.nio.charset.Charset)'
[ERROR]   NodeTest.clonedNodesHaveOwnerDocsAndIndependentSettings:414 NoSuchMethod 'org.jsoup.nodes.Document$OutputSettings org.jsoup.nodes.Document$OutputSettings.prettyPrint(boolean)'
[ERROR]   PrinterTest.outline:44 NoSuchMethod 'org.jsoup.nodes.Document$OutputSettings org.jsoup.nodes.Document$OutputSettings.outline(boolean)'
[ERROR]   PrinterTest.passthru:32 NoSuchMethod 'org.jsoup.nodes.Document$OutputSettings org.jsoup.nodes.Document$OutputSettings.prettyPrint(boolean)'
[ERROR]   AttributeParseTest.dropsSlashFromAttributeName:96 » NoSuchMethod 'org.jsoup.nodes.Document$OutputSettings org.jsoup.nodes.Document$OutputSettings.syntax(org.jsoup.nodes.Document$OutputSettings$Syntax)'
[ERROR]   HtmlParserTest.canControlSelfClosing:2118 NoSuchMethod 'org.jsoup.nodes.Document$OutputSettings org.jsoup.nodes.Document$OutputSettings.syntax(org.jsoup.nodes.Document$OutputSettings$Syntax)'
[ERROR]   HtmlParserTest.canDetectAutomaticallyAddedElements:1510->didAddElements:1517 » NoSuchMethod 'org.jsoup.nodes.Document$OutputSettings org.jsoup.nodes.Document$OutputSettings.syntax(org.jsoup.nodes.Document$OutputSettings$Syntax)'
[ERROR]   HtmlParserTest.characterReaderBuffer:1332 » NoSuchMethod 'org.jsoup.nodes.Document$OutputSettings org.jsoup.nodes.Document$OutputSettings.charset(java.nio.charset.Charset)'
[ERROR]   HtmlParserTest.customSelfClosingVoidTagsRoundTrip:2149 NoSuchMethod 'org.jsoup.nodes.Document$OutputSettings org.jsoup.nodes.Document$OutputSettings.syntax(org.jsoup.nodes.Document$OutputSettings$Syntax)'
[ERROR]   HtmlParserTest.customVoidTagsBehaveLikeHtmlVoids:2131 NoSuchMethod 'org.jsoup.nodes.Document$OutputSettings org.jsoup.nodes.Document$OutputSettings.syntax(org.jsoup.nodes.Document$OutputSettings$Syntax)'
[ERROR]   HtmlParserTest.fallbackToUtfIfCantEncode:1321 » NoSuchMethod 'org.jsoup.nodes.Document$OutputSettings org.jsoup.nodes.Document$OutputSettings.charset(java.nio.charset.Charset)'
[ERROR]   HtmlParserTest.findsBasePrefixEntity:976 NoSuchMethod 'org.jsoup.nodes.Document$OutputSettings org.jsoup.nodes.Document$OutputSettings.escapeMode(org.jsoup.nodes.Entities$EscapeMode)'
[ERROR]   HtmlParserTest.handleContentAfterBody:1474 NoSuchMethod 'org.jsoup.nodes.Document$OutputSettings org.jsoup.nodes.Document$OutputSettings.prettyPrint(boolean)'
[ERROR]   HtmlParserTest.handlesUnclosedFormattingElements:730 NoSuchMethod 'org.jsoup.nodes.Document$OutputSettings org.jsoup.nodes.Document$OutputSettings.indentAmount(int)'
[ERROR]   HtmlParserTest.handlesXmlDeclAndCommentsBeforeDoctype:1294 » NoSuchMethod 'org.jsoup.nodes.Document$OutputSettings org.jsoup.nodes.Document$OutputSettings.charset(java.nio.charset.Charset)'
[ERROR]   HtmlParserTest.parseEmojiFromMultipointEncoded:1976 NoSuchMethod 'org.jsoup.nodes.Document$OutputSettings org.jsoup.nodes.Document$OutputSettings.charset(java.lang.String)'
[ERROR]   HtmlParserTest.preserveWhitespaceInHead:1467 NoSuchMethod 'org.jsoup.nodes.Document$OutputSettings org.jsoup.nodes.Document$OutputSettings.prettyPrint(boolean)'
[ERROR]   HtmlParserTest.preservesTabs:1493 NoSuchMethod 'org.jsoup.nodes.Document$OutputSettings org.jsoup.nodes.Document$OutputSettings.prettyPrint(boolean)'
[ERROR]   HtmlParserTest.relaxedBaseEntityMatchAndStrictExtendedMatch:968 NoSuchMethod 'org.jsoup.nodes.Document$OutputSettings org.jsoup.nodes.Document$OutputSettings.escapeMode(org.jsoup.nodes.Entities$EscapeMode)'
[ERROR]   HtmlParserTest.testInvalidTableContents:1087 » NoSuchMethod 'org.jsoup.nodes.Document$OutputSettings org.jsoup.nodes.Document$OutputSettings.charset(java.nio.charset.Charset)'
[ERROR]   HtmlParserTest.testTemplateInsideTable:1258 » NoSuchMethod 'org.jsoup.nodes.Document$OutputSettings org.jsoup.nodes.Document$OutputSettings.charset(java.nio.charset.Charset)'
[ERROR]   PositionTest.trackAttributePositionInFirstElement:534 » NoSuchMethod 'org.jsoup.nodes.Document$OutputSettings org.jsoup.nodes.Document$OutputSettings.syntax(org.jsoup.nodes.Document$OutputSettings$Syntax)'
[ERROR]   PositionTest.trackAttributePositionWithCase:557 » NoSuchMethod 'org.jsoup.nodes.Document$OutputSettings org.jsoup.nodes.Document$OutputSettings.syntax(org.jsoup.nodes.Document$OutputSettings$Syntax)'
[ERROR]   PositionTest.trackAttributesPositionsDedupes:581 » NoSuchMethod 'org.jsoup.nodes.Document$OutputSettings org.jsoup.nodes.Document$OutputSettings.syntax(org.jsoup.nodes.Document$OutputSettings$Syntax)'
[ERROR]   PositionTest.trackAttributesPositionsDirectionalDedupes:604 » NoSuchMethod 'org.jsoup.nodes.Document$OutputSettings org.jsoup.nodes.Document$OutputSettings.syntax(org.jsoup.nodes.Document$OutputSettings$Syntax)'
[ERROR]   PositionTest.tracksClosingHtmlTagsInXml:431 » NoSuchMethod 'org.jsoup.nodes.Document$OutputSettings org.jsoup.nodes.Document$OutputSettings.syntax(org.jsoup.nodes.Document$OutputSettings$Syntax)'
[ERROR]   PositionTest.tracksDocumentXml:686 » NoSuchMethod 'org.jsoup.nodes.Document$OutputSettings org.jsoup.nodes.Document$OutputSettings.syntax(org.jsoup.nodes.Document$OutputSettings$Syntax)'
[ERROR]   PositionTest.tracksFromFetch:383 » NoSuchMethod 'org.jsoup.nodes.Document$OutputSettings org.jsoup.nodes.Document$OutputSettings.charset(java.nio.charset.Charset)'
[ERROR]   PositionTest.tracksFromXmlFetch:401 » NoSuchMethod 'org.jsoup.nodes.Document$OutputSettings org.jsoup.nodes.Document$OutputSettings.syntax(org.jsoup.nodes.Document$OutputSettings$Syntax)'
[ERROR]   PositionTest.tracksXml:360 » NoSuchMethod 'org.jsoup.nodes.Document$OutputSettings org.jsoup.nodes.Document$OutputSettings.syntax(org.jsoup.nodes.Document$OutputSettings$Syntax)'
[ERROR]   PositionTest.updateKeyMaintainsRangeUc:694 » NoSuchMethod 'org.jsoup.nodes.Document$OutputSettings org.jsoup.nodes.Document$OutputSettings.syntax(org.jsoup.nodes.Document$OutputSettings$Syntax)'
[ERROR]   StreamParserTest.canStreamFragmentXml:453 » NoSuchMethod 'org.jsoup.nodes.Document$OutputSettings org.jsoup.nodes.Document$OutputSettings.syntax(org.jsoup.nodes.Document$OutputSettings$Syntax)'
[ERROR]   StreamParserTest.canStreamXml:49 » NoSuchMethod 'org.jsoup.nodes.Document$OutputSettings org.jsoup.nodes.Document$OutputSettings.syntax(org.jsoup.nodes.Document$OutputSettings$Syntax)'
[ERROR]   StreamParserTest.worksWithXmlParser:232 » NoSuchMethod 'org.jsoup.nodes.Document$OutputSettings org.jsoup.nodes.Document$OutputSettings.syntax(org.jsoup.nodes.Document$OutputSettings$Syntax)'
[ERROR]   TokeniserStateTest.customDataTagWithHyphenXml:308 » NoSuchMethod 'org.jsoup.nodes.Document$OutputSettings org.jsoup.nodes.Document$OutputSettings.syntax(org.jsoup.nodes.Document$OutputSettings$Syntax)'
[ERROR]   XmlTreeBuilderTest.appendPreservesCaseByDefault:175 » NoSuchMethod 'org.jsoup.nodes.Document$OutputSettings org.jsoup.nodes.Document$OutputSettings.syntax(org.jsoup.nodes.Document$OutputSettings$Syntax)'
[ERROR]   XmlTreeBuilderTest.canNormalizeCase:191 » NoSuchMethod 'org.jsoup.nodes.Document$OutputSettings org.jsoup.nodes.Document$OutputSettings.syntax(org.jsoup.nodes.Document$OutputSettings$Syntax)'
[ERROR]   XmlTreeBuilderTest.canSetCustomDataTag:476 » NoSuchMethod 'org.jsoup.nodes.Document$OutputSettings org.jsoup.nodes.Document$OutputSettings.syntax(org.jsoup.nodes.Document$OutputSettings$Syntax)'
[ERROR]   XmlTreeBuilderTest.canSetCustomRcdataTag:452 » NoSuchMethod 'org.jsoup.nodes.Document$OutputSettings org.jsoup.nodes.Document$OutputSettings.syntax(org.jsoup.nodes.Document$OutputSettings$Syntax)'
[ERROR]   XmlTreeBuilderTest.canSetCustomVoid:502 » NoSuchMethod 'org.jsoup.nodes.Document$OutputSettings org.jsoup.nodes.Document$OutputSettings.syntax(org.jsoup.nodes.Document$OutputSettings$Syntax)'
[ERROR]   XmlTreeBuilderTest.canSupplyWithHtmlTagSet:510 » NoSuchMethod 'org.jsoup.nodes.Document$OutputSettings org.jsoup.nodes.Document$OutputSettings.syntax(org.jsoup.nodes.Document$OutputSettings$Syntax)'
[ERROR]   XmlTreeBuilderTest.caseSensitiveDeclaration:149 » NoSuchMethod 'org.jsoup.nodes.Document$OutputSettings org.jsoup.nodes.Document$OutputSettings.syntax(org.jsoup.nodes.Document$OutputSettings$Syntax)'
[ERROR]   XmlTreeBuilderTest.cdataPreservesWhiteSpace:219 » NoSuchMethod 'org.jsoup.nodes.Document$OutputSettings org.jsoup.nodes.Document$OutputSettings.syntax(org.jsoup.nodes.Document$OutputSettings$Syntax)'
[ERROR]   XmlTreeBuilderTest.customTagsAreFlyweights:291 » NoSuchMethod 'org.jsoup.nodes.Document$OutputSettings org.jsoup.nodes.Document$OutputSettings.syntax(org.jsoup.nodes.Document$OutputSettings$Syntax)'
[ERROR]   XmlTreeBuilderTest.declarationWithGt:370 » NoSuchMethod 'org.jsoup.nodes.Document$OutputSettings org.jsoup.nodes.Document$OutputSettings.syntax(org.jsoup.nodes.Document$OutputSettings$Syntax)'
[ERROR]   XmlTreeBuilderTest.declarations:339 » NoSuchMethod 'org.jsoup.nodes.Document$OutputSettings org.jsoup.nodes.Document$OutputSettings.syntax(org.jsoup.nodes.Document$OutputSettings$Syntax)'
[ERROR]   XmlTreeBuilderTest.disablesPrettyPrintingByDefault:184 » NoSuchMethod 'org.jsoup.nodes.Document$OutputSettings org.jsoup.nodes.Document$OutputSettings.syntax(org.jsoup.nodes.Document$OutputSettings$Syntax)'
[ERROR]   XmlTreeBuilderTest.doesNotCloseDoctypeSubsetOnQuotedGt:413 » NoSuchMethod 'org.jsoup.nodes.Document$OutputSettings org.jsoup.nodes.Document$OutputSettings.syntax(org.jsoup.nodes.Document$OutputSettings$Syntax)'
[ERROR]   XmlTreeBuilderTest.dropsDuplicateAttributes:244 » NoSuchMethod 'org.jsoup.nodes.Document$OutputSettings org.jsoup.nodes.Document$OutputSettings.syntax(org.jsoup.nodes.Document$OutputSettings$Syntax)'
[ERROR]   XmlTreeBuilderTest.elementsViaAppendHtmlAreNamespaced:669 » NoSuchMethod 'org.jsoup.nodes.Document$OutputSettings org.jsoup.nodes.Document$OutputSettings.syntax(org.jsoup.nodes.Document$OutputSettings$Syntax)'
[ERROR]   XmlTreeBuilderTest.emptyDefault:632 » NoSuchMethod 'org.jsoup.nodes.Document$OutputSettings org.jsoup.nodes.Document$OutputSettings.syntax(org.jsoup.nodes.Document$OutputSettings$Syntax)'
[ERROR]   XmlTreeBuilderTest.handlesDodgyXmlDecl:228 » NoSuchMethod 'org.jsoup.nodes.Document$OutputSettings org.jsoup.nodes.Document$OutputSettings.syntax(org.jsoup.nodes.Document$OutputSettings$Syntax)'
[ERROR]   XmlTreeBuilderTest.handlesLTinScript:236 » NoSuchMethod 'org.jsoup.nodes.Document$OutputSettings org.jsoup.nodes.Document$OutputSettings.syntax(org.jsoup.nodes.Document$OutputSettings$Syntax)'
[ERROR]   XmlTreeBuilderTest.handlesXmlDeclarationAsDeclaration:86 » NoSuchMethod 'org.jsoup.nodes.Document$OutputSettings org.jsoup.nodes.Document$OutputSettings.syntax(org.jsoup.nodes.Document$OutputSettings$Syntax)'
[ERROR]   XmlTreeBuilderTest.namespacedAttribute:649 » NoSuchMethod 'org.jsoup.nodes.Document$OutputSettings org.jsoup.nodes.Document$OutputSettings.syntax(org.jsoup.nodes.Document$OutputSettings$Syntax)'
[ERROR]   XmlTreeBuilderTest.normalizesDiscordantTags:197 » NoSuchMethod 'org.jsoup.nodes.Document$OutputSettings org.jsoup.nodes.Document$OutputSettings.syntax(org.jsoup.nodes.Document$OutputSettings$Syntax)'
[ERROR]   XmlTreeBuilderTest.preservesCaseByDefault:168 » NoSuchMethod 'org.jsoup.nodes.Document$OutputSettings org.jsoup.nodes.Document$OutputSettings.syntax(org.jsoup.nodes.Document$OutputSettings$Syntax)'
[ERROR]   XmlTreeBuilderTest.preservesEmptyDoctypeInternalSubset:423 » NoSuchMethod 'org.jsoup.nodes.Document$OutputSettings org.jsoup.nodes.Document$OutputSettings.syntax(org.jsoup.nodes.Document$OutputSettings$Syntax)'
[ERROR]   XmlTreeBuilderTest.prettyFormatsTextInline:542 » NoSuchMethod 'org.jsoup.nodes.Document$OutputSettings org.jsoup.nodes.Document$OutputSettings.syntax(org.jsoup.nodes.Document$OutputSettings$Syntax)'
[ERROR]   XmlTreeBuilderTest.readerClosedAfterParse:250 » NoSuchMethod 'org.jsoup.nodes.Document$OutputSettings org.jsoup.nodes.Document$OutputSettings.syntax(org.jsoup.nodes.Document$OutputSettings$Syntax)'
[ERROR]   XmlTreeBuilderTest.rootHasXmlSettings:305 » NoSuchMethod 'org.jsoup.nodes.Document$OutputSettings org.jsoup.nodes.Document$OutputSettings.syntax(org.jsoup.nodes.Document$OutputSettings$Syntax)'
[ERROR]   XmlTreeBuilderTest.roundTripsCdata:204 » NoSuchMethod 'org.jsoup.nodes.Document$OutputSettings org.jsoup.nodes.Document$OutputSettings.syntax(org.jsoup.nodes.Document$OutputSettings$Syntax)'
[ERROR]   XmlTreeBuilderTest.roundtripsDoctypeInternalSubset:400 » NoSuchMethod 'org.jsoup.nodes.Document$OutputSettings org.jsoup.nodes.Document$OutputSettings.syntax(org.jsoup.nodes.Document$OutputSettings$Syntax)'
[ERROR]   XmlTreeBuilderTest.selfClosingOK:697 » NoSuchMethod 'org.jsoup.nodes.Document$OutputSettings org.jsoup.nodes.Document$OutputSettings.syntax(org.jsoup.nodes.Document$OutputSettings$Syntax)'
[ERROR]   XmlTreeBuilderTest.testCommentAndDocType:52 » NoSuchMethod 'org.jsoup.nodes.Document$OutputSettings org.jsoup.nodes.Document$OutputSettings.syntax(org.jsoup.nodes.Document$OutputSettings$Syntax)'
[ERROR]   XmlTreeBuilderTest.testCreatesValidProlog:156 NoSuchMethod 'org.jsoup.nodes.Document$OutputSettings org.jsoup.nodes.Document$OutputSettings.syntax(org.jsoup.nodes.Document$OutputSettings$Syntax)'
[ERROR]   XmlTreeBuilderTest.testDetectCharsetEncodingDeclaration:118 » NoSuchMethod 'org.jsoup.nodes.Document$OutputSettings org.jsoup.nodes.Document$OutputSettings.syntax(org.jsoup.nodes.Document$OutputSettings$Syntax)'
[ERROR]   XmlTreeBuilderTest.testDoesHandleEOFInTag:110 » NoSuchMethod 'org.jsoup.nodes.Document$OutputSettings org.jsoup.nodes.Document$OutputSettings.syntax(org.jsoup.nodes.Document$OutputSettings$Syntax)'
[ERROR]   XmlTreeBuilderTest.testDoesNotForceSelfClosingKnownTags:80 » NoSuchMethod 'org.jsoup.nodes.Document$OutputSettings org.jsoup.nodes.Document$OutputSettings.syntax(org.jsoup.nodes.Document$OutputSettings$Syntax)'
[ERROR]   XmlTreeBuilderTest.testParseDeclarationAttributes:127 » NoSuchMethod 'org.jsoup.nodes.Document$OutputSettings org.jsoup.nodes.Document$OutputSettings.syntax(org.jsoup.nodes.Document$OutputSettings$Syntax)'
[ERROR]   XmlTreeBuilderTest.testParseDeclarationWithoutAttributes:139 » NoSuchMethod 'org.jsoup.nodes.Document$OutputSettings org.jsoup.nodes.Document$OutputSettings.syntax(org.jsoup.nodes.Document$OutputSettings$Syntax)'
[ERROR]   XmlTreeBuilderTest.testPopToClose:43 » NoSuchMethod 'org.jsoup.nodes.Document$OutputSettings org.jsoup.nodes.Document$OutputSettings.syntax(org.jsoup.nodes.Document$OutputSettings$Syntax)'
[ERROR]   XmlTreeBuilderTest.testSimpleXmlParse:32 » NoSuchMethod 'org.jsoup.nodes.Document$OutputSettings org.jsoup.nodes.Document$OutputSettings.syntax(org.jsoup.nodes.Document$OutputSettings$Syntax)'
[ERROR]   XmlTreeBuilderTest.testSupplyParserToDataStream:69 » NoSuchMethod 'org.jsoup.nodes.Document$OutputSettings org.jsoup.nodes.Document$OutputSettings.syntax(org.jsoup.nodes.Document$OutputSettings$Syntax)'
[ERROR]   XmlTreeBuilderTest.testSupplyParserToJsoupClass:60 » NoSuchMethod 'org.jsoup.nodes.Document$OutputSettings org.jsoup.nodes.Document$OutputSettings.syntax(org.jsoup.nodes.Document$OutputSettings$Syntax)'
[ERROR]   XmlTreeBuilderTest.unprefixedDefaults:605 » NoSuchMethod 'org.jsoup.nodes.Document$OutputSettings org.jsoup.nodes.Document$OutputSettings.syntax(org.jsoup.nodes.Document$OutputSettings$Syntax)'
[ERROR]   XmlTreeBuilderTest.unterminatedDoctypeSubsetConsumesToEof:434 » NoSuchMethod 'org.jsoup.nodes.Document$OutputSettings org.jsoup.nodes.Document$OutputSettings.syntax(org.jsoup.nodes.Document$OutputSettings$Syntax)'
[ERROR]   XmlTreeBuilderTest.xmlFragment:94 » NoSuchMethod 'org.jsoup.nodes.Document$OutputSettings org.jsoup.nodes.Document$OutputSettings.syntax(org.jsoup.nodes.Document$OutputSettings$Syntax)'
[ERROR]   XmlTreeBuilderTest.xmlHeaderIsValid:380 » NoSuchMethod 'org.jsoup.nodes.Document$OutputSettings org.jsoup.nodes.Document$OutputSettings.syntax(org.jsoup.nodes.Document$OutputSettings$Syntax)'
[ERROR]   XmlTreeBuilderTest.xmlNamespace:314 » NoSuchMethod 'org.jsoup.nodes.Document$OutputSettings org.jsoup.nodes.Document$OutputSettings.syntax(org.jsoup.nodes.Document$OutputSettings$Syntax)'
[ERROR]   XmlTreeBuilderTest.xmlOutputCorrectsInvalidAttributeNames:273 » NoSuchMethod 'org.jsoup.nodes.Document$OutputSettings org.jsoup.nodes.Document$OutputSettings.syntax(org.jsoup.nodes.Document$OutputSettings$Syntax)'
[ERROR]   XmlTreeBuilderTest.xmlParseDefaultsToHtmlOutputSyntax:103 » NoSuchMethod 'org.jsoup.nodes.Document$OutputSettings org.jsoup.nodes.Document$OutputSettings.syntax(org.jsoup.nodes.Document$OutputSettings$Syntax)'
[ERROR]   XmlTreeBuilderTest.xmlParserEnablesXmlOutputAndEscapes:258 » NoSuchMethod 'org.jsoup.nodes.Document$OutputSettings org.jsoup.nodes.Document$OutputSettings.syntax(org.jsoup.nodes.Document$OutputSettings$Syntax)'
[ERROR]   XmlTreeBuilderTest.xmlParserHasUnlimitedDepthByDefault:706 » NoSuchMethod 'org.jsoup.nodes.Document$OutputSettings org.jsoup.nodes.Document$OutputSettings.syntax(org.jsoup.nodes.Document$OutputSettings$Syntax)'
[ERROR]   XmlTreeBuilderTest.xmlParserRespectsConfiguredMaxDepth:714 » NoSuchMethod 'org.jsoup.nodes.Document$OutputSettings org.jsoup.nodes.Document$OutputSettings.syntax(org.jsoup.nodes.Document$OutputSettings$Syntax)'
[ERROR]   XmlTreeBuilderTest.xmlSyntaxAlwaysEscapesLtAndGtInAttributeValues:265 » NoSuchMethod 'org.jsoup.nodes.Document$OutputSettings org.jsoup.nodes.Document$OutputSettings.syntax(org.jsoup.nodes.Document$OutputSettings$Syntax)'
[ERROR]   XmlTreeBuilderTest.xmlValidAttributes:282 » NoSuchMethod 'org.jsoup.nodes.Document$OutputSettings org.jsoup.nodes.Document$OutputSettings.syntax(org.jsoup.nodes.Document$OutputSettings$Syntax)'
[ERROR]   XmlTreeBuilderTest.xmlns:576 » NoSuchMethod 'org.jsoup.nodes.Document$OutputSettings org.jsoup.nodes.Document$OutputSettings.syntax(org.jsoup.nodes.Document$OutputSettings$Syntax)'
[ERROR]   CleanerTest.copiesOutputSettings:501 NoSuchMethod 'org.jsoup.nodes.Document$OutputSettings org.jsoup.nodes.Document$OutputSettings.syntax(org.jsoup.nodes.Document$OutputSettings$Syntax)'
[ERROR]   CleanerTest.supplyOutputSettings:400 NoSuchMethod 'org.jsoup.nodes.Document$OutputSettings org.jsoup.nodes.Document$OutputSettings.prettyPrint(boolean)'
[ERROR]   ElementsTest.empty:219 NoSuchMethod 'org.jsoup.nodes.Document$OutputSettings org.jsoup.nodes.Document$OutputSettings.prettyPrint(boolean)'
[ERROR]   ElementsTest.remove:227 NoSuchMethod 'org.jsoup.nodes.Document$OutputSettings org.jsoup.nodes.Document$OutputSettings.prettyPrint(boolean)'
[ERROR]   QueryParserTest.hasNodeSelector:235 » NoSuchMethod 'org.jsoup.nodes.Document$OutputSettings org.jsoup.nodes.Document$OutputSettings.outline(boolean)'
[ERROR]   QueryParserTest.idDescenderClassOrder:114 » NoSuchMethod 'org.jsoup.nodes.Document$OutputSettings org.jsoup.nodes.Document$OutputSettings.outline(boolean)'
[ERROR]   QueryParserTest.parsesEscapedSubqueries:208 » NoSuchMethod 'org.jsoup.nodes.Document$OutputSettings org.jsoup.nodes.Document$OutputSettings.outline(boolean)'
[ERROR]   QueryParserTest.parsesOrAfterAttribute:180 » NoSuchMethod 'org.jsoup.nodes.Document$OutputSettings org.jsoup.nodes.Document$OutputSettings.outline(boolean)'
[ERROR]   QueryParserTest.structuralEvaluatorsToString:173 » NoSuchMethod 'org.jsoup.nodes.Document$OutputSettings org.jsoup.nodes.Document$OutputSettings.outline(boolean)'
[ERROR]   QueryParserTest.testImmediateParentRun:34 » NoSuchMethod 'org.jsoup.nodes.Document$OutputSettings org.jsoup.nodes.Document$OutputSettings.outline(boolean)'
[ERROR]   QueryParserTest.testOrGetsCorrectPrecedence:52 » NoSuchMethod 'org.jsoup.nodes.Document$OutputSettings org.jsoup.nodes.Document$OutputSettings.outline(boolean)'
[ERROR]   QueryParserTest.testParsesMultiCorrectly:81 » NoSuchMethod 'org.jsoup.nodes.Document$OutputSettings org.jsoup.nodes.Document$OutputSettings.outline(boolean)'
[ERROR]   SelectorTest.blankNodes:1654 » NoSuchMethod 'org.jsoup.nodes.Document$OutputSettings org.jsoup.nodes.Document$OutputSettings.outline(boolean)'
[ERROR]   SelectorTest.cdataNodes:1694 » NoSuchMethod 'org.jsoup.nodes.Document$OutputSettings org.jsoup.nodes.Document$OutputSettings.syntax(org.jsoup.nodes.Document$OutputSettings$Syntax)'
[ERROR]   SelectorTest.datanode:1562 » NoSuchMethod 'org.jsoup.nodes.Document$OutputSettings org.jsoup.nodes.Document$OutputSettings.outline(boolean)'
[ERROR]   SelectorTest.descendantComment:1522 » NoSuchMethod 'org.jsoup.nodes.Document$OutputSettings org.jsoup.nodes.Document$OutputSettings.outline(boolean)'
[ERROR]   SelectorTest.leafNode:1570 » NoSuchMethod 'org.jsoup.nodes.Document$OutputSettings org.jsoup.nodes.Document$OutputSettings.outline(boolean)'
[ERROR]   SelectorTest.leafNodeContains:1578 » NoSuchMethod 'org.jsoup.nodes.Document$OutputSettings org.jsoup.nodes.Document$OutputSettings.outline(boolean)'
[ERROR]   SelectorTest.matchText:988 NoSuchMethod 'org.jsoup.nodes.Document$OutputSettings org.jsoup.nodes.Document$OutputSettings.prettyPrint(boolean)'
[ERROR]   SelectorTest.nodeMatches:1682 » NoSuchMethod 'org.jsoup.nodes.Document$OutputSettings org.jsoup.nodes.Document$OutputSettings.outline(boolean)'
[ERROR]   SelectorTest.nodeWithElementAncestor:1540 » NoSuchMethod 'org.jsoup.nodes.Document$OutputSettings org.jsoup.nodes.Document$OutputSettings.outline(boolean)'
[ERROR]   SelectorTest.orAfterClass:1309 » NoSuchMethod 'org.jsoup.nodes.Document$OutputSettings org.jsoup.nodes.Document$OutputSettings.outline(boolean)'
[ERROR]   SelectorTest.precedingComment:1549 » NoSuchMethod 'org.jsoup.nodes.Document$OutputSettings org.jsoup.nodes.Document$OutputSettings.outline(boolean)'
[ERROR]   SelectorTest.selectComment:1598 » NoSuchMethod 'org.jsoup.nodes.Document$OutputSettings org.jsoup.nodes.Document$OutputSettings.outline(boolean)'
[ERROR]   SelectorTest.testWildCardNamespacedCaseVariations:216 » NoSuchMethod 'org.jsoup.nodes.Document$OutputSettings org.jsoup.nodes.Document$OutputSettings.syntax(org.jsoup.nodes.Document$OutputSettings$Syntax)'
[ERROR]   SelectorTest.testWildcardNamespacedXmlTag:197 » NoSuchMethod 'org.jsoup.nodes.Document$OutputSettings org.jsoup.nodes.Document$OutputSettings.syntax(org.jsoup.nodes.Document$OutputSettings$Syntax)'
[ERROR]   SelectorTest.wildcardNamespaceMatchesNoNamespace:1160 » NoSuchMethod 'org.jsoup.nodes.Document$OutputSettings org.jsoup.nodes.Document$OutputSettings.syntax(org.jsoup.nodes.Document$OutputSettings$Syntax)'
[ERROR]   SelectorTest.xmlWildcardNamespaceTest:1116 » NoSuchMethod 'org.jsoup.nodes.Document$OutputSettings org.jsoup.nodes.Document$OutputSettings.syntax(org.jsoup.nodes.Document$OutputSettings$Syntax)'
[ERROR]   SelectorTest.xml_lowercase_simple_name:1094 » NoSuchMethod 'org.jsoup.nodes.Document$OutputSettings org.jsoup.nodes.Document$OutputSettings.syntax(org.jsoup.nodes.Document$OutputSettings$Syntax)'
[ERROR]   SelectorTest.xml_lowercase_wildcard_name:1100 » NoSuchMethod 'org.jsoup.nodes.Document$OutputSettings org.jsoup.nodes.Document$OutputSettings.syntax(org.jsoup.nodes.Document$OutputSettings$Syntax)'
[ERROR]   SelectorTest.xml_mixed_case_simple_name:1082 » NoSuchMethod 'org.jsoup.nodes.Document$OutputSettings org.jsoup.nodes.Document$OutputSettings.syntax(org.jsoup.nodes.Document$OutputSettings$Syntax)'
[ERROR]   SelectorTest.xml_mixed_case_wildcard_name:1088 » NoSuchMethod 'org.jsoup.nodes.Document$OutputSettings org.jsoup.nodes.Document$OutputSettings.syntax(org.jsoup.nodes.Document$OutputSettings$Syntax)'
[ERROR]   XpathTest.canDitchNamespaces:93 » NoSuchMethod 'org.jsoup.nodes.Document$OutputSettings org.jsoup.nodes.Document$OutputSettings.syntax(org.jsoup.nodes.Document$OutputSettings$Syntax)'
[ERROR]   XpathTest.canSupplyAlternateFactoryImpl:189 » NoSuchMethod 'org.jsoup.nodes.Document$OutputSettings org.jsoup.nodes.Document$OutputSettings.syntax(org.jsoup.nodes.Document$OutputSettings$Syntax)'
[ERROR]   XpathTest.cssAndXpathEquivalents:107 » IllegalArgument Sorry, no can do!
[ERROR]   XpathTest.cssAndXpathEquivalents:107 » IllegalArgument Sorry, no can do!
[ERROR]   XpathTest.cssAndXpathEquivalents:107 » IllegalArgument Sorry, no can do!
[ERROR]   XpathTest.cssAndXpathEquivalents:107 » IllegalArgument Sorry, no can do!
[ERROR]   XpathTest.emptyElementsIfNoResults:58 » IllegalArgument Sorry, no can do!
[ERROR]   XpathTest.notNamespaceAware:203 » NoSuchMethod 'org.jsoup.nodes.Document$OutputSettings org.jsoup.nodes.Document$OutputSettings.syntax(org.jsoup.nodes.Document$OutputSettings$Syntax)'
[ERROR]   XpathTest.selectByAttribute:148 » IllegalArgument Sorry, no can do!
[ERROR]   XpathTest.selectOutsideOfElementTree:156 » IllegalArgument Sorry, no can do!
[ERROR]   XpathTest.supportsLocalname:84 » NoSuchMethod 'org.jsoup.nodes.Document$OutputSettings org.jsoup.nodes.Document$OutputSettings.syntax(org.jsoup.nodes.Document$OutputSettings$Syntax)'
[ERROR]   XpathTest.supportsPrefixes:218 » NoSuchMethod 'org.jsoup.nodes.Document$OutputSettings org.jsoup.nodes.Document$OutputSettings.syntax(org.jsoup.nodes.Document$OutputSettings$Syntax)'
[ERROR]   XpathTest.supportsXpath:32 » IllegalArgument Sorry, no can do!
[ERROR]   XpathTest.supportsXpathFromElement:44 » IllegalArgument Sorry, no can do!
[ERROR]   XpathTest.throwsSelectException:66 » IllegalArgument Sorry, no can do!
[ERROR]   XpathTest.withSemiInAttributeName:243 » IllegalArgument Sorry, no can do!
[ERROR] Tests run: 1968, Failures: 5, Errors: 426, Skipped: 0
[ERROR] Failed to execute goal org.apache.maven.plugins:maven-surefire-plugin:3.5.5:test (default-test) on project jsoup: There are test failures.
[ERROR] 
[ERROR] See /data/henrique/langchain_prototype/new/data/repositories/jsoup/target/surefire-reports for the individual test results.
[ERROR] See dump files (if any exist) [date].dump, [date]-jvmRun[N].dump and [date].dumpstream.
[ERROR] -> [Help 1]
[ERROR] 
[ERROR] To see the full stack trace of the errors, re-run Maven with the -e switch.
[ERROR] Re-run Maven using the -X switch to enable full debug logging.
[ERROR] 
[ERROR] For more information about the errors and possible solutions, please read the following articles:
[ERROR] [Help 1] http://cwiki.apache.org/confluence/display/MAVEN/MojoFailureException
