[ERROR] Tests run: 37, Failures: 0, Errors: 1, Skipped: 0, Time elapsed: 0.051 s <<< FAILURE! -- in org.jsoup.nodes.NodeTest
[ERROR] org.jsoup.nodes.NodeTest.testReplaceTwice -- Time elapsed: 0.004 s <<< ERROR!
java.lang.NoSuchMethodError: 'java.util.stream.Collector org.jsoup.internal.StringUtil.joining(java.lang.String)'
	at org.jsoup.select.Elements.html(Elements.java:274)
	at org.jsoup.nodes.NodeTest.testReplaceTwice(NodeTest.java:188)
	at java.base/java.lang.reflect.Method.invoke(Method.java:580)
	at java.base/java.util.ArrayList.forEach(ArrayList.java:1597)
	at java.base/java.util.ArrayList.forEach(ArrayList.java:1597)

[ERROR] Tests run: 13, Failures: 0, Errors: 13, Skipped: 0, Time elapsed: 0.819 s <<< FAILURE! -- in org.jsoup.nodes.FormElementTest
[ERROR] org.jsoup.nodes.FormElementTest.formSubmissionCarriesCookiesFromSession -- Time elapsed: 0.228 s <<< ERROR!
java.lang.NoSuchMethodError: 'java.lang.String org.jsoup.internal.StringUtil.join(java.util.Collection, java.lang.String)'
	at org.jsoup.helper.CookieUtil.applyCookiesToRequest(CookieUtil.java:65)
	at org.jsoup.helper.HttpClientExecutor.execute(HttpClientExecutor.java:80)
	at org.jsoup.helper.HttpConnection$Response.execute(HttpConnection.java:894)
	at org.jsoup.helper.HttpConnection$Response.execute(HttpConnection.java:868)
	at org.jsoup.helper.HttpConnection.execute(HttpConnection.java:366)
	at org.jsoup.helper.HttpConnection.get(HttpConnection.java:351)
	at org.jsoup.nodes.FormElementTest.formSubmissionCarriesCookiesFromSession(FormElementTest.java:198)
	at java.base/java.lang.reflect.Method.invoke(Method.java:580)
	at java.base/java.util.ArrayList.forEach(ArrayList.java:1597)
	at java.base/java.util.ArrayList.forEach(ArrayList.java:1597)

[ERROR] org.jsoup.nodes.FormElementTest.formElementsAreLive -- Time elapsed: 0.003 s <<< ERROR!
java.lang.NoSuchMethodError: 'java.lang.String org.jsoup.internal.StringUtil.join(java.lang.String[], java.lang.String)'
	at org.jsoup.nodes.FormElement.<clinit>(FormElement.java:25)
	at org.jsoup.parser.HtmlTreeBuilder.createElementFor(HtmlTreeBuilder.java:299)
	at org.jsoup.parser.HtmlTreeBuilder.insertFormElement(HtmlTreeBuilder.java:354)
	at org.jsoup.parser.HtmlTreeBuilderState$7.inBodyStartTag(HtmlTreeBuilderState.java:420)
	at org.jsoup.parser.HtmlTreeBuilderState$7.process(HtmlTreeBuilderState.java:309)
	at org.jsoup.parser.HtmlTreeBuilder.process(HtmlTreeBuilder.java:150)
	at org.jsoup.parser.TreeBuilder.stepParser(TreeBuilder.java:125)
	at org.jsoup.parser.TreeBuilder.runParser(TreeBuilder.java:106)
	at org.jsoup.parser.TreeBuilder.parse(TreeBuilder.java:77)
	at org.jsoup.parser.Parser.parse(Parser.java:264)
	at org.jsoup.Jsoup.parse(Jsoup.java:78)
	at org.jsoup.nodes.FormElementTest.formElementsAreLive(FormElementTest.java:216)
	at java.base/java.lang.reflect.Method.invoke(Method.java:580)
	at java.base/java.util.ArrayList.forEach(ArrayList.java:1597)
	at java.base/java.util.ArrayList.forEach(ArrayList.java:1597)

[ERROR] org.jsoup.nodes.FormElementTest.createsFormData -- Time elapsed: 0.001 s <<< ERROR!
java.lang.NoClassDefFoundError: Could not initialize class org.jsoup.nodes.FormElement
	at org.jsoup.parser.HtmlTreeBuilder.createElementFor(HtmlTreeBuilder.java:299)
	at org.jsoup.parser.HtmlTreeBuilder.insertFormElement(HtmlTreeBuilder.java:354)
	at org.jsoup.parser.HtmlTreeBuilderState$7.inBodyStartTag(HtmlTreeBuilderState.java:420)
	at org.jsoup.parser.HtmlTreeBuilderState$7.process(HtmlTreeBuilderState.java:309)
	at org.jsoup.parser.HtmlTreeBuilder.process(HtmlTreeBuilder.java:150)
	at org.jsoup.parser.HtmlTreeBuilderState$6.anythingElse(HtmlTreeBuilderState.java:282)
	at org.jsoup.parser.HtmlTreeBuilderState$6.process(HtmlTreeBuilderState.java:260)
	at org.jsoup.parser.HtmlTreeBuilder.process(HtmlTreeBuilder.java:150)
	at org.jsoup.parser.HtmlTreeBuilderState$4.anythingElse(HtmlTreeBuilderState.java:195)
	at org.jsoup.parser.HtmlTreeBuilderState$4.process(HtmlTreeBuilderState.java:159)
	at org.jsoup.parser.HtmlTreeBuilder.process(HtmlTreeBuilder.java:150)
	at org.jsoup.parser.HtmlTreeBuilderState$3.process(HtmlTreeBuilderState.java:104)
	at org.jsoup.parser.HtmlTreeBuilder.process(HtmlTreeBuilder.java:150)
	at org.jsoup.parser.HtmlTreeBuilderState$2.anythingElse(HtmlTreeBuilderState.java:78)
	at org.jsoup.parser.HtmlTreeBuilderState$2.process(HtmlTreeBuilderState.java:70)
	at org.jsoup.parser.HtmlTreeBuilder.process(HtmlTreeBuilder.java:150)
	at org.jsoup.parser.HtmlTreeBuilderState$1.process(HtmlTreeBuilderState.java:47)
	at org.jsoup.parser.HtmlTreeBuilder.process(HtmlTreeBuilder.java:150)
	at org.jsoup.parser.TreeBuilder.stepParser(TreeBuilder.java:125)
	at org.jsoup.parser.TreeBuilder.runParser(TreeBuilder.java:106)
	at org.jsoup.parser.TreeBuilder.parse(TreeBuilder.java:77)
	at org.jsoup.parser.Parser.parse(Parser.java:264)
	at org.jsoup.Jsoup.parse(Jsoup.java:78)
	at org.jsoup.nodes.FormElementTest.createsFormData(FormElementTest.java:47)
	at java.base/java.lang.reflect.Method.invoke(Method.java:580)
	at java.base/java.util.ArrayList.forEach(ArrayList.java:1597)
	at java.base/java.util.ArrayList.forEach(ArrayList.java:1597)
Caused by: java.lang.ExceptionInInitializerError: Exception java.lang.NoSuchMethodError: 'java.lang.String org.jsoup.internal.StringUtil.join(java.lang.String[], java.lang.String)' [in thread "main"]
	at org.jsoup.nodes.FormElement.<clinit>(FormElement.java:25)
	at org.jsoup.parser.HtmlTreeBuilder.createElementFor(HtmlTreeBuilder.java:299)
	at org.jsoup.parser.HtmlTreeBuilder.insertFormElement(HtmlTreeBuilder.java:354)
	at org.jsoup.parser.HtmlTreeBuilderState$7.inBodyStartTag(HtmlTreeBuilderState.java:420)
	at org.jsoup.parser.HtmlTreeBuilderState$7.process(HtmlTreeBuilderState.java:309)
	at org.jsoup.parser.HtmlTreeBuilder.process(HtmlTreeBuilder.java:150)
	at org.jsoup.parser.TreeBuilder.stepParser(TreeBuilder.java:125)
	at org.jsoup.parser.TreeBuilder.runParser(TreeBuilder.java:106)
	at org.jsoup.parser.TreeBuilder.parse(TreeBuilder.java:77)
	at org.jsoup.parser.Parser.parse(Parser.java:264)
	at org.jsoup.Jsoup.parse(Jsoup.java:78)
	at org.jsoup.nodes.FormElementTest.formElementsAreLive(FormElementTest.java:216)
	... 3 more

[ERROR] org.jsoup.nodes.FormElementTest.actionWithNoValue -- Time elapsed: 0.001 s <<< ERROR!
java.lang.NoClassDefFoundError: Could not initialize class org.jsoup.nodes.FormElement
	at org.jsoup.parser.HtmlTreeBuilder.createElementFor(HtmlTreeBuilder.java:299)
	at org.jsoup.parser.HtmlTreeBuilder.insertFormElement(HtmlTreeBuilder.java:354)
	at org.jsoup.parser.HtmlTreeBuilderState$7.inBodyStartTag(HtmlTreeBuilderState.java:420)
	at org.jsoup.parser.HtmlTreeBuilderState$7.process(HtmlTreeBuilderState.java:309)
	at org.jsoup.parser.HtmlTreeBuilder.process(HtmlTreeBuilder.java:150)
	at org.jsoup.parser.HtmlTreeBuilderState$6.anythingElse(HtmlTreeBuilderState.java:282)
	at org.jsoup.parser.HtmlTreeBuilderState$6.process(HtmlTreeBuilderState.java:260)
	at org.jsoup.parser.HtmlTreeBuilder.process(HtmlTreeBuilder.java:150)
	at org.jsoup.parser.HtmlTreeBuilderState$4.anythingElse(HtmlTreeBuilderState.java:195)
	at org.jsoup.parser.HtmlTreeBuilderState$4.process(HtmlTreeBuilderState.java:159)
	at org.jsoup.parser.HtmlTreeBuilder.process(HtmlTreeBuilder.java:150)
	at org.jsoup.parser.HtmlTreeBuilderState$3.process(HtmlTreeBuilderState.java:104)
	at org.jsoup.parser.HtmlTreeBuilder.process(HtmlTreeBuilder.java:150)
	at org.jsoup.parser.HtmlTreeBuilderState$2.anythingElse(HtmlTreeBuilderState.java:78)
	at org.jsoup.parser.HtmlTreeBuilderState$2.process(HtmlTreeBuilderState.java:70)
	at org.jsoup.parser.HtmlTreeBuilder.process(HtmlTreeBuilder.java:150)
	at org.jsoup.parser.HtmlTreeBuilderState$1.process(HtmlTreeBuilderState.java:47)
	at org.jsoup.parser.HtmlTreeBuilder.process(HtmlTreeBuilder.java:150)
	at org.jsoup.parser.TreeBuilder.stepParser(TreeBuilder.java:125)
	at org.jsoup.parser.TreeBuilder.runParser(TreeBuilder.java:106)
	at org.jsoup.parser.TreeBuilder.parse(TreeBuilder.java:77)
	at org.jsoup.parser.Parser.parse(Parser.java:264)
	at org.jsoup.Jsoup.parse(Jsoup.java:37)
	at org.jsoup.nodes.FormElementTest.actionWithNoValue(FormElementTest.java:90)
	at java.base/java.lang.reflect.Method.invoke(Method.java:580)
	at java.base/java.util.ArrayList.forEach(ArrayList.java:1597)
	at java.base/java.util.ArrayList.forEach(ArrayList.java:1597)
Caused by: java.lang.ExceptionInInitializerError: Exception java.lang.NoSuchMethodError: 'java.lang.String org.jsoup.internal.StringUtil.join(java.lang.String[], java.lang.String)' [in thread "main"]
	at org.jsoup.nodes.FormElement.<clinit>(FormElement.java:25)
	at org.jsoup.parser.HtmlTreeBuilder.createElementFor(HtmlTreeBuilder.java:299)
	at org.jsoup.parser.HtmlTreeBuilder.insertFormElement(HtmlTreeBuilder.java:354)
	at org.jsoup.parser.HtmlTreeBuilderState$7.inBodyStartTag(HtmlTreeBuilderState.java:420)
	at org.jsoup.parser.HtmlTreeBuilderState$7.process(HtmlTreeBuilderState.java:309)
	at org.jsoup.parser.HtmlTreeBuilder.process(HtmlTreeBuilder.java:150)
	at org.jsoup.parser.TreeBuilder.stepParser(TreeBuilder.java:125)
	at org.jsoup.parser.TreeBuilder.runParser(TreeBuilder.java:106)
	at org.jsoup.parser.TreeBuilder.parse(TreeBuilder.java:77)
	at org.jsoup.parser.Parser.parse(Parser.java:264)
	at org.jsoup.Jsoup.parse(Jsoup.java:78)
	at org.jsoup.nodes.FormElementTest.formElementsAreLive(FormElementTest.java:216)
	... 3 more

[ERROR] org.jsoup.nodes.FormElementTest.removeFormElement -- Time elapsed: 0.001 s <<< ERROR!
java.lang.NoClassDefFoundError: Could not initialize class org.jsoup.nodes.FormElement
	at org.jsoup.parser.HtmlTreeBuilder.createElementFor(HtmlTreeBuilder.java:299)
	at org.jsoup.parser.HtmlTreeBuilder.insertFormElement(HtmlTreeBuilder.java:354)
	at org.jsoup.parser.HtmlTreeBuilderState$7.inBodyStartTag(HtmlTreeBuilderState.java:420)
	at org.jsoup.parser.HtmlTreeBuilderState$7.process(HtmlTreeBuilderState.java:309)
	at org.jsoup.parser.HtmlTreeBuilder.process(HtmlTreeBuilder.java:150)
	at org.jsoup.parser.TreeBuilder.stepParser(TreeBuilder.java:125)
	at org.jsoup.parser.TreeBuilder.runParser(TreeBuilder.java:106)
	at org.jsoup.parser.TreeBuilder.parse(TreeBuilder.java:77)
	at org.jsoup.parser.Parser.parse(Parser.java:264)
	at org.jsoup.Jsoup.parse(Jsoup.java:78)
	at org.jsoup.nodes.FormElementTest.removeFormElement(FormElementTest.java:179)
	at java.base/java.lang.reflect.Method.invoke(Method.java:580)
	at java.base/java.util.ArrayList.forEach(ArrayList.java:1597)
	at java.base/java.util.ArrayList.forEach(ArrayList.java:1597)
Caused by: java.lang.ExceptionInInitializerError: Exception java.lang.NoSuchMethodError: 'java.lang.String org.jsoup.internal.StringUtil.join(java.lang.String[], java.lang.String)' [in thread "main"]
	at org.jsoup.nodes.FormElement.<clinit>(FormElement.java:25)
	at org.jsoup.parser.HtmlTreeBuilder.createElementFor(HtmlTreeBuilder.java:299)
	at org.jsoup.parser.HtmlTreeBuilder.insertFormElement(HtmlTreeBuilder.java:354)
	at org.jsoup.parser.HtmlTreeBuilderState$7.inBodyStartTag(HtmlTreeBuilderState.java:420)
	at org.jsoup.parser.HtmlTreeBuilderState$7.process(HtmlTreeBuilderState.java:309)
	at org.jsoup.parser.HtmlTreeBuilder.process(HtmlTreeBuilder.java:150)
	at org.jsoup.parser.TreeBuilder.stepParser(TreeBuilder.java:125)
	at org.jsoup.parser.TreeBuilder.runParser(TreeBuilder.java:106)
	at org.jsoup.parser.TreeBuilder.parse(TreeBuilder.java:77)
	at org.jsoup.parser.Parser.parse(Parser.java:264)
	at org.jsoup.Jsoup.parse(Jsoup.java:78)
	at org.jsoup.nodes.FormElementTest.formElementsAreLive(FormElementTest.java:216)
	... 3 more

[ERROR] org.jsoup.nodes.FormElementTest.formsAddedAfterParseAreFormElements -- Time elapsed: 0.001 s <<< ERROR!
java.lang.NoClassDefFoundError: Could not initialize class org.jsoup.nodes.FormElement
	at org.jsoup.parser.HtmlTreeBuilder.createElementFor(HtmlTreeBuilder.java:299)
	at org.jsoup.parser.HtmlTreeBuilder.insertFormElement(HtmlTreeBuilder.java:354)
	at org.jsoup.parser.HtmlTreeBuilderState$7.inBodyStartTag(HtmlTreeBuilderState.java:420)
	at org.jsoup.parser.HtmlTreeBuilderState$7.process(HtmlTreeBuilderState.java:309)
	at org.jsoup.parser.HtmlTreeBuilder.process(HtmlTreeBuilder.java:150)
	at org.jsoup.parser.TreeBuilder.stepParser(TreeBuilder.java:125)
	at org.jsoup.parser.TreeBuilder.runParser(TreeBuilder.java:106)
	at org.jsoup.parser.TreeBuilder.parseFragment(TreeBuilder.java:84)
	at org.jsoup.parser.Parser.parseFragmentInput(Parser.java:121)
	at org.jsoup.parser.Parser.parseFragmentInput(Parser.java:106)
	at org.jsoup.nodes.Element.append(Element.java:995)
	at org.jsoup.nodes.Element.html(Element.java:2066)
	at org.jsoup.nodes.FormElementTest.formsAddedAfterParseAreFormElements(FormElementTest.java:116)
	at java.base/java.lang.reflect.Method.invoke(Method.java:580)
	at java.base/java.util.ArrayList.forEach(ArrayList.java:1597)
	at java.base/java.util.ArrayList.forEach(ArrayList.java:1597)
Caused by: java.lang.ExceptionInInitializerError: Exception java.lang.NoSuchMethodError: 'java.lang.String org.jsoup.internal.StringUtil.join(java.lang.String[], java.lang.String)' [in thread "main"]
	at org.jsoup.nodes.FormElement.<clinit>(FormElement.java:25)
	at org.jsoup.parser.HtmlTreeBuilder.createElementFor(HtmlTreeBuilder.java:299)
	at org.jsoup.parser.HtmlTreeBuilder.insertFormElement(HtmlTreeBuilder.java:354)
	at org.jsoup.parser.HtmlTreeBuilderState$7.inBodyStartTag(HtmlTreeBuilderState.java:420)
	at org.jsoup.parser.HtmlTreeBuilderState$7.process(HtmlTreeBuilderState.java:309)
	at org.jsoup.parser.HtmlTreeBuilder.process(HtmlTreeBuilder.java:150)
	at org.jsoup.parser.TreeBuilder.stepParser(TreeBuilder.java:125)
	at org.jsoup.parser.TreeBuilder.runParser(TreeBuilder.java:106)
	at org.jsoup.parser.TreeBuilder.parse(TreeBuilder.java:77)
	at org.jsoup.parser.Parser.parse(Parser.java:264)
	at org.jsoup.Jsoup.parse(Jsoup.java:78)
	at org.jsoup.nodes.FormElementTest.formElementsAreLive(FormElementTest.java:216)
	... 3 more

[ERROR] org.jsoup.nodes.FormElementTest.createsSubmitableConnection -- Time elapsed: 0.001 s <<< ERROR!
java.lang.NoClassDefFoundError: Could not initialize class org.jsoup.nodes.FormElement
	at org.jsoup.parser.HtmlTreeBuilder.createElementFor(HtmlTreeBuilder.java:299)
	at org.jsoup.parser.HtmlTreeBuilder.insertFormElement(HtmlTreeBuilder.java:354)
	at org.jsoup.parser.HtmlTreeBuilderState$7.inBodyStartTag(HtmlTreeBuilderState.java:420)
	at org.jsoup.parser.HtmlTreeBuilderState$7.process(HtmlTreeBuilderState.java:309)
	at org.jsoup.parser.HtmlTreeBuilder.process(HtmlTreeBuilder.java:150)
	at org.jsoup.parser.HtmlTreeBuilderState$6.anythingElse(HtmlTreeBuilderState.java:282)
	at org.jsoup.parser.HtmlTreeBuilderState$6.process(HtmlTreeBuilderState.java:260)
	at org.jsoup.parser.HtmlTreeBuilder.process(HtmlTreeBuilder.java:150)
	at org.jsoup.parser.HtmlTreeBuilderState$4.anythingElse(HtmlTreeBuilderState.java:195)
	at org.jsoup.parser.HtmlTreeBuilderState$4.process(HtmlTreeBuilderState.java:159)
	at org.jsoup.parser.HtmlTreeBuilder.process(HtmlTreeBuilder.java:150)
	at org.jsoup.parser.HtmlTreeBuilderState$3.process(HtmlTreeBuilderState.java:104)
	at org.jsoup.parser.HtmlTreeBuilder.process(HtmlTreeBuilder.java:150)
	at org.jsoup.parser.HtmlTreeBuilderState$2.anythingElse(HtmlTreeBuilderState.java:78)
	at org.jsoup.parser.HtmlTreeBuilderState$2.process(HtmlTreeBuilderState.java:70)
	at org.jsoup.parser.HtmlTreeBuilder.process(HtmlTreeBuilder.java:150)
	at org.jsoup.parser.HtmlTreeBuilderState$1.process(HtmlTreeBuilderState.java:47)
	at org.jsoup.parser.HtmlTreeBuilder.process(HtmlTreeBuilder.java:150)
	at org.jsoup.parser.TreeBuilder.stepParser(TreeBuilder.java:125)
	at org.jsoup.parser.TreeBuilder.runParser(TreeBuilder.java:106)
	at org.jsoup.parser.TreeBuilder.parse(TreeBuilder.java:77)
	at org.jsoup.parser.Parser.parse(Parser.java:264)
	at org.jsoup.Jsoup.parse(Jsoup.java:37)
	at org.jsoup.nodes.FormElementTest.createsSubmitableConnection(FormElementTest.java:72)
	at java.base/java.lang.reflect.Method.invoke(Method.java:580)
	at java.base/java.util.ArrayList.forEach(ArrayList.java:1597)
	at java.base/java.util.ArrayList.forEach(ArrayList.java:1597)
Caused by: java.lang.ExceptionInInitializerError: Exception java.lang.NoSuchMethodError: 'java.lang.String org.jsoup.internal.StringUtil.join(java.lang.String[], java.lang.String)' [in thread "main"]
	at org.jsoup.nodes.FormElement.<clinit>(FormElement.java:25)
	at org.jsoup.parser.HtmlTreeBuilder.createElementFor(HtmlTreeBuilder.java:299)
	at org.jsoup.parser.HtmlTreeBuilder.insertFormElement(HtmlTreeBuilder.java:354)
	at org.jsoup.parser.HtmlTreeBuilderState$7.inBodyStartTag(HtmlTreeBuilderState.java:420)
	at org.jsoup.parser.HtmlTreeBuilderState$7.process(HtmlTreeBuilderState.java:309)
	at org.jsoup.parser.HtmlTreeBuilder.process(HtmlTreeBuilder.java:150)
	at org.jsoup.parser.TreeBuilder.stepParser(TreeBuilder.java:125)
	at org.jsoup.parser.TreeBuilder.runParser(TreeBuilder.java:106)
	at org.jsoup.parser.TreeBuilder.parse(TreeBuilder.java:77)
	at org.jsoup.parser.Parser.parse(Parser.java:264)
	at org.jsoup.Jsoup.parse(Jsoup.java:78)
	at org.jsoup.nodes.FormElementTest.formElementsAreLive(FormElementTest.java:216)
	... 3 more

[ERROR] org.jsoup.nodes.FormElementTest.formDataUsesFirstAttribute -- Time elapsed: 0.001 s <<< ERROR!
java.lang.NoClassDefFoundError: Could not initialize class org.jsoup.nodes.FormElement
	at org.jsoup.parser.HtmlTreeBuilder.createElementFor(HtmlTreeBuilder.java:299)
	at org.jsoup.parser.HtmlTreeBuilder.insertFormElement(HtmlTreeBuilder.java:354)
	at org.jsoup.parser.HtmlTreeBuilderState$7.inBodyStartTag(HtmlTreeBuilderState.java:420)
	at org.jsoup.parser.HtmlTreeBuilderState$7.process(HtmlTreeBuilderState.java:309)
	at org.jsoup.parser.HtmlTreeBuilder.process(HtmlTreeBuilder.java:150)
	at org.jsoup.parser.HtmlTreeBuilderState$6.anythingElse(HtmlTreeBuilderState.java:282)
	at org.jsoup.parser.HtmlTreeBuilderState$6.process(HtmlTreeBuilderState.java:260)
	at org.jsoup.parser.HtmlTreeBuilder.process(HtmlTreeBuilder.java:150)
	at org.jsoup.parser.HtmlTreeBuilderState$4.anythingElse(HtmlTreeBuilderState.java:195)
	at org.jsoup.parser.HtmlTreeBuilderState$4.process(HtmlTreeBuilderState.java:159)
	at org.jsoup.parser.HtmlTreeBuilder.process(HtmlTreeBuilder.java:150)
	at org.jsoup.parser.HtmlTreeBuilderState$3.process(HtmlTreeBuilderState.java:104)
	at org.jsoup.parser.HtmlTreeBuilder.process(HtmlTreeBuilder.java:150)
	at org.jsoup.parser.HtmlTreeBuilderState$2.anythingElse(HtmlTreeBuilderState.java:78)
	at org.jsoup.parser.HtmlTreeBuilderState$2.process(HtmlTreeBuilderState.java:70)
	at org.jsoup.parser.HtmlTreeBuilder.process(HtmlTreeBuilder.java:150)
	at org.jsoup.parser.HtmlTreeBuilderState$1.process(HtmlTreeBuilderState.java:47)
	at org.jsoup.parser.HtmlTreeBuilder.process(HtmlTreeBuilder.java:150)
	at org.jsoup.parser.TreeBuilder.stepParser(TreeBuilder.java:125)
	at org.jsoup.parser.TreeBuilder.runParser(TreeBuilder.java:106)
	at org.jsoup.parser.TreeBuilder.parse(TreeBuilder.java:77)
	at org.jsoup.parser.Parser.parse(Parser.java:264)
	at org.jsoup.Jsoup.parse(Jsoup.java:78)
	at org.jsoup.nodes.FormElementTest.formDataUsesFirstAttribute(FormElementTest.java:65)
	at java.base/java.lang.reflect.Method.invoke(Method.java:580)
	at java.base/java.util.ArrayList.forEach(ArrayList.java:1597)
	at java.base/java.util.ArrayList.forEach(ArrayList.java:1597)
Caused by: java.lang.ExceptionInInitializerError: Exception java.lang.NoSuchMethodError: 'java.lang.String org.jsoup.internal.StringUtil.join(java.lang.String[], java.lang.String)' [in thread "main"]
	at org.jsoup.nodes.FormElement.<clinit>(FormElement.java:25)
	at org.jsoup.parser.HtmlTreeBuilder.createElementFor(HtmlTreeBuilder.java:299)
	at org.jsoup.parser.HtmlTreeBuilder.insertFormElement(HtmlTreeBuilder.java:354)
	at org.jsoup.parser.HtmlTreeBuilderState$7.inBodyStartTag(HtmlTreeBuilderState.java:420)
	at org.jsoup.parser.HtmlTreeBuilderState$7.process(HtmlTreeBuilderState.java:309)
	at org.jsoup.parser.HtmlTreeBuilder.process(HtmlTreeBuilder.java:150)
	at org.jsoup.parser.TreeBuilder.stepParser(TreeBuilder.java:125)
	at org.jsoup.parser.TreeBuilder.runParser(TreeBuilder.java:106)
	at org.jsoup.parser.TreeBuilder.parse(TreeBuilder.java:77)
	at org.jsoup.parser.Parser.parse(Parser.java:264)
	at org.jsoup.Jsoup.parse(Jsoup.java:78)
	at org.jsoup.nodes.FormElementTest.formElementsAreLive(FormElementTest.java:216)
	... 3 more

[ERROR] org.jsoup.nodes.FormElementTest.controlsAddedAfterParseAreLinkedWithForms -- Time elapsed: 0.001 s <<< ERROR!
java.lang.NoClassDefFoundError: Could not initialize class org.jsoup.nodes.FormElement
	at org.jsoup.parser.HtmlTreeBuilder.createElementFor(HtmlTreeBuilder.java:299)
	at org.jsoup.parser.HtmlTreeBuilder.insertFormElement(HtmlTreeBuilder.java:354)
	at org.jsoup.parser.HtmlTreeBuilderState$7.inBodyStartTag(HtmlTreeBuilderState.java:420)
	at org.jsoup.parser.HtmlTreeBuilderState$7.process(HtmlTreeBuilderState.java:309)
	at org.jsoup.parser.HtmlTreeBuilder.process(HtmlTreeBuilder.java:150)
	at org.jsoup.parser.TreeBuilder.stepParser(TreeBuilder.java:125)
	at org.jsoup.parser.TreeBuilder.runParser(TreeBuilder.java:106)
	at org.jsoup.parser.TreeBuilder.parseFragment(TreeBuilder.java:84)
	at org.jsoup.parser.Parser.parseFragmentInput(Parser.java:121)
	at org.jsoup.parser.Parser.parseFragmentInput(Parser.java:106)
	at org.jsoup.nodes.Element.append(Element.java:995)
	at org.jsoup.nodes.Element.html(Element.java:2066)
	at org.jsoup.nodes.FormElementTest.controlsAddedAfterParseAreLinkedWithForms(FormElementTest.java:126)
	at java.base/java.lang.reflect.Method.invoke(Method.java:580)
	at java.base/java.util.ArrayList.forEach(ArrayList.java:1597)
	at java.base/java.util.ArrayList.forEach(ArrayList.java:1597)
Caused by: java.lang.ExceptionInInitializerError: Exception java.lang.NoSuchMethodError: 'java.lang.String org.jsoup.internal.StringUtil.join(java.lang.String[], java.lang.String)' [in thread "main"]
	at org.jsoup.nodes.FormElement.<clinit>(FormElement.java:25)
	at org.jsoup.parser.HtmlTreeBuilder.createElementFor(HtmlTreeBuilder.java:299)
	at org.jsoup.parser.HtmlTreeBuilder.insertFormElement(HtmlTreeBuilder.java:354)
	at org.jsoup.parser.HtmlTreeBuilderState$7.inBodyStartTag(HtmlTreeBuilderState.java:420)
	at org.jsoup.parser.HtmlTreeBuilderState$7.process(HtmlTreeBuilderState.java:309)
	at org.jsoup.parser.HtmlTreeBuilder.process(HtmlTreeBuilder.java:150)
	at org.jsoup.parser.TreeBuilder.stepParser(TreeBuilder.java:125)
	at org.jsoup.parser.TreeBuilder.runParser(TreeBuilder.java:106)
	at org.jsoup.parser.TreeBuilder.parse(TreeBuilder.java:77)
	at org.jsoup.parser.Parser.parse(Parser.java:264)
	at org.jsoup.Jsoup.parse(Jsoup.java:78)
	at org.jsoup.nodes.FormElementTest.formElementsAreLive(FormElementTest.java:216)
	... 3 more

[ERROR] org.jsoup.nodes.FormElementTest.adoptedFormsRetainInputs -- Time elapsed: 0.002 s <<< ERROR!
java.lang.NoClassDefFoundError: Could not initialize class org.jsoup.nodes.FormElement
	at org.jsoup.parser.HtmlTreeBuilder.createElementFor(HtmlTreeBuilder.java:299)
	at org.jsoup.parser.HtmlTreeBuilder.insertFormElement(HtmlTreeBuilder.java:354)
	at org.jsoup.parser.HtmlTreeBuilderState$9.process(HtmlTreeBuilderState.java:1070)
	at org.jsoup.parser.HtmlTreeBuilder.process(HtmlTreeBuilder.java:150)
	at org.jsoup.parser.HtmlTreeBuilderState$10.process(HtmlTreeBuilderState.java:1140)
	at org.jsoup.parser.HtmlTreeBuilder.process(HtmlTreeBuilder.java:150)
	at org.jsoup.parser.TreeBuilder.stepParser(TreeBuilder.java:125)
	at org.jsoup.parser.TreeBuilder.runParser(TreeBuilder.java:106)
	at org.jsoup.parser.TreeBuilder.parse(TreeBuilder.java:77)
	at org.jsoup.parser.Parser.parse(Parser.java:264)
	at org.jsoup.Jsoup.parse(Jsoup.java:78)
	at org.jsoup.nodes.FormElementTest.adoptedFormsRetainInputs(FormElementTest.java:160)
	at java.base/java.lang.reflect.Method.invoke(Method.java:580)
	at java.base/java.util.ArrayList.forEach(ArrayList.java:1597)
	at java.base/java.util.ArrayList.forEach(ArrayList.java:1597)
Caused by: java.lang.ExceptionInInitializerError: Exception java.lang.NoSuchMethodError: 'java.lang.String org.jsoup.internal.StringUtil.join(java.lang.String[], java.lang.String)' [in thread "main"]
	at org.jsoup.nodes.FormElement.<clinit>(FormElement.java:25)
	at org.jsoup.parser.HtmlTreeBuilder.createElementFor(HtmlTreeBuilder.java:299)
	at org.jsoup.parser.HtmlTreeBuilder.insertFormElement(HtmlTreeBuilder.java:354)
	at org.jsoup.parser.HtmlTreeBuilderState$7.inBodyStartTag(HtmlTreeBuilderState.java:420)
	at org.jsoup.parser.HtmlTreeBuilderState$7.process(HtmlTreeBuilderState.java:309)
	at org.jsoup.parser.HtmlTreeBuilder.process(HtmlTreeBuilder.java:150)
	at org.jsoup.parser.TreeBuilder.stepParser(TreeBuilder.java:125)
	at org.jsoup.parser.TreeBuilder.runParser(TreeBuilder.java:106)
	at org.jsoup.parser.TreeBuilder.parse(TreeBuilder.java:77)
	at org.jsoup.parser.Parser.parse(Parser.java:264)
	at org.jsoup.Jsoup.parse(Jsoup.java:78)
	at org.jsoup.nodes.FormElementTest.formElementsAreLive(FormElementTest.java:216)
	... 3 more

[ERROR] org.jsoup.nodes.FormElementTest.usesOnForCheckboxValueIfNoValueSet -- Time elapsed: 0.001 s <<< ERROR!
java.lang.NoClassDefFoundError: Could not initialize class org.jsoup.nodes.FormElement
	at org.jsoup.parser.HtmlTreeBuilder.createElementFor(HtmlTreeBuilder.java:299)
	at org.jsoup.parser.HtmlTreeBuilder.insertFormElement(HtmlTreeBuilder.java:354)
	at org.jsoup.parser.HtmlTreeBuilderState$7.inBodyStartTag(HtmlTreeBuilderState.java:420)
	at org.jsoup.parser.HtmlTreeBuilderState$7.process(HtmlTreeBuilderState.java:309)
	at org.jsoup.parser.HtmlTreeBuilder.process(HtmlTreeBuilder.java:150)
	at org.jsoup.parser.HtmlTreeBuilderState$6.anythingElse(HtmlTreeBuilderState.java:282)
	at org.jsoup.parser.HtmlTreeBuilderState$6.process(HtmlTreeBuilderState.java:260)
	at org.jsoup.parser.HtmlTreeBuilder.process(HtmlTreeBuilder.java:150)
	at org.jsoup.parser.HtmlTreeBuilderState$4.anythingElse(HtmlTreeBuilderState.java:195)
	at org.jsoup.parser.HtmlTreeBuilderState$4.process(HtmlTreeBuilderState.java:159)
	at org.jsoup.parser.HtmlTreeBuilder.process(HtmlTreeBuilder.java:150)
	at org.jsoup.parser.HtmlTreeBuilderState$3.process(HtmlTreeBuilderState.java:104)
	at org.jsoup.parser.HtmlTreeBuilder.process(HtmlTreeBuilder.java:150)
	at org.jsoup.parser.HtmlTreeBuilderState$2.anythingElse(HtmlTreeBuilderState.java:78)
	at org.jsoup.parser.HtmlTreeBuilderState$2.process(HtmlTreeBuilderState.java:70)
	at org.jsoup.parser.HtmlTreeBuilder.process(HtmlTreeBuilder.java:150)
	at org.jsoup.parser.HtmlTreeBuilderState$1.process(HtmlTreeBuilderState.java:47)
	at org.jsoup.parser.HtmlTreeBuilder.process(HtmlTreeBuilder.java:150)
	at org.jsoup.parser.TreeBuilder.stepParser(TreeBuilder.java:125)
	at org.jsoup.parser.TreeBuilder.runParser(TreeBuilder.java:106)
	at org.jsoup.parser.TreeBuilder.parse(TreeBuilder.java:77)
	at org.jsoup.parser.Parser.parse(Parser.java:264)
	at org.jsoup.Jsoup.parse(Jsoup.java:78)
	at org.jsoup.nodes.FormElementTest.usesOnForCheckboxValueIfNoValueSet(FormElementTest.java:140)
	at java.base/java.lang.reflect.Method.invoke(Method.java:580)
	at java.base/java.util.ArrayList.forEach(ArrayList.java:1597)
	at java.base/java.util.ArrayList.forEach(ArrayList.java:1597)
Caused by: java.lang.ExceptionInInitializerError: Exception java.lang.NoSuchMethodError: 'java.lang.String org.jsoup.internal.StringUtil.join(java.lang.String[], java.lang.String)' [in thread "main"]
	at org.jsoup.nodes.FormElement.<clinit>(FormElement.java:25)
	at org.jsoup.parser.HtmlTreeBuilder.createElementFor(HtmlTreeBuilder.java:299)
	at org.jsoup.parser.HtmlTreeBuilder.insertFormElement(HtmlTreeBuilder.java:354)
	at org.jsoup.parser.HtmlTreeBuilderState$7.inBodyStartTag(HtmlTreeBuilderState.java:420)
	at org.jsoup.parser.HtmlTreeBuilderState$7.process(HtmlTreeBuilderState.java:309)
	at org.jsoup.parser.HtmlTreeBuilder.process(HtmlTreeBuilder.java:150)
	at org.jsoup.parser.TreeBuilder.stepParser(TreeBuilder.java:125)
	at org.jsoup.parser.TreeBuilder.runParser(TreeBuilder.java:106)
	at org.jsoup.parser.TreeBuilder.parse(TreeBuilder.java:77)
	at org.jsoup.parser.Parser.parse(Parser.java:264)
	at org.jsoup.Jsoup.parse(Jsoup.java:78)
	at org.jsoup.nodes.FormElementTest.formElementsAreLive(FormElementTest.java:216)
	... 3 more

[ERROR] org.jsoup.nodes.FormElementTest.hasAssociatedControls -- Time elapsed: 0.001 s <<< ERROR!
java.lang.NoClassDefFoundError: Could not initialize class org.jsoup.nodes.FormElement
	at org.jsoup.parser.HtmlTreeBuilder.createElementFor(HtmlTreeBuilder.java:299)
	at org.jsoup.parser.HtmlTreeBuilder.insertFormElement(HtmlTreeBuilder.java:354)
	at org.jsoup.parser.HtmlTreeBuilderState$7.inBodyStartTag(HtmlTreeBuilderState.java:420)
	at org.jsoup.parser.HtmlTreeBuilderState$7.process(HtmlTreeBuilderState.java:309)
	at org.jsoup.parser.HtmlTreeBuilder.process(HtmlTreeBuilder.java:150)
	at org.jsoup.parser.HtmlTreeBuilderState$6.anythingElse(HtmlTreeBuilderState.java:282)
	at org.jsoup.parser.HtmlTreeBuilderState$6.process(HtmlTreeBuilderState.java:260)
	at org.jsoup.parser.HtmlTreeBuilder.process(HtmlTreeBuilder.java:150)
	at org.jsoup.parser.HtmlTreeBuilderState$4.anythingElse(HtmlTreeBuilderState.java:195)
	at org.jsoup.parser.HtmlTreeBuilderState$4.process(HtmlTreeBuilderState.java:159)
	at org.jsoup.parser.HtmlTreeBuilder.process(HtmlTreeBuilder.java:150)
	at org.jsoup.parser.HtmlTreeBuilderState$3.process(HtmlTreeBuilderState.java:104)
	at org.jsoup.parser.HtmlTreeBuilder.process(HtmlTreeBuilder.java:150)
	at org.jsoup.parser.HtmlTreeBuilderState$2.anythingElse(HtmlTreeBuilderState.java:78)
	at org.jsoup.parser.HtmlTreeBuilderState$2.process(HtmlTreeBuilderState.java:70)
	at org.jsoup.parser.HtmlTreeBuilder.process(HtmlTreeBuilder.java:150)
	at org.jsoup.parser.HtmlTreeBuilderState$1.process(HtmlTreeBuilderState.java:47)
	at org.jsoup.parser.HtmlTreeBuilder.process(HtmlTreeBuilder.java:150)
	at org.jsoup.parser.TreeBuilder.stepParser(TreeBuilder.java:125)
	at org.jsoup.parser.TreeBuilder.runParser(TreeBuilder.java:106)
	at org.jsoup.parser.TreeBuilder.parse(TreeBuilder.java:77)
	at org.jsoup.parser.Parser.parse(Parser.java:264)
	at org.jsoup.Jsoup.parse(Jsoup.java:78)
	at org.jsoup.nodes.FormElementTest.hasAssociatedControls(FormElementTest.java:32)
	at java.base/java.lang.reflect.Method.invoke(Method.java:580)
	at java.base/java.util.ArrayList.forEach(ArrayList.java:1597)
	at java.base/java.util.ArrayList.forEach(ArrayList.java:1597)
Caused by: java.lang.ExceptionInInitializerError: Exception java.lang.NoSuchMethodError: 'java.lang.String org.jsoup.internal.StringUtil.join(java.lang.String[], java.lang.String)' [in thread "main"]
	at org.jsoup.nodes.FormElement.<clinit>(FormElement.java:25)
	at org.jsoup.parser.HtmlTreeBuilder.createElementFor(HtmlTreeBuilder.java:299)
	at org.jsoup.parser.HtmlTreeBuilder.insertFormElement(HtmlTreeBuilder.java:354)
	at org.jsoup.parser.HtmlTreeBuilderState$7.inBodyStartTag(HtmlTreeBuilderState.java:420)
	at org.jsoup.parser.HtmlTreeBuilderState$7.process(HtmlTreeBuilderState.java:309)
	at org.jsoup.parser.HtmlTreeBuilder.process(HtmlTreeBuilder.java:150)
	at org.jsoup.parser.TreeBuilder.stepParser(TreeBuilder.java:125)
	at org.jsoup.parser.TreeBuilder.runParser(TreeBuilder.java:106)
	at org.jsoup.parser.TreeBuilder.parse(TreeBuilder.java:77)
	at org.jsoup.parser.Parser.parse(Parser.java:264)
	at org.jsoup.Jsoup.parse(Jsoup.java:78)
	at org.jsoup.nodes.FormElementTest.formElementsAreLive(FormElementTest.java:216)
	... 3 more

[ERROR] org.jsoup.nodes.FormElementTest.actionWithNoBaseUri -- Time elapsed: 0.001 s <<< ERROR!
java.lang.NoClassDefFoundError: Could not initialize class org.jsoup.nodes.FormElement
	at org.jsoup.parser.HtmlTreeBuilder.createElementFor(HtmlTreeBuilder.java:299)
	at org.jsoup.parser.HtmlTreeBuilder.insertFormElement(HtmlTreeBuilder.java:354)
	at org.jsoup.parser.HtmlTreeBuilderState$7.inBodyStartTag(HtmlTreeBuilderState.java:420)
	at org.jsoup.parser.HtmlTreeBuilderState$7.process(HtmlTreeBuilderState.java:309)
	at org.jsoup.parser.HtmlTreeBuilder.process(HtmlTreeBuilder.java:150)
	at org.jsoup.parser.HtmlTreeBuilderState$6.anythingElse(HtmlTreeBuilderState.java:282)
	at org.jsoup.parser.HtmlTreeBuilderState$6.process(HtmlTreeBuilderState.java:260)
	at org.jsoup.parser.HtmlTreeBuilder.process(HtmlTreeBuilder.java:150)
	at org.jsoup.parser.HtmlTreeBuilderState$4.anythingElse(HtmlTreeBuilderState.java:195)
	at org.jsoup.parser.HtmlTreeBuilderState$4.process(HtmlTreeBuilderState.java:159)
	at org.jsoup.parser.HtmlTreeBuilder.process(HtmlTreeBuilder.java:150)
	at org.jsoup.parser.HtmlTreeBuilderState$3.process(HtmlTreeBuilderState.java:104)
	at org.jsoup.parser.HtmlTreeBuilder.process(HtmlTreeBuilder.java:150)
	at org.jsoup.parser.HtmlTreeBuilderState$2.anythingElse(HtmlTreeBuilderState.java:78)
	at org.jsoup.parser.HtmlTreeBuilderState$2.process(HtmlTreeBuilderState.java:70)
	at org.jsoup.parser.HtmlTreeBuilder.process(HtmlTreeBuilder.java:150)
	at org.jsoup.parser.HtmlTreeBuilderState$1.process(HtmlTreeBuilderState.java:47)
	at org.jsoup.parser.HtmlTreeBuilder.process(HtmlTreeBuilder.java:150)
	at org.jsoup.parser.TreeBuilder.stepParser(TreeBuilder.java:125)
	at org.jsoup.parser.TreeBuilder.runParser(TreeBuilder.java:106)
	at org.jsoup.parser.TreeBuilder.parse(TreeBuilder.java:77)
	at org.jsoup.parser.Parser.parse(Parser.java:264)
	at org.jsoup.Jsoup.parse(Jsoup.java:78)
	at org.jsoup.nodes.FormElementTest.actionWithNoBaseUri(FormElementTest.java:99)
	at java.base/java.lang.reflect.Method.invoke(Method.java:580)
	at java.base/java.util.ArrayList.forEach(ArrayList.java:1597)
	at java.base/java.util.ArrayList.forEach(ArrayList.java:1597)
Caused by: java.lang.ExceptionInInitializerError: Exception java.lang.NoSuchMethodError: 'java.lang.String org.jsoup.internal.StringUtil.join(java.lang.String[], java.lang.String)' [in thread "main"]
	at org.jsoup.nodes.FormElement.<clinit>(FormElement.java:25)
	at org.jsoup.parser.HtmlTreeBuilder.createElementFor(HtmlTreeBuilder.java:299)
	at org.jsoup.parser.HtmlTreeBuilder.insertFormElement(HtmlTreeBuilder.java:354)
	at org.jsoup.parser.HtmlTreeBuilderState$7.inBodyStartTag(HtmlTreeBuilderState.java:420)
	at org.jsoup.parser.HtmlTreeBuilderState$7.process(HtmlTreeBuilderState.java:309)
	at org.jsoup.parser.HtmlTreeBuilder.process(HtmlTreeBuilder.java:150)
	at org.jsoup.parser.TreeBuilder.stepParser(TreeBuilder.java:125)
	at org.jsoup.parser.TreeBuilder.runParser(TreeBuilder.java:106)
	at org.jsoup.parser.TreeBuilder.parse(TreeBuilder.java:77)
	at org.jsoup.parser.Parser.parse(Parser.java:264)
	at org.jsoup.Jsoup.parse(Jsoup.java:78)
	at org.jsoup.nodes.FormElementTest.formElementsAreLive(FormElementTest.java:216)
	... 3 more

[ERROR] Tests run: 1, Failures: 0, Errors: 1, Skipped: 0, Time elapsed: 0.004 s <<< FAILURE! -- in org.jsoup.nodes.LeafNodeTest
[ERROR] org.jsoup.nodes.LeafNodeTest.doesNotGetAttributesTooEasily -- Time elapsed: 0.003 s <<< ERROR!
java.lang.NoSuchMethodError: 'java.lang.String org.jsoup.internal.StringUtil.join(java.util.Collection, java.lang.String)'
	at org.jsoup.nodes.Element.classNames(Element.java:1878)
	at org.jsoup.nodes.Element.addClass(Element.java:1924)
	at org.jsoup.nodes.LeafNodeTest.doesNotGetAttributesTooEasily(LeafNodeTest.java:40)
	at java.base/java.lang.reflect.Method.invoke(Method.java:580)
	at java.base/java.util.ArrayList.forEach(ArrayList.java:1597)
	at java.base/java.util.ArrayList.forEach(ArrayList.java:1597)

[ERROR] Tests run: 37, Failures: 0, Errors: 3, Skipped: 0, Time elapsed: 0.445 s <<< FAILURE! -- in org.jsoup.nodes.DocumentTest
[ERROR] org.jsoup.nodes.DocumentTest.expectForm -- Time elapsed: 0.001 s <<< ERROR!
java.lang.NoClassDefFoundError: Could not initialize class org.jsoup.nodes.FormElement
	at org.jsoup.parser.HtmlTreeBuilder.createElementFor(HtmlTreeBuilder.java:299)
	at org.jsoup.parser.HtmlTreeBuilder.insertFormElement(HtmlTreeBuilder.java:354)
	at org.jsoup.parser.HtmlTreeBuilderState$7.inBodyStartTag(HtmlTreeBuilderState.java:420)
	at org.jsoup.parser.HtmlTreeBuilderState$7.process(HtmlTreeBuilderState.java:309)
	at org.jsoup.parser.HtmlTreeBuilder.process(HtmlTreeBuilder.java:150)
	at org.jsoup.parser.TreeBuilder.stepParser(TreeBuilder.java:125)
	at org.jsoup.parser.TreeBuilder.runParser(TreeBuilder.java:106)
	at org.jsoup.parser.TreeBuilder.parse(TreeBuilder.java:77)
	at org.jsoup.parser.Parser.parse(Parser.java:264)
	at org.jsoup.Jsoup.parse(Jsoup.java:78)
	at org.jsoup.nodes.DocumentTest.expectForm(DocumentTest.java:548)
	at java.base/java.lang.reflect.Method.invoke(Method.java:580)
	at java.base/java.util.ArrayList.forEach(ArrayList.java:1597)
	at java.base/java.util.ArrayList.forEach(ArrayList.java:1597)
Caused by: java.lang.ExceptionInInitializerError: Exception java.lang.NoSuchMethodError: 'java.lang.String org.jsoup.internal.StringUtil.join(java.lang.String[], java.lang.String)' [in thread "main"]
	at org.jsoup.nodes.FormElement.<clinit>(FormElement.java:25)
	at org.jsoup.parser.HtmlTreeBuilder.createElementFor(HtmlTreeBuilder.java:299)
	at org.jsoup.parser.HtmlTreeBuilder.insertFormElement(HtmlTreeBuilder.java:354)
	at org.jsoup.parser.HtmlTreeBuilderState$7.inBodyStartTag(HtmlTreeBuilderState.java:420)
	at org.jsoup.parser.HtmlTreeBuilderState$7.process(HtmlTreeBuilderState.java:309)
	at org.jsoup.parser.HtmlTreeBuilder.process(HtmlTreeBuilder.java:150)
	at org.jsoup.parser.TreeBuilder.stepParser(TreeBuilder.java:125)
	at org.jsoup.parser.TreeBuilder.runParser(TreeBuilder.java:106)
	at org.jsoup.parser.TreeBuilder.parse(TreeBuilder.java:77)
	at org.jsoup.parser.Parser.parse(Parser.java:264)
	at org.jsoup.Jsoup.parse(Jsoup.java:78)
	at org.jsoup.nodes.FormElementTest.formElementsAreLive(FormElementTest.java:216)
	... 3 more

[ERROR] org.jsoup.nodes.DocumentTest.forms -- Time elapsed: 0.001 s <<< ERROR!
java.lang.NoClassDefFoundError: Could not initialize class org.jsoup.nodes.FormElement
	at org.jsoup.parser.HtmlTreeBuilder.createElementFor(HtmlTreeBuilder.java:299)
	at org.jsoup.parser.HtmlTreeBuilder.insertFormElement(HtmlTreeBuilder.java:354)
	at org.jsoup.parser.HtmlTreeBuilderState$7.inBodyStartTag(HtmlTreeBuilderState.java:420)
	at org.jsoup.parser.HtmlTreeBuilderState$7.process(HtmlTreeBuilderState.java:309)
	at org.jsoup.parser.HtmlTreeBuilder.process(HtmlTreeBuilder.java:150)
	at org.jsoup.parser.TreeBuilder.stepParser(TreeBuilder.java:125)
	at org.jsoup.parser.TreeBuilder.runParser(TreeBuilder.java:106)
	at org.jsoup.parser.TreeBuilder.parse(TreeBuilder.java:77)
	at org.jsoup.parser.Parser.parse(Parser.java:264)
	at org.jsoup.Jsoup.parse(Jsoup.java:78)
	at org.jsoup.nodes.DocumentTest.forms(DocumentTest.java:533)
	at java.base/java.lang.reflect.Method.invoke(Method.java:580)
	at java.base/java.util.ArrayList.forEach(ArrayList.java:1597)
	at java.base/java.util.ArrayList.forEach(ArrayList.java:1597)
Caused by: java.lang.ExceptionInInitializerError: Exception java.lang.NoSuchMethodError: 'java.lang.String org.jsoup.internal.StringUtil.join(java.lang.String[], java.lang.String)' [in thread "main"]
	at org.jsoup.nodes.FormElement.<clinit>(FormElement.java:25)
	at org.jsoup.parser.HtmlTreeBuilder.createElementFor(HtmlTreeBuilder.java:299)
	at org.jsoup.parser.HtmlTreeBuilder.insertFormElement(HtmlTreeBuilder.java:354)
	at org.jsoup.parser.HtmlTreeBuilderState$7.inBodyStartTag(HtmlTreeBuilderState.java:420)
	at org.jsoup.parser.HtmlTreeBuilderState$7.process(HtmlTreeBuilderState.java:309)
	at org.jsoup.parser.HtmlTreeBuilder.process(HtmlTreeBuilder.java:150)
	at org.jsoup.parser.TreeBuilder.stepParser(TreeBuilder.java:125)
	at org.jsoup.parser.TreeBuilder.runParser(TreeBuilder.java:106)
	at org.jsoup.parser.TreeBuilder.parse(TreeBuilder.java:77)
	at org.jsoup.parser.Parser.parse(Parser.java:264)
	at org.jsoup.Jsoup.parse(Jsoup.java:78)
	at org.jsoup.nodes.FormElementTest.formElementsAreLive(FormElementTest.java:216)
	... 3 more

[ERROR] org.jsoup.nodes.DocumentTest.parseAndHtmlOnDifferentThreads -- Time elapsed: 0.002 s <<< ERROR!
java.lang.NoSuchMethodError: 'java.util.stream.Collector org.jsoup.internal.StringUtil.joining(java.lang.String)'
	at org.jsoup.select.Nodes.outerHtml(Nodes.java:109)
	at org.jsoup.nodes.DocumentTest.parseAndHtmlOnDifferentThreads(DocumentTest.java:477)
	at java.base/java.lang.reflect.Method.invoke(Method.java:580)
	at java.base/java.util.ArrayList.forEach(ArrayList.java:1597)
	at java.base/java.util.ArrayList.forEach(ArrayList.java:1597)

[ERROR] Tests run: 267, Failures: 0, Errors: 41, Skipped: 0, Time elapsed: 0.313 s <<< FAILURE! -- in org.jsoup.nodes.ElementTest
[ERROR] org.jsoup.nodes.ElementTest.doesNotWrapBlocksInPre -- Time elapsed: 0.002 s <<< ERROR!
java.lang.NoSuchMethodError: 'java.util.stream.Collector org.jsoup.internal.StringUtil.joining(java.lang.String)'
	at org.jsoup.nodes.Element.wholeTextOf(Element.java:1639)
	at org.jsoup.nodes.Element.wholeText(Element.java:1623)
	at org.jsoup.nodes.ElementTest.doesNotWrapBlocksInPre(ElementTest.java:174)
	at java.base/java.lang.reflect.Method.invoke(Method.java:580)
	at java.base/java.util.ArrayList.forEach(ArrayList.java:1597)
	at java.base/java.util.ArrayList.forEach(ArrayList.java:1597)

[ERROR] org.jsoup.nodes.ElementTest.cssSelectorWithBracket -- Time elapsed: 0.001 s <<< ERROR!
java.lang.NoSuchMethodError: 'java.util.stream.Collector org.jsoup.internal.StringUtil.joining(java.lang.String)'
	at org.jsoup.nodes.Element.cssSelectorComponent(Element.java:1138)
	at org.jsoup.nodes.Element.cssSelector(Element.java:1127)
	at org.jsoup.nodes.ElementTest.cssSelectorWithBracket(ElementTest.java:2921)
	at java.base/java.lang.reflect.Method.invoke(Method.java:580)
	at java.base/java.util.ArrayList.forEach(ArrayList.java:1597)
	at java.base/java.util.ArrayList.forEach(ArrayList.java:1597)

[ERROR] org.jsoup.nodes.ElementTest.cssSelectorDoesntStackOverflow -- Time elapsed: 0.011 s <<< ERROR!
java.lang.NoSuchMethodError: 'java.util.stream.Collector org.jsoup.internal.StringUtil.joining(java.lang.String)'
	at org.jsoup.nodes.Element.cssSelectorComponent(Element.java:1138)
	at org.jsoup.nodes.Element.cssSelector(Element.java:1127)
	at org.jsoup.nodes.ElementTest.cssSelectorDoesntStackOverflow(ElementTest.java:2905)
	at java.base/java.lang.reflect.Method.invoke(Method.java:580)
	at java.base/java.util.ArrayList.forEach(ArrayList.java:1597)
	at java.base/java.util.ArrayList.forEach(ArrayList.java:1597)

[ERROR] org.jsoup.nodes.ElementTest.textBoundaryTagsDoNotSynthesizeAttributeText -- Time elapsed: 0.001 s <<< ERROR!
java.lang.NoSuchMethodError: 'java.util.stream.Collector org.jsoup.internal.StringUtil.joining(java.lang.String)'
	at org.jsoup.nodes.Element.wholeTextOf(Element.java:1639)
	at org.jsoup.nodes.Element.wholeText(Element.java:1623)
	at org.jsoup.nodes.ElementTest.assertTextAndWholeText(ElementTest.java:719)
	at org.jsoup.nodes.ElementTest.textBoundaryTagsDoNotSynthesizeAttributeText(ElementTest.java:684)
	at java.base/java.lang.reflect.Method.invoke(Method.java:580)
	at java.base/java.util.ArrayList.forEach(ArrayList.java:1597)
	at java.base/java.util.ArrayList.forEach(ArrayList.java:1597)

[ERROR] org.jsoup.nodes.ElementTest.cssSelectorNoParent -- Time elapsed: 0.001 s <<< ERROR!
java.lang.NoSuchMethodError: 'java.util.stream.Collector org.jsoup.internal.StringUtil.joining(java.lang.String)'
	at org.jsoup.nodes.Element.cssSelectorComponent(Element.java:1138)
	at org.jsoup.nodes.Element.cssSelector(Element.java:1127)
	at org.jsoup.nodes.ElementTest.cssSelectorNoParent(ElementTest.java:2868)
	at java.base/java.lang.reflect.Method.invoke(Method.java:580)
	at java.base/java.util.ArrayList.forEach(ArrayList.java:1597)
	at java.base/java.util.ArrayList.forEach(ArrayList.java:1597)

[ERROR] org.jsoup.nodes.ElementTest.textSeparatesReadableBoundaryTags(String, String, String)[1] -- Time elapsed: 0.002 s <<< ERROR!
java.lang.NoSuchMethodError: 'java.util.stream.Collector org.jsoup.internal.StringUtil.joining(java.lang.String)'
	at org.jsoup.nodes.Element.wholeTextOf(Element.java:1639)
	at org.jsoup.nodes.Element.wholeText(Element.java:1623)
	at org.jsoup.nodes.ElementTest.assertTextAndWholeText(ElementTest.java:719)
	at org.jsoup.nodes.ElementTest.textSeparatesReadableBoundaryTags(ElementTest.java:662)
	at java.base/java.lang.reflect.Method.invoke(Method.java:580)
	at java.base/java.util.Optional.ifPresent(Optional.java:178)
	at java.base/java.util.stream.ForEachOps$ForEachOp$OfRef.accept(ForEachOps.java:184)
	at java.base/java.util.stream.ReferencePipeline$3$1.accept(ReferencePipeline.java:215)
	at java.base/java.util.stream.ForEachOps$ForEachOp$OfRef.accept(ForEachOps.java:184)
	at java.base/java.util.stream.ForEachOps$ForEachOp$OfRef.accept(ForEachOps.java:184)
	at java.base/java.util.stream.ReferencePipeline$3$1.accept(ReferencePipeline.java:215)
	at java.base/java.util.Spliterators$ArraySpliterator.forEachRemaining(Spliterators.java:1024)
	at java.base/java.util.stream.ReferencePipeline$Head.forEach(ReferencePipeline.java:807)
	at java.base/java.util.stream.ReferencePipeline$7$1FlatMap.accept(ReferencePipeline.java:294)
	at java.base/java.util.stream.ReferencePipeline$3$1.accept(ReferencePipeline.java:215)
	at java.base/java.util.stream.ReferencePipeline$3$1.accept(ReferencePipeline.java:215)
	at java.base/java.util.stream.ReferencePipeline$3$1.accept(ReferencePipeline.java:215)
	at java.base/java.util.Spliterators$ArraySpliterator.forEachRemaining(Spliterators.java:1024)
	at java.base/java.util.stream.AbstractPipeline.copyInto(AbstractPipeline.java:570)
	at java.base/java.util.stream.AbstractPipeline.wrapAndCopyInto(AbstractPipeline.java:560)
	at java.base/java.util.stream.ForEachOps$ForEachOp.evaluateSequential(ForEachOps.java:151)
	at java.base/java.util.stream.ForEachOps$ForEachOp$OfRef.evaluateSequential(ForEachOps.java:174)
	at java.base/java.util.stream.AbstractPipeline.evaluate(AbstractPipeline.java:265)
	at java.base/java.util.stream.ReferencePipeline.forEach(ReferencePipeline.java:636)
	at java.base/java.util.stream.ReferencePipeline$7$1FlatMap.accept(ReferencePipeline.java:294)
	at java.base/java.util.ArrayList$ArrayListSpliterator.forEachRemaining(ArrayList.java:1709)
	at java.base/java.util.stream.AbstractPipeline.copyInto(AbstractPipeline.java:570)
	at java.base/java.util.stream.AbstractPipeline.wrapAndCopyInto(AbstractPipeline.java:560)
	at java.base/java.util.stream.ForEachOps$ForEachOp.evaluateSequential(ForEachOps.java:151)
	at java.base/java.util.stream.ForEachOps$ForEachOp$OfRef.evaluateSequential(ForEachOps.java:174)
	at java.base/java.util.stream.AbstractPipeline.evaluate(AbstractPipeline.java:265)
	at java.base/java.util.stream.ReferencePipeline.forEach(ReferencePipeline.java:636)
	at java.base/java.util.stream.ReferencePipeline$7$1FlatMap.accept(ReferencePipeline.java:294)
	at java.base/java.util.stream.ReferencePipeline$3$1.accept(ReferencePipeline.java:215)
	at java.base/java.util.stream.ReferencePipeline$3$1.accept(ReferencePipeline.java:215)
	at java.base/java.util.stream.ReferencePipeline$3$1.accept(ReferencePipeline.java:215)
	at java.base/java.util.ArrayList$ArrayListSpliterator.forEachRemaining(ArrayList.java:1709)
	at java.base/java.util.stream.AbstractPipeline.copyInto(AbstractPipeline.java:570)
	at java.base/java.util.stream.AbstractPipeline.wrapAndCopyInto(AbstractPipeline.java:560)
	at java.base/java.util.stream.ForEachOps$ForEachOp.evaluateSequential(ForEachOps.java:151)
	at java.base/java.util.stream.ForEachOps$ForEachOp$OfRef.evaluateSequential(ForEachOps.java:174)
	at java.base/java.util.stream.AbstractPipeline.evaluate(AbstractPipeline.java:265)
	at java.base/java.util.stream.ReferencePipeline.forEach(ReferencePipeline.java:636)
	at java.base/java.util.ArrayList.forEach(ArrayList.java:1597)
	at java.base/java.util.ArrayList.forEach(ArrayList.java:1597)

[ERROR] org.jsoup.nodes.ElementTest.textSeparatesReadableBoundaryTags(String, String, String)[2] -- Time elapsed: 0.001 s <<< ERROR!
java.lang.NoSuchMethodError: 'java.util.stream.Collector org.jsoup.internal.StringUtil.joining(java.lang.String)'
	at org.jsoup.nodes.Element.wholeTextOf(Element.java:1639)
	at org.jsoup.nodes.Element.wholeText(Element.java:1623)
	at org.jsoup.nodes.ElementTest.assertTextAndWholeText(ElementTest.java:719)
	at org.jsoup.nodes.ElementTest.textSeparatesReadableBoundaryTags(ElementTest.java:662)
	at java.base/java.lang.reflect.Method.invoke(Method.java:580)
	at java.base/java.util.Optional.ifPresent(Optional.java:178)
	at java.base/java.util.stream.ForEachOps$ForEachOp$OfRef.accept(ForEachOps.java:184)
	at java.base/java.util.stream.ReferencePipeline$3$1.accept(ReferencePipeline.java:215)
	at java.base/java.util.stream.ForEachOps$ForEachOp$OfRef.accept(ForEachOps.java:184)
	at java.base/java.util.stream.ForEachOps$ForEachOp$OfRef.accept(ForEachOps.java:184)
	at java.base/java.util.stream.ReferencePipeline$3$1.accept(ReferencePipeline.java:215)
	at java.base/java.util.Spliterators$ArraySpliterator.forEachRemaining(Spliterators.java:1024)
	at java.base/java.util.stream.ReferencePipeline$Head.forEach(ReferencePipeline.java:807)
	at java.base/java.util.stream.ReferencePipeline$7$1FlatMap.accept(ReferencePipeline.java:294)
	at java.base/java.util.stream.ReferencePipeline$3$1.accept(ReferencePipeline.java:215)
	at java.base/java.util.stream.ReferencePipeline$3$1.accept(ReferencePipeline.java:215)
	at java.base/java.util.stream.ReferencePipeline$3$1.accept(ReferencePipeline.java:215)
	at java.base/java.util.Spliterators$ArraySpliterator.forEachRemaining(Spliterators.java:1024)
	at java.base/java.util.stream.AbstractPipeline.copyInto(AbstractPipeline.java:570)
	at java.base/java.util.stream.AbstractPipeline.wrapAndCopyInto(AbstractPipeline.java:560)
	at java.base/java.util.stream.ForEachOps$ForEachOp.evaluateSequential(ForEachOps.java:151)
	at java.base/java.util.stream.ForEachOps$ForEachOp$OfRef.evaluateSequential(ForEachOps.java:174)
	at java.base/java.util.stream.AbstractPipeline.evaluate(AbstractPipeline.java:265)
	at java.base/java.util.stream.ReferencePipeline.forEach(ReferencePipeline.java:636)
	at java.base/java.util.stream.ReferencePipeline$7$1FlatMap.accept(ReferencePipeline.java:294)
	at java.base/java.util.ArrayList$ArrayListSpliterator.forEachRemaining(ArrayList.java:1709)
	at java.base/java.util.stream.AbstractPipeline.copyInto(AbstractPipeline.java:570)
	at java.base/java.util.stream.AbstractPipeline.wrapAndCopyInto(AbstractPipeline.java:560)
	at java.base/java.util.stream.ForEachOps$ForEachOp.evaluateSequential(ForEachOps.java:151)
	at java.base/java.util.stream.ForEachOps$ForEachOp$OfRef.evaluateSequential(ForEachOps.java:174)
	at java.base/java.util.stream.AbstractPipeline.evaluate(AbstractPipeline.java:265)
	at java.base/java.util.stream.ReferencePipeline.forEach(ReferencePipeline.java:636)
	at java.base/java.util.stream.ReferencePipeline$7$1FlatMap.accept(ReferencePipeline.java:294)
	at java.base/java.util.stream.ReferencePipeline$3$1.accept(ReferencePipeline.java:215)
	at java.base/java.util.stream.ReferencePipeline$3$1.accept(ReferencePipeline.java:215)
	at java.base/java.util.stream.ReferencePipeline$3$1.accept(ReferencePipeline.java:215)
	at java.base/java.util.ArrayList$ArrayListSpliterator.forEachRemaining(ArrayList.java:1709)
	at java.base/java.util.stream.AbstractPipeline.copyInto(AbstractPipeline.java:570)
	at java.base/java.util.stream.AbstractPipeline.wrapAndCopyInto(AbstractPipeline.java:560)
	at java.base/java.util.stream.ForEachOps$ForEachOp.evaluateSequential(ForEachOps.java:151)
	at java.base/java.util.stream.ForEachOps$ForEachOp$OfRef.evaluateSequential(ForEachOps.java:174)
	at java.base/java.util.stream.AbstractPipeline.evaluate(AbstractPipeline.java:265)
	at java.base/java.util.stream.ReferencePipeline.forEach(ReferencePipeline.java:636)
	at java.base/java.util.ArrayList.forEach(ArrayList.java:1597)
	at java.base/java.util.ArrayList.forEach(ArrayList.java:1597)

[ERROR] org.jsoup.nodes.ElementTest.textSeparatesReadableBoundaryTags(String, String, String)[3] -- Time elapsed: 0.001 s <<< ERROR!
java.lang.NoSuchMethodError: 'java.util.stream.Collector org.jsoup.internal.StringUtil.joining(java.lang.String)'
	at org.jsoup.nodes.Element.wholeTextOf(Element.java:1639)
	at org.jsoup.nodes.Element.wholeText(Element.java:1623)
	at org.jsoup.nodes.ElementTest.assertTextAndWholeText(ElementTest.java:719)
	at org.jsoup.nodes.ElementTest.textSeparatesReadableBoundaryTags(ElementTest.java:662)
	at java.base/java.lang.reflect.Method.invoke(Method.java:580)
	at java.base/java.util.Optional.ifPresent(Optional.java:178)
	at java.base/java.util.stream.ForEachOps$ForEachOp$OfRef.accept(ForEachOps.java:184)
	at java.base/java.util.stream.ReferencePipeline$3$1.accept(ReferencePipeline.java:215)
	at java.base/java.util.stream.ForEachOps$ForEachOp$OfRef.accept(ForEachOps.java:184)
	at java.base/java.util.stream.ForEachOps$ForEachOp$OfRef.accept(ForEachOps.java:184)
	at java.base/java.util.stream.ReferencePipeline$3$1.accept(ReferencePipeline.java:215)
	at java.base/java.util.Spliterators$ArraySpliterator.forEachRemaining(Spliterators.java:1024)
	at java.base/java.util.stream.ReferencePipeline$Head.forEach(ReferencePipeline.java:807)
	at java.base/java.util.stream.ReferencePipeline$7$1FlatMap.accept(ReferencePipeline.java:294)
	at java.base/java.util.stream.ReferencePipeline$3$1.accept(ReferencePipeline.java:215)
	at java.base/java.util.stream.ReferencePipeline$3$1.accept(ReferencePipeline.java:215)
	at java.base/java.util.stream.ReferencePipeline$3$1.accept(ReferencePipeline.java:215)
	at java.base/java.util.Spliterators$ArraySpliterator.forEachRemaining(Spliterators.java:1024)
	at java.base/java.util.stream.AbstractPipeline.copyInto(AbstractPipeline.java:570)
	at java.base/java.util.stream.AbstractPipeline.wrapAndCopyInto(AbstractPipeline.java:560)
	at java.base/java.util.stream.ForEachOps$ForEachOp.evaluateSequential(ForEachOps.java:151)
	at java.base/java.util.stream.ForEachOps$ForEachOp$OfRef.evaluateSequential(ForEachOps.java:174)
	at java.base/java.util.stream.AbstractPipeline.evaluate(AbstractPipeline.java:265)
	at java.base/java.util.stream.ReferencePipeline.forEach(ReferencePipeline.java:636)
	at java.base/java.util.stream.ReferencePipeline$7$1FlatMap.accept(ReferencePipeline.java:294)
	at java.base/java.util.ArrayList$ArrayListSpliterator.forEachRemaining(ArrayList.java:1709)
	at java.base/java.util.stream.AbstractPipeline.copyInto(AbstractPipeline.java:570)
	at java.base/java.util.stream.AbstractPipeline.wrapAndCopyInto(AbstractPipeline.java:560)
	at java.base/java.util.stream.ForEachOps$ForEachOp.evaluateSequential(ForEachOps.java:151)
	at java.base/java.util.stream.ForEachOps$ForEachOp$OfRef.evaluateSequential(ForEachOps.java:174)
	at java.base/java.util.stream.AbstractPipeline.evaluate(AbstractPipeline.java:265)
	at java.base/java.util.stream.ReferencePipeline.forEach(ReferencePipeline.java:636)
	at java.base/java.util.stream.ReferencePipeline$7$1FlatMap.accept(ReferencePipeline.java:294)
	at java.base/java.util.stream.ReferencePipeline$3$1.accept(ReferencePipeline.java:215)
	at java.base/java.util.stream.ReferencePipeline$3$1.accept(ReferencePipeline.java:215)
	at java.base/java.util.stream.ReferencePipeline$3$1.accept(ReferencePipeline.java:215)
	at java.base/java.util.ArrayList$ArrayListSpliterator.forEachRemaining(ArrayList.java:1709)
	at java.base/java.util.stream.AbstractPipeline.copyInto(AbstractPipeline.java:570)
	at java.base/java.util.stream.AbstractPipeline.wrapAndCopyInto(AbstractPipeline.java:560)
	at java.base/java.util.stream.ForEachOps$ForEachOp.evaluateSequential(ForEachOps.java:151)
	at java.base/java.util.stream.ForEachOps$ForEachOp$OfRef.evaluateSequential(ForEachOps.java:174)
	at java.base/java.util.stream.AbstractPipeline.evaluate(AbstractPipeline.java:265)
	at java.base/java.util.stream.ReferencePipeline.forEach(ReferencePipeline.java:636)
	at java.base/java.util.ArrayList.forEach(ArrayList.java:1597)
	at java.base/java.util.ArrayList.forEach(ArrayList.java:1597)

[ERROR] org.jsoup.nodes.ElementTest.textSeparatesReadableBoundaryTags(String, String, String)[4] -- Time elapsed: 0.001 s <<< ERROR!
java.lang.NoSuchMethodError: 'java.util.stream.Collector org.jsoup.internal.StringUtil.joining(java.lang.String)'
	at org.jsoup.nodes.Element.wholeTextOf(Element.java:1639)
	at org.jsoup.nodes.Element.wholeText(Element.java:1623)
	at org.jsoup.nodes.ElementTest.assertTextAndWholeText(ElementTest.java:719)
	at org.jsoup.nodes.ElementTest.textSeparatesReadableBoundaryTags(ElementTest.java:662)
	at java.base/java.lang.reflect.Method.invoke(Method.java:580)
	at java.base/java.util.Optional.ifPresent(Optional.java:178)
	at java.base/java.util.stream.ForEachOps$ForEachOp$OfRef.accept(ForEachOps.java:184)
	at java.base/java.util.stream.ReferencePipeline$3$1.accept(ReferencePipeline.java:215)
	at java.base/java.util.stream.ForEachOps$ForEachOp$OfRef.accept(ForEachOps.java:184)
	at java.base/java.util.stream.ForEachOps$ForEachOp$OfRef.accept(ForEachOps.java:184)
	at java.base/java.util.stream.ReferencePipeline$3$1.accept(ReferencePipeline.java:215)
	at java.base/java.util.Spliterators$ArraySpliterator.forEachRemaining(Spliterators.java:1024)
	at java.base/java.util.stream.ReferencePipeline$Head.forEach(ReferencePipeline.java:807)
	at java.base/java.util.stream.ReferencePipeline$7$1FlatMap.accept(ReferencePipeline.java:294)
	at java.base/java.util.stream.ReferencePipeline$3$1.accept(ReferencePipeline.java:215)
	at java.base/java.util.stream.ReferencePipeline$3$1.accept(ReferencePipeline.java:215)
	at java.base/java.util.stream.ReferencePipeline$3$1.accept(ReferencePipeline.java:215)
	at java.base/java.util.Spliterators$ArraySpliterator.forEachRemaining(Spliterators.java:1024)
	at java.base/java.util.stream.AbstractPipeline.copyInto(AbstractPipeline.java:570)
	at java.base/java.util.stream.AbstractPipeline.wrapAndCopyInto(AbstractPipeline.java:560)
	at java.base/java.util.stream.ForEachOps$ForEachOp.evaluateSequential(ForEachOps.java:151)
	at java.base/java.util.stream.ForEachOps$ForEachOp$OfRef.evaluateSequential(ForEachOps.java:174)
	at java.base/java.util.stream.AbstractPipeline.evaluate(AbstractPipeline.java:265)
	at java.base/java.util.stream.ReferencePipeline.forEach(ReferencePipeline.java:636)
	at java.base/java.util.stream.ReferencePipeline$7$1FlatMap.accept(ReferencePipeline.java:294)
	at java.base/java.util.ArrayList$ArrayListSpliterator.forEachRemaining(ArrayList.java:1709)
	at java.base/java.util.stream.AbstractPipeline.copyInto(AbstractPipeline.java:570)
	at java.base/java.util.stream.AbstractPipeline.wrapAndCopyInto(AbstractPipeline.java:560)
	at java.base/java.util.stream.ForEachOps$ForEachOp.evaluateSequential(ForEachOps.java:151)
	at java.base/java.util.stream.ForEachOps$ForEachOp$OfRef.evaluateSequential(ForEachOps.java:174)
	at java.base/java.util.stream.AbstractPipeline.evaluate(AbstractPipeline.java:265)
	at java.base/java.util.stream.ReferencePipeline.forEach(ReferencePipeline.java:636)
	at java.base/java.util.stream.ReferencePipeline$7$1FlatMap.accept(ReferencePipeline.java:294)
	at java.base/java.util.stream.ReferencePipeline$3$1.accept(ReferencePipeline.java:215)
	at java.base/java.util.stream.ReferencePipeline$3$1.accept(ReferencePipeline.java:215)
	at java.base/java.util.stream.ReferencePipeline$3$1.accept(ReferencePipeline.java:215)
	at java.base/java.util.ArrayList$ArrayListSpliterator.forEachRemaining(ArrayList.java:1709)
	at java.base/java.util.stream.AbstractPipeline.copyInto(AbstractPipeline.java:570)
	at java.base/java.util.stream.AbstractPipeline.wrapAndCopyInto(AbstractPipeline.java:560)
	at java.base/java.util.stream.ForEachOps$ForEachOp.evaluateSequential(ForEachOps.java:151)
	at java.base/java.util.stream.ForEachOps$ForEachOp$OfRef.evaluateSequential(ForEachOps.java:174)
	at java.base/java.util.stream.AbstractPipeline.evaluate(AbstractPipeline.java:265)
	at java.base/java.util.stream.ReferencePipeline.forEach(ReferencePipeline.java:636)
	at java.base/java.util.ArrayList.forEach(ArrayList.java:1597)
	at java.base/java.util.ArrayList.forEach(ArrayList.java:1597)

[ERROR] org.jsoup.nodes.ElementTest.textSeparatesReadableBoundaryTags(String, String, String)[5] -- Time elapsed: 0 s <<< ERROR!
java.lang.NoSuchMethodError: 'java.util.stream.Collector org.jsoup.internal.StringUtil.joining(java.lang.String)'
	at org.jsoup.nodes.Element.wholeTextOf(Element.java:1639)
	at org.jsoup.nodes.Element.wholeText(Element.java:1623)
	at org.jsoup.nodes.ElementTest.assertTextAndWholeText(ElementTest.java:719)
	at org.jsoup.nodes.ElementTest.textSeparatesReadableBoundaryTags(ElementTest.java:662)
	at java.base/java.lang.reflect.Method.invoke(Method.java:580)
	at java.base/java.util.Optional.ifPresent(Optional.java:178)
	at java.base/java.util.stream.ForEachOps$ForEachOp$OfRef.accept(ForEachOps.java:184)
	at java.base/java.util.stream.ReferencePipeline$3$1.accept(ReferencePipeline.java:215)
	at java.base/java.util.stream.ForEachOps$ForEachOp$OfRef.accept(ForEachOps.java:184)
	at java.base/java.util.stream.ForEachOps$ForEachOp$OfRef.accept(ForEachOps.java:184)
	at java.base/java.util.stream.ReferencePipeline$3$1.accept(ReferencePipeline.java:215)
	at java.base/java.util.Spliterators$ArraySpliterator.forEachRemaining(Spliterators.java:1024)
	at java.base/java.util.stream.ReferencePipeline$Head.forEach(ReferencePipeline.java:807)
	at java.base/java.util.stream.ReferencePipeline$7$1FlatMap.accept(ReferencePipeline.java:294)
	at java.base/java.util.stream.ReferencePipeline$3$1.accept(ReferencePipeline.java:215)
	at java.base/java.util.stream.ReferencePipeline$3$1.accept(ReferencePipeline.java:215)
	at java.base/java.util.stream.ReferencePipeline$3$1.accept(ReferencePipeline.java:215)
	at java.base/java.util.Spliterators$ArraySpliterator.forEachRemaining(Spliterators.java:1024)
	at java.base/java.util.stream.AbstractPipeline.copyInto(AbstractPipeline.java:570)
	at java.base/java.util.stream.AbstractPipeline.wrapAndCopyInto(AbstractPipeline.java:560)
	at java.base/java.util.stream.ForEachOps$ForEachOp.evaluateSequential(ForEachOps.java:151)
	at java.base/java.util.stream.ForEachOps$ForEachOp$OfRef.evaluateSequential(ForEachOps.java:174)
	at java.base/java.util.stream.AbstractPipeline.evaluate(AbstractPipeline.java:265)
	at java.base/java.util.stream.ReferencePipeline.forEach(ReferencePipeline.java:636)
	at java.base/java.util.stream.ReferencePipeline$7$1FlatMap.accept(ReferencePipeline.java:294)
	at java.base/java.util.ArrayList$ArrayListSpliterator.forEachRemaining(ArrayList.java:1709)
	at java.base/java.util.stream.AbstractPipeline.copyInto(AbstractPipeline.java:570)
	at java.base/java.util.stream.AbstractPipeline.wrapAndCopyInto(AbstractPipeline.java:560)
	at java.base/java.util.stream.ForEachOps$ForEachOp.evaluateSequential(ForEachOps.java:151)
	at java.base/java.util.stream.ForEachOps$ForEachOp$OfRef.evaluateSequential(ForEachOps.java:174)
	at java.base/java.util.stream.AbstractPipeline.evaluate(AbstractPipeline.java:265)
	at java.base/java.util.stream.ReferencePipeline.forEach(ReferencePipeline.java:636)
	at java.base/java.util.stream.ReferencePipeline$7$1FlatMap.accept(ReferencePipeline.java:294)
	at java.base/java.util.stream.ReferencePipeline$3$1.accept(ReferencePipeline.java:215)
	at java.base/java.util.stream.ReferencePipeline$3$1.accept(ReferencePipeline.java:215)
	at java.base/java.util.stream.ReferencePipeline$3$1.accept(ReferencePipeline.java:215)
	at java.base/java.util.ArrayList$ArrayListSpliterator.forEachRemaining(ArrayList.java:1709)
	at java.base/java.util.stream.AbstractPipeline.copyInto(AbstractPipeline.java:570)
	at java.base/java.util.stream.AbstractPipeline.wrapAndCopyInto(AbstractPipeline.java:560)
	at java.base/java.util.stream.ForEachOps$ForEachOp.evaluateSequential(ForEachOps.java:151)
	at java.base/java.util.stream.ForEachOps$ForEachOp$OfRef.evaluateSequential(ForEachOps.java:174)
	at java.base/java.util.stream.AbstractPipeline.evaluate(AbstractPipeline.java:265)
	at java.base/java.util.stream.ReferencePipeline.forEach(ReferencePipeline.java:636)
	at java.base/java.util.ArrayList.forEach(ArrayList.java:1597)
	at java.base/java.util.ArrayList.forEach(ArrayList.java:1597)

[ERROR] org.jsoup.nodes.ElementTest.textSeparatesReadableBoundaryTags(String, String, String)[6] -- Time elapsed: 0.001 s <<< ERROR!
java.lang.NoSuchMethodError: 'java.util.stream.Collector org.jsoup.internal.StringUtil.joining(java.lang.String)'
	at org.jsoup.nodes.Element.wholeTextOf(Element.java:1639)
	at org.jsoup.nodes.Element.wholeText(Element.java:1623)
	at org.jsoup.nodes.ElementTest.assertTextAndWholeText(ElementTest.java:719)
	at org.jsoup.nodes.ElementTest.textSeparatesReadableBoundaryTags(ElementTest.java:662)
	at java.base/java.lang.reflect.Method.invoke(Method.java:580)
	at java.base/java.util.Optional.ifPresent(Optional.java:178)
	at java.base/java.util.stream.ForEachOps$ForEachOp$OfRef.accept(ForEachOps.java:184)
	at java.base/java.util.stream.ReferencePipeline$3$1.accept(ReferencePipeline.java:215)
	at java.base/java.util.stream.ForEachOps$ForEachOp$OfRef.accept(ForEachOps.java:184)
	at java.base/java.util.stream.ForEachOps$ForEachOp$OfRef.accept(ForEachOps.java:184)
	at java.base/java.util.stream.ReferencePipeline$3$1.accept(ReferencePipeline.java:215)
	at java.base/java.util.Spliterators$ArraySpliterator.forEachRemaining(Spliterators.java:1024)
	at java.base/java.util.stream.ReferencePipeline$Head.forEach(ReferencePipeline.java:807)
	at java.base/java.util.stream.ReferencePipeline$7$1FlatMap.accept(ReferencePipeline.java:294)
	at java.base/java.util.stream.ReferencePipeline$3$1.accept(ReferencePipeline.java:215)
	at java.base/java.util.stream.ReferencePipeline$3$1.accept(ReferencePipeline.java:215)
	at java.base/java.util.stream.ReferencePipeline$3$1.accept(ReferencePipeline.java:215)
	at java.base/java.util.Spliterators$ArraySpliterator.forEachRemaining(Spliterators.java:1024)
	at java.base/java.util.stream.AbstractPipeline.copyInto(AbstractPipeline.java:570)
	at java.base/java.util.stream.AbstractPipeline.wrapAndCopyInto(AbstractPipeline.java:560)
	at java.base/java.util.stream.ForEachOps$ForEachOp.evaluateSequential(ForEachOps.java:151)
	at java.base/java.util.stream.ForEachOps$ForEachOp$OfRef.evaluateSequential(ForEachOps.java:174)
	at java.base/java.util.stream.AbstractPipeline.evaluate(AbstractPipeline.java:265)
	at java.base/java.util.stream.ReferencePipeline.forEach(ReferencePipeline.java:636)
	at java.base/java.util.stream.ReferencePipeline$7$1FlatMap.accept(ReferencePipeline.java:294)
	at java.base/java.util.ArrayList$ArrayListSpliterator.forEachRemaining(ArrayList.java:1709)
	at java.base/java.util.stream.AbstractPipeline.copyInto(AbstractPipeline.java:570)
	at java.base/java.util.stream.AbstractPipeline.wrapAndCopyInto(AbstractPipeline.java:560)
	at java.base/java.util.stream.ForEachOps$ForEachOp.evaluateSequential(ForEachOps.java:151)
	at java.base/java.util.stream.ForEachOps$ForEachOp$OfRef.evaluateSequential(ForEachOps.java:174)
	at java.base/java.util.stream.AbstractPipeline.evaluate(AbstractPipeline.java:265)
	at java.base/java.util.stream.ReferencePipeline.forEach(ReferencePipeline.java:636)
	at java.base/java.util.stream.ReferencePipeline$7$1FlatMap.accept(ReferencePipeline.java:294)
	at java.base/java.util.stream.ReferencePipeline$3$1.accept(ReferencePipeline.java:215)
	at java.base/java.util.stream.ReferencePipeline$3$1.accept(ReferencePipeline.java:215)
	at java.base/java.util.stream.ReferencePipeline$3$1.accept(ReferencePipeline.java:215)
	at java.base/java.util.ArrayList$ArrayListSpliterator.forEachRemaining(ArrayList.java:1709)
	at java.base/java.util.stream.AbstractPipeline.copyInto(AbstractPipeline.java:570)
	at java.base/java.util.stream.AbstractPipeline.wrapAndCopyInto(AbstractPipeline.java:560)
	at java.base/java.util.stream.ForEachOps$ForEachOp.evaluateSequential(ForEachOps.java:151)
	at java.base/java.util.stream.ForEachOps$ForEachOp$OfRef.evaluateSequential(ForEachOps.java:174)
	at java.base/java.util.stream.AbstractPipeline.evaluate(AbstractPipeline.java:265)
	at java.base/java.util.stream.ReferencePipeline.forEach(ReferencePipeline.java:636)
	at java.base/java.util.ArrayList.forEach(ArrayList.java:1597)
	at java.base/java.util.ArrayList.forEach(ArrayList.java:1597)

[ERROR] org.jsoup.nodes.ElementTest.textSeparatesReadableBoundaryTags(String, String, String)[7] -- Time elapsed: 0.001 s <<< ERROR!
java.lang.NoSuchMethodError: 'java.util.stream.Collector org.jsoup.internal.StringUtil.joining(java.lang.String)'
	at org.jsoup.nodes.Element.wholeTextOf(Element.java:1639)
	at org.jsoup.nodes.Element.wholeText(Element.java:1623)
	at org.jsoup.nodes.ElementTest.assertTextAndWholeText(ElementTest.java:719)
	at org.jsoup.nodes.ElementTest.textSeparatesReadableBoundaryTags(ElementTest.java:662)
	at java.base/java.lang.reflect.Method.invoke(Method.java:580)
	at java.base/java.util.Optional.ifPresent(Optional.java:178)
	at java.base/java.util.stream.ForEachOps$ForEachOp$OfRef.accept(ForEachOps.java:184)
	at java.base/java.util.stream.ReferencePipeline$3$1.accept(ReferencePipeline.java:215)
	at java.base/java.util.stream.ForEachOps$ForEachOp$OfRef.accept(ForEachOps.java:184)
	at java.base/java.util.stream.ForEachOps$ForEachOp$OfRef.accept(ForEachOps.java:184)
	at java.base/java.util.stream.ReferencePipeline$3$1.accept(ReferencePipeline.java:215)
	at java.base/java.util.Spliterators$ArraySpliterator.forEachRemaining(Spliterators.java:1024)
	at java.base/java.util.stream.ReferencePipeline$Head.forEach(ReferencePipeline.java:807)
	at java.base/java.util.stream.ReferencePipeline$7$1FlatMap.accept(ReferencePipeline.java:294)
	at java.base/java.util.stream.ReferencePipeline$3$1.accept(ReferencePipeline.java:215)
	at java.base/java.util.stream.ReferencePipeline$3$1.accept(ReferencePipeline.java:215)
	at java.base/java.util.stream.ReferencePipeline$3$1.accept(ReferencePipeline.java:215)
	at java.base/java.util.Spliterators$ArraySpliterator.forEachRemaining(Spliterators.java:1024)
	at java.base/java.util.stream.AbstractPipeline.copyInto(AbstractPipeline.java:570)
	at java.base/java.util.stream.AbstractPipeline.wrapAndCopyInto(AbstractPipeline.java:560)
	at java.base/java.util.stream.ForEachOps$ForEachOp.evaluateSequential(ForEachOps.java:151)
	at java.base/java.util.stream.ForEachOps$ForEachOp$OfRef.evaluateSequential(ForEachOps.java:174)
	at java.base/java.util.stream.AbstractPipeline.evaluate(AbstractPipeline.java:265)
	at java.base/java.util.stream.ReferencePipeline.forEach(ReferencePipeline.java:636)
	at java.base/java.util.stream.ReferencePipeline$7$1FlatMap.accept(ReferencePipeline.java:294)
	at java.base/java.util.ArrayList$ArrayListSpliterator.forEachRemaining(ArrayList.java:1709)
	at java.base/java.util.stream.AbstractPipeline.copyInto(AbstractPipeline.java:570)
	at java.base/java.util.stream.AbstractPipeline.wrapAndCopyInto(AbstractPipeline.java:560)
	at java.base/java.util.stream.ForEachOps$ForEachOp.evaluateSequential(ForEachOps.java:151)
	at java.base/java.util.stream.ForEachOps$ForEachOp$OfRef.evaluateSequential(ForEachOps.java:174)
	at java.base/java.util.stream.AbstractPipeline.evaluate(AbstractPipeline.java:265)
	at java.base/java.util.stream.ReferencePipeline.forEach(ReferencePipeline.java:636)
	at java.base/java.util.stream.ReferencePipeline$7$1FlatMap.accept(ReferencePipeline.java:294)
	at java.base/java.util.stream.ReferencePipeline$3$1.accept(ReferencePipeline.java:215)
	at java.base/java.util.stream.ReferencePipeline$3$1.accept(ReferencePipeline.java:215)
	at java.base/java.util.stream.ReferencePipeline$3$1.accept(ReferencePipeline.java:215)
	at java.base/java.util.ArrayList$ArrayListSpliterator.forEachRemaining(ArrayList.java:1709)
	at java.base/java.util.stream.AbstractPipeline.copyInto(AbstractPipeline.java:570)
	at java.base/java.util.stream.AbstractPipeline.wrapAndCopyInto(AbstractPipeline.java:560)
	at java.base/java.util.stream.ForEachOps$ForEachOp.evaluateSequential(ForEachOps.java:151)
	at java.base/java.util.stream.ForEachOps$ForEachOp$OfRef.evaluateSequential(ForEachOps.java:174)
	at java.base/java.util.stream.AbstractPipeline.evaluate(AbstractPipeline.java:265)
	at java.base/java.util.stream.ReferencePipeline.forEach(ReferencePipeline.java:636)
	at java.base/java.util.ArrayList.forEach(ArrayList.java:1597)
	at java.base/java.util.ArrayList.forEach(ArrayList.java:1597)

[ERROR] org.jsoup.nodes.ElementTest.textSeparatesReadableBoundaryTags(String, String, String)[8] -- Time elapsed: 0.001 s <<< ERROR!
java.lang.NoSuchMethodError: 'java.util.stream.Collector org.jsoup.internal.StringUtil.joining(java.lang.String)'
	at org.jsoup.nodes.Element.wholeTextOf(Element.java:1639)
	at org.jsoup.nodes.Element.wholeText(Element.java:1623)
	at org.jsoup.nodes.ElementTest.assertTextAndWholeText(ElementTest.java:719)
	at org.jsoup.nodes.ElementTest.textSeparatesReadableBoundaryTags(ElementTest.java:662)
	at java.base/java.lang.reflect.Method.invoke(Method.java:580)
	at java.base/java.util.Optional.ifPresent(Optional.java:178)
	at java.base/java.util.stream.ForEachOps$ForEachOp$OfRef.accept(ForEachOps.java:184)
	at java.base/java.util.stream.ReferencePipeline$3$1.accept(ReferencePipeline.java:215)
	at java.base/java.util.stream.ForEachOps$ForEachOp$OfRef.accept(ForEachOps.java:184)
	at java.base/java.util.stream.ForEachOps$ForEachOp$OfRef.accept(ForEachOps.java:184)
	at java.base/java.util.stream.ReferencePipeline$3$1.accept(ReferencePipeline.java:215)
	at java.base/java.util.Spliterators$ArraySpliterator.forEachRemaining(Spliterators.java:1024)
	at java.base/java.util.stream.ReferencePipeline$Head.forEach(ReferencePipeline.java:807)
	at java.base/java.util.stream.ReferencePipeline$7$1FlatMap.accept(ReferencePipeline.java:294)
	at java.base/java.util.stream.ReferencePipeline$3$1.accept(ReferencePipeline.java:215)
	at java.base/java.util.stream.ReferencePipeline$3$1.accept(ReferencePipeline.java:215)
	at java.base/java.util.stream.ReferencePipeline$3$1.accept(ReferencePipeline.java:215)
	at java.base/java.util.Spliterators$ArraySpliterator.forEachRemaining(Spliterators.java:1024)
	at java.base/java.util.stream.AbstractPipeline.copyInto(AbstractPipeline.java:570)
	at java.base/java.util.stream.AbstractPipeline.wrapAndCopyInto(AbstractPipeline.java:560)
	at java.base/java.util.stream.ForEachOps$ForEachOp.evaluateSequential(ForEachOps.java:151)
	at java.base/java.util.stream.ForEachOps$ForEachOp$OfRef.evaluateSequential(ForEachOps.java:174)
	at java.base/java.util.stream.AbstractPipeline.evaluate(AbstractPipeline.java:265)
	at java.base/java.util.stream.ReferencePipeline.forEach(ReferencePipeline.java:636)
	at java.base/java.util.stream.ReferencePipeline$7$1FlatMap.accept(ReferencePipeline.java:294)
	at java.base/java.util.ArrayList$ArrayListSpliterator.forEachRemaining(ArrayList.java:1709)
	at java.base/java.util.stream.AbstractPipeline.copyInto(AbstractPipeline.java:570)
	at java.base/java.util.stream.AbstractPipeline.wrapAndCopyInto(AbstractPipeline.java:560)
	at java.base/java.util.stream.ForEachOps$ForEachOp.evaluateSequential(ForEachOps.java:151)
	at java.base/java.util.stream.ForEachOps$ForEachOp$OfRef.evaluateSequential(ForEachOps.java:174)
	at java.base/java.util.stream.AbstractPipeline.evaluate(AbstractPipeline.java:265)
	at java.base/java.util.stream.ReferencePipeline.forEach(ReferencePipeline.java:636)
	at java.base/java.util.stream.ReferencePipeline$7$1FlatMap.accept(ReferencePipeline.java:294)
	at java.base/java.util.stream.ReferencePipeline$3$1.accept(ReferencePipeline.java:215)
	at java.base/java.util.stream.ReferencePipeline$3$1.accept(ReferencePipeline.java:215)
	at java.base/java.util.stream.ReferencePipeline$3$1.accept(ReferencePipeline.java:215)
	at java.base/java.util.ArrayList$ArrayListSpliterator.forEachRemaining(ArrayList.java:1709)
	at java.base/java.util.stream.AbstractPipeline.copyInto(AbstractPipeline.java:570)
	at java.base/java.util.stream.AbstractPipeline.wrapAndCopyInto(AbstractPipeline.java:560)
	at java.base/java.util.stream.ForEachOps$ForEachOp.evaluateSequential(ForEachOps.java:151)
	at java.base/java.util.stream.ForEachOps$ForEachOp$OfRef.evaluateSequential(ForEachOps.java:174)
	at java.base/java.util.stream.AbstractPipeline.evaluate(AbstractPipeline.java:265)
	at java.base/java.util.stream.ReferencePipeline.forEach(ReferencePipeline.java:636)
	at java.base/java.util.ArrayList.forEach(ArrayList.java:1597)
	at java.base/java.util.ArrayList.forEach(ArrayList.java:1597)

[ERROR] org.jsoup.nodes.ElementTest.textSeparatesReadableBoundaryTags(String, String, String)[9] -- Time elapsed: 0 s <<< ERROR!
java.lang.NoSuchMethodError: 'java.util.stream.Collector org.jsoup.internal.StringUtil.joining(java.lang.String)'
	at org.jsoup.nodes.Element.wholeTextOf(Element.java:1639)
	at org.jsoup.nodes.Element.wholeText(Element.java:1623)
	at org.jsoup.nodes.ElementTest.assertTextAndWholeText(ElementTest.java:719)
	at org.jsoup.nodes.ElementTest.textSeparatesReadableBoundaryTags(ElementTest.java:662)
	at java.base/java.lang.reflect.Method.invoke(Method.java:580)
	at java.base/java.util.Optional.ifPresent(Optional.java:178)
	at java.base/java.util.stream.ForEachOps$ForEachOp$OfRef.accept(ForEachOps.java:184)
	at java.base/java.util.stream.ReferencePipeline$3$1.accept(ReferencePipeline.java:215)
	at java.base/java.util.stream.ForEachOps$ForEachOp$OfRef.accept(ForEachOps.java:184)
	at java.base/java.util.stream.ForEachOps$ForEachOp$OfRef.accept(ForEachOps.java:184)
	at java.base/java.util.stream.ReferencePipeline$3$1.accept(ReferencePipeline.java:215)
	at java.base/java.util.Spliterators$ArraySpliterator.forEachRemaining(Spliterators.java:1024)
	at java.base/java.util.stream.ReferencePipeline$Head.forEach(ReferencePipeline.java:807)
	at java.base/java.util.stream.ReferencePipeline$7$1FlatMap.accept(ReferencePipeline.java:294)
	at java.base/java.util.stream.ReferencePipeline$3$1.accept(ReferencePipeline.java:215)
	at java.base/java.util.stream.ReferencePipeline$3$1.accept(ReferencePipeline.java:215)
	at java.base/java.util.stream.ReferencePipeline$3$1.accept(ReferencePipeline.java:215)
	at java.base/java.util.Spliterators$ArraySpliterator.forEachRemaining(Spliterators.java:1024)
	at java.base/java.util.stream.AbstractPipeline.copyInto(AbstractPipeline.java:570)
	at java.base/java.util.stream.AbstractPipeline.wrapAndCopyInto(AbstractPipeline.java:560)
	at java.base/java.util.stream.ForEachOps$ForEachOp.evaluateSequential(ForEachOps.java:151)
	at java.base/java.util.stream.ForEachOps$ForEachOp$OfRef.evaluateSequential(ForEachOps.java:174)
	at java.base/java.util.stream.AbstractPipeline.evaluate(AbstractPipeline.java:265)
	at java.base/java.util.stream.ReferencePipeline.forEach(ReferencePipeline.java:636)
	at java.base/java.util.stream.ReferencePipeline$7$1FlatMap.accept(ReferencePipeline.java:294)
	at java.base/java.util.ArrayList$ArrayListSpliterator.forEachRemaining(ArrayList.java:1709)
	at java.base/java.util.stream.AbstractPipeline.copyInto(AbstractPipeline.java:570)
	at java.base/java.util.stream.AbstractPipeline.wrapAndCopyInto(AbstractPipeline.java:560)
	at java.base/java.util.stream.ForEachOps$ForEachOp.evaluateSequential(ForEachOps.java:151)
	at java.base/java.util.stream.ForEachOps$ForEachOp$OfRef.evaluateSequential(ForEachOps.java:174)
	at java.base/java.util.stream.AbstractPipeline.evaluate(AbstractPipeline.java:265)
	at java.base/java.util.stream.ReferencePipeline.forEach(ReferencePipeline.java:636)
	at java.base/java.util.stream.ReferencePipeline$7$1FlatMap.accept(ReferencePipeline.java:294)
	at java.base/java.util.stream.ReferencePipeline$3$1.accept(ReferencePipeline.java:215)
	at java.base/java.util.stream.ReferencePipeline$3$1.accept(ReferencePipeline.java:215)
	at java.base/java.util.stream.ReferencePipeline$3$1.accept(ReferencePipeline.java:215)
	at java.base/java.util.ArrayList$ArrayListSpliterator.forEachRemaining(ArrayList.java:1709)
	at java.base/java.util.stream.AbstractPipeline.copyInto(AbstractPipeline.java:570)
	at java.base/java.util.stream.AbstractPipeline.wrapAndCopyInto(AbstractPipeline.java:560)
	at java.base/java.util.stream.ForEachOps$ForEachOp.evaluateSequential(ForEachOps.java:151)
	at java.base/java.util.stream.ForEachOps$ForEachOp$OfRef.evaluateSequential(ForEachOps.java:174)
	at java.base/java.util.stream.AbstractPipeline.evaluate(AbstractPipeline.java:265)
	at java.base/java.util.stream.ReferencePipeline.forEach(ReferencePipeline.java:636)
	at java.base/java.util.ArrayList.forEach(ArrayList.java:1597)
	at java.base/java.util.ArrayList.forEach(ArrayList.java:1597)

[ERROR] org.jsoup.nodes.ElementTest.textSeparatesReadableBoundaryTags(String, String, String)[10] -- Time elapsed: 0.001 s <<< ERROR!
java.lang.NoSuchMethodError: 'java.util.stream.Collector org.jsoup.internal.StringUtil.joining(java.lang.String)'
	at org.jsoup.nodes.Element.wholeTextOf(Element.java:1639)
	at org.jsoup.nodes.Element.wholeText(Element.java:1623)
	at org.jsoup.nodes.ElementTest.assertTextAndWholeText(ElementTest.java:719)
	at org.jsoup.nodes.ElementTest.textSeparatesReadableBoundaryTags(ElementTest.java:662)
	at java.base/java.lang.reflect.Method.invoke(Method.java:580)
	at java.base/java.util.Optional.ifPresent(Optional.java:178)
	at java.base/java.util.stream.ForEachOps$ForEachOp$OfRef.accept(ForEachOps.java:184)
	at java.base/java.util.stream.ReferencePipeline$3$1.accept(ReferencePipeline.java:215)
	at java.base/java.util.stream.ForEachOps$ForEachOp$OfRef.accept(ForEachOps.java:184)
	at java.base/java.util.stream.ForEachOps$ForEachOp$OfRef.accept(ForEachOps.java:184)
	at java.base/java.util.stream.ReferencePipeline$3$1.accept(ReferencePipeline.java:215)
	at java.base/java.util.Spliterators$ArraySpliterator.forEachRemaining(Spliterators.java:1024)
	at java.base/java.util.stream.ReferencePipeline$Head.forEach(ReferencePipeline.java:807)
	at java.base/java.util.stream.ReferencePipeline$7$1FlatMap.accept(ReferencePipeline.java:294)
	at java.base/java.util.stream.ReferencePipeline$3$1.accept(ReferencePipeline.java:215)
	at java.base/java.util.stream.ReferencePipeline$3$1.accept(ReferencePipeline.java:215)
	at java.base/java.util.stream.ReferencePipeline$3$1.accept(ReferencePipeline.java:215)
	at java.base/java.util.Spliterators$ArraySpliterator.forEachRemaining(Spliterators.java:1024)
	at java.base/java.util.stream.AbstractPipeline.copyInto(AbstractPipeline.java:570)
	at java.base/java.util.stream.AbstractPipeline.wrapAndCopyInto(AbstractPipeline.java:560)
	at java.base/java.util.stream.ForEachOps$ForEachOp.evaluateSequential(ForEachOps.java:151)
	at java.base/java.util.stream.ForEachOps$ForEachOp$OfRef.evaluateSequential(ForEachOps.java:174)
	at java.base/java.util.stream.AbstractPipeline.evaluate(AbstractPipeline.java:265)
	at java.base/java.util.stream.ReferencePipeline.forEach(ReferencePipeline.java:636)
	at java.base/java.util.stream.ReferencePipeline$7$1FlatMap.accept(ReferencePipeline.java:294)
	at java.base/java.util.ArrayList$ArrayListSpliterator.forEachRemaining(ArrayList.java:1709)
	at java.base/java.util.stream.AbstractPipeline.copyInto(AbstractPipeline.java:570)
	at java.base/java.util.stream.AbstractPipeline.wrapAndCopyInto(AbstractPipeline.java:560)
	at java.base/java.util.stream.ForEachOps$ForEachOp.evaluateSequential(ForEachOps.java:151)
	at java.base/java.util.stream.ForEachOps$ForEachOp$OfRef.evaluateSequential(ForEachOps.java:174)
	at java.base/java.util.stream.AbstractPipeline.evaluate(AbstractPipeline.java:265)
	at java.base/java.util.stream.ReferencePipeline.forEach(ReferencePipeline.java:636)
	at java.base/java.util.stream.ReferencePipeline$7$1FlatMap.accept(ReferencePipeline.java:294)
	at java.base/java.util.stream.ReferencePipeline$3$1.accept(ReferencePipeline.java:215)
	at java.base/java.util.stream.ReferencePipeline$3$1.accept(ReferencePipeline.java:215)
	at java.base/java.util.stream.ReferencePipeline$3$1.accept(ReferencePipeline.java:215)
	at java.base/java.util.ArrayList$ArrayListSpliterator.forEachRemaining(ArrayList.java:1709)
	at java.base/java.util.stream.AbstractPipeline.copyInto(AbstractPipeline.java:570)
	at java.base/java.util.stream.AbstractPipeline.wrapAndCopyInto(AbstractPipeline.java:560)
	at java.base/java.util.stream.ForEachOps$ForEachOp.evaluateSequential(ForEachOps.java:151)
	at java.base/java.util.stream.ForEachOps$ForEachOp$OfRef.evaluateSequential(ForEachOps.java:174)
	at java.base/java.util.stream.AbstractPipeline.evaluate(AbstractPipeline.java:265)
	at java.base/java.util.stream.ReferencePipeline.forEach(ReferencePipeline.java:636)
	at java.base/java.util.ArrayList.forEach(ArrayList.java:1597)
	at java.base/java.util.ArrayList.forEach(ArrayList.java:1597)

[ERROR] org.jsoup.nodes.ElementTest.textSeparatesReadableBoundaryTags(String, String, String)[11] -- Time elapsed: 0.001 s <<< ERROR!
java.lang.NoSuchMethodError: 'java.util.stream.Collector org.jsoup.internal.StringUtil.joining(java.lang.String)'
	at org.jsoup.nodes.Element.wholeTextOf(Element.java:1639)
	at org.jsoup.nodes.Element.wholeText(Element.java:1623)
	at org.jsoup.nodes.ElementTest.assertTextAndWholeText(ElementTest.java:719)
	at org.jsoup.nodes.ElementTest.textSeparatesReadableBoundaryTags(ElementTest.java:662)
	at java.base/java.lang.reflect.Method.invoke(Method.java:580)
	at java.base/java.util.Optional.ifPresent(Optional.java:178)
	at java.base/java.util.stream.ForEachOps$ForEachOp$OfRef.accept(ForEachOps.java:184)
	at java.base/java.util.stream.ReferencePipeline$3$1.accept(ReferencePipeline.java:215)
	at java.base/java.util.stream.ForEachOps$ForEachOp$OfRef.accept(ForEachOps.java:184)
	at java.base/java.util.stream.ForEachOps$ForEachOp$OfRef.accept(ForEachOps.java:184)
	at java.base/java.util.stream.ReferencePipeline$3$1.accept(ReferencePipeline.java:215)
	at java.base/java.util.Spliterators$ArraySpliterator.forEachRemaining(Spliterators.java:1024)
	at java.base/java.util.stream.ReferencePipeline$Head.forEach(ReferencePipeline.java:807)
	at java.base/java.util.stream.ReferencePipeline$7$1FlatMap.accept(ReferencePipeline.java:294)
	at java.base/java.util.stream.ReferencePipeline$3$1.accept(ReferencePipeline.java:215)
	at java.base/java.util.stream.ReferencePipeline$3$1.accept(ReferencePipeline.java:215)
	at java.base/java.util.stream.ReferencePipeline$3$1.accept(ReferencePipeline.java:215)
	at java.base/java.util.Spliterators$ArraySpliterator.forEachRemaining(Spliterators.java:1024)
	at java.base/java.util.stream.AbstractPipeline.copyInto(AbstractPipeline.java:570)
	at java.base/java.util.stream.AbstractPipeline.wrapAndCopyInto(AbstractPipeline.java:560)
	at java.base/java.util.stream.ForEachOps$ForEachOp.evaluateSequential(ForEachOps.java:151)
	at java.base/java.util.stream.ForEachOps$ForEachOp$OfRef.evaluateSequential(ForEachOps.java:174)
	at java.base/java.util.stream.AbstractPipeline.evaluate(AbstractPipeline.java:265)
	at java.base/java.util.stream.ReferencePipeline.forEach(ReferencePipeline.java:636)
	at java.base/java.util.stream.ReferencePipeline$7$1FlatMap.accept(ReferencePipeline.java:294)
	at java.base/java.util.ArrayList$ArrayListSpliterator.forEachRemaining(ArrayList.java:1709)
	at java.base/java.util.stream.AbstractPipeline.copyInto(AbstractPipeline.java:570)
	at java.base/java.util.stream.AbstractPipeline.wrapAndCopyInto(AbstractPipeline.java:560)
	at java.base/java.util.stream.ForEachOps$ForEachOp.evaluateSequential(ForEachOps.java:151)
	at java.base/java.util.stream.ForEachOps$ForEachOp$OfRef.evaluateSequential(ForEachOps.java:174)
	at java.base/java.util.stream.AbstractPipeline.evaluate(AbstractPipeline.java:265)
	at java.base/java.util.stream.ReferencePipeline.forEach(ReferencePipeline.java:636)
	at java.base/java.util.stream.ReferencePipeline$7$1FlatMap.accept(ReferencePipeline.java:294)
	at java.base/java.util.stream.ReferencePipeline$3$1.accept(ReferencePipeline.java:215)
	at java.base/java.util.stream.ReferencePipeline$3$1.accept(ReferencePipeline.java:215)
	at java.base/java.util.stream.ReferencePipeline$3$1.accept(ReferencePipeline.java:215)
	at java.base/java.util.ArrayList$ArrayListSpliterator.forEachRemaining(ArrayList.java:1709)
	at java.base/java.util.stream.AbstractPipeline.copyInto(AbstractPipeline.java:570)
	at java.base/java.util.stream.AbstractPipeline.wrapAndCopyInto(AbstractPipeline.java:560)
	at java.base/java.util.stream.ForEachOps$ForEachOp.evaluateSequential(ForEachOps.java:151)
	at java.base/java.util.stream.ForEachOps$ForEachOp$OfRef.evaluateSequential(ForEachOps.java:174)
	at java.base/java.util.stream.AbstractPipeline.evaluate(AbstractPipeline.java:265)
	at java.base/java.util.stream.ReferencePipeline.forEach(ReferencePipeline.java:636)
	at java.base/java.util.ArrayList.forEach(ArrayList.java:1597)
	at java.base/java.util.ArrayList.forEach(ArrayList.java:1597)

[ERROR] org.jsoup.nodes.ElementTest.textSeparatesReadableBoundaryTags(String, String, String)[12] -- Time elapsed: 0.001 s <<< ERROR!
java.lang.NoSuchMethodError: 'java.util.stream.Collector org.jsoup.internal.StringUtil.joining(java.lang.String)'
	at org.jsoup.nodes.Element.wholeTextOf(Element.java:1639)
	at org.jsoup.nodes.Element.wholeText(Element.java:1623)
	at org.jsoup.nodes.ElementTest.assertTextAndWholeText(ElementTest.java:719)
	at org.jsoup.nodes.ElementTest.textSeparatesReadableBoundaryTags(ElementTest.java:662)
	at java.base/java.lang.reflect.Method.invoke(Method.java:580)
	at java.base/java.util.Optional.ifPresent(Optional.java:178)
	at java.base/java.util.stream.ForEachOps$ForEachOp$OfRef.accept(ForEachOps.java:184)
	at java.base/java.util.stream.ReferencePipeline$3$1.accept(ReferencePipeline.java:215)
	at java.base/java.util.stream.ForEachOps$ForEachOp$OfRef.accept(ForEachOps.java:184)
	at java.base/java.util.stream.ForEachOps$ForEachOp$OfRef.accept(ForEachOps.java:184)
	at java.base/java.util.stream.ReferencePipeline$3$1.accept(ReferencePipeline.java:215)
	at java.base/java.util.Spliterators$ArraySpliterator.forEachRemaining(Spliterators.java:1024)
	at java.base/java.util.stream.ReferencePipeline$Head.forEach(ReferencePipeline.java:807)
	at java.base/java.util.stream.ReferencePipeline$7$1FlatMap.accept(ReferencePipeline.java:294)
	at java.base/java.util.stream.ReferencePipeline$3$1.accept(ReferencePipeline.java:215)
	at java.base/java.util.stream.ReferencePipeline$3$1.accept(ReferencePipeline.java:215)
	at java.base/java.util.stream.ReferencePipeline$3$1.accept(ReferencePipeline.java:215)
	at java.base/java.util.Spliterators$ArraySpliterator.forEachRemaining(Spliterators.java:1024)
	at java.base/java.util.stream.AbstractPipeline.copyInto(AbstractPipeline.java:570)
	at java.base/java.util.stream.AbstractPipeline.wrapAndCopyInto(AbstractPipeline.java:560)
	at java.base/java.util.stream.ForEachOps$ForEachOp.evaluateSequential(ForEachOps.java:151)
	at java.base/java.util.stream.ForEachOps$ForEachOp$OfRef.evaluateSequential(ForEachOps.java:174)
	at java.base/java.util.stream.AbstractPipeline.evaluate(AbstractPipeline.java:265)
	at java.base/java.util.stream.ReferencePipeline.forEach(ReferencePipeline.java:636)
	at java.base/java.util.stream.ReferencePipeline$7$1FlatMap.accept(ReferencePipeline.java:294)
	at java.base/java.util.ArrayList$ArrayListSpliterator.forEachRemaining(ArrayList.java:1709)
	at java.base/java.util.stream.AbstractPipeline.copyInto(AbstractPipeline.java:570)
	at java.base/java.util.stream.AbstractPipeline.wrapAndCopyInto(AbstractPipeline.java:560)
	at java.base/java.util.stream.ForEachOps$ForEachOp.evaluateSequential(ForEachOps.java:151)
	at java.base/java.util.stream.ForEachOps$ForEachOp$OfRef.evaluateSequential(ForEachOps.java:174)
	at java.base/java.util.stream.AbstractPipeline.evaluate(AbstractPipeline.java:265)
	at java.base/java.util.stream.ReferencePipeline.forEach(ReferencePipeline.java:636)
	at java.base/java.util.stream.ReferencePipeline$7$1FlatMap.accept(ReferencePipeline.java:294)
	at java.base/java.util.stream.ReferencePipeline$3$1.accept(ReferencePipeline.java:215)
	at java.base/java.util.stream.ReferencePipeline$3$1.accept(ReferencePipeline.java:215)
	at java.base/java.util.stream.ReferencePipeline$3$1.accept(ReferencePipeline.java:215)
	at java.base/java.util.ArrayList$ArrayListSpliterator.forEachRemaining(ArrayList.java:1709)
	at java.base/java.util.stream.AbstractPipeline.copyInto(AbstractPipeline.java:570)
	at java.base/java.util.stream.AbstractPipeline.wrapAndCopyInto(AbstractPipeline.java:560)
	at java.base/java.util.stream.ForEachOps$ForEachOp.evaluateSequential(ForEachOps.java:151)
	at java.base/java.util.stream.ForEachOps$ForEachOp$OfRef.evaluateSequential(ForEachOps.java:174)
	at java.base/java.util.stream.AbstractPipeline.evaluate(AbstractPipeline.java:265)
	at java.base/java.util.stream.ReferencePipeline.forEach(ReferencePipeline.java:636)
	at java.base/java.util.ArrayList.forEach(ArrayList.java:1597)
	at java.base/java.util.ArrayList.forEach(ArrayList.java:1597)

[ERROR] org.jsoup.nodes.ElementTest.elementBrText -- Time elapsed: 0.001 s <<< ERROR!
java.lang.NoSuchMethodError: 'java.util.stream.Collector org.jsoup.internal.StringUtil.joining(java.lang.String)'
	at org.jsoup.nodes.Element.wholeTextOf(Element.java:1639)
	at org.jsoup.nodes.Element.wholeText(Element.java:1623)
	at org.jsoup.nodes.ElementTest.elementBrText(ElementTest.java:2626)
	at java.base/java.lang.reflect.Method.invoke(Method.java:580)
	at java.base/java.util.ArrayList.forEach(ArrayList.java:1597)
	at java.base/java.util.ArrayList.forEach(ArrayList.java:1597)

[ERROR] org.jsoup.nodes.ElementTest.testCssPathDuplicateIds -- Time elapsed: 0.001 s <<< ERROR!
java.lang.NoSuchMethodError: 'java.util.stream.Collector org.jsoup.internal.StringUtil.joining(java.lang.String)'
	at org.jsoup.nodes.Element.cssSelectorComponent(Element.java:1138)
	at org.jsoup.nodes.Element.cssSelector(Element.java:1127)
	at org.jsoup.nodes.ElementTest.testCssPathDuplicateIds(ElementTest.java:1414)
	at java.base/java.lang.reflect.Method.invoke(Method.java:580)
	at java.base/java.util.ArrayList.forEach(ArrayList.java:1597)
	at java.base/java.util.ArrayList.forEach(ArrayList.java:1597)

[ERROR] org.jsoup.nodes.ElementTest.testHtmlContainsOuter -- Time elapsed: 0.001 s <<< ERROR!
java.lang.NoSuchMethodError: 'java.util.stream.Collector org.jsoup.internal.StringUtil.joining(java.lang.String)'
	at org.jsoup.select.Nodes.outerHtml(Nodes.java:109)
	at org.jsoup.nodes.ElementTest.testHtmlContainsOuter(ElementTest.java:1221)
	at java.base/java.lang.reflect.Method.invoke(Method.java:580)
	at java.base/java.util.ArrayList.forEach(ArrayList.java:1597)
	at java.base/java.util.ArrayList.forEach(ArrayList.java:1597)

[ERROR] org.jsoup.nodes.ElementTest.testNamespacedElements -- Time elapsed: 0.001 s <<< ERROR!
java.lang.NoSuchMethodError: 'java.util.stream.Collector org.jsoup.internal.StringUtil.joining(java.lang.String)'
	at org.jsoup.nodes.Element.cssSelectorComponent(Element.java:1138)
	at org.jsoup.nodes.Element.cssSelector(Element.java:1127)
	at org.jsoup.nodes.ElementTest.testNamespacedElements(ElementTest.java:1690)
	at java.base/java.lang.reflect.Method.invoke(Method.java:580)
	at java.base/java.util.ArrayList.forEach(ArrayList.java:1597)
	at java.base/java.util.ArrayList.forEach(ArrayList.java:1597)

[ERROR] org.jsoup.nodes.ElementTest.testClassNames -- Time elapsed: 0.001 s <<< ERROR!
java.lang.NoSuchMethodError: 'java.lang.String org.jsoup.internal.StringUtil.join(java.util.Collection, java.lang.String)'
	at org.jsoup.nodes.Element.classNames(Element.java:1878)
	at org.jsoup.nodes.ElementTest.testClassNames(ElementTest.java:1490)
	at java.base/java.lang.reflect.Method.invoke(Method.java:580)
	at java.base/java.util.ArrayList.forEach(ArrayList.java:1597)
	at java.base/java.util.ArrayList.forEach(ArrayList.java:1597)

[ERROR] org.jsoup.nodes.ElementTest.wholeTextRuns -- Time elapsed: 0.002 s <<< ERROR!
java.lang.NoSuchMethodError: 'java.util.stream.Collector org.jsoup.internal.StringUtil.joining(java.lang.String)'
	at org.jsoup.nodes.Element.wholeTextOf(Element.java:1639)
	at org.jsoup.nodes.Element.wholeText(Element.java:1623)
	at org.jsoup.nodes.ElementTest.wholeTextRuns(ElementTest.java:228)
	at java.base/java.lang.reflect.Method.invoke(Method.java:580)
	at java.base/java.util.ArrayList.forEach(ArrayList.java:1597)
	at java.base/java.util.ArrayList.forEach(ArrayList.java:1597)

[ERROR] org.jsoup.nodes.ElementTest.cssSelectorUnbalanced -- Time elapsed: 0 s <<< ERROR!
java.lang.NoSuchMethodError: 'java.util.stream.Collector org.jsoup.internal.StringUtil.joining(java.lang.String)'
	at org.jsoup.nodes.Element.cssSelectorComponent(Element.java:1138)
	at org.jsoup.nodes.Element.cssSelector(Element.java:1127)
	at org.jsoup.nodes.ElementTest.cssSelectorUnbalanced(ElementTest.java:2933)
	at java.base/java.lang.reflect.Method.invoke(Method.java:580)
	at java.base/java.util.ArrayList.forEach(ArrayList.java:1597)
	at java.base/java.util.ArrayList.forEach(ArrayList.java:1597)

[ERROR] org.jsoup.nodes.ElementTest.testWholeText -- Time elapsed: 0 s <<< ERROR!
java.lang.NoSuchMethodError: 'java.util.stream.Collector org.jsoup.internal.StringUtil.joining(java.lang.String)'
	at org.jsoup.nodes.Element.wholeTextOf(Element.java:1639)
	at org.jsoup.nodes.Element.wholeText(Element.java:1623)
	at org.jsoup.nodes.ElementTest.testWholeText(ElementTest.java:212)
	at java.base/java.lang.reflect.Method.invoke(Method.java:580)
	at java.base/java.util.ArrayList.forEach(ArrayList.java:1597)
	at java.base/java.util.ArrayList.forEach(ArrayList.java:1597)

[ERROR] org.jsoup.nodes.ElementTest.cssEscapedAmp -- Time elapsed: 0.001 s <<< ERROR!
java.lang.NoSuchMethodError: 'java.util.stream.Collector org.jsoup.internal.StringUtil.joining(java.lang.String)'
	at org.jsoup.nodes.Element.cssSelectorComponent(Element.java:1138)
	at org.jsoup.nodes.Element.cssSelector(Element.java:1127)
	at org.jsoup.nodes.ElementTest.cssEscapedAmp(ElementTest.java:1449)
	at java.base/java.lang.reflect.Method.invoke(Method.java:580)
	at java.base/java.util.ArrayList.forEach(ArrayList.java:1597)
	at java.base/java.util.ArrayList.forEach(ArrayList.java:1597)

[ERROR] org.jsoup.nodes.ElementTest.textHasSpacesAfterBlock -- Time elapsed: 0.001 s <<< ERROR!
java.lang.NoSuchMethodError: 'java.util.stream.Collector org.jsoup.internal.StringUtil.joining(java.lang.String)'
	at org.jsoup.nodes.Element.wholeTextOf(Element.java:1639)
	at org.jsoup.nodes.Element.wholeText(Element.java:1623)
	at org.jsoup.nodes.ElementTest.textHasSpacesAfterBlock(ElementTest.java:201)
	at java.base/java.lang.reflect.Method.invoke(Method.java:580)
	at java.base/java.util.ArrayList.forEach(ArrayList.java:1597)
	at java.base/java.util.ArrayList.forEach(ArrayList.java:1597)

[ERROR] org.jsoup.nodes.ElementTest.preformatFlowsToChildTextNodes -- Time elapsed: 0.001 s <<< ERROR!
java.lang.NoSuchMethodError: 'java.util.stream.Collector org.jsoup.internal.StringUtil.joining(java.lang.String)'
	at org.jsoup.nodes.Element.wholeTextOf(Element.java:1639)
	at org.jsoup.nodes.Element.wholeText(Element.java:1623)
	at org.jsoup.nodes.ElementTest.preformatFlowsToChildTextNodes(ElementTest.java:2678)
	at java.base/java.lang.reflect.Method.invoke(Method.java:580)
	at java.base/java.util.ArrayList.forEach(ArrayList.java:1597)
	at java.base/java.util.ArrayList.forEach(ArrayList.java:1597)

[ERROR] org.jsoup.nodes.ElementTest.testCssPath -- Time elapsed: 0 s <<< ERROR!
java.lang.NoSuchMethodError: 'java.util.stream.Collector org.jsoup.internal.StringUtil.joining(java.lang.String)'
	at org.jsoup.nodes.Element.cssSelectorComponent(Element.java:1138)
	at org.jsoup.nodes.Element.cssSelector(Element.java:1127)
	at org.jsoup.nodes.ElementTest.testCssPath(ElementTest.java:1398)
	at java.base/java.lang.reflect.Method.invoke(Method.java:580)
	at java.base/java.util.ArrayList.forEach(ArrayList.java:1597)
	at java.base/java.util.ArrayList.forEach(ArrayList.java:1597)

[ERROR] org.jsoup.nodes.ElementTest.testChildrenElements -- Time elapsed: 0.001 s <<< ERROR!
java.lang.NoSuchMethodError: 'java.util.stream.Collector org.jsoup.internal.StringUtil.joining(java.lang.String)'
	at org.jsoup.select.Elements.text(Elements.java:232)
	at org.jsoup.nodes.ElementTest.testChildrenElements(ElementTest.java:1805)
	at java.base/java.lang.reflect.Method.invoke(Method.java:580)
	at java.base/java.util.ArrayList.forEach(ArrayList.java:1597)
	at java.base/java.util.ArrayList.forEach(ArrayList.java:1597)

[ERROR] org.jsoup.nodes.ElementTest.cssSelectorParentWithId -- Time elapsed: 0.001 s <<< ERROR!
java.lang.NoSuchMethodError: 'java.util.stream.Collector org.jsoup.internal.StringUtil.joining(java.lang.String)'
	at org.jsoup.nodes.Element.cssSelectorComponent(Element.java:1138)
	at org.jsoup.nodes.Element.cssSelector(Element.java:1127)
	at org.jsoup.nodes.ElementTest.cssSelectorParentWithId(ElementTest.java:2878)
	at java.base/java.lang.reflect.Method.invoke(Method.java:580)
	at java.base/java.util.ArrayList.forEach(ArrayList.java:1597)
	at java.base/java.util.ArrayList.forEach(ArrayList.java:1597)

[ERROR] org.jsoup.nodes.ElementTest.testClassUpdates -- Time elapsed: 0.001 s <<< ERROR!
java.lang.NoSuchMethodError: 'java.lang.String org.jsoup.internal.StringUtil.join(java.util.Collection, java.lang.String)'
	at org.jsoup.nodes.Element.classNames(Element.java:1878)
	at org.jsoup.nodes.Element.addClass(Element.java:1924)
	at org.jsoup.nodes.ElementTest.testClassUpdates(ElementTest.java:496)
	at java.base/java.lang.reflect.Method.invoke(Method.java:580)
	at java.base/java.util.ArrayList.forEach(ArrayList.java:1597)
	at java.base/java.util.ArrayList.forEach(ArrayList.java:1597)

[ERROR] org.jsoup.nodes.ElementTest.cssSelectorWithPipe -- Time elapsed: 0 s <<< ERROR!
java.lang.NoSuchMethodError: 'java.util.stream.Collector org.jsoup.internal.StringUtil.joining(java.lang.String)'
	at org.jsoup.nodes.Element.cssSelectorComponent(Element.java:1138)
	at org.jsoup.nodes.Element.cssSelector(Element.java:1127)
	at org.jsoup.nodes.ElementTest.cssSelectorWithPipe(ElementTest.java:2957)
	at java.base/java.lang.reflect.Method.invoke(Method.java:580)
	at java.base/java.util.ArrayList.forEach(ArrayList.java:1597)
	at java.base/java.util.ArrayList.forEach(ArrayList.java:1597)

[ERROR] org.jsoup.nodes.ElementTest.cssSelectorCombined -- Time elapsed: 0.001 s <<< ERROR!
java.lang.NoSuchMethodError: 'java.util.stream.Collector org.jsoup.internal.StringUtil.joining(java.lang.String)'
	at org.jsoup.nodes.Element.cssSelectorComponent(Element.java:1138)
	at org.jsoup.nodes.Element.cssSelector(Element.java:1127)
	at org.jsoup.nodes.ElementTest.cssSelectorCombined(ElementTest.java:2970)
	at java.base/java.lang.reflect.Method.invoke(Method.java:580)
	at java.base/java.util.ArrayList.forEach(ArrayList.java:1597)
	at java.base/java.util.ArrayList.forEach(ArrayList.java:1597)

[ERROR] org.jsoup.nodes.ElementTest.cssSelectorEscaped -- Time elapsed: 0.002 s <<< ERROR!
java.lang.NoSuchMethodError: 'java.util.stream.Collector org.jsoup.internal.StringUtil.joining(java.lang.String)'
	at org.jsoup.nodes.Element.cssSelectorComponent(Element.java:1138)
	at org.jsoup.nodes.Element.cssSelector(Element.java:1127)
	at org.jsoup.nodes.ElementTest.cssSelectorEscaped(ElementTest.java:1431)
	at java.base/java.lang.reflect.Method.invoke(Method.java:580)
	at java.base/java.util.ArrayList.forEach(ArrayList.java:1597)
	at java.base/java.util.ArrayList.forEach(ArrayList.java:1597)

[ERROR] org.jsoup.nodes.ElementTest.cssSelectorWithAsterisk -- Time elapsed: 0.001 s <<< ERROR!
java.lang.NoSuchMethodError: 'java.util.stream.Collector org.jsoup.internal.StringUtil.joining(java.lang.String)'
	at org.jsoup.nodes.Element.cssSelectorComponent(Element.java:1138)
	at org.jsoup.nodes.Element.cssSelector(Element.java:1127)
	at org.jsoup.nodes.ElementTest.cssSelectorWithAsterisk(ElementTest.java:2945)
	at java.base/java.lang.reflect.Method.invoke(Method.java:580)
	at java.base/java.util.ArrayList.forEach(ArrayList.java:1597)
	at java.base/java.util.ArrayList.forEach(ArrayList.java:1597)

[ERROR] org.jsoup.nodes.ElementTest.testRemovingEmptyClassAttributeWhenLastClassRemoved -- Time elapsed: 0.001 s <<< ERROR!
java.lang.NoSuchMethodError: 'java.lang.String org.jsoup.internal.StringUtil.join(java.util.Collection, java.lang.String)'
	at org.jsoup.nodes.Element.classNames(Element.java:1878)
	at org.jsoup.nodes.Element.removeClass(Element.java:1939)
	at org.jsoup.nodes.ElementTest.testRemovingEmptyClassAttributeWhenLastClassRemoved(ElementTest.java:2059)
	at java.base/java.lang.reflect.Method.invoke(Method.java:580)
	at java.base/java.util.ArrayList.forEach(ArrayList.java:1597)
	at java.base/java.util.ArrayList.forEach(ArrayList.java:1597)

[ERROR] org.jsoup.nodes.ElementTest.testScriptTextHtmlSetAsData -- Time elapsed: 0.001 s <<< ERROR!
java.lang.NoSuchMethodError: 'java.util.stream.Collector org.jsoup.internal.StringUtil.joining(java.lang.String)'
	at org.jsoup.nodes.Element.wholeTextOf(Element.java:1639)
	at org.jsoup.nodes.Element.wholeText(Element.java:1623)
	at org.jsoup.nodes.ElementTest.validateScriptContents(ElementTest.java:51)
	at org.jsoup.nodes.ElementTest.testScriptTextHtmlSetAsData(ElementTest.java:2360)
	at java.base/java.lang.reflect.Method.invoke(Method.java:580)
	at java.base/java.util.ArrayList.forEach(ArrayList.java:1597)
	at java.base/java.util.ArrayList.forEach(ArrayList.java:1597)

[ERROR] org.jsoup.nodes.ElementTest.buttonTextHasSpace -- Time elapsed: 0.002 s <<< ERROR!
java.lang.NoSuchMethodError: 'java.util.stream.Collector org.jsoup.internal.StringUtil.joining(java.lang.String)'
	at org.jsoup.nodes.Element.wholeTextOf(Element.java:1639)
	at org.jsoup.nodes.Element.wholeText(Element.java:1623)
	at org.jsoup.nodes.ElementTest.buttonTextHasSpace(ElementTest.java:237)
	at java.base/java.lang.reflect.Method.invoke(Method.java:580)
	at java.base/java.util.ArrayList.forEach(ArrayList.java:1597)
	at java.base/java.util.ArrayList.forEach(ArrayList.java:1597)

[ERROR] org.jsoup.nodes.ElementTest.cssSelectorEscapedClass -- Time elapsed: 0.001 s <<< ERROR!
java.lang.NoSuchMethodError: 'java.util.stream.Collector org.jsoup.internal.StringUtil.joining(java.lang.String)'
	at org.jsoup.nodes.Element.cssSelectorComponent(Element.java:1138)
	at org.jsoup.nodes.Element.cssSelector(Element.java:1127)
	at org.jsoup.nodes.ElementTest.cssSelectorEscapedClass(ElementTest.java:1461)
	at java.base/java.lang.reflect.Method.invoke(Method.java:580)
	at java.base/java.util.ArrayList.forEach(ArrayList.java:1597)
	at java.base/java.util.ArrayList.forEach(ArrayList.java:1597)

[ERROR] org.jsoup.nodes.ElementTest.cssSelectorWithNonUniqueId -- Time elapsed: 0.002 s <<< ERROR!
java.lang.NoSuchMethodError: 'java.util.stream.Collector org.jsoup.internal.StringUtil.joining(java.lang.String)'
	at org.jsoup.nodes.Element.cssSelectorComponent(Element.java:1138)
	at org.jsoup.nodes.Element.cssSelector(Element.java:1127)
	at org.jsoup.nodes.ElementTest.cssSelectorWithNonUniqueId(ElementTest.java:2886)
	at java.base/java.lang.reflect.Method.invoke(Method.java:580)
	at java.base/java.util.ArrayList.forEach(ArrayList.java:1597)
	at java.base/java.util.ArrayList.forEach(ArrayList.java:1597)

[ERROR] Tests run: 16, Failures: 0, Errors: 1, Skipped: 0, Time elapsed: 0.012 s <<< FAILURE! -- in org.jsoup.nodes.TextNodeTest
[ERROR] org.jsoup.nodes.TextNodeTest.testSpaceNormalise -- Time elapsed: 0.001 s <<< ERROR!
java.lang.NoSuchMethodError: 'java.util.stream.Collector org.jsoup.internal.StringUtil.joining(java.lang.String)'
	at org.jsoup.nodes.Element.wholeTextOf(Element.java:1639)
	at org.jsoup.nodes.Element.wholeText(Element.java:1623)
	at org.jsoup.nodes.TextNodeTest.testSpaceNormalise(TextNodeTest.java:122)
	at java.base/java.lang.reflect.Method.invoke(Method.java:580)
	at java.base/java.util.ArrayList.forEach(ArrayList.java:1597)
	at java.base/java.util.ArrayList.forEach(ArrayList.java:1597)

[ERROR] Tests run: 42, Failures: 0, Errors: 8, Skipped: 0, Time elapsed: 0.056 s <<< FAILURE! -- in org.jsoup.helper.HttpConnectionTest
[ERROR] org.jsoup.helper.HttpConnectionTest.multipleHeaders -- Time elapsed: 0.001 s <<< ERROR!
java.lang.NoSuchMethodError: 'java.lang.String org.jsoup.internal.StringUtil.join(java.util.Collection, java.lang.String)'
	at org.jsoup.helper.HttpConnection$Base.header(HttpConnection.java:474)
	at org.jsoup.helper.HttpConnection$Request.header(HttpConnection.java:609)
	at org.jsoup.helper.HttpConnectionTest.multipleHeaders(HttpConnectionTest.java:129)
	at java.base/java.lang.reflect.Method.invoke(Method.java:580)
	at java.base/java.util.ArrayList.forEach(ArrayList.java:1597)
	at java.base/java.util.ArrayList.forEach(ArrayList.java:1597)

[ERROR] org.jsoup.helper.HttpConnectionTest.referrer -- Time elapsed: 0.001 s <<< ERROR!
java.lang.NoSuchMethodError: 'java.lang.String org.jsoup.internal.StringUtil.join(java.util.Collection, java.lang.String)'
	at org.jsoup.helper.HttpConnection$Base.header(HttpConnection.java:474)
	at org.jsoup.helper.HttpConnection$Request.header(HttpConnection.java:609)
	at org.jsoup.helper.HttpConnectionTest.referrer(HttpConnectionTest.java:207)
	at java.base/java.lang.reflect.Method.invoke(Method.java:580)
	at java.base/java.util.ArrayList.forEach(ArrayList.java:1597)
	at java.base/java.util.ArrayList.forEach(ArrayList.java:1597)

[ERROR] org.jsoup.helper.HttpConnectionTest.sameHeadersCombineWithComma -- Time elapsed: 0 s <<< ERROR!
java.lang.NoSuchMethodError: 'java.lang.String org.jsoup.internal.StringUtil.join(java.util.Collection, java.lang.String)'
	at org.jsoup.helper.HttpConnection$Base.header(HttpConnection.java:474)
	at org.jsoup.helper.HttpConnection$Response.header(HttpConnection.java:834)
	at org.jsoup.helper.HttpConnectionTest.sameHeadersCombineWithComma(HttpConnectionTest.java:118)
	at java.base/java.lang.reflect.Method.invoke(Method.java:580)
	at java.base/java.util.ArrayList.forEach(ArrayList.java:1597)
	at java.base/java.util.ArrayList.forEach(ArrayList.java:1597)

[ERROR] org.jsoup.helper.HttpConnectionTest.setHeaderWithUnicodeValue -- Time elapsed: 0 s <<< ERROR!
java.lang.NoSuchMethodError: 'java.lang.String org.jsoup.internal.StringUtil.join(java.util.Collection, java.lang.String)'
	at org.jsoup.helper.HttpConnection$Base.header(HttpConnection.java:474)
	at org.jsoup.helper.HttpConnection$Request.header(HttpConnection.java:609)
	at org.jsoup.helper.HttpConnectionTest.setHeaderWithUnicodeValue(HttpConnectionTest.java:377)
	at java.base/java.lang.reflect.Method.invoke(Method.java:580)
	at java.base/java.util.ArrayList.forEach(ArrayList.java:1597)
	at java.base/java.util.ArrayList.forEach(ArrayList.java:1597)

[ERROR] org.jsoup.helper.HttpConnectionTest.userAgent -- Time elapsed: 0.001 s <<< ERROR!
java.lang.NoSuchMethodError: 'java.lang.String org.jsoup.internal.StringUtil.join(java.util.Collection, java.lang.String)'
	at org.jsoup.helper.HttpConnection$Base.header(HttpConnection.java:474)
	at org.jsoup.helper.HttpConnection$Request.header(HttpConnection.java:609)
	at org.jsoup.helper.HttpConnectionTest.userAgent(HttpConnectionTest.java:192)
	at java.base/java.lang.reflect.Method.invoke(Method.java:580)
	at java.base/java.util.ArrayList.forEach(ArrayList.java:1597)
	at java.base/java.util.ArrayList.forEach(ArrayList.java:1597)

[ERROR] org.jsoup.helper.HttpConnectionTest.headers -- Time elapsed: 0.001 s <<< ERROR!
java.lang.NoSuchMethodError: 'java.lang.String org.jsoup.internal.StringUtil.join(java.util.Collection, java.lang.String)'
	at org.jsoup.helper.HttpConnection$Base.header(HttpConnection.java:474)
	at org.jsoup.helper.HttpConnection$Request.header(HttpConnection.java:609)
	at org.jsoup.helper.HttpConnectionTest.headers(HttpConnectionTest.java:105)
	at java.base/java.lang.reflect.Method.invoke(Method.java:580)
	at java.base/java.util.ArrayList.forEach(ArrayList.java:1597)
	at java.base/java.util.ArrayList.forEach(ArrayList.java:1597)

[ERROR] org.jsoup.helper.HttpConnectionTest.caseInsensitiveHeaders(Locale)[1] -- Time elapsed: 0.001 s <<< ERROR!
java.lang.NoSuchMethodError: 'java.lang.String org.jsoup.internal.StringUtil.join(java.util.Collection, java.lang.String)'
	at org.jsoup.helper.HttpConnection$Base.header(HttpConnection.java:474)
	at org.jsoup.helper.HttpConnection$Response.header(HttpConnection.java:834)
	at org.jsoup.helper.HttpConnectionTest.caseInsensitiveHeaders(HttpConnectionTest.java:82)
	at java.base/java.lang.reflect.Method.invoke(Method.java:580)
	at java.base/java.util.Optional.ifPresent(Optional.java:178)
	at java.base/java.util.stream.ForEachOps$ForEachOp$OfRef.accept(ForEachOps.java:184)
	at java.base/java.util.stream.ReferencePipeline$3$1.accept(ReferencePipeline.java:215)
	at java.base/java.util.Spliterators$ArraySpliterator.forEachRemaining(Spliterators.java:1024)
	at java.base/java.util.stream.ReferencePipeline$Head.forEach(ReferencePipeline.java:807)
	at java.base/java.util.stream.ReferencePipeline$7$1FlatMap.accept(ReferencePipeline.java:294)
	at java.base/java.util.stream.ReferencePipeline$3$1.accept(ReferencePipeline.java:215)
	at java.base/java.util.stream.ReferencePipeline$3$1.accept(ReferencePipeline.java:215)
	at java.base/java.util.stream.ReferencePipeline$3$1.accept(ReferencePipeline.java:215)
	at java.base/java.util.ArrayList$ArrayListSpliterator.forEachRemaining(ArrayList.java:1709)
	at java.base/java.util.stream.AbstractPipeline.copyInto(AbstractPipeline.java:570)
	at java.base/java.util.stream.AbstractPipeline.wrapAndCopyInto(AbstractPipeline.java:560)
	at java.base/java.util.stream.ForEachOps$ForEachOp.evaluateSequential(ForEachOps.java:151)
	at java.base/java.util.stream.ForEachOps$ForEachOp$OfRef.evaluateSequential(ForEachOps.java:174)
	at java.base/java.util.stream.AbstractPipeline.evaluate(AbstractPipeline.java:265)
	at java.base/java.util.stream.ReferencePipeline.forEach(ReferencePipeline.java:636)
	at java.base/java.util.ArrayList.forEach(ArrayList.java:1597)
	at java.base/java.util.ArrayList.forEach(ArrayList.java:1597)

[ERROR] org.jsoup.helper.HttpConnectionTest.caseInsensitiveHeaders(Locale)[2] -- Time elapsed: 0 s <<< ERROR!
java.lang.NoSuchMethodError: 'java.lang.String org.jsoup.internal.StringUtil.join(java.util.Collection, java.lang.String)'
	at org.jsoup.helper.HttpConnection$Base.header(HttpConnection.java:474)
	at org.jsoup.helper.HttpConnection$Response.header(HttpConnection.java:834)
	at org.jsoup.helper.HttpConnectionTest.caseInsensitiveHeaders(HttpConnectionTest.java:82)
	at java.base/java.lang.reflect.Method.invoke(Method.java:580)
	at java.base/java.util.Optional.ifPresent(Optional.java:178)
	at java.base/java.util.stream.ForEachOps$ForEachOp$OfRef.accept(ForEachOps.java:184)
	at java.base/java.util.stream.ReferencePipeline$3$1.accept(ReferencePipeline.java:215)
	at java.base/java.util.Spliterators$ArraySpliterator.forEachRemaining(Spliterators.java:1024)
	at java.base/java.util.stream.ReferencePipeline$Head.forEach(ReferencePipeline.java:807)
	at java.base/java.util.stream.ReferencePipeline$7$1FlatMap.accept(ReferencePipeline.java:294)
	at java.base/java.util.stream.ReferencePipeline$3$1.accept(ReferencePipeline.java:215)
	at java.base/java.util.stream.ReferencePipeline$3$1.accept(ReferencePipeline.java:215)
	at java.base/java.util.stream.ReferencePipeline$3$1.accept(ReferencePipeline.java:215)
	at java.base/java.util.ArrayList$ArrayListSpliterator.forEachRemaining(ArrayList.java:1709)
	at java.base/java.util.stream.AbstractPipeline.copyInto(AbstractPipeline.java:570)
	at java.base/java.util.stream.AbstractPipeline.wrapAndCopyInto(AbstractPipeline.java:560)
	at java.base/java.util.stream.ForEachOps$ForEachOp.evaluateSequential(ForEachOps.java:151)
	at java.base/java.util.stream.ForEachOps$ForEachOp$OfRef.evaluateSequential(ForEachOps.java:174)
	at java.base/java.util.stream.AbstractPipeline.evaluate(AbstractPipeline.java:265)
	at java.base/java.util.stream.ReferencePipeline.forEach(ReferencePipeline.java:636)
	at java.base/java.util.ArrayList.forEach(ArrayList.java:1597)
	at java.base/java.util.ArrayList.forEach(ArrayList.java:1597)

[ERROR] Tests run: 34, Failures: 0, Errors: 3, Skipped: 0, Time elapsed: 0.083 s <<< FAILURE! -- in org.jsoup.helper.DataUtilTest
[ERROR] org.jsoup.helper.DataUtilTest.supportsUTF8BOM -- Time elapsed: 0.002 s <<< ERROR!
java.lang.NoSuchMethodError: 'java.util.stream.Collector org.jsoup.internal.StringUtil.joining(java.lang.String)'
	at org.jsoup.select.Elements.text(Elements.java:232)
	at org.jsoup.helper.DataUtilTest.supportsUTF8BOM(DataUtilTest.java:214)
	at java.base/java.lang.reflect.Method.invoke(Method.java:580)
	at java.base/java.util.ArrayList.forEach(ArrayList.java:1597)
	at java.base/java.util.ArrayList.forEach(ArrayList.java:1597)

[ERROR] org.jsoup.helper.DataUtilTest.streamerSupportsZippedUTF8BOM -- Time elapsed: 0.001 s <<< ERROR!
java.lang.NoSuchMethodError: 'java.util.stream.Collector org.jsoup.internal.StringUtil.joining(java.lang.String)'
	at org.jsoup.select.Elements.text(Elements.java:232)
	at org.jsoup.helper.DataUtilTest.streamerSupportsZippedUTF8BOM(DataUtilTest.java:237)
	at java.base/java.lang.reflect.Method.invoke(Method.java:580)
	at java.base/java.util.ArrayList.forEach(ArrayList.java:1597)
	at java.base/java.util.ArrayList.forEach(ArrayList.java:1597)

[ERROR] org.jsoup.helper.DataUtilTest.supportsZippedUTF8BOM -- Time elapsed: 0.002 s <<< ERROR!
java.lang.NoSuchMethodError: 'java.util.stream.Collector org.jsoup.internal.StringUtil.joining(java.lang.String)'
	at org.jsoup.select.Elements.text(Elements.java:232)
	at org.jsoup.helper.DataUtilTest.supportsZippedUTF8BOM(DataUtilTest.java:229)
	at java.base/java.lang.reflect.Method.invoke(Method.java:580)
	at java.base/java.util.ArrayList.forEach(ArrayList.java:1597)
	at java.base/java.util.ArrayList.forEach(ArrayList.java:1597)

[ERROR] Tests run: 17, Failures: 0, Errors: 10, Skipped: 0, Time elapsed: 0.016 s <<< FAILURE! -- in org.jsoup.select.QueryParserTest
[ERROR] org.jsoup.select.QueryParserTest.okOnSpacesForeAndAft -- Time elapsed: 0.001 s <<< ERROR!
java.lang.NoSuchMethodError: 'java.lang.String org.jsoup.internal.StringUtil.join(java.util.Collection, java.lang.String)'
	at org.jsoup.select.CombiningEvaluator$And.toString(CombiningEvaluator.java:111)
	at org.jsoup.select.QueryParserTest.okOnSpacesForeAndAft(QueryParserTest.java:166)
	at java.base/java.lang.reflect.Method.invoke(Method.java:580)
	at java.base/java.util.ArrayList.forEach(ArrayList.java:1597)
	at java.base/java.util.ArrayList.forEach(ArrayList.java:1597)

[ERROR] org.jsoup.select.QueryParserTest.testConsumeSubQuery -- Time elapsed: 0.001 s <<< ERROR!
java.lang.NoSuchMethodError: 'java.util.stream.Collector org.jsoup.internal.StringUtil.joining(java.lang.String)'
	at org.jsoup.select.Elements.text(Elements.java:232)
	at org.jsoup.select.QueryParserTest.testConsumeSubQuery(QueryParserTest.java:25)
	at java.base/java.lang.reflect.Method.invoke(Method.java:580)
	at java.base/java.util.ArrayList.forEach(ArrayList.java:1597)
	at java.base/java.util.ArrayList.forEach(ArrayList.java:1597)

[ERROR] org.jsoup.select.QueryParserTest.idDescenderClassOrder -- Time elapsed: 0.001 s <<< ERROR!
java.lang.NoSuchMethodError: 'java.lang.String org.jsoup.internal.StringUtil.join(java.util.Collection, java.lang.String)'
	at org.jsoup.select.CombiningEvaluator$And.toString(CombiningEvaluator.java:111)
	at org.jsoup.select.EvaluatorDebug.asElement(EvaluatorDebug.java:31)
	at org.jsoup.select.EvaluatorDebug.asDocument(EvaluatorDebug.java:17)
	at org.jsoup.select.EvaluatorDebug.sexpr(EvaluatorDebug.java:55)
	at org.jsoup.select.EvaluatorDebug.sexpr(EvaluatorDebug.java:51)
	at org.jsoup.select.QueryParserTest.idDescenderClassOrder(QueryParserTest.java:114)
	at java.base/java.lang.reflect.Method.invoke(Method.java:580)
	at java.base/java.util.ArrayList.forEach(ArrayList.java:1597)
	at java.base/java.util.ArrayList.forEach(ArrayList.java:1597)

[ERROR] org.jsoup.select.QueryParserTest.testImmediateParentRun -- Time elapsed: 0.001 s <<< ERROR!
java.lang.NoSuchMethodError: 'java.lang.String org.jsoup.internal.StringUtil.join(java.util.Collection, java.lang.String)'
	at org.jsoup.select.StructuralEvaluator$ImmediateParentRun.toString(StructuralEvaluator.java:262)
	at org.jsoup.select.EvaluatorDebug.asElement(EvaluatorDebug.java:31)
	at org.jsoup.select.EvaluatorDebug.asDocument(EvaluatorDebug.java:17)
	at org.jsoup.select.EvaluatorDebug.sexpr(EvaluatorDebug.java:55)
	at org.jsoup.select.EvaluatorDebug.sexpr(EvaluatorDebug.java:51)
	at org.jsoup.select.QueryParserTest.testImmediateParentRun(QueryParserTest.java:34)
	at java.base/java.lang.reflect.Method.invoke(Method.java:580)
	at java.base/java.util.ArrayList.forEach(ArrayList.java:1597)
	at java.base/java.util.ArrayList.forEach(ArrayList.java:1597)

[ERROR] org.jsoup.select.QueryParserTest.testOrGetsCorrectPrecedence -- Time elapsed: 0 s <<< ERROR!
java.lang.NoSuchMethodError: 'java.lang.String org.jsoup.internal.StringUtil.join(java.util.Collection, java.lang.String)'
	at org.jsoup.select.CombiningEvaluator$Or.toString(CombiningEvaluator.java:157)
	at org.jsoup.select.EvaluatorDebug.asElement(EvaluatorDebug.java:31)
	at org.jsoup.select.EvaluatorDebug.asDocument(EvaluatorDebug.java:17)
	at org.jsoup.select.EvaluatorDebug.sexpr(EvaluatorDebug.java:55)
	at org.jsoup.select.EvaluatorDebug.sexpr(EvaluatorDebug.java:51)
	at org.jsoup.select.QueryParserTest.testOrGetsCorrectPrecedence(QueryParserTest.java:52)
	at java.base/java.lang.reflect.Method.invoke(Method.java:580)
	at java.base/java.util.ArrayList.forEach(ArrayList.java:1597)
	at java.base/java.util.ArrayList.forEach(ArrayList.java:1597)

[ERROR] org.jsoup.select.QueryParserTest.testParsesMultiCorrectly -- Time elapsed: 0 s <<< ERROR!
java.lang.NoSuchMethodError: 'java.lang.String org.jsoup.internal.StringUtil.join(java.util.Collection, java.lang.String)'
	at org.jsoup.select.CombiningEvaluator$Or.toString(CombiningEvaluator.java:157)
	at org.jsoup.select.EvaluatorDebug.asElement(EvaluatorDebug.java:31)
	at org.jsoup.select.EvaluatorDebug.asDocument(EvaluatorDebug.java:17)
	at org.jsoup.select.EvaluatorDebug.sexpr(EvaluatorDebug.java:55)
	at org.jsoup.select.EvaluatorDebug.sexpr(EvaluatorDebug.java:51)
	at org.jsoup.select.QueryParserTest.testParsesMultiCorrectly(QueryParserTest.java:81)
	at java.base/java.lang.reflect.Method.invoke(Method.java:580)
	at java.base/java.util.ArrayList.forEach(ArrayList.java:1597)
	at java.base/java.util.ArrayList.forEach(ArrayList.java:1597)

[ERROR] org.jsoup.select.QueryParserTest.structuralEvaluatorsToString -- Time elapsed: 0.001 s <<< ERROR!
java.lang.NoSuchMethodError: 'java.lang.String org.jsoup.internal.StringUtil.join(java.util.Collection, java.lang.String)'
	at org.jsoup.select.CombiningEvaluator$And.toString(CombiningEvaluator.java:111)
	at org.jsoup.select.QueryParserTest.structuralEvaluatorsToString(QueryParserTest.java:172)
	at java.base/java.lang.reflect.Method.invoke(Method.java:580)
	at java.base/java.util.ArrayList.forEach(ArrayList.java:1597)
	at java.base/java.util.ArrayList.forEach(ArrayList.java:1597)

[ERROR] org.jsoup.select.QueryParserTest.hasNodeSelector -- Time elapsed: 0.001 s <<< ERROR!
java.lang.NoSuchMethodError: 'java.lang.String org.jsoup.internal.StringUtil.join(java.util.Collection, java.lang.String)'
	at org.jsoup.select.CombiningEvaluator$And.toString(CombiningEvaluator.java:111)
	at org.jsoup.select.EvaluatorDebug.asElement(EvaluatorDebug.java:31)
	at org.jsoup.select.EvaluatorDebug.asDocument(EvaluatorDebug.java:17)
	at org.jsoup.select.EvaluatorDebug.sexpr(EvaluatorDebug.java:55)
	at org.jsoup.select.QueryParserTest.hasNodeSelector(QueryParserTest.java:235)
	at java.base/java.lang.reflect.Method.invoke(Method.java:580)
	at java.base/java.util.ArrayList.forEach(ArrayList.java:1597)
	at java.base/java.util.ArrayList.forEach(ArrayList.java:1597)

[ERROR] org.jsoup.select.QueryParserTest.parsesEscapedSubqueries -- Time elapsed: 0.001 s <<< ERROR!
java.lang.NoSuchMethodError: 'java.util.stream.Collector org.jsoup.internal.StringUtil.joining(java.lang.String)'
	at org.jsoup.nodes.Element.wholeTextOf(Element.java:1639)
	at org.jsoup.nodes.Element.wholeText(Element.java:1623)
	at org.jsoup.select.QueryParserTest.parsesEscapedSubqueries(QueryParserTest.java:194)
	at java.base/java.lang.reflect.Method.invoke(Method.java:580)
	at java.base/java.util.ArrayList.forEach(ArrayList.java:1597)
	at java.base/java.util.ArrayList.forEach(ArrayList.java:1597)

[ERROR] org.jsoup.select.QueryParserTest.parsesOrAfterAttribute -- Time elapsed: 0.001 s <<< ERROR!
java.lang.NoSuchMethodError: 'java.lang.String org.jsoup.internal.StringUtil.join(java.util.Collection, java.lang.String)'
	at org.jsoup.select.CombiningEvaluator$Or.toString(CombiningEvaluator.java:157)
	at org.jsoup.select.EvaluatorDebug.asElement(EvaluatorDebug.java:31)
	at org.jsoup.select.EvaluatorDebug.asDocument(EvaluatorDebug.java:17)
	at org.jsoup.select.EvaluatorDebug.sexpr(EvaluatorDebug.java:55)
	at org.jsoup.select.EvaluatorDebug.sexpr(EvaluatorDebug.java:51)
	at org.jsoup.select.QueryParserTest.parsesOrAfterAttribute(QueryParserTest.java:180)
	at java.base/java.lang.reflect.Method.invoke(Method.java:580)
	at java.base/java.util.ArrayList.forEach(ArrayList.java:1597)
	at java.base/java.util.ArrayList.forEach(ArrayList.java:1597)

WARNING: :matchText selector is deprecated and will be removed in jsoup 1.24.1. Use Element#selectNodes(String, Class) with selector ::textnode and class TextNode instead.
[ERROR] Tests run: 142, Failures: 0, Errors: 28, Skipped: 0, Time elapsed: 0.110 s <<< FAILURE! -- in org.jsoup.select.SelectorTest
[ERROR] org.jsoup.select.SelectorTest.containsData(Locale)[1] -- Time elapsed: 0.002 s <<< ERROR!
java.lang.NoSuchMethodError: 'java.util.stream.Collector org.jsoup.internal.StringUtil.joining(java.lang.String)'
	at org.jsoup.select.Nodes.outerHtml(Nodes.java:109)
	at org.jsoup.select.SelectorTest.containsData(SelectorTest.java:949)
	at java.base/java.lang.reflect.Method.invoke(Method.java:580)
	at java.base/java.util.Optional.ifPresent(Optional.java:178)
	at java.base/java.util.stream.ForEachOps$ForEachOp$OfRef.accept(ForEachOps.java:184)
	at java.base/java.util.stream.ReferencePipeline$3$1.accept(ReferencePipeline.java:215)
	at java.base/java.util.Spliterators$ArraySpliterator.forEachRemaining(Spliterators.java:1024)
	at java.base/java.util.stream.ReferencePipeline$Head.forEach(ReferencePipeline.java:807)
	at java.base/java.util.stream.ReferencePipeline$7$1FlatMap.accept(ReferencePipeline.java:294)
	at java.base/java.util.stream.ReferencePipeline$3$1.accept(ReferencePipeline.java:215)
	at java.base/java.util.stream.ReferencePipeline$3$1.accept(ReferencePipeline.java:215)
	at java.base/java.util.stream.ReferencePipeline$3$1.accept(ReferencePipeline.java:215)
	at java.base/java.util.ArrayList$ArrayListSpliterator.forEachRemaining(ArrayList.java:1709)
	at java.base/java.util.stream.AbstractPipeline.copyInto(AbstractPipeline.java:570)
	at java.base/java.util.stream.AbstractPipeline.wrapAndCopyInto(AbstractPipeline.java:560)
	at java.base/java.util.stream.ForEachOps$ForEachOp.evaluateSequential(ForEachOps.java:151)
	at java.base/java.util.stream.ForEachOps$ForEachOp$OfRef.evaluateSequential(ForEachOps.java:174)
	at java.base/java.util.stream.AbstractPipeline.evaluate(AbstractPipeline.java:265)
	at java.base/java.util.stream.ReferencePipeline.forEach(ReferencePipeline.java:636)
	at java.base/java.util.ArrayList.forEach(ArrayList.java:1597)
	at java.base/java.util.ArrayList.forEach(ArrayList.java:1597)

[ERROR] org.jsoup.select.SelectorTest.containsData(Locale)[2] -- Time elapsed: 0.002 s <<< ERROR!
java.lang.NoSuchMethodError: 'java.util.stream.Collector org.jsoup.internal.StringUtil.joining(java.lang.String)'
	at org.jsoup.select.Nodes.outerHtml(Nodes.java:109)
	at org.jsoup.select.SelectorTest.containsData(SelectorTest.java:949)
	at java.base/java.lang.reflect.Method.invoke(Method.java:580)
	at java.base/java.util.Optional.ifPresent(Optional.java:178)
	at java.base/java.util.stream.ForEachOps$ForEachOp$OfRef.accept(ForEachOps.java:184)
	at java.base/java.util.stream.ReferencePipeline$3$1.accept(ReferencePipeline.java:215)
	at java.base/java.util.Spliterators$ArraySpliterator.forEachRemaining(Spliterators.java:1024)
	at java.base/java.util.stream.ReferencePipeline$Head.forEach(ReferencePipeline.java:807)
	at java.base/java.util.stream.ReferencePipeline$7$1FlatMap.accept(ReferencePipeline.java:294)
	at java.base/java.util.stream.ReferencePipeline$3$1.accept(ReferencePipeline.java:215)
	at java.base/java.util.stream.ReferencePipeline$3$1.accept(ReferencePipeline.java:215)
	at java.base/java.util.stream.ReferencePipeline$3$1.accept(ReferencePipeline.java:215)
	at java.base/java.util.ArrayList$ArrayListSpliterator.forEachRemaining(ArrayList.java:1709)
	at java.base/java.util.stream.AbstractPipeline.copyInto(AbstractPipeline.java:570)
	at java.base/java.util.stream.AbstractPipeline.wrapAndCopyInto(AbstractPipeline.java:560)
	at java.base/java.util.stream.ForEachOps$ForEachOp.evaluateSequential(ForEachOps.java:151)
	at java.base/java.util.stream.ForEachOps$ForEachOp$OfRef.evaluateSequential(ForEachOps.java:174)
	at java.base/java.util.stream.AbstractPipeline.evaluate(AbstractPipeline.java:265)
	at java.base/java.util.stream.ReferencePipeline.forEach(ReferencePipeline.java:636)
	at java.base/java.util.ArrayList.forEach(ArrayList.java:1597)
	at java.base/java.util.ArrayList.forEach(ArrayList.java:1597)

[ERROR] org.jsoup.select.SelectorTest.matchesWholeText -- Time elapsed: 0.001 s <<< ERROR!
java.lang.NoSuchMethodError: 'java.util.stream.Collector org.jsoup.internal.StringUtil.joining(java.lang.String)'
	at org.jsoup.nodes.Element.wholeTextOf(Element.java:1639)
	at org.jsoup.nodes.Element.wholeText(Element.java:1623)
	at org.jsoup.select.Evaluator$MatchesWholeText.matches(Evaluator.java:1003)
	at org.jsoup.select.CombiningEvaluator$And.matches(CombiningEvaluator.java:93)
	at org.jsoup.select.Evaluator.lambda$asPredicate$0(Evaluator.java:41)
	at java.base/java.util.stream.ReferencePipeline$2$1.accept(ReferencePipeline.java:196)
	at java.base/java.util.Iterator.forEachRemaining(Iterator.java:133)
	at java.base/java.util.Spliterators$IteratorSpliterator.forEachRemaining(Spliterators.java:1939)
	at java.base/java.util.stream.AbstractPipeline.copyInto(AbstractPipeline.java:570)
	at java.base/java.util.stream.AbstractPipeline.wrapAndCopyInto(AbstractPipeline.java:560)
	at java.base/java.util.stream.ReduceOps$ReduceOp.evaluateSequential(ReduceOps.java:921)
	at java.base/java.util.stream.AbstractPipeline.evaluate(AbstractPipeline.java:265)
	at java.base/java.util.stream.ReferencePipeline.collect(ReferencePipeline.java:727)
	at org.jsoup.select.Collector.collect(Collector.java:34)
	at org.jsoup.select.Selector.select(Selector.java:141)
	at org.jsoup.select.Selector.select(Selector.java:128)
	at org.jsoup.nodes.Element.select(Element.java:517)
	at org.jsoup.select.SelectorTest.matchesWholeText(SelectorTest.java:796)
	at java.base/java.lang.reflect.Method.invoke(Method.java:580)
	at java.base/java.util.ArrayList.forEach(ArrayList.java:1597)
	at java.base/java.util.ArrayList.forEach(ArrayList.java:1597)

[ERROR] org.jsoup.select.SelectorTest.precedingComment -- Time elapsed: 0 s <<< ERROR!
java.lang.NoSuchMethodError: 'java.lang.String org.jsoup.internal.StringUtil.join(java.util.Collection, java.lang.String)'
	at org.jsoup.select.CombiningEvaluator$And.toString(CombiningEvaluator.java:111)
	at org.jsoup.select.EvaluatorDebug.asElement(EvaluatorDebug.java:31)
	at org.jsoup.select.EvaluatorDebug.asDocument(EvaluatorDebug.java:17)
	at org.jsoup.select.EvaluatorDebug.sexpr(EvaluatorDebug.java:55)
	at org.jsoup.select.EvaluatorDebug.sexpr(EvaluatorDebug.java:51)
	at org.jsoup.select.SelectorTest.precedingComment(SelectorTest.java:1549)
	at java.base/java.lang.reflect.Method.invoke(Method.java:580)
	at java.base/java.util.ArrayList.forEach(ArrayList.java:1597)
	at java.base/java.util.ArrayList.forEach(ArrayList.java:1597)

[ERROR] org.jsoup.select.SelectorTest.nodeContains -- Time elapsed: 0.001 s <<< ERROR!
java.lang.NoSuchMethodError: 'java.util.stream.Collector org.jsoup.internal.StringUtil.joining(java.lang.String)'
	at org.jsoup.nodes.Element.wholeTextOf(Element.java:1639)
	at org.jsoup.nodes.Element.wholeOwnText(Element.java:1652)
	at org.jsoup.nodes.Element.nodeValue(Element.java:1631)
	at org.jsoup.select.NodeEvaluator$ContainsValue.evaluateMatch(NodeEvaluator.java:64)
	at org.jsoup.select.NodeEvaluator.matches(NodeEvaluator.java:16)
	at org.jsoup.select.CombiningEvaluator$And.matches(CombiningEvaluator.java:93)
	at org.jsoup.select.CombiningEvaluator$And.matches(CombiningEvaluator.java:93)
	at org.jsoup.select.Evaluator.matches(Evaluator.java:60)
	at org.jsoup.select.Evaluator.lambda$asNodePredicate$1(Evaluator.java:45)
	at java.base/java.util.stream.ReferencePipeline$2$1.accept(ReferencePipeline.java:196)
	at java.base/java.util.Iterator.forEachRemaining(Iterator.java:133)
	at java.base/java.util.Spliterators$IteratorSpliterator.forEachRemaining(Spliterators.java:1939)
	at java.base/java.util.stream.AbstractPipeline.copyInto(AbstractPipeline.java:570)
	at java.base/java.util.stream.AbstractPipeline.wrapAndCopyInto(AbstractPipeline.java:560)
	at java.base/java.util.stream.ReduceOps$ReduceOp.evaluateSequential(ReduceOps.java:921)
	at java.base/java.util.stream.AbstractPipeline.evaluate(AbstractPipeline.java:265)
	at java.base/java.util.stream.ReferencePipeline.collect(ReferencePipeline.java:727)
	at org.jsoup.select.Collector.collectNodes(Collector.java:108)
	at org.jsoup.nodes.Element.selectNodes(Element.java:647)
	at org.jsoup.nodes.Element.selectNodes(Element.java:618)
	at org.jsoup.select.SelectorTest.nodeContains(SelectorTest.java:1586)
	at java.base/java.lang.reflect.Method.invoke(Method.java:580)
	at java.base/java.util.ArrayList.forEach(ArrayList.java:1597)
	at java.base/java.util.ArrayList.forEach(ArrayList.java:1597)

[ERROR] org.jsoup.select.SelectorTest.nonBlankText -- Time elapsed: 0.001 s <<< ERROR!
java.lang.NoSuchMethodError: 'java.util.stream.Collector org.jsoup.internal.StringUtil.joining(java.lang.String)'
	at org.jsoup.nodes.Element.wholeTextOf(Element.java:1639)
	at org.jsoup.nodes.Element.wholeOwnText(Element.java:1652)
	at org.jsoup.nodes.Element.nodeValue(Element.java:1631)
	at org.jsoup.select.NodeEvaluator$BlankValue.evaluateMatch(NodeEvaluator.java:85)
	at org.jsoup.select.NodeEvaluator.matches(NodeEvaluator.java:16)
	at org.jsoup.select.Evaluator.matches(Evaluator.java:60)
	at org.jsoup.select.StructuralEvaluator.lambda$memoMatches$1(StructuralEvaluator.java:39)
	at java.base/java.util.Map.computeIfAbsent(Map.java:1067)
	at org.jsoup.select.StructuralEvaluator.memoMatches(StructuralEvaluator.java:39)
	at org.jsoup.select.StructuralEvaluator$Not.evaluateMatch(StructuralEvaluator.java:167)
	at org.jsoup.select.StructuralEvaluator.matches(StructuralEvaluator.java:50)
	at org.jsoup.select.Evaluator.matches(Evaluator.java:60)
	at org.jsoup.select.Evaluator.lambda$asNodePredicate$1(Evaluator.java:45)
	at java.base/java.util.stream.ReferencePipeline$2$1.accept(ReferencePipeline.java:196)
	at java.base/java.util.Iterator.forEachRemaining(Iterator.java:133)
	at java.base/java.util.Spliterators$IteratorSpliterator.forEachRemaining(Spliterators.java:1939)
	at java.base/java.util.stream.AbstractPipeline.copyInto(AbstractPipeline.java:570)
	at java.base/java.util.stream.AbstractPipeline.wrapAndCopyInto(AbstractPipeline.java:560)
	at java.base/java.util.stream.ReduceOps$ReduceOp.evaluateSequential(ReduceOps.java:921)
	at java.base/java.util.stream.AbstractPipeline.evaluate(AbstractPipeline.java:265)
	at java.base/java.util.stream.ReferencePipeline.collect(ReferencePipeline.java:727)
	at org.jsoup.select.Collector.collect(Collector.java:34)
	at org.jsoup.select.Selector.select(Selector.java:141)
	at org.jsoup.select.Selector.select(Selector.java:128)
	at org.jsoup.nodes.Element.select(Element.java:517)
	at org.jsoup.select.SelectorTest.nonBlankText(SelectorTest.java:1668)
	at java.base/java.lang.reflect.Method.invoke(Method.java:580)
	at java.base/java.util.ArrayList.forEach(ArrayList.java:1597)
	at java.base/java.util.ArrayList.forEach(ArrayList.java:1597)

[ERROR] org.jsoup.select.SelectorTest.testWildCardNamespacedCaseVariations -- Time elapsed: 0.001 s <<< ERROR!
java.lang.NoSuchMethodError: 'java.util.stream.Collector org.jsoup.internal.StringUtil.joining(java.lang.String)'
	at org.jsoup.select.Elements.text(Elements.java:232)
	at org.jsoup.select.SelectorTest.testWildCardNamespacedCaseVariations(SelectorTest.java:224)
	at java.base/java.lang.reflect.Method.invoke(Method.java:580)
	at java.base/java.util.ArrayList.forEach(ArrayList.java:1597)
	at java.base/java.util.ArrayList.forEach(ArrayList.java:1597)

[ERROR] org.jsoup.select.SelectorTest.descendantComment -- Time elapsed: 0.001 s <<< ERROR!
java.lang.NoSuchMethodError: 'java.lang.String org.jsoup.internal.StringUtil.join(java.util.Collection, java.lang.String)'
	at org.jsoup.select.StructuralEvaluator$ImmediateParentRun.toString(StructuralEvaluator.java:262)
	at org.jsoup.select.EvaluatorDebug.asElement(EvaluatorDebug.java:31)
	at org.jsoup.select.EvaluatorDebug.asDocument(EvaluatorDebug.java:17)
	at org.jsoup.select.EvaluatorDebug.sexpr(EvaluatorDebug.java:55)
	at org.jsoup.select.EvaluatorDebug.sexpr(EvaluatorDebug.java:51)
	at org.jsoup.select.SelectorTest.descendantComment(SelectorTest.java:1522)
	at java.base/java.lang.reflect.Method.invoke(Method.java:580)
	at java.base/java.util.ArrayList.forEach(ArrayList.java:1597)
	at java.base/java.util.ArrayList.forEach(ArrayList.java:1597)

[ERROR] org.jsoup.select.SelectorTest.findBetweenSpan -- Time elapsed: 0.004 s <<< ERROR!
java.lang.NoSuchMethodError: 'java.util.stream.Collector org.jsoup.internal.StringUtil.joining(java.lang.String)'
	at org.jsoup.select.Elements.text(Elements.java:232)
	at org.jsoup.select.SelectorTest.findBetweenSpan(SelectorTest.java:1033)
	at java.base/java.lang.reflect.Method.invoke(Method.java:580)
	at java.base/java.util.ArrayList.forEach(ArrayList.java:1597)
	at java.base/java.util.ArrayList.forEach(ArrayList.java:1597)

[ERROR] org.jsoup.select.SelectorTest.nodeWithElementAncestor -- Time elapsed: 0.001 s <<< ERROR!
java.lang.NoSuchMethodError: 'java.lang.String org.jsoup.internal.StringUtil.join(java.util.Collection, java.lang.String)'
	at org.jsoup.select.CombiningEvaluator$And.toString(CombiningEvaluator.java:111)
	at org.jsoup.select.EvaluatorDebug.asElement(EvaluatorDebug.java:31)
	at org.jsoup.select.EvaluatorDebug.asDocument(EvaluatorDebug.java:17)
	at org.jsoup.select.EvaluatorDebug.sexpr(EvaluatorDebug.java:55)
	at org.jsoup.select.EvaluatorDebug.sexpr(EvaluatorDebug.java:51)
	at org.jsoup.select.SelectorTest.nodeWithElementAncestor(SelectorTest.java:1540)
	at java.base/java.lang.reflect.Method.invoke(Method.java:580)
	at java.base/java.util.ArrayList.forEach(ArrayList.java:1597)
	at java.base/java.util.ArrayList.forEach(ArrayList.java:1597)

[ERROR] org.jsoup.select.SelectorTest.testCombinedWithContains -- Time elapsed: 0.001 s <<< ERROR!
java.lang.NoSuchMethodError: 'java.util.stream.Collector org.jsoup.internal.StringUtil.joining(java.lang.String)'
	at org.jsoup.select.Elements.text(Elements.java:232)
	at org.jsoup.select.SelectorTest.testCombinedWithContains(SelectorTest.java:270)
	at java.base/java.lang.reflect.Method.invoke(Method.java:580)
	at java.base/java.util.ArrayList.forEach(ArrayList.java:1597)
	at java.base/java.util.ArrayList.forEach(ArrayList.java:1597)

[ERROR] org.jsoup.select.SelectorTest.containsWithQuote -- Time elapsed: 0.001 s <<< ERROR!
java.lang.NoSuchMethodError: 'java.util.stream.Collector org.jsoup.internal.StringUtil.joining(java.lang.String)'
	at org.jsoup.select.Elements.text(Elements.java:232)
	at org.jsoup.select.SelectorTest.containsWithQuote(SelectorTest.java:964)
	at java.base/java.lang.reflect.Method.invoke(Method.java:580)
	at java.base/java.util.ArrayList.forEach(ArrayList.java:1597)
	at java.base/java.util.ArrayList.forEach(ArrayList.java:1597)

[ERROR] org.jsoup.select.SelectorTest.blankNodes -- Time elapsed: 0 s <<< ERROR!
java.lang.NoSuchMethodError: 'java.util.stream.Collector org.jsoup.internal.StringUtil.joining(java.lang.String)'
	at org.jsoup.nodes.Element.wholeTextOf(Element.java:1639)
	at org.jsoup.nodes.Element.wholeOwnText(Element.java:1652)
	at org.jsoup.nodes.Element.nodeValue(Element.java:1631)
	at org.jsoup.select.NodeEvaluator$BlankValue.evaluateMatch(NodeEvaluator.java:85)
	at org.jsoup.select.NodeEvaluator.matches(NodeEvaluator.java:16)
	at org.jsoup.select.CombiningEvaluator$And.matches(CombiningEvaluator.java:93)
	at org.jsoup.select.Evaluator.matches(Evaluator.java:60)
	at org.jsoup.select.Evaluator.lambda$asNodePredicate$1(Evaluator.java:45)
	at java.base/java.util.stream.ReferencePipeline$2$1.accept(ReferencePipeline.java:196)
	at java.base/java.util.Iterator.forEachRemaining(Iterator.java:133)
	at java.base/java.util.Spliterators$IteratorSpliterator.forEachRemaining(Spliterators.java:1939)
	at java.base/java.util.stream.AbstractPipeline.copyInto(AbstractPipeline.java:570)
	at java.base/java.util.stream.AbstractPipeline.wrapAndCopyInto(AbstractPipeline.java:560)
	at java.base/java.util.stream.ReduceOps$ReduceOp.evaluateSequential(ReduceOps.java:921)
	at java.base/java.util.stream.AbstractPipeline.evaluate(AbstractPipeline.java:265)
	at java.base/java.util.stream.ReferencePipeline.collect(ReferencePipeline.java:727)
	at org.jsoup.select.Collector.collectNodes(Collector.java:108)
	at org.jsoup.nodes.Element.selectNodes(Element.java:647)
	at org.jsoup.nodes.Element.selectNodes(Element.java:665)
	at org.jsoup.select.SelectorTest.blankNodes(SelectorTest.java:1632)
	at java.base/java.lang.reflect.Method.invoke(Method.java:580)
	at java.base/java.util.ArrayList.forEach(ArrayList.java:1597)
	at java.base/java.util.ArrayList.forEach(ArrayList.java:1597)

[ERROR] org.jsoup.select.SelectorTest.blankElements -- Time elapsed: 0.001 s <<< ERROR!
java.lang.NoSuchMethodError: 'java.util.stream.Collector org.jsoup.internal.StringUtil.joining(java.lang.String)'
	at org.jsoup.nodes.Element.wholeTextOf(Element.java:1639)
	at org.jsoup.nodes.Element.wholeOwnText(Element.java:1652)
	at org.jsoup.nodes.Element.nodeValue(Element.java:1631)
	at org.jsoup.select.NodeEvaluator$BlankValue.evaluateMatch(NodeEvaluator.java:85)
	at org.jsoup.select.NodeEvaluator.matches(NodeEvaluator.java:16)
	at org.jsoup.select.CombiningEvaluator$And.matches(CombiningEvaluator.java:93)
	at org.jsoup.select.Evaluator.matches(Evaluator.java:60)
	at org.jsoup.select.Evaluator.lambda$asNodePredicate$1(Evaluator.java:45)
	at java.base/java.util.stream.ReferencePipeline$2$1.accept(ReferencePipeline.java:196)
	at java.base/java.util.Iterator.forEachRemaining(Iterator.java:133)
	at java.base/java.util.Spliterators$IteratorSpliterator.forEachRemaining(Spliterators.java:1939)
	at java.base/java.util.stream.AbstractPipeline.copyInto(AbstractPipeline.java:570)
	at java.base/java.util.stream.AbstractPipeline.wrapAndCopyInto(AbstractPipeline.java:560)
	at java.base/java.util.stream.ReduceOps$ReduceOp.evaluateSequential(ReduceOps.java:921)
	at java.base/java.util.stream.AbstractPipeline.evaluate(AbstractPipeline.java:265)
	at java.base/java.util.stream.ReferencePipeline.collect(ReferencePipeline.java:727)
	at org.jsoup.select.Collector.collect(Collector.java:34)
	at org.jsoup.select.Selector.select(Selector.java:141)
	at org.jsoup.select.Selector.select(Selector.java:128)
	at org.jsoup.nodes.Element.select(Element.java:517)
	at org.jsoup.select.SelectorTest.blankElements(SelectorTest.java:1662)
	at java.base/java.lang.reflect.Method.invoke(Method.java:580)
	at java.base/java.util.ArrayList.forEach(ArrayList.java:1597)
	at java.base/java.util.ArrayList.forEach(ArrayList.java:1597)

[ERROR] org.jsoup.select.SelectorTest.leafNodeContains -- Time elapsed: 0.001 s <<< ERROR!
java.lang.NoSuchMethodError: 'java.lang.String org.jsoup.internal.StringUtil.join(java.util.Collection, java.lang.String)'
	at org.jsoup.select.CombiningEvaluator$And.toString(CombiningEvaluator.java:111)
	at org.jsoup.select.EvaluatorDebug.asElement(EvaluatorDebug.java:31)
	at org.jsoup.select.EvaluatorDebug.asDocument(EvaluatorDebug.java:17)
	at org.jsoup.select.EvaluatorDebug.sexpr(EvaluatorDebug.java:55)
	at org.jsoup.select.EvaluatorDebug.sexpr(EvaluatorDebug.java:51)
	at org.jsoup.select.SelectorTest.leafNodeContains(SelectorTest.java:1578)
	at java.base/java.lang.reflect.Method.invoke(Method.java:580)
	at java.base/java.util.ArrayList.forEach(ArrayList.java:1597)
	at java.base/java.util.ArrayList.forEach(ArrayList.java:1597)

[ERROR] org.jsoup.select.SelectorTest.containsWholeOwnText -- Time elapsed: 0 s <<< ERROR!
java.lang.NoSuchMethodError: 'java.util.stream.Collector org.jsoup.internal.StringUtil.joining(java.lang.String)'
	at org.jsoup.nodes.Element.wholeTextOf(Element.java:1639)
	at org.jsoup.nodes.Element.wholeOwnText(Element.java:1652)
	at org.jsoup.select.Evaluator$ContainsWholeOwnText.matches(Evaluator.java:877)
	at org.jsoup.select.CombiningEvaluator$And.matches(CombiningEvaluator.java:93)
	at org.jsoup.select.Evaluator.lambda$asPredicate$0(Evaluator.java:41)
	at java.base/java.util.stream.ReferencePipeline$2$1.accept(ReferencePipeline.java:196)
	at java.base/java.util.Iterator.forEachRemaining(Iterator.java:133)
	at java.base/java.util.Spliterators$IteratorSpliterator.forEachRemaining(Spliterators.java:1939)
	at java.base/java.util.stream.AbstractPipeline.copyInto(AbstractPipeline.java:570)
	at java.base/java.util.stream.AbstractPipeline.wrapAndCopyInto(AbstractPipeline.java:560)
	at java.base/java.util.stream.ReduceOps$ReduceOp.evaluateSequential(ReduceOps.java:921)
	at java.base/java.util.stream.AbstractPipeline.evaluate(AbstractPipeline.java:265)
	at java.base/java.util.stream.ReferencePipeline.collect(ReferencePipeline.java:727)
	at org.jsoup.select.Collector.collect(Collector.java:34)
	at org.jsoup.select.Selector.select(Selector.java:141)
	at org.jsoup.select.Selector.select(Selector.java:128)
	at org.jsoup.nodes.Element.select(Element.java:517)
	at org.jsoup.select.SelectorTest.containsWholeOwnText(SelectorTest.java:724)
	at java.base/java.lang.reflect.Method.invoke(Method.java:580)
	at java.base/java.util.ArrayList.forEach(ArrayList.java:1597)
	at java.base/java.util.ArrayList.forEach(ArrayList.java:1597)

[ERROR] org.jsoup.select.SelectorTest.is -- Time elapsed: 0.001 s <<< ERROR!
java.lang.NoSuchMethodError: 'java.lang.String org.jsoup.internal.StringUtil.join(java.util.Collection, java.lang.String)'
	at org.jsoup.select.CombiningEvaluator$And.toString(CombiningEvaluator.java:111)
	at org.jsoup.select.SelectorTest.is(SelectorTest.java:1301)
	at java.base/java.lang.reflect.Method.invoke(Method.java:580)
	at java.base/java.util.ArrayList.forEach(ArrayList.java:1597)
	at java.base/java.util.ArrayList.forEach(ArrayList.java:1597)

[ERROR] org.jsoup.select.SelectorTest.matchText -- Time elapsed: 0.001 s <<< ERROR!
java.lang.NoSuchMethodError: 'java.util.stream.Collector org.jsoup.internal.StringUtil.joining(java.lang.String)'
	at org.jsoup.select.Elements.text(Elements.java:232)
	at org.jsoup.select.SelectorTest.matchText(SelectorTest.java:999)
	at java.base/java.lang.reflect.Method.invoke(Method.java:580)
	at java.base/java.util.ArrayList.forEach(ArrayList.java:1597)
	at java.base/java.util.ArrayList.forEach(ArrayList.java:1597)

[ERROR] org.jsoup.select.SelectorTest.matchTextAttributes -- Time elapsed: 0.001 s <<< ERROR!
java.lang.NoSuchMethodError: 'java.util.stream.Collector org.jsoup.internal.StringUtil.joining(java.lang.String)'
	at org.jsoup.select.Elements.text(Elements.java:232)
	at org.jsoup.select.SelectorTest.matchTextAttributes(SelectorTest.java:1024)
	at java.base/java.lang.reflect.Method.invoke(Method.java:580)
	at java.base/java.util.ArrayList.forEach(ArrayList.java:1597)
	at java.base/java.util.ArrayList.forEach(ArrayList.java:1597)

[ERROR] org.jsoup.select.SelectorTest.evaluatorOf -- Time elapsed: 0.001 s <<< ERROR!
java.lang.NoSuchMethodError: 'java.lang.String org.jsoup.internal.StringUtil.join(java.util.Collection, java.lang.String)'
	at org.jsoup.select.StructuralEvaluator$ImmediateParentRun.toString(StructuralEvaluator.java:262)
	at org.jsoup.select.SelectorTest.evaluatorOf(SelectorTest.java:1503)
	at java.base/java.lang.reflect.Method.invoke(Method.java:580)
	at java.base/java.util.ArrayList.forEach(ArrayList.java:1597)
	at java.base/java.util.ArrayList.forEach(ArrayList.java:1597)

[ERROR] org.jsoup.select.SelectorTest.matchesWholeOwnText -- Time elapsed: 0.001 s <<< ERROR!
java.lang.NoSuchMethodError: 'java.util.stream.Collector org.jsoup.internal.StringUtil.joining(java.lang.String)'
	at org.jsoup.nodes.Element.wholeTextOf(Element.java:1639)
	at org.jsoup.nodes.Element.wholeOwnText(Element.java:1652)
	at org.jsoup.select.Evaluator$MatchesWholeOwnText.matches(Evaluator.java:1033)
	at org.jsoup.select.CombiningEvaluator$And.matches(CombiningEvaluator.java:93)
	at org.jsoup.select.Evaluator.lambda$asPredicate$0(Evaluator.java:41)
	at java.base/java.util.stream.ReferencePipeline$2$1.accept(ReferencePipeline.java:196)
	at java.base/java.util.Iterator.forEachRemaining(Iterator.java:133)
	at java.base/java.util.Spliterators$IteratorSpliterator.forEachRemaining(Spliterators.java:1939)
	at java.base/java.util.stream.AbstractPipeline.copyInto(AbstractPipeline.java:570)
	at java.base/java.util.stream.AbstractPipeline.wrapAndCopyInto(AbstractPipeline.java:560)
	at java.base/java.util.stream.ReduceOps$ReduceOp.evaluateSequential(ReduceOps.java:921)
	at java.base/java.util.stream.AbstractPipeline.evaluate(AbstractPipeline.java:265)
	at java.base/java.util.stream.ReferencePipeline.collect(ReferencePipeline.java:727)
	at org.jsoup.select.Collector.collect(Collector.java:34)
	at org.jsoup.select.Selector.select(Selector.java:141)
	at org.jsoup.select.Selector.select(Selector.java:128)
	at org.jsoup.nodes.Element.select(Element.java:517)
	at org.jsoup.select.SelectorTest.matchesWholeOwnText(SelectorTest.java:815)
	at java.base/java.lang.reflect.Method.invoke(Method.java:580)
	at java.base/java.util.ArrayList.forEach(ArrayList.java:1597)
	at java.base/java.util.ArrayList.forEach(ArrayList.java:1597)

[ERROR] org.jsoup.select.SelectorTest.leafNode -- Time elapsed: 0.001 s <<< ERROR!
java.lang.NoSuchMethodError: 'java.lang.String org.jsoup.internal.StringUtil.join(java.util.Collection, java.lang.String)'
	at org.jsoup.select.CombiningEvaluator$And.toString(CombiningEvaluator.java:111)
	at org.jsoup.select.EvaluatorDebug.asElement(EvaluatorDebug.java:31)
	at org.jsoup.select.EvaluatorDebug.asDocument(EvaluatorDebug.java:17)
	at org.jsoup.select.EvaluatorDebug.sexpr(EvaluatorDebug.java:55)
	at org.jsoup.select.EvaluatorDebug.sexpr(EvaluatorDebug.java:51)
	at org.jsoup.select.SelectorTest.leafNode(SelectorTest.java:1570)
	at java.base/java.lang.reflect.Method.invoke(Method.java:580)
	at java.base/java.util.ArrayList.forEach(ArrayList.java:1597)
	at java.base/java.util.ArrayList.forEach(ArrayList.java:1597)

[ERROR] org.jsoup.select.SelectorTest.nodeMatches -- Time elapsed: 0.001 s <<< ERROR!
java.lang.NoSuchMethodError: 'java.lang.String org.jsoup.internal.StringUtil.join(java.util.Collection, java.lang.String)'
	at org.jsoup.select.CombiningEvaluator$And.toString(CombiningEvaluator.java:111)
	at org.jsoup.select.EvaluatorDebug.asElement(EvaluatorDebug.java:31)
	at org.jsoup.select.EvaluatorDebug.asDocument(EvaluatorDebug.java:17)
	at org.jsoup.select.EvaluatorDebug.sexpr(EvaluatorDebug.java:55)
	at org.jsoup.select.SelectorTest.nodeMatches(SelectorTest.java:1682)
	at java.base/java.lang.reflect.Method.invoke(Method.java:580)
	at java.base/java.util.ArrayList.forEach(ArrayList.java:1597)
	at java.base/java.util.ArrayList.forEach(ArrayList.java:1597)

[ERROR] org.jsoup.select.SelectorTest.selectComment -- Time elapsed: 0.001 s <<< ERROR!
java.lang.NoSuchMethodError: 'java.lang.String org.jsoup.internal.StringUtil.join(java.util.Collection, java.lang.String)'
	at org.jsoup.select.CombiningEvaluator$And.toString(CombiningEvaluator.java:111)
	at org.jsoup.select.EvaluatorDebug.asElement(EvaluatorDebug.java:31)
	at org.jsoup.select.EvaluatorDebug.asDocument(EvaluatorDebug.java:17)
	at org.jsoup.select.EvaluatorDebug.sexpr(EvaluatorDebug.java:55)
	at org.jsoup.select.EvaluatorDebug.sexpr(EvaluatorDebug.java:51)
	at org.jsoup.select.SelectorTest.selectComment(SelectorTest.java:1598)
	at java.base/java.lang.reflect.Method.invoke(Method.java:580)
	at java.base/java.util.ArrayList.forEach(ArrayList.java:1597)
	at java.base/java.util.ArrayList.forEach(ArrayList.java:1597)

[ERROR] org.jsoup.select.SelectorTest.datanode -- Time elapsed: 0.001 s <<< ERROR!
java.lang.NoSuchMethodError: 'java.lang.String org.jsoup.internal.StringUtil.join(java.util.Collection, java.lang.String)'
	at org.jsoup.select.CombiningEvaluator$And.toString(CombiningEvaluator.java:111)
	at org.jsoup.select.EvaluatorDebug.asElement(EvaluatorDebug.java:31)
	at org.jsoup.select.EvaluatorDebug.asDocument(EvaluatorDebug.java:17)
	at org.jsoup.select.EvaluatorDebug.sexpr(EvaluatorDebug.java:55)
	at org.jsoup.select.EvaluatorDebug.sexpr(EvaluatorDebug.java:51)
	at org.jsoup.select.SelectorTest.datanode(SelectorTest.java:1562)
	at java.base/java.lang.reflect.Method.invoke(Method.java:580)
	at java.base/java.util.ArrayList.forEach(ArrayList.java:1597)
	at java.base/java.util.ArrayList.forEach(ArrayList.java:1597)

[ERROR] org.jsoup.select.SelectorTest.testByAttributeRegexCombined -- Time elapsed: 0.001 s <<< ERROR!
java.lang.NoSuchMethodError: 'java.util.stream.Collector org.jsoup.internal.StringUtil.joining(java.lang.String)'
	at org.jsoup.select.Elements.text(Elements.java:232)
	at org.jsoup.select.SelectorTest.testByAttributeRegexCombined(SelectorTest.java:263)
	at java.base/java.lang.reflect.Method.invoke(Method.java:580)
	at java.base/java.util.ArrayList.forEach(ArrayList.java:1597)
	at java.base/java.util.ArrayList.forEach(ArrayList.java:1597)

[ERROR] org.jsoup.select.SelectorTest.orAfterClass -- Time elapsed: 0.001 s <<< ERROR!
java.lang.NoSuchMethodError: 'java.lang.String org.jsoup.internal.StringUtil.join(java.util.Collection, java.lang.String)'
	at org.jsoup.select.CombiningEvaluator$Or.toString(CombiningEvaluator.java:157)
	at org.jsoup.select.EvaluatorDebug.asElement(EvaluatorDebug.java:31)
	at org.jsoup.select.EvaluatorDebug.asDocument(EvaluatorDebug.java:17)
	at org.jsoup.select.EvaluatorDebug.sexpr(EvaluatorDebug.java:55)
	at org.jsoup.select.EvaluatorDebug.sexpr(EvaluatorDebug.java:51)
	at org.jsoup.select.SelectorTest.orAfterClass(SelectorTest.java:1309)
	at java.base/java.lang.reflect.Method.invoke(Method.java:580)
	at java.base/java.util.ArrayList.forEach(ArrayList.java:1597)
	at java.base/java.util.ArrayList.forEach(ArrayList.java:1597)

[ERROR] org.jsoup.select.SelectorTest.containsWholeText -- Time elapsed: 0.001 s <<< ERROR!
java.lang.NoSuchMethodError: 'java.util.stream.Collector org.jsoup.internal.StringUtil.joining(java.lang.String)'
	at org.jsoup.nodes.Element.wholeTextOf(Element.java:1639)
	at org.jsoup.nodes.Element.wholeText(Element.java:1623)
	at org.jsoup.select.Evaluator$ContainsWholeText.matches(Evaluator.java:850)
	at org.jsoup.select.CombiningEvaluator$And.matches(CombiningEvaluator.java:93)
	at org.jsoup.select.Evaluator.lambda$asPredicate$0(Evaluator.java:41)
	at java.base/java.util.stream.ReferencePipeline$2$1.accept(ReferencePipeline.java:196)
	at java.base/java.util.Iterator.forEachRemaining(Iterator.java:133)
	at java.base/java.util.Spliterators$IteratorSpliterator.forEachRemaining(Spliterators.java:1939)
	at java.base/java.util.stream.AbstractPipeline.copyInto(AbstractPipeline.java:570)
	at java.base/java.util.stream.AbstractPipeline.wrapAndCopyInto(AbstractPipeline.java:560)
	at java.base/java.util.stream.ReduceOps$ReduceOp.evaluateSequential(ReduceOps.java:921)
	at java.base/java.util.stream.AbstractPipeline.evaluate(AbstractPipeline.java:265)
	at java.base/java.util.stream.ReferencePipeline.collect(ReferencePipeline.java:727)
	at org.jsoup.select.Collector.collect(Collector.java:34)
	at org.jsoup.select.Selector.select(Selector.java:141)
	at org.jsoup.select.Selector.select(Selector.java:128)
	at org.jsoup.nodes.Element.select(Element.java:517)
	at org.jsoup.select.SelectorTest.containsWholeText(SelectorTest.java:704)
	at java.base/java.lang.reflect.Method.invoke(Method.java:580)
	at java.base/java.util.ArrayList.forEach(ArrayList.java:1597)
	at java.base/java.util.ArrayList.forEach(ArrayList.java:1597)

[ERROR] Tests run: 29, Failures: 0, Errors: 1, Skipped: 0, Time elapsed: 0.026 s <<< FAILURE! -- in org.jsoup.select.TraversorTest
[ERROR] org.jsoup.select.TraversorTest.filterRemove -- Time elapsed: 0.001 s <<< ERROR!
java.lang.NoSuchMethodError: 'java.util.stream.Collector org.jsoup.internal.StringUtil.joining(java.lang.String)'
	at org.jsoup.select.Elements.html(Elements.java:274)
	at org.jsoup.select.TraversorTest.filterRemove(TraversorTest.java:105)
	at java.base/java.lang.reflect.Method.invoke(Method.java:580)
	at java.base/java.util.ArrayList.forEach(ArrayList.java:1597)
	at java.base/java.util.ArrayList.forEach(ArrayList.java:1597)

[ERROR] Tests run: 54, Failures: 0, Errors: 8, Skipped: 0, Time elapsed: 0.027 s <<< FAILURE! -- in org.jsoup.select.ElementsTest
[ERROR] org.jsoup.select.ElementsTest.classWithHyphen -- Time elapsed: 0 s <<< ERROR!
java.lang.NoSuchMethodError: 'java.util.stream.Collector org.jsoup.internal.StringUtil.joining(java.lang.String)'
	at org.jsoup.select.Elements.text(Elements.java:232)
	at org.jsoup.select.ElementsTest.classWithHyphen(ElementsTest.java:355)
	at java.base/java.lang.reflect.Method.invoke(Method.java:580)
	at java.base/java.util.ArrayList.forEach(ArrayList.java:1597)
	at java.base/java.util.ArrayList.forEach(ArrayList.java:1597)

[ERROR] org.jsoup.select.ElementsTest.dataNodes -- Time elapsed: 0 s <<< ERROR!
java.lang.NoSuchMethodError: 'java.util.stream.Collector org.jsoup.internal.StringUtil.joining(java.lang.String)'
	at org.jsoup.select.Nodes.outerHtml(Nodes.java:109)
	at org.jsoup.select.ElementsTest.dataNodes(ElementsTest.java:343)
	at java.base/java.lang.reflect.Method.invoke(Method.java:580)
	at java.base/java.util.ArrayList.forEach(ArrayList.java:1597)
	at java.base/java.util.ArrayList.forEach(ArrayList.java:1597)

[ERROR] org.jsoup.select.ElementsTest.eq -- Time elapsed: 0 s <<< ERROR!
java.lang.NoSuchMethodError: 'java.util.stream.Collector org.jsoup.internal.StringUtil.joining(java.lang.String)'
	at org.jsoup.select.Elements.text(Elements.java:232)
	at org.jsoup.select.ElementsTest.eq(ElementsTest.java:236)
	at java.base/java.lang.reflect.Method.invoke(Method.java:580)
	at java.base/java.util.ArrayList.forEach(ArrayList.java:1597)
	at java.base/java.util.ArrayList.forEach(ArrayList.java:1597)

[ERROR] org.jsoup.select.ElementsTest.html -- Time elapsed: 0 s <<< ERROR!
java.lang.NoSuchMethodError: 'java.util.stream.Collector org.jsoup.internal.StringUtil.joining(java.lang.String)'
	at org.jsoup.select.Elements.html(Elements.java:274)
	at org.jsoup.select.ElementsTest.html(ElementsTest.java:133)
	at java.base/java.lang.reflect.Method.invoke(Method.java:580)
	at java.base/java.util.ArrayList.forEach(ArrayList.java:1597)
	at java.base/java.util.ArrayList.forEach(ArrayList.java:1597)

[ERROR] org.jsoup.select.ElementsTest.text -- Time elapsed: 0 s <<< ERROR!
java.lang.NoSuchMethodError: 'java.util.stream.Collector org.jsoup.internal.StringUtil.joining(java.lang.String)'
	at org.jsoup.select.Elements.text(Elements.java:232)
	at org.jsoup.select.ElementsTest.text(ElementsTest.java:120)
	at java.base/java.lang.reflect.Method.invoke(Method.java:580)
	at java.base/java.util.ArrayList.forEach(ArrayList.java:1597)
	at java.base/java.util.ArrayList.forEach(ArrayList.java:1597)

[ERROR] org.jsoup.select.ElementsTest.forms -- Time elapsed: 0 s <<< ERROR!
java.lang.NoClassDefFoundError: Could not initialize class org.jsoup.nodes.FormElement
	at org.jsoup.parser.HtmlTreeBuilder.createElementFor(HtmlTreeBuilder.java:299)
	at org.jsoup.parser.HtmlTreeBuilder.insertFormElement(HtmlTreeBuilder.java:354)
	at org.jsoup.parser.HtmlTreeBuilderState$7.inBodyStartTag(HtmlTreeBuilderState.java:420)
	at org.jsoup.parser.HtmlTreeBuilderState$7.process(HtmlTreeBuilderState.java:309)
	at org.jsoup.parser.HtmlTreeBuilder.process(HtmlTreeBuilder.java:150)
	at org.jsoup.parser.HtmlTreeBuilderState$6.anythingElse(HtmlTreeBuilderState.java:282)
	at org.jsoup.parser.HtmlTreeBuilderState$6.process(HtmlTreeBuilderState.java:260)
	at org.jsoup.parser.HtmlTreeBuilder.process(HtmlTreeBuilder.java:150)
	at org.jsoup.parser.HtmlTreeBuilderState$4.anythingElse(HtmlTreeBuilderState.java:195)
	at org.jsoup.parser.HtmlTreeBuilderState$4.process(HtmlTreeBuilderState.java:159)
	at org.jsoup.parser.HtmlTreeBuilder.process(HtmlTreeBuilder.java:150)
	at org.jsoup.parser.HtmlTreeBuilderState$3.process(HtmlTreeBuilderState.java:104)
	at org.jsoup.parser.HtmlTreeBuilder.process(HtmlTreeBuilder.java:150)
	at org.jsoup.parser.HtmlTreeBuilderState$2.anythingElse(HtmlTreeBuilderState.java:78)
	at org.jsoup.parser.HtmlTreeBuilderState$2.process(HtmlTreeBuilderState.java:70)
	at org.jsoup.parser.HtmlTreeBuilder.process(HtmlTreeBuilder.java:150)
	at org.jsoup.parser.HtmlTreeBuilderState$1.process(HtmlTreeBuilderState.java:47)
	at org.jsoup.parser.HtmlTreeBuilder.process(HtmlTreeBuilder.java:150)
	at org.jsoup.parser.TreeBuilder.stepParser(TreeBuilder.java:125)
	at org.jsoup.parser.TreeBuilder.runParser(TreeBuilder.java:106)
	at org.jsoup.parser.TreeBuilder.parse(TreeBuilder.java:77)
	at org.jsoup.parser.Parser.parse(Parser.java:264)
	at org.jsoup.Jsoup.parse(Jsoup.java:78)
	at org.jsoup.select.ElementsTest.forms(ElementsTest.java:295)
	at java.base/java.lang.reflect.Method.invoke(Method.java:580)
	at java.base/java.util.ArrayList.forEach(ArrayList.java:1597)
	at java.base/java.util.ArrayList.forEach(ArrayList.java:1597)
Caused by: java.lang.ExceptionInInitializerError: Exception java.lang.NoSuchMethodError: 'java.lang.String org.jsoup.internal.StringUtil.join(java.lang.String[], java.lang.String)' [in thread "main"]
	at org.jsoup.nodes.FormElement.<clinit>(FormElement.java:25)
	at org.jsoup.parser.HtmlTreeBuilder.createElementFor(HtmlTreeBuilder.java:299)
	at org.jsoup.parser.HtmlTreeBuilder.insertFormElement(HtmlTreeBuilder.java:354)
	at org.jsoup.parser.HtmlTreeBuilderState$7.inBodyStartTag(HtmlTreeBuilderState.java:420)
	at org.jsoup.parser.HtmlTreeBuilderState$7.process(HtmlTreeBuilderState.java:309)
	at org.jsoup.parser.HtmlTreeBuilder.process(HtmlTreeBuilder.java:150)
	at org.jsoup.parser.TreeBuilder.stepParser(TreeBuilder.java:125)
	at org.jsoup.parser.TreeBuilder.runParser(TreeBuilder.java:106)
	at org.jsoup.parser.TreeBuilder.parse(TreeBuilder.java:77)
	at org.jsoup.parser.Parser.parse(Parser.java:264)
	at org.jsoup.Jsoup.parse(Jsoup.java:78)
	at org.jsoup.nodes.FormElementTest.formElementsAreLive(FormElementTest.java:216)
	... 3 more

[ERROR] org.jsoup.select.ElementsTest.classes -- Time elapsed: 0.001 s <<< ERROR!
java.lang.NoSuchMethodError: 'java.lang.String org.jsoup.internal.StringUtil.join(java.util.Collection, java.lang.String)'
	at org.jsoup.nodes.Element.classNames(Element.java:1878)
	at org.jsoup.nodes.Element.addClass(Element.java:1924)
	at org.jsoup.select.Elements.addClass(Elements.java:154)
	at org.jsoup.select.ElementsTest.classes(ElementsTest.java:93)
	at java.base/java.lang.reflect.Method.invoke(Method.java:580)
	at java.base/java.util.ArrayList.forEach(ArrayList.java:1597)
	at java.base/java.util.ArrayList.forEach(ArrayList.java:1597)

[ERROR] org.jsoup.select.ElementsTest.outerHtml -- Time elapsed: 0.001 s <<< ERROR!
java.lang.NoSuchMethodError: 'java.util.stream.Collector org.jsoup.internal.StringUtil.joining(java.lang.String)'
	at org.jsoup.select.Nodes.outerHtml(Nodes.java:109)
	at org.jsoup.select.ElementsTest.outerHtml(ElementsTest.java:139)
	at java.base/java.lang.reflect.Method.invoke(Method.java:580)
	at java.base/java.util.ArrayList.forEach(ArrayList.java:1597)
	at java.base/java.util.ArrayList.forEach(ArrayList.java:1597)

[ERROR] Tests run: 9, Failures: 0, Errors: 1, Skipped: 0, Time elapsed: 0.008 s <<< FAILURE! -- in org.jsoup.parser.HtmlTreeBuilderTest
[ERROR] org.jsoup.parser.HtmlTreeBuilderTest.customRcdataTag -- Time elapsed: 0.001 s <<< ERROR!
java.lang.NoSuchMethodError: 'java.util.stream.Collector org.jsoup.internal.StringUtil.joining(java.lang.String)'
	at org.jsoup.nodes.Element.wholeTextOf(Element.java:1639)
	at org.jsoup.nodes.Element.wholeText(Element.java:1623)
	at org.jsoup.parser.HtmlTreeBuilderTest.customRcdataTag(HtmlTreeBuilderTest.java:118)
	at java.base/java.lang.reflect.Method.invoke(Method.java:580)
	at java.base/java.util.ArrayList.forEach(ArrayList.java:1597)
	at java.base/java.util.ArrayList.forEach(ArrayList.java:1597)

[ERROR] Tests run: 13, Failures: 0, Errors: 1, Skipped: 0, Time elapsed: 0.009 s <<< FAILURE! -- in org.jsoup.parser.TagSetTest
[ERROR] org.jsoup.parser.TagSetTest.customTextBoundaryTagsAffectTextExtraction -- Time elapsed: 0.001 s <<< ERROR!
java.lang.NoSuchMethodError: 'java.util.stream.Collector org.jsoup.internal.StringUtil.joining(java.lang.String)'
	at org.jsoup.nodes.Element.wholeTextOf(Element.java:1639)
	at org.jsoup.nodes.Element.wholeText(Element.java:1623)
	at org.jsoup.parser.TagSetTest.customTextBoundaryTagsAffectTextExtraction(TagSetTest.java:169)
	at java.base/java.lang.reflect.Method.invoke(Method.java:580)
	at java.base/java.util.ArrayList.forEach(ArrayList.java:1597)
	at java.base/java.util.ArrayList.forEach(ArrayList.java:1597)

[ERROR] Tests run: 6, Failures: 0, Errors: 1, Skipped: 0, Time elapsed: 0.004 s <<< FAILURE! -- in org.jsoup.parser.ParserTest
[ERROR] org.jsoup.parser.ParserTest.testUtf8 -- Time elapsed: 0.001 s <<< ERROR!
java.lang.NoSuchMethodError: 'java.util.stream.Collector org.jsoup.internal.StringUtil.joining(java.lang.String)'
	at org.jsoup.nodes.Element.wholeTextOf(Element.java:1639)
	at org.jsoup.nodes.Element.wholeText(Element.java:1623)
	at org.jsoup.parser.ParserTest.testUtf8(ParserTest.java:58)
	at java.base/java.lang.reflect.Method.invoke(Method.java:580)
	at java.base/java.util.ArrayList.forEach(ArrayList.java:1597)
	at java.base/java.util.ArrayList.forEach(ArrayList.java:1597)

[ERROR] Tests run: 216, Failures: 0, Errors: 14, Skipped: 0, Time elapsed: 0.013 s <<< FAILURE! -- in org.jsoup.parser.HtmlParserTest$DeepHtmlTrees
[ERROR] org.jsoup.parser.HtmlParserTest.testSupportsPartiallyNonAsciiTags -- Time elapsed: 0 s <<< ERROR!
java.lang.NoSuchMethodError: 'java.util.stream.Collector org.jsoup.internal.StringUtil.joining(java.lang.String)'
	at org.jsoup.select.Elements.text(Elements.java:232)
	at org.jsoup.parser.HtmlParserTest.testSupportsPartiallyNonAsciiTags(HtmlParserTest.java:1130)
	at java.base/java.lang.reflect.Method.invoke(Method.java:580)
	at java.base/java.util.ArrayList.forEach(ArrayList.java:1597)
	at java.base/java.util.ArrayList.forEach(ArrayList.java:1597)

[ERROR] org.jsoup.parser.HtmlParserTest.handlesXmlDeclAndCommentsBeforeDoctype -- Time elapsed: 0.001 s <<< ERROR!
java.lang.NoSuchMethodError: 'java.util.stream.Collector org.jsoup.internal.StringUtil.joining(java.lang.String)'
	at org.jsoup.select.Elements.text(Elements.java:232)
	at org.jsoup.parser.HtmlParserTest.handlesXmlDeclAndCommentsBeforeDoctype(HtmlParserTest.java:1314)
	at java.base/java.lang.reflect.Method.invoke(Method.java:580)
	at java.base/java.util.ArrayList.forEach(ArrayList.java:1597)
	at java.base/java.util.ArrayList.forEach(ArrayList.java:1597)

[ERROR] org.jsoup.parser.HtmlParserTest.testSupportsNonAsciiTags -- Time elapsed: 0.001 s <<< ERROR!
java.lang.NoSuchMethodError: 'java.util.stream.Collector org.jsoup.internal.StringUtil.joining(java.lang.String)'
	at org.jsoup.select.Elements.text(Elements.java:232)
	at org.jsoup.parser.HtmlParserTest.testSupportsNonAsciiTags(HtmlParserTest.java:1121)
	at java.base/java.lang.reflect.Method.invoke(Method.java:580)
	at java.base/java.util.ArrayList.forEach(ArrayList.java:1597)
	at java.base/java.util.ArrayList.forEach(ArrayList.java:1597)

[ERROR] org.jsoup.parser.HtmlParserTest.dropsDuplicateAttributes(String, String)[3] -- Time elapsed: 0.001 s <<< ERROR!
java.lang.NoClassDefFoundError: Could not initialize class org.jsoup.nodes.FormElement
	at org.jsoup.parser.HtmlTreeBuilder.createElementFor(HtmlTreeBuilder.java:299)
	at org.jsoup.parser.HtmlTreeBuilder.insertFormElement(HtmlTreeBuilder.java:354)
	at org.jsoup.parser.HtmlTreeBuilderState$7.inBodyStartTag(HtmlTreeBuilderState.java:420)
	at org.jsoup.parser.HtmlTreeBuilderState$7.process(HtmlTreeBuilderState.java:309)
	at org.jsoup.parser.HtmlTreeBuilder.process(HtmlTreeBuilder.java:150)
	at org.jsoup.parser.HtmlTreeBuilderState$6.anythingElse(HtmlTreeBuilderState.java:282)
	at org.jsoup.parser.HtmlTreeBuilderState$6.process(HtmlTreeBuilderState.java:260)
	at org.jsoup.parser.HtmlTreeBuilder.process(HtmlTreeBuilder.java:150)
	at org.jsoup.parser.HtmlTreeBuilderState$4.anythingElse(HtmlTreeBuilderState.java:195)
	at org.jsoup.parser.HtmlTreeBuilderState$4.process(HtmlTreeBuilderState.java:159)
	at org.jsoup.parser.HtmlTreeBuilder.process(HtmlTreeBuilder.java:150)
	at org.jsoup.parser.HtmlTreeBuilderState$3.process(HtmlTreeBuilderState.java:104)
	at org.jsoup.parser.HtmlTreeBuilder.process(HtmlTreeBuilder.java:150)
	at org.jsoup.parser.HtmlTreeBuilderState$2.anythingElse(HtmlTreeBuilderState.java:78)
	at org.jsoup.parser.HtmlTreeBuilderState$2.process(HtmlTreeBuilderState.java:70)
	at org.jsoup.parser.HtmlTreeBuilder.process(HtmlTreeBuilder.java:150)
	at org.jsoup.parser.HtmlTreeBuilderState$1.process(HtmlTreeBuilderState.java:47)
	at org.jsoup.parser.HtmlTreeBuilder.process(HtmlTreeBuilder.java:150)
	at org.jsoup.parser.TreeBuilder.stepParser(TreeBuilder.java:125)
	at org.jsoup.parser.TreeBuilder.runParser(TreeBuilder.java:106)
	at org.jsoup.parser.TreeBuilder.parse(TreeBuilder.java:77)
	at org.jsoup.parser.Parser.parseInput(Parser.java:91)
	at org.jsoup.parser.Parser.parseInput(Parser.java:77)
	at org.jsoup.parser.HtmlParserTest.dropsDuplicateAttributes(HtmlParserTest.java:57)
	at java.base/java.lang.reflect.Method.invoke(Method.java:580)
	at java.base/java.util.Optional.ifPresent(Optional.java:178)
	at java.base/java.util.stream.ForEachOps$ForEachOp$OfRef.accept(ForEachOps.java:184)
	at java.base/java.util.stream.ReferencePipeline$3$1.accept(ReferencePipeline.java:215)
	at java.base/java.util.stream.ForEachOps$ForEachOp$OfRef.accept(ForEachOps.java:184)
	at java.base/java.util.stream.ForEachOps$ForEachOp$OfRef.accept(ForEachOps.java:184)
	at java.base/java.util.stream.ReferencePipeline$3$1.accept(ReferencePipeline.java:215)
	at java.base/java.util.Spliterators$ArraySpliterator.forEachRemaining(Spliterators.java:1024)
	at java.base/java.util.stream.ReferencePipeline$Head.forEach(ReferencePipeline.java:807)
	at java.base/java.util.stream.ReferencePipeline$7$1FlatMap.accept(ReferencePipeline.java:294)
	at java.base/java.util.stream.ReferencePipeline$3$1.accept(ReferencePipeline.java:215)
	at java.base/java.util.stream.ReferencePipeline$3$1.accept(ReferencePipeline.java:215)
	at java.base/java.util.stream.ReferencePipeline$3$1.accept(ReferencePipeline.java:215)
	at java.base/java.util.Spliterators$ArraySpliterator.forEachRemaining(Spliterators.java:1024)
	at java.base/java.util.stream.AbstractPipeline.copyInto(AbstractPipeline.java:570)
	at java.base/java.util.stream.AbstractPipeline.wrapAndCopyInto(AbstractPipeline.java:560)
	at java.base/java.util.stream.ForEachOps$ForEachOp.evaluateSequential(ForEachOps.java:151)
	at java.base/java.util.stream.ForEachOps$ForEachOp$OfRef.evaluateSequential(ForEachOps.java:174)
	at java.base/java.util.stream.AbstractPipeline.evaluate(AbstractPipeline.java:265)
	at java.base/java.util.stream.ReferencePipeline.forEach(ReferencePipeline.java:636)
	at java.base/java.util.stream.ReferencePipeline$7$1FlatMap.accept(ReferencePipeline.java:294)
	at java.base/java.util.ArrayList$ArrayListSpliterator.forEachRemaining(ArrayList.java:1709)
	at java.base/java.util.stream.AbstractPipeline.copyInto(AbstractPipeline.java:570)
	at java.base/java.util.stream.AbstractPipeline.wrapAndCopyInto(AbstractPipeline.java:560)
	at java.base/java.util.stream.ForEachOps$ForEachOp.evaluateSequential(ForEachOps.java:151)
	at java.base/java.util.stream.ForEachOps$ForEachOp$OfRef.evaluateSequential(ForEachOps.java:174)
	at java.base/java.util.stream.AbstractPipeline.evaluate(AbstractPipeline.java:265)
	at java.base/java.util.stream.ReferencePipeline.forEach(ReferencePipeline.java:636)
	at java.base/java.util.stream.ReferencePipeline$7$1FlatMap.accept(ReferencePipeline.java:294)
	at java.base/java.util.stream.ReferencePipeline$3$1.accept(ReferencePipeline.java:215)
	at java.base/java.util.stream.ReferencePipeline$3$1.accept(ReferencePipeline.java:215)
	at java.base/java.util.stream.ReferencePipeline$3$1.accept(ReferencePipeline.java:215)
	at java.base/java.util.ArrayList$ArrayListSpliterator.forEachRemaining(ArrayList.java:1709)
	at java.base/java.util.stream.AbstractPipeline.copyInto(AbstractPipeline.java:570)
	at java.base/java.util.stream.AbstractPipeline.wrapAndCopyInto(AbstractPipeline.java:560)
	at java.base/java.util.stream.ForEachOps$ForEachOp.evaluateSequential(ForEachOps.java:151)
	at java.base/java.util.stream.ForEachOps$ForEachOp$OfRef.evaluateSequential(ForEachOps.java:174)
	at java.base/java.util.stream.AbstractPipeline.evaluate(AbstractPipeline.java:265)
	at java.base/java.util.stream.ReferencePipeline.forEach(ReferencePipeline.java:636)
	at java.base/java.util.ArrayList.forEach(ArrayList.java:1597)
	at java.base/java.util.ArrayList.forEach(ArrayList.java:1597)
Caused by: java.lang.ExceptionInInitializerError: Exception java.lang.NoSuchMethodError: 'java.lang.String org.jsoup.internal.StringUtil.join(java.lang.String[], java.lang.String)' [in thread "main"]
	at org.jsoup.nodes.FormElement.<clinit>(FormElement.java:25)
	at org.jsoup.parser.HtmlTreeBuilder.createElementFor(HtmlTreeBuilder.java:299)
	at org.jsoup.parser.HtmlTreeBuilder.insertFormElement(HtmlTreeBuilder.java:354)
	at org.jsoup.parser.HtmlTreeBuilderState$7.inBodyStartTag(HtmlTreeBuilderState.java:420)
	at org.jsoup.parser.HtmlTreeBuilderState$7.process(HtmlTreeBuilderState.java:309)
	at org.jsoup.parser.HtmlTreeBuilder.process(HtmlTreeBuilder.java:150)
	at org.jsoup.parser.TreeBuilder.stepParser(TreeBuilder.java:125)
	at org.jsoup.parser.TreeBuilder.runParser(TreeBuilder.java:106)
	at org.jsoup.parser.TreeBuilder.parse(TreeBuilder.java:77)
	at org.jsoup.parser.Parser.parse(Parser.java:264)
	at org.jsoup.Jsoup.parse(Jsoup.java:78)
	at org.jsoup.nodes.FormElementTest.formElementsAreLive(FormElementTest.java:216)
	at java.base/java.lang.reflect.Method.invoke(Method.java:580)
	... 2 more

[ERROR] org.jsoup.parser.HtmlParserTest.largeTextareaContents -- Time elapsed: 0.007 s <<< ERROR!
java.lang.NoSuchMethodError: 'java.util.stream.Collector org.jsoup.internal.StringUtil.joining(java.lang.String)'
	at org.jsoup.nodes.Element.wholeTextOf(Element.java:1639)
	at org.jsoup.nodes.Element.wholeText(Element.java:1623)
	at org.jsoup.parser.HtmlParserTest.largeTextareaContents(HtmlParserTest.java:1835)
	at java.base/java.lang.reflect.Method.invoke(Method.java:580)
	at java.base/java.util.ArrayList.forEach(ArrayList.java:1597)
	at java.base/java.util.ArrayList.forEach(ArrayList.java:1597)

[ERROR] org.jsoup.parser.HtmlParserTest.createsFormElements -- Time elapsed: 0.001 s <<< ERROR!
java.lang.NoClassDefFoundError: Could not initialize class org.jsoup.nodes.FormElement
	at org.jsoup.parser.HtmlTreeBuilder.createElementFor(HtmlTreeBuilder.java:299)
	at org.jsoup.parser.HtmlTreeBuilder.insertFormElement(HtmlTreeBuilder.java:354)
	at org.jsoup.parser.HtmlTreeBuilderState$7.inBodyStartTag(HtmlTreeBuilderState.java:420)
	at org.jsoup.parser.HtmlTreeBuilderState$7.process(HtmlTreeBuilderState.java:309)
	at org.jsoup.parser.HtmlTreeBuilder.process(HtmlTreeBuilder.java:150)
	at org.jsoup.parser.TreeBuilder.stepParser(TreeBuilder.java:125)
	at org.jsoup.parser.TreeBuilder.runParser(TreeBuilder.java:106)
	at org.jsoup.parser.TreeBuilder.parse(TreeBuilder.java:77)
	at org.jsoup.parser.Parser.parse(Parser.java:264)
	at org.jsoup.Jsoup.parse(Jsoup.java:78)
	at org.jsoup.parser.HtmlParserTest.createsFormElements(HtmlParserTest.java:1004)
	at java.base/java.lang.reflect.Method.invoke(Method.java:580)
	at java.base/java.util.ArrayList.forEach(ArrayList.java:1597)
	at java.base/java.util.ArrayList.forEach(ArrayList.java:1597)
Caused by: java.lang.ExceptionInInitializerError: Exception java.lang.NoSuchMethodError: 'java.lang.String org.jsoup.internal.StringUtil.join(java.lang.String[], java.lang.String)' [in thread "main"]
	at org.jsoup.nodes.FormElement.<clinit>(FormElement.java:25)
	at org.jsoup.parser.HtmlTreeBuilder.createElementFor(HtmlTreeBuilder.java:299)
	at org.jsoup.parser.HtmlTreeBuilder.insertFormElement(HtmlTreeBuilder.java:354)
	at org.jsoup.parser.HtmlTreeBuilderState$7.inBodyStartTag(HtmlTreeBuilderState.java:420)
	at org.jsoup.parser.HtmlTreeBuilderState$7.process(HtmlTreeBuilderState.java:309)
	at org.jsoup.parser.HtmlTreeBuilder.process(HtmlTreeBuilder.java:150)
	at org.jsoup.parser.TreeBuilder.stepParser(TreeBuilder.java:125)
	at org.jsoup.parser.TreeBuilder.runParser(TreeBuilder.java:106)
	at org.jsoup.parser.TreeBuilder.parse(TreeBuilder.java:77)
	at org.jsoup.parser.Parser.parse(Parser.java:264)
	at org.jsoup.Jsoup.parse(Jsoup.java:78)
	at org.jsoup.nodes.FormElementTest.formElementsAreLive(FormElementTest.java:216)
	... 3 more

[ERROR] org.jsoup.parser.HtmlParserTest.wholeTextTreatsBRasNewline -- Time elapsed: 0 s <<< ERROR!
java.lang.NoSuchMethodError: 'java.util.stream.Collector org.jsoup.internal.StringUtil.joining(java.lang.String)'
	at org.jsoup.nodes.Element.wholeTextOf(Element.java:1639)
	at org.jsoup.nodes.Element.wholeText(Element.java:1623)
	at org.jsoup.parser.HtmlParserTest.wholeTextTreatsBRasNewline(HtmlParserTest.java:1502)
	at java.base/java.lang.reflect.Method.invoke(Method.java:580)
	at java.base/java.util.ArrayList.forEach(ArrayList.java:1597)
	at java.base/java.util.ArrayList.forEach(ArrayList.java:1597)

[ERROR] org.jsoup.parser.HtmlParserTest.associatedFormControlsWithDisjointForms -- Time elapsed: 0.001 s <<< ERROR!
java.lang.NoClassDefFoundError: Could not initialize class org.jsoup.nodes.FormElement
	at org.jsoup.parser.HtmlTreeBuilder.createElementFor(HtmlTreeBuilder.java:299)
	at org.jsoup.parser.HtmlTreeBuilder.insertFormElement(HtmlTreeBuilder.java:354)
	at org.jsoup.parser.HtmlTreeBuilderState$9.process(HtmlTreeBuilderState.java:1070)
	at org.jsoup.parser.HtmlTreeBuilder.process(HtmlTreeBuilder.java:225)
	at org.jsoup.parser.HtmlTreeBuilderState$14.anythingElse(HtmlTreeBuilderState.java:1384)
	at org.jsoup.parser.HtmlTreeBuilderState$14.process(HtmlTreeBuilderState.java:1335)
	at org.jsoup.parser.HtmlTreeBuilder.process(HtmlTreeBuilder.java:150)
	at org.jsoup.parser.TreeBuilder.stepParser(TreeBuilder.java:125)
	at org.jsoup.parser.TreeBuilder.runParser(TreeBuilder.java:106)
	at org.jsoup.parser.TreeBuilder.parse(TreeBuilder.java:77)
	at org.jsoup.parser.Parser.parse(Parser.java:264)
	at org.jsoup.Jsoup.parse(Jsoup.java:78)
	at org.jsoup.parser.HtmlParserTest.associatedFormControlsWithDisjointForms(HtmlParserTest.java:1018)
	at java.base/java.lang.reflect.Method.invoke(Method.java:580)
	at java.base/java.util.ArrayList.forEach(ArrayList.java:1597)
	at java.base/java.util.ArrayList.forEach(ArrayList.java:1597)
Caused by: java.lang.ExceptionInInitializerError: Exception java.lang.NoSuchMethodError: 'java.lang.String org.jsoup.internal.StringUtil.join(java.lang.String[], java.lang.String)' [in thread "main"]
	at org.jsoup.nodes.FormElement.<clinit>(FormElement.java:25)
	at org.jsoup.parser.HtmlTreeBuilder.createElementFor(HtmlTreeBuilder.java:299)
	at org.jsoup.parser.HtmlTreeBuilder.insertFormElement(HtmlTreeBuilder.java:354)
	at org.jsoup.parser.HtmlTreeBuilderState$7.inBodyStartTag(HtmlTreeBuilderState.java:420)
	at org.jsoup.parser.HtmlTreeBuilderState$7.process(HtmlTreeBuilderState.java:309)
	at org.jsoup.parser.HtmlTreeBuilder.process(HtmlTreeBuilder.java:150)
	at org.jsoup.parser.TreeBuilder.stepParser(TreeBuilder.java:125)
	at org.jsoup.parser.TreeBuilder.runParser(TreeBuilder.java:106)
	at org.jsoup.parser.TreeBuilder.parse(TreeBuilder.java:77)
	at org.jsoup.parser.Parser.parse(Parser.java:264)
	at org.jsoup.Jsoup.parse(Jsoup.java:78)
	at org.jsoup.nodes.FormElementTest.formElementsAreLive(FormElementTest.java:216)
	... 3 more

[ERROR] org.jsoup.parser.HtmlParserTest.preservesTabs -- Time elapsed: 0.001 s <<< ERROR!
java.lang.NoSuchMethodError: 'java.util.stream.Collector org.jsoup.internal.StringUtil.joining(java.lang.String)'
	at org.jsoup.nodes.Element.wholeTextOf(Element.java:1639)
	at org.jsoup.nodes.Element.wholeText(Element.java:1623)
	at org.jsoup.parser.HtmlParserTest.preservesTabs(HtmlParserTest.java:1488)
	at java.base/java.lang.reflect.Method.invoke(Method.java:580)
	at java.base/java.util.ArrayList.forEach(ArrayList.java:1597)
	at java.base/java.util.ArrayList.forEach(ArrayList.java:1597)

[ERROR] org.jsoup.parser.HtmlParserTest.handlesTextArea -- Time elapsed: 0.001 s <<< ERROR!
java.lang.NoSuchMethodError: 'java.util.stream.Collector org.jsoup.internal.StringUtil.joining(java.lang.String)'
	at org.jsoup.select.Elements.text(Elements.java:232)
	at org.jsoup.parser.HtmlParserTest.handlesTextArea(HtmlParserTest.java:234)
	at java.base/java.lang.reflect.Method.invoke(Method.java:580)
	at java.base/java.util.ArrayList.forEach(ArrayList.java:1597)
	at java.base/java.util.ArrayList.forEach(ArrayList.java:1597)

[ERROR] org.jsoup.parser.HtmlParserTest.preSkipsFirstNewline -- Time elapsed: 0 s <<< ERROR!
java.lang.NoSuchMethodError: 'java.util.stream.Collector org.jsoup.internal.StringUtil.joining(java.lang.String)'
	at org.jsoup.nodes.Element.wholeTextOf(Element.java:1639)
	at org.jsoup.nodes.Element.wholeText(Element.java:1623)
	at org.jsoup.parser.HtmlParserTest.preSkipsFirstNewline(HtmlParserTest.java:1289)
	at java.base/java.lang.reflect.Method.invoke(Method.java:580)
	at java.base/java.util.ArrayList.forEach(ArrayList.java:1597)
	at java.base/java.util.ArrayList.forEach(ArrayList.java:1597)

[ERROR] org.jsoup.parser.HtmlParserTest.testUsingSingleQuotesInQueries -- Time elapsed: 0.001 s <<< ERROR!
java.lang.NoSuchMethodError: 'java.util.stream.Collector org.jsoup.internal.StringUtil.joining(java.lang.String)'
	at org.jsoup.select.Elements.text(Elements.java:232)
	at org.jsoup.parser.HtmlParserTest.testUsingSingleQuotesInQueries(HtmlParserTest.java:1114)
	at java.base/java.lang.reflect.Method.invoke(Method.java:580)
	at java.base/java.util.ArrayList.forEach(ArrayList.java:1597)
	at java.base/java.util.ArrayList.forEach(ArrayList.java:1597)

[ERROR] org.jsoup.parser.HtmlParserTest.testHtmlLowerCaseAttributesForm -- Time elapsed: 0.001 s <<< ERROR!
java.lang.NoClassDefFoundError: Could not initialize class org.jsoup.nodes.FormElement
	at org.jsoup.parser.HtmlTreeBuilder.createElementFor(HtmlTreeBuilder.java:299)
	at org.jsoup.parser.HtmlTreeBuilder.insertFormElement(HtmlTreeBuilder.java:354)
	at org.jsoup.parser.HtmlTreeBuilderState$7.inBodyStartTag(HtmlTreeBuilderState.java:420)
	at org.jsoup.parser.HtmlTreeBuilderState$7.process(HtmlTreeBuilderState.java:309)
	at org.jsoup.parser.HtmlTreeBuilder.process(HtmlTreeBuilder.java:150)
	at org.jsoup.parser.HtmlTreeBuilderState$6.anythingElse(HtmlTreeBuilderState.java:282)
	at org.jsoup.parser.HtmlTreeBuilderState$6.process(HtmlTreeBuilderState.java:260)
	at org.jsoup.parser.HtmlTreeBuilder.process(HtmlTreeBuilder.java:150)
	at org.jsoup.parser.HtmlTreeBuilderState$4.anythingElse(HtmlTreeBuilderState.java:195)
	at org.jsoup.parser.HtmlTreeBuilderState$4.process(HtmlTreeBuilderState.java:159)
	at org.jsoup.parser.HtmlTreeBuilder.process(HtmlTreeBuilder.java:150)
	at org.jsoup.parser.HtmlTreeBuilderState$3.process(HtmlTreeBuilderState.java:104)
	at org.jsoup.parser.HtmlTreeBuilder.process(HtmlTreeBuilder.java:150)
	at org.jsoup.parser.HtmlTreeBuilderState$2.anythingElse(HtmlTreeBuilderState.java:78)
	at org.jsoup.parser.HtmlTreeBuilderState$2.process(HtmlTreeBuilderState.java:70)
	at org.jsoup.parser.HtmlTreeBuilder.process(HtmlTreeBuilder.java:150)
	at org.jsoup.parser.HtmlTreeBuilderState$1.process(HtmlTreeBuilderState.java:47)
	at org.jsoup.parser.HtmlTreeBuilder.process(HtmlTreeBuilder.java:150)
	at org.jsoup.parser.TreeBuilder.stepParser(TreeBuilder.java:125)
	at org.jsoup.parser.TreeBuilder.runParser(TreeBuilder.java:106)
	at org.jsoup.parser.TreeBuilder.parse(TreeBuilder.java:77)
	at org.jsoup.parser.Parser.parse(Parser.java:264)
	at org.jsoup.Jsoup.parse(Jsoup.java:78)
	at org.jsoup.parser.HtmlParserTest.testHtmlLowerCaseAttributesForm(HtmlParserTest.java:1164)
	at java.base/java.lang.reflect.Method.invoke(Method.java:580)
	at java.base/java.util.ArrayList.forEach(ArrayList.java:1597)
	at java.base/java.util.ArrayList.forEach(ArrayList.java:1597)
Caused by: java.lang.ExceptionInInitializerError: Exception java.lang.NoSuchMethodError: 'java.lang.String org.jsoup.internal.StringUtil.join(java.lang.String[], java.lang.String)' [in thread "main"]
	at org.jsoup.nodes.FormElement.<clinit>(FormElement.java:25)
	at org.jsoup.parser.HtmlTreeBuilder.createElementFor(HtmlTreeBuilder.java:299)
	at org.jsoup.parser.HtmlTreeBuilder.insertFormElement(HtmlTreeBuilder.java:354)
	at org.jsoup.parser.HtmlTreeBuilderState$7.inBodyStartTag(HtmlTreeBuilderState.java:420)
	at org.jsoup.parser.HtmlTreeBuilderState$7.process(HtmlTreeBuilderState.java:309)
	at org.jsoup.parser.HtmlTreeBuilder.process(HtmlTreeBuilder.java:150)
	at org.jsoup.parser.TreeBuilder.stepParser(TreeBuilder.java:125)
	at org.jsoup.parser.TreeBuilder.runParser(TreeBuilder.java:106)
	at org.jsoup.parser.TreeBuilder.parse(TreeBuilder.java:77)
	at org.jsoup.parser.Parser.parse(Parser.java:264)
	at org.jsoup.Jsoup.parse(Jsoup.java:78)
	at org.jsoup.nodes.FormElementTest.formElementsAreLive(FormElementTest.java:216)
	... 3 more

[ERROR] org.jsoup.parser.HtmlParserTest.formControlsDetachWhenFormTrimmed -- Time elapsed: 0.001 s <<< ERROR!
java.lang.NoClassDefFoundError: Could not initialize class org.jsoup.nodes.FormElement
	at org.jsoup.parser.HtmlTreeBuilder.createElementFor(HtmlTreeBuilder.java:299)
	at org.jsoup.parser.HtmlTreeBuilder.insertFormElement(HtmlTreeBuilder.java:354)
	at org.jsoup.parser.HtmlTreeBuilderState$7.inBodyStartTag(HtmlTreeBuilderState.java:420)
	at org.jsoup.parser.HtmlTreeBuilderState$7.process(HtmlTreeBuilderState.java:309)
	at org.jsoup.parser.HtmlTreeBuilder.process(HtmlTreeBuilder.java:150)
	at org.jsoup.parser.HtmlTreeBuilderState$6.anythingElse(HtmlTreeBuilderState.java:282)
	at org.jsoup.parser.HtmlTreeBuilderState$6.process(HtmlTreeBuilderState.java:260)
	at org.jsoup.parser.HtmlTreeBuilder.process(HtmlTreeBuilder.java:150)
	at org.jsoup.parser.HtmlTreeBuilderState$4.anythingElse(HtmlTreeBuilderState.java:195)
	at org.jsoup.parser.HtmlTreeBuilderState$4.process(HtmlTreeBuilderState.java:159)
	at org.jsoup.parser.HtmlTreeBuilder.process(HtmlTreeBuilder.java:150)
	at org.jsoup.parser.HtmlTreeBuilderState$3.process(HtmlTreeBuilderState.java:104)
	at org.jsoup.parser.HtmlTreeBuilder.process(HtmlTreeBuilder.java:150)
	at org.jsoup.parser.HtmlTreeBuilderState$2.anythingElse(HtmlTreeBuilderState.java:78)
	at org.jsoup.parser.HtmlTreeBuilderState$2.process(HtmlTreeBuilderState.java:70)
	at org.jsoup.parser.HtmlTreeBuilder.process(HtmlTreeBuilder.java:150)
	at org.jsoup.parser.HtmlTreeBuilderState$1.process(HtmlTreeBuilderState.java:47)
	at org.jsoup.parser.HtmlTreeBuilder.process(HtmlTreeBuilder.java:150)
	at org.jsoup.parser.TreeBuilder.stepParser(TreeBuilder.java:125)
	at org.jsoup.parser.TreeBuilder.runParser(TreeBuilder.java:106)
	at org.jsoup.parser.TreeBuilder.parse(TreeBuilder.java:77)
	at org.jsoup.parser.Parser.parseInput(Parser.java:91)
	at org.jsoup.parser.Parser.parseInput(Parser.java:77)
	at org.jsoup.Jsoup.parse(Jsoup.java:51)
	at org.jsoup.parser.HtmlParserTest$DeepHtmlTrees.formControlsDetachWhenFormTrimmed(HtmlParserTest.java:2310)
	at java.base/java.lang.reflect.Method.invoke(Method.java:580)
	at java.base/java.util.ArrayList.forEach(ArrayList.java:1597)
	at java.base/java.util.ArrayList.forEach(ArrayList.java:1597)
	at java.base/java.util.ArrayList.forEach(ArrayList.java:1597)
Caused by: java.lang.ExceptionInInitializerError: Exception java.lang.NoSuchMethodError: 'java.lang.String org.jsoup.internal.StringUtil.join(java.lang.String[], java.lang.String)' [in thread "main"]
	at org.jsoup.nodes.FormElement.<clinit>(FormElement.java:25)
	at org.jsoup.parser.HtmlTreeBuilder.createElementFor(HtmlTreeBuilder.java:299)
	at org.jsoup.parser.HtmlTreeBuilder.insertFormElement(HtmlTreeBuilder.java:354)
	at org.jsoup.parser.HtmlTreeBuilderState$7.inBodyStartTag(HtmlTreeBuilderState.java:420)
	at org.jsoup.parser.HtmlTreeBuilderState$7.process(HtmlTreeBuilderState.java:309)
	at org.jsoup.parser.HtmlTreeBuilder.process(HtmlTreeBuilder.java:150)
	at org.jsoup.parser.TreeBuilder.stepParser(TreeBuilder.java:125)
	at org.jsoup.parser.TreeBuilder.runParser(TreeBuilder.java:106)
	at org.jsoup.parser.TreeBuilder.parse(TreeBuilder.java:77)
	at org.jsoup.parser.Parser.parse(Parser.java:264)
	at org.jsoup.Jsoup.parse(Jsoup.java:78)
	at org.jsoup.nodes.FormElementTest.formElementsAreLive(FormElementTest.java:216)
	at java.base/java.lang.reflect.Method.invoke(Method.java:580)
	... 2 more

[ERROR] Tests run: 53, Failures: 0, Errors: 2, Skipped: 0, Time elapsed: 0.027 s <<< FAILURE! -- in org.jsoup.parser.XmlTreeBuilderTest
[ERROR] org.jsoup.parser.XmlTreeBuilderTest.handlesDodgyXmlDecl -- Time elapsed: 0.001 s <<< ERROR!
java.lang.NoSuchMethodError: 'java.util.stream.Collector org.jsoup.internal.StringUtil.joining(java.lang.String)'
	at org.jsoup.select.Elements.text(Elements.java:232)
	at org.jsoup.parser.XmlTreeBuilderTest.handlesDodgyXmlDecl(XmlTreeBuilderTest.java:229)
	at java.base/java.lang.reflect.Method.invoke(Method.java:580)
	at java.base/java.util.ArrayList.forEach(ArrayList.java:1597)
	at java.base/java.util.ArrayList.forEach(ArrayList.java:1597)

[ERROR] org.jsoup.parser.XmlTreeBuilderTest.canSetCustomRcdataTag -- Time elapsed: 0.001 s <<< ERROR!
java.lang.NoSuchMethodError: 'java.util.stream.Collector org.jsoup.internal.StringUtil.joining(java.lang.String)'
	at org.jsoup.nodes.Element.wholeTextOf(Element.java:1639)
	at org.jsoup.nodes.Element.wholeText(Element.java:1623)
	at org.jsoup.parser.XmlTreeBuilderTest.canSetCustomRcdataTag(XmlTreeBuilderTest.java:465)
	at java.base/java.lang.reflect.Method.invoke(Method.java:580)
	at java.base/java.util.ArrayList.forEach(ArrayList.java:1597)
	at java.base/java.util.ArrayList.forEach(ArrayList.java:1597)

[ERROR] Tests run: 21, Failures: 0, Errors: 5, Skipped: 0, Time elapsed: 0.014 s <<< FAILURE! -- in org.jsoup.parser.TokeniserStateTest
[ERROR] org.jsoup.parser.TokeniserStateTest.testEndTagOpen -- Time elapsed: 0.001 s <<< ERROR!
java.lang.NoSuchMethodError: 'java.util.stream.Collector org.jsoup.internal.StringUtil.joining(java.lang.String)'
	at org.jsoup.select.Elements.text(Elements.java:232)
	at org.jsoup.parser.TokeniserStateTest.testEndTagOpen(TokeniserStateTest.java:63)
	at java.base/java.lang.reflect.Method.invoke(Method.java:580)
	at java.base/java.util.ArrayList.forEach(ArrayList.java:1597)
	at java.base/java.util.ArrayList.forEach(ArrayList.java:1597)

[ERROR] org.jsoup.parser.TokeniserStateTest.testRCDATAEndTagName -- Time elapsed: 0 s <<< ERROR!
java.lang.NoSuchMethodError: 'java.util.stream.Collector org.jsoup.internal.StringUtil.joining(java.lang.String)'
	at org.jsoup.select.Elements.text(Elements.java:232)
	at org.jsoup.parser.TokeniserStateTest.testRCDATAEndTagName(TokeniserStateTest.java:121)
	at java.base/java.lang.reflect.Method.invoke(Method.java:580)
	at java.base/java.util.ArrayList.forEach(ArrayList.java:1597)
	at java.base/java.util.ArrayList.forEach(ArrayList.java:1597)

[ERROR] org.jsoup.parser.TokeniserStateTest.testCharacterReferenceInRcdata -- Time elapsed: 0.001 s <<< ERROR!
java.lang.NoSuchMethodError: 'java.util.stream.Collector org.jsoup.internal.StringUtil.joining(java.lang.String)'
	at org.jsoup.select.Elements.text(Elements.java:232)
	at org.jsoup.parser.TokeniserStateTest.testCharacterReferenceInRcdata(TokeniserStateTest.java:41)
	at java.base/java.lang.reflect.Method.invoke(Method.java:580)
	at java.base/java.util.ArrayList.forEach(ArrayList.java:1597)
	at java.base/java.util.ArrayList.forEach(ArrayList.java:1597)

[ERROR] org.jsoup.parser.TokeniserStateTest.testRcdataLessthanSign -- Time elapsed: 0.001 s <<< ERROR!
java.lang.NoSuchMethodError: 'java.util.stream.Collector org.jsoup.internal.StringUtil.joining(java.lang.String)'
	at org.jsoup.select.Elements.text(Elements.java:232)
	at org.jsoup.parser.TokeniserStateTest.testRcdataLessthanSign(TokeniserStateTest.java:90)
	at java.base/java.lang.reflect.Method.invoke(Method.java:580)
	at java.base/java.util.ArrayList.forEach(ArrayList.java:1597)
	at java.base/java.util.ArrayList.forEach(ArrayList.java:1597)

[ERROR] org.jsoup.parser.TokeniserStateTest.testBeforeTagName -- Time elapsed: 0.001 s <<< ERROR!
java.lang.NoSuchMethodError: 'java.util.stream.Collector org.jsoup.internal.StringUtil.joining(java.lang.String)'
	at org.jsoup.select.Elements.text(Elements.java:232)
	at org.jsoup.parser.TokeniserStateTest.testBeforeTagName(TokeniserStateTest.java:50)
	at java.base/java.lang.reflect.Method.invoke(Method.java:580)
	at java.base/java.util.ArrayList.forEach(ArrayList.java:1597)
	at java.base/java.util.ArrayList.forEach(ArrayList.java:1597)

[ERROR] Tests run: 30, Failures: 0, Errors: 2, Skipped: 0, Time elapsed: 0.051 s <<< FAILURE! -- in org.jsoup.parser.StreamParserTest
[ERROR] org.jsoup.parser.StreamParserTest.canRemoveFromDom -- Time elapsed: 0.001 s <<< ERROR!
java.lang.NoSuchMethodError: 'java.util.stream.Collector org.jsoup.internal.StringUtil.joining(java.lang.String)'
	at org.jsoup.select.Elements.text(Elements.java:232)
	at org.jsoup.parser.StreamParserTest.canRemoveFromDom(StreamParserTest.java:176)
	at java.base/java.lang.reflect.Method.invoke(Method.java:580)
	at java.base/java.util.ArrayList.forEach(ArrayList.java:1597)
	at java.base/java.util.ArrayList.forEach(ArrayList.java:1597)

[ERROR] org.jsoup.parser.StreamParserTest.canRemoveWithIterator -- Time elapsed: 0.001 s <<< ERROR!
java.lang.NoSuchMethodError: 'java.util.stream.Collector org.jsoup.internal.StringUtil.joining(java.lang.String)'
	at org.jsoup.select.Elements.text(Elements.java:232)
	at org.jsoup.parser.StreamParserTest.canRemoveWithIterator(StreamParserTest.java:194)
	at java.base/java.lang.reflect.Method.invoke(Method.java:580)
	at java.base/java.util.ArrayList.forEach(ArrayList.java:1597)
	at java.base/java.util.ArrayList.forEach(ArrayList.java:1597)

[ERROR] Tests run: 5, Failures: 0, Errors: 2, Skipped: 0, Time elapsed: 0.084 s <<< FAILURE! -- in org.jsoup.integration.SessionTest
[ERROR] org.jsoup.integration.SessionTest.testPathScopedCookiesOnRedirect -- Time elapsed: 0.010 s <<< ERROR!
java.lang.NoSuchMethodError: 'java.lang.String org.jsoup.internal.StringUtil.join(java.util.Collection, java.lang.String)'
	at org.jsoup.helper.HttpConnection$Base.header(HttpConnection.java:474)
	at org.jsoup.helper.HttpConnection$Response.header(HttpConnection.java:834)
	at org.jsoup.helper.HttpConnection$Response.execute(HttpConnection.java:905)
	at org.jsoup.helper.HttpConnection$Response.execute(HttpConnection.java:868)
	at org.jsoup.helper.HttpConnection.execute(HttpConnection.java:366)
	at org.jsoup.helper.HttpConnection.get(HttpConnection.java:351)
	at org.jsoup.integration.SessionTest.testPathScopedCookiesOnRedirect(SessionTest.java:107)
	at java.base/java.lang.reflect.Method.invoke(Method.java:580)
	at java.base/java.util.ArrayList.forEach(ArrayList.java:1597)
	at java.base/java.util.ArrayList.forEach(ArrayList.java:1597)

[ERROR] org.jsoup.integration.SessionTest.testPathScopedCookies -- Time elapsed: 0.055 s <<< ERROR!
java.lang.NoSuchMethodError: 'java.lang.String org.jsoup.internal.StringUtil.join(java.util.Collection, java.lang.String)'
	at org.jsoup.helper.CookieUtil.applyCookiesToRequest(CookieUtil.java:65)
	at org.jsoup.helper.HttpClientExecutor.execute(HttpClientExecutor.java:80)
	at org.jsoup.helper.HttpConnection$Response.execute(HttpConnection.java:894)
	at org.jsoup.helper.HttpConnection$Response.execute(HttpConnection.java:868)
	at org.jsoup.helper.HttpConnection.execute(HttpConnection.java:366)
	at org.jsoup.helper.HttpConnection.get(HttpConnection.java:351)
	at org.jsoup.integration.SessionTest.testPathScopedCookies(SessionTest.java:65)
	at java.base/java.lang.reflect.Method.invoke(Method.java:580)
	at java.base/java.util.ArrayList.forEach(ArrayList.java:1597)
	at java.base/java.util.ArrayList.forEach(ArrayList.java:1597)

[ERROR] Tests run: 8, Failures: 0, Errors: 6, Skipped: 0, Time elapsed: 0.020 s <<< FAILURE! -- in org.jsoup.integration.ParseTest
[ERROR] org.jsoup.integration.ParseTest.testXwiki -- Time elapsed: 0.003 s <<< ERROR!
java.lang.NoClassDefFoundError: Could not initialize class org.jsoup.nodes.FormElement
	at org.jsoup.parser.HtmlTreeBuilder.createElementFor(HtmlTreeBuilder.java:299)
	at org.jsoup.parser.HtmlTreeBuilder.insertFormElement(HtmlTreeBuilder.java:354)
	at org.jsoup.parser.HtmlTreeBuilderState$7.inBodyStartTag(HtmlTreeBuilderState.java:420)
	at org.jsoup.parser.HtmlTreeBuilderState$7.process(HtmlTreeBuilderState.java:309)
	at org.jsoup.parser.HtmlTreeBuilder.process(HtmlTreeBuilder.java:150)
	at org.jsoup.parser.TreeBuilder.stepParser(TreeBuilder.java:125)
	at org.jsoup.parser.TreeBuilder.runParser(TreeBuilder.java:106)
	at org.jsoup.parser.TreeBuilder.parse(TreeBuilder.java:77)
	at org.jsoup.parser.Parser.parseInput(Parser.java:91)
	at org.jsoup.helper.DataUtil.parseInputStream(DataUtil.java:334)
	at org.jsoup.helper.DataUtil.parseInputStream(DataUtil.java:230)
	at org.jsoup.helper.DataUtil.load(DataUtil.java:120)
	at org.jsoup.helper.DataUtil.load(DataUtil.java:102)
	at org.jsoup.helper.DataUtil.load(DataUtil.java:69)
	at org.jsoup.Jsoup.parse(Jsoup.java:137)
	at org.jsoup.integration.ParseTest.testXwiki(ParseTest.java:76)
	at java.base/java.lang.reflect.Method.invoke(Method.java:580)
	at java.base/java.util.ArrayList.forEach(ArrayList.java:1597)
	at java.base/java.util.ArrayList.forEach(ArrayList.java:1597)
Caused by: java.lang.ExceptionInInitializerError: Exception java.lang.NoSuchMethodError: 'java.lang.String org.jsoup.internal.StringUtil.join(java.lang.String[], java.lang.String)' [in thread "main"]
	at org.jsoup.nodes.FormElement.<clinit>(FormElement.java:25)
	at org.jsoup.parser.HtmlTreeBuilder.createElementFor(HtmlTreeBuilder.java:299)
	at org.jsoup.parser.HtmlTreeBuilder.insertFormElement(HtmlTreeBuilder.java:354)
	at org.jsoup.parser.HtmlTreeBuilderState$7.inBodyStartTag(HtmlTreeBuilderState.java:420)
	at org.jsoup.parser.HtmlTreeBuilderState$7.process(HtmlTreeBuilderState.java:309)
	at org.jsoup.parser.HtmlTreeBuilder.process(HtmlTreeBuilder.java:150)
	at org.jsoup.parser.TreeBuilder.stepParser(TreeBuilder.java:125)
	at org.jsoup.parser.TreeBuilder.runParser(TreeBuilder.java:106)
	at org.jsoup.parser.TreeBuilder.parse(TreeBuilder.java:77)
	at org.jsoup.parser.Parser.parse(Parser.java:264)
	at org.jsoup.Jsoup.parse(Jsoup.java:78)
	at org.jsoup.nodes.FormElementTest.formElementsAreLive(FormElementTest.java:216)
	... 3 more

[ERROR] org.jsoup.integration.ParseTest.testFileParseNoCharsetMethod -- Time elapsed: 0.002 s <<< ERROR!
java.lang.NoClassDefFoundError: Could not initialize class org.jsoup.nodes.FormElement
	at org.jsoup.parser.HtmlTreeBuilder.createElementFor(HtmlTreeBuilder.java:299)
	at org.jsoup.parser.HtmlTreeBuilder.insertFormElement(HtmlTreeBuilder.java:354)
	at org.jsoup.parser.HtmlTreeBuilderState$7.inBodyStartTag(HtmlTreeBuilderState.java:420)
	at org.jsoup.parser.HtmlTreeBuilderState$7.process(HtmlTreeBuilderState.java:309)
	at org.jsoup.parser.HtmlTreeBuilder.process(HtmlTreeBuilder.java:150)
	at org.jsoup.parser.TreeBuilder.stepParser(TreeBuilder.java:125)
	at org.jsoup.parser.TreeBuilder.runParser(TreeBuilder.java:106)
	at org.jsoup.parser.TreeBuilder.parse(TreeBuilder.java:77)
	at org.jsoup.parser.Parser.parseInput(Parser.java:91)
	at org.jsoup.helper.DataUtil.parseInputStream(DataUtil.java:334)
	at org.jsoup.helper.DataUtil.parseInputStream(DataUtil.java:230)
	at org.jsoup.helper.DataUtil.load(DataUtil.java:120)
	at org.jsoup.helper.DataUtil.load(DataUtil.java:102)
	at org.jsoup.helper.DataUtil.load(DataUtil.java:69)
	at org.jsoup.Jsoup.parse(Jsoup.java:169)
	at org.jsoup.integration.ParseTest.testFileParseNoCharsetMethod(ParseTest.java:124)
	at java.base/java.lang.reflect.Method.invoke(Method.java:580)
	at java.base/java.util.ArrayList.forEach(ArrayList.java:1597)
	at java.base/java.util.ArrayList.forEach(ArrayList.java:1597)
Caused by: java.lang.ExceptionInInitializerError: Exception java.lang.NoSuchMethodError: 'java.lang.String org.jsoup.internal.StringUtil.join(java.lang.String[], java.lang.String)' [in thread "main"]
	at org.jsoup.nodes.FormElement.<clinit>(FormElement.java:25)
	at org.jsoup.parser.HtmlTreeBuilder.createElementFor(HtmlTreeBuilder.java:299)
	at org.jsoup.parser.HtmlTreeBuilder.insertFormElement(HtmlTreeBuilder.java:354)
	at org.jsoup.parser.HtmlTreeBuilderState$7.inBodyStartTag(HtmlTreeBuilderState.java:420)
	at org.jsoup.parser.HtmlTreeBuilderState$7.process(HtmlTreeBuilderState.java:309)
	at org.jsoup.parser.HtmlTreeBuilder.process(HtmlTreeBuilder.java:150)
	at org.jsoup.parser.TreeBuilder.stepParser(TreeBuilder.java:125)
	at org.jsoup.parser.TreeBuilder.runParser(TreeBuilder.java:106)
	at org.jsoup.parser.TreeBuilder.parse(TreeBuilder.java:77)
	at org.jsoup.parser.Parser.parse(Parser.java:264)
	at org.jsoup.Jsoup.parse(Jsoup.java:78)
	at org.jsoup.nodes.FormElementTest.formElementsAreLive(FormElementTest.java:216)
	... 3 more

[ERROR] org.jsoup.integration.ParseTest.testWikiExpandedFromString -- Time elapsed: 0.005 s <<< ERROR!
java.lang.NoClassDefFoundError: Could not initialize class org.jsoup.nodes.FormElement
	at org.jsoup.parser.HtmlTreeBuilder.createElementFor(HtmlTreeBuilder.java:299)
	at org.jsoup.parser.HtmlTreeBuilder.insertFormElement(HtmlTreeBuilder.java:354)
	at org.jsoup.parser.HtmlTreeBuilderState$7.inBodyStartTag(HtmlTreeBuilderState.java:420)
	at org.jsoup.parser.HtmlTreeBuilderState$7.process(HtmlTreeBuilderState.java:309)
	at org.jsoup.parser.HtmlTreeBuilder.process(HtmlTreeBuilder.java:150)
	at org.jsoup.parser.TreeBuilder.stepParser(TreeBuilder.java:125)
	at org.jsoup.parser.TreeBuilder.runParser(TreeBuilder.java:106)
	at org.jsoup.parser.TreeBuilder.parse(TreeBuilder.java:77)
	at org.jsoup.parser.Parser.parse(Parser.java:264)
	at org.jsoup.Jsoup.parse(Jsoup.java:78)
	at org.jsoup.integration.ParseTest.testWikiExpandedFromString(ParseTest.java:107)
	at java.base/java.lang.reflect.Method.invoke(Method.java:580)
	at java.base/java.util.ArrayList.forEach(ArrayList.java:1597)
	at java.base/java.util.ArrayList.forEach(ArrayList.java:1597)
Caused by: java.lang.ExceptionInInitializerError: Exception java.lang.NoSuchMethodError: 'java.lang.String org.jsoup.internal.StringUtil.join(java.lang.String[], java.lang.String)' [in thread "main"]
	at org.jsoup.nodes.FormElement.<clinit>(FormElement.java:25)
	at org.jsoup.parser.HtmlTreeBuilder.createElementFor(HtmlTreeBuilder.java:299)
	at org.jsoup.parser.HtmlTreeBuilder.insertFormElement(HtmlTreeBuilder.java:354)
	at org.jsoup.parser.HtmlTreeBuilderState$7.inBodyStartTag(HtmlTreeBuilderState.java:420)
	at org.jsoup.parser.HtmlTreeBuilderState$7.process(HtmlTreeBuilderState.java:309)
	at org.jsoup.parser.HtmlTreeBuilder.process(HtmlTreeBuilder.java:150)
	at org.jsoup.parser.TreeBuilder.stepParser(TreeBuilder.java:125)
	at org.jsoup.parser.TreeBuilder.runParser(TreeBuilder.java:106)
	at org.jsoup.parser.TreeBuilder.parse(TreeBuilder.java:77)
	at org.jsoup.parser.Parser.parse(Parser.java:264)
	at org.jsoup.Jsoup.parse(Jsoup.java:78)
	at org.jsoup.nodes.FormElementTest.formElementsAreLive(FormElementTest.java:216)
	... 3 more

[ERROR] org.jsoup.integration.ParseTest.testWikiFromString -- Time elapsed: 0.003 s <<< ERROR!
java.lang.NoClassDefFoundError: Could not initialize class org.jsoup.nodes.FormElement
	at org.jsoup.parser.HtmlTreeBuilder.createElementFor(HtmlTreeBuilder.java:299)
	at org.jsoup.parser.HtmlTreeBuilder.insertFormElement(HtmlTreeBuilder.java:354)
	at org.jsoup.parser.HtmlTreeBuilderState$7.inBodyStartTag(HtmlTreeBuilderState.java:420)
	at org.jsoup.parser.HtmlTreeBuilderState$7.process(HtmlTreeBuilderState.java:309)
	at org.jsoup.parser.HtmlTreeBuilder.process(HtmlTreeBuilder.java:150)
	at org.jsoup.parser.TreeBuilder.stepParser(TreeBuilder.java:125)
	at org.jsoup.parser.TreeBuilder.runParser(TreeBuilder.java:106)
	at org.jsoup.parser.TreeBuilder.parse(TreeBuilder.java:77)
	at org.jsoup.parser.Parser.parse(Parser.java:264)
	at org.jsoup.Jsoup.parse(Jsoup.java:78)
	at org.jsoup.integration.ParseTest.testWikiFromString(ParseTest.java:116)
	at java.base/java.lang.reflect.Method.invoke(Method.java:580)
	at java.base/java.util.ArrayList.forEach(ArrayList.java:1597)
	at java.base/java.util.ArrayList.forEach(ArrayList.java:1597)
Caused by: java.lang.ExceptionInInitializerError: Exception java.lang.NoSuchMethodError: 'java.lang.String org.jsoup.internal.StringUtil.join(java.lang.String[], java.lang.String)' [in thread "main"]
	at org.jsoup.nodes.FormElement.<clinit>(FormElement.java:25)
	at org.jsoup.parser.HtmlTreeBuilder.createElementFor(HtmlTreeBuilder.java:299)
	at org.jsoup.parser.HtmlTreeBuilder.insertFormElement(HtmlTreeBuilder.java:354)
	at org.jsoup.parser.HtmlTreeBuilderState$7.inBodyStartTag(HtmlTreeBuilderState.java:420)
	at org.jsoup.parser.HtmlTreeBuilderState$7.process(HtmlTreeBuilderState.java:309)
	at org.jsoup.parser.HtmlTreeBuilder.process(HtmlTreeBuilder.java:150)
	at org.jsoup.parser.TreeBuilder.stepParser(TreeBuilder.java:125)
	at org.jsoup.parser.TreeBuilder.runParser(TreeBuilder.java:106)
	at org.jsoup.parser.TreeBuilder.parse(TreeBuilder.java:77)
	at org.jsoup.parser.Parser.parse(Parser.java:264)
	at org.jsoup.Jsoup.parse(Jsoup.java:78)
	at org.jsoup.nodes.FormElementTest.formElementsAreLive(FormElementTest.java:216)
	... 3 more

[ERROR] org.jsoup.integration.ParseTest.testLowercaseUtf8Charset -- Time elapsed: 0.001 s <<< ERROR!
java.lang.NoClassDefFoundError: Could not initialize class org.jsoup.nodes.FormElement
	at org.jsoup.parser.HtmlTreeBuilder.createElementFor(HtmlTreeBuilder.java:299)
	at org.jsoup.parser.HtmlTreeBuilder.insertFormElement(HtmlTreeBuilder.java:354)
	at org.jsoup.parser.HtmlTreeBuilderState$7.inBodyStartTag(HtmlTreeBuilderState.java:420)
	at org.jsoup.parser.HtmlTreeBuilderState$7.process(HtmlTreeBuilderState.java:309)
	at org.jsoup.parser.HtmlTreeBuilder.process(HtmlTreeBuilder.java:150)
	at org.jsoup.parser.TreeBuilder.stepParser(TreeBuilder.java:125)
	at org.jsoup.parser.TreeBuilder.runParser(TreeBuilder.java:106)
	at org.jsoup.parser.TreeBuilder.parse(TreeBuilder.java:77)
	at org.jsoup.parser.Parser.parseInput(Parser.java:91)
	at org.jsoup.helper.DataUtil.detectCharset(DataUtil.java:266)
	at org.jsoup.helper.DataUtil.detectCharset(DataUtil.java:242)
	at org.jsoup.helper.DataUtil.parseInputStream(DataUtil.java:229)
	at org.jsoup.helper.DataUtil.load(DataUtil.java:120)
	at org.jsoup.helper.DataUtil.load(DataUtil.java:102)
	at org.jsoup.helper.DataUtil.load(DataUtil.java:69)
	at org.jsoup.Jsoup.parse(Jsoup.java:152)
	at org.jsoup.integration.ParseTest.testLowercaseUtf8Charset(ParseTest.java:64)
	at java.base/java.lang.reflect.Method.invoke(Method.java:580)
	at java.base/java.util.ArrayList.forEach(ArrayList.java:1597)
	at java.base/java.util.ArrayList.forEach(ArrayList.java:1597)
Caused by: java.lang.ExceptionInInitializerError: Exception java.lang.NoSuchMethodError: 'java.lang.String org.jsoup.internal.StringUtil.join(java.lang.String[], java.lang.String)' [in thread "main"]
	at org.jsoup.nodes.FormElement.<clinit>(FormElement.java:25)
	at org.jsoup.parser.HtmlTreeBuilder.createElementFor(HtmlTreeBuilder.java:299)
	at org.jsoup.parser.HtmlTreeBuilder.insertFormElement(HtmlTreeBuilder.java:354)
	at org.jsoup.parser.HtmlTreeBuilderState$7.inBodyStartTag(HtmlTreeBuilderState.java:420)
	at org.jsoup.parser.HtmlTreeBuilderState$7.process(HtmlTreeBuilderState.java:309)
	at org.jsoup.parser.HtmlTreeBuilder.process(HtmlTreeBuilder.java:150)
	at org.jsoup.parser.TreeBuilder.stepParser(TreeBuilder.java:125)
	at org.jsoup.parser.TreeBuilder.runParser(TreeBuilder.java:106)
	at org.jsoup.parser.TreeBuilder.parse(TreeBuilder.java:77)
	at org.jsoup.parser.Parser.parse(Parser.java:264)
	at org.jsoup.Jsoup.parse(Jsoup.java:78)
	at org.jsoup.nodes.FormElementTest.formElementsAreLive(FormElementTest.java:216)
	... 3 more

[ERROR] org.jsoup.integration.ParseTest.testXwikiExpanded -- Time elapsed: 0.001 s <<< ERROR!
java.lang.NoClassDefFoundError: Could not initialize class org.jsoup.nodes.FormElement
	at org.jsoup.parser.HtmlTreeBuilder.createElementFor(HtmlTreeBuilder.java:299)
	at org.jsoup.parser.HtmlTreeBuilder.insertFormElement(HtmlTreeBuilder.java:354)
	at org.jsoup.parser.HtmlTreeBuilderState$7.inBodyStartTag(HtmlTreeBuilderState.java:420)
	at org.jsoup.parser.HtmlTreeBuilderState$7.process(HtmlTreeBuilderState.java:309)
	at org.jsoup.parser.HtmlTreeBuilder.process(HtmlTreeBuilder.java:150)
	at org.jsoup.parser.TreeBuilder.stepParser(TreeBuilder.java:125)
	at org.jsoup.parser.TreeBuilder.runParser(TreeBuilder.java:106)
	at org.jsoup.parser.TreeBuilder.parse(TreeBuilder.java:77)
	at org.jsoup.parser.Parser.parseInput(Parser.java:91)
	at org.jsoup.helper.DataUtil.parseInputStream(DataUtil.java:334)
	at org.jsoup.helper.DataUtil.parseInputStream(DataUtil.java:230)
	at org.jsoup.helper.DataUtil.load(DataUtil.java:193)
	at org.jsoup.Jsoup.parse(Jsoup.java:284)
	at org.jsoup.integration.ParseTest.testXwikiExpanded(ParseTest.java:92)
	at java.base/java.lang.reflect.Method.invoke(Method.java:580)
	at java.base/java.util.ArrayList.forEach(ArrayList.java:1597)
	at java.base/java.util.ArrayList.forEach(ArrayList.java:1597)
Caused by: java.lang.ExceptionInInitializerError: Exception java.lang.NoSuchMethodError: 'java.lang.String org.jsoup.internal.StringUtil.join(java.lang.String[], java.lang.String)' [in thread "main"]
	at org.jsoup.nodes.FormElement.<clinit>(FormElement.java:25)
	at org.jsoup.parser.HtmlTreeBuilder.createElementFor(HtmlTreeBuilder.java:299)
	at org.jsoup.parser.HtmlTreeBuilder.insertFormElement(HtmlTreeBuilder.java:354)
	at org.jsoup.parser.HtmlTreeBuilderState$7.inBodyStartTag(HtmlTreeBuilderState.java:420)
	at org.jsoup.parser.HtmlTreeBuilderState$7.process(HtmlTreeBuilderState.java:309)
	at org.jsoup.parser.HtmlTreeBuilder.process(HtmlTreeBuilder.java:150)
	at org.jsoup.parser.TreeBuilder.stepParser(TreeBuilder.java:125)
	at org.jsoup.parser.TreeBuilder.runParser(TreeBuilder.java:106)
	at org.jsoup.parser.TreeBuilder.parse(TreeBuilder.java:77)
	at org.jsoup.parser.Parser.parse(Parser.java:264)
	at org.jsoup.Jsoup.parse(Jsoup.java:78)
	at org.jsoup.nodes.FormElementTest.formElementsAreLive(FormElementTest.java:216)
	... 3 more

[ERROR] Tests run: 153, Failures: 0, Errors: 4, Skipped: 0, Time elapsed: 4.019 s <<< FAILURE! -- in org.jsoup.integration.FuzzFixesTest
[ERROR] org.jsoup.integration.FuzzFixesTest.testHtmlParse(File)[10] -- Time elapsed: 0.003 s <<< ERROR!
java.lang.NoClassDefFoundError: Could not initialize class org.jsoup.nodes.FormElement
	at org.jsoup.parser.HtmlTreeBuilder.createElementFor(HtmlTreeBuilder.java:299)
	at org.jsoup.parser.HtmlTreeBuilder.insertFormElement(HtmlTreeBuilder.java:354)
	at org.jsoup.parser.HtmlTreeBuilderState$7.inBodyStartTag(HtmlTreeBuilderState.java:420)
	at org.jsoup.parser.HtmlTreeBuilderState$7.process(HtmlTreeBuilderState.java:309)
	at org.jsoup.parser.HtmlTreeBuilder.process(HtmlTreeBuilder.java:150)
	at org.jsoup.parser.TreeBuilder.stepParser(TreeBuilder.java:125)
	at org.jsoup.parser.TreeBuilder.runParser(TreeBuilder.java:106)
	at org.jsoup.parser.TreeBuilder.parse(TreeBuilder.java:77)
	at org.jsoup.parser.Parser.parseInput(Parser.java:91)
	at org.jsoup.helper.DataUtil.parseInputStream(DataUtil.java:334)
	at org.jsoup.helper.DataUtil.parseInputStream(DataUtil.java:230)
	at org.jsoup.helper.DataUtil.load(DataUtil.java:120)
	at org.jsoup.helper.DataUtil.load(DataUtil.java:102)
	at org.jsoup.helper.DataUtil.load(DataUtil.java:69)
	at org.jsoup.Jsoup.parse(Jsoup.java:137)
	at org.jsoup.integration.FuzzFixesTest.testHtmlParse(FuzzFixesTest.java:59)
	at java.base/java.lang.reflect.Method.invoke(Method.java:580)
	at java.base/java.util.Optional.ifPresent(Optional.java:178)
	at java.base/java.util.stream.ForEachOps$ForEachOp$OfRef.accept(ForEachOps.java:184)
	at java.base/java.util.stream.ReferencePipeline$3$1.accept(ReferencePipeline.java:215)
	at java.base/java.util.stream.ForEachOps$ForEachOp$OfRef.accept(ForEachOps.java:184)
	at java.base/java.util.stream.ForEachOps$ForEachOp$OfRef.accept(ForEachOps.java:184)
	at java.base/java.util.stream.ReferencePipeline$3$1.accept(ReferencePipeline.java:215)
	at java.base/java.util.Spliterators$ArraySpliterator.forEachRemaining(Spliterators.java:1024)
	at java.base/java.util.stream.ReferencePipeline$Head.forEach(ReferencePipeline.java:807)
	at java.base/java.util.stream.ReferencePipeline$7$1FlatMap.accept(ReferencePipeline.java:294)
	at java.base/java.util.stream.ReferencePipeline$3$1.accept(ReferencePipeline.java:215)
	at java.base/java.util.stream.ReferencePipeline$3$1.accept(ReferencePipeline.java:215)
	at java.base/java.util.stream.ReferencePipeline$3$1.accept(ReferencePipeline.java:215)
	at java.base/java.util.Spliterators$ArraySpliterator.forEachRemaining(Spliterators.java:1024)
	at java.base/java.util.stream.AbstractPipeline.copyInto(AbstractPipeline.java:570)
	at java.base/java.util.stream.AbstractPipeline.wrapAndCopyInto(AbstractPipeline.java:560)
	at java.base/java.util.stream.ForEachOps$ForEachOp.evaluateSequential(ForEachOps.java:151)
	at java.base/java.util.stream.ForEachOps$ForEachOp$OfRef.evaluateSequential(ForEachOps.java:174)
	at java.base/java.util.stream.AbstractPipeline.evaluate(AbstractPipeline.java:265)
	at java.base/java.util.stream.ReferencePipeline.forEach(ReferencePipeline.java:636)
	at java.base/java.util.stream.ReferencePipeline$7$1FlatMap.accept(ReferencePipeline.java:294)
	at java.base/java.util.ArrayList$ArrayListSpliterator.forEachRemaining(ArrayList.java:1709)
	at java.base/java.util.stream.AbstractPipeline.copyInto(AbstractPipeline.java:570)
	at java.base/java.util.stream.AbstractPipeline.wrapAndCopyInto(AbstractPipeline.java:560)
	at java.base/java.util.stream.ForEachOps$ForEachOp.evaluateSequential(ForEachOps.java:151)
	at java.base/java.util.stream.ForEachOps$ForEachOp$OfRef.evaluateSequential(ForEachOps.java:174)
	at java.base/java.util.stream.AbstractPipeline.evaluate(AbstractPipeline.java:265)
	at java.base/java.util.stream.ReferencePipeline.forEach(ReferencePipeline.java:636)
	at java.base/java.util.stream.ReferencePipeline$7$1FlatMap.accept(ReferencePipeline.java:294)
	at java.base/java.util.stream.ReferencePipeline$3$1.accept(ReferencePipeline.java:215)
	at java.base/java.util.stream.ReferencePipeline$3$1.accept(ReferencePipeline.java:215)
	at java.base/java.util.stream.ReferencePipeline$3$1.accept(ReferencePipeline.java:215)
	at java.base/java.util.ArrayList$ArrayListSpliterator.forEachRemaining(ArrayList.java:1709)
	at java.base/java.util.stream.AbstractPipeline.copyInto(AbstractPipeline.java:570)
	at java.base/java.util.stream.AbstractPipeline.wrapAndCopyInto(AbstractPipeline.java:560)
	at java.base/java.util.stream.ForEachOps$ForEachOp.evaluateSequential(ForEachOps.java:151)
	at java.base/java.util.stream.ForEachOps$ForEachOp$OfRef.evaluateSequential(ForEachOps.java:174)
	at java.base/java.util.stream.AbstractPipeline.evaluate(AbstractPipeline.java:265)
	at java.base/java.util.stream.ReferencePipeline.forEach(ReferencePipeline.java:636)
	at java.base/java.util.ArrayList.forEach(ArrayList.java:1597)
	at java.base/java.util.ArrayList.forEach(ArrayList.java:1597)
Caused by: java.lang.ExceptionInInitializerError: Exception java.lang.NoSuchMethodError: 'java.lang.String org.jsoup.internal.StringUtil.join(java.lang.String[], java.lang.String)' [in thread "main"]
	at org.jsoup.nodes.FormElement.<clinit>(FormElement.java:25)
	at org.jsoup.parser.HtmlTreeBuilder.createElementFor(HtmlTreeBuilder.java:299)
	at org.jsoup.parser.HtmlTreeBuilder.insertFormElement(HtmlTreeBuilder.java:354)
	at org.jsoup.parser.HtmlTreeBuilderState$7.inBodyStartTag(HtmlTreeBuilderState.java:420)
	at org.jsoup.parser.HtmlTreeBuilderState$7.process(HtmlTreeBuilderState.java:309)
	at org.jsoup.parser.HtmlTreeBuilder.process(HtmlTreeBuilder.java:150)
	at org.jsoup.parser.TreeBuilder.stepParser(TreeBuilder.java:125)
	at org.jsoup.parser.TreeBuilder.runParser(TreeBuilder.java:106)
	at org.jsoup.parser.TreeBuilder.parse(TreeBuilder.java:77)
	at org.jsoup.parser.Parser.parse(Parser.java:264)
	at org.jsoup.Jsoup.parse(Jsoup.java:78)
	at org.jsoup.nodes.FormElementTest.formElementsAreLive(FormElementTest.java:216)
	at java.base/java.lang.reflect.Method.invoke(Method.java:580)
	... 2 more

[ERROR] org.jsoup.integration.FuzzFixesTest.testHtmlParse(File)[13] -- Time elapsed: 0.001 s <<< ERROR!
java.lang.NoClassDefFoundError: Could not initialize class org.jsoup.nodes.FormElement
	at org.jsoup.parser.HtmlTreeBuilder.createElementFor(HtmlTreeBuilder.java:299)
	at org.jsoup.parser.HtmlTreeBuilder.insertFormElement(HtmlTreeBuilder.java:354)
	at org.jsoup.parser.HtmlTreeBuilderState$7.inBodyStartTag(HtmlTreeBuilderState.java:420)
	at org.jsoup.parser.HtmlTreeBuilderState$7.process(HtmlTreeBuilderState.java:309)
	at org.jsoup.parser.HtmlTreeBuilder.process(HtmlTreeBuilder.java:150)
	at org.jsoup.parser.HtmlTreeBuilderState$6.anythingElse(HtmlTreeBuilderState.java:282)
	at org.jsoup.parser.HtmlTreeBuilderState$6.process(HtmlTreeBuilderState.java:260)
	at org.jsoup.parser.HtmlTreeBuilder.process(HtmlTreeBuilder.java:150)
	at org.jsoup.parser.HtmlTreeBuilderState$4.anythingElse(HtmlTreeBuilderState.java:195)
	at org.jsoup.parser.HtmlTreeBuilderState$4.process(HtmlTreeBuilderState.java:159)
	at org.jsoup.parser.HtmlTreeBuilder.process(HtmlTreeBuilder.java:150)
	at org.jsoup.parser.HtmlTreeBuilderState$3.process(HtmlTreeBuilderState.java:104)
	at org.jsoup.parser.HtmlTreeBuilder.process(HtmlTreeBuilder.java:150)
	at org.jsoup.parser.HtmlTreeBuilderState$2.anythingElse(HtmlTreeBuilderState.java:78)
	at org.jsoup.parser.HtmlTreeBuilderState$2.process(HtmlTreeBuilderState.java:70)
	at org.jsoup.parser.HtmlTreeBuilder.process(HtmlTreeBuilder.java:150)
	at org.jsoup.parser.HtmlTreeBuilderState$1.process(HtmlTreeBuilderState.java:47)
	at org.jsoup.parser.HtmlTreeBuilder.process(HtmlTreeBuilder.java:150)
	at org.jsoup.parser.TreeBuilder.stepParser(TreeBuilder.java:125)
	at org.jsoup.parser.TreeBuilder.runParser(TreeBuilder.java:106)
	at org.jsoup.parser.TreeBuilder.parse(TreeBuilder.java:77)
	at org.jsoup.parser.Parser.parseInput(Parser.java:91)
	at org.jsoup.helper.DataUtil.parseInputStream(DataUtil.java:334)
	at org.jsoup.helper.DataUtil.parseInputStream(DataUtil.java:230)
	at org.jsoup.helper.DataUtil.load(DataUtil.java:120)
	at org.jsoup.helper.DataUtil.load(DataUtil.java:102)
	at org.jsoup.helper.DataUtil.load(DataUtil.java:69)
	at org.jsoup.Jsoup.parse(Jsoup.java:137)
	at org.jsoup.integration.FuzzFixesTest.testHtmlParse(FuzzFixesTest.java:59)
	at java.base/java.lang.reflect.Method.invoke(Method.java:580)
	at java.base/java.util.Optional.ifPresent(Optional.java:178)
	at java.base/java.util.stream.ForEachOps$ForEachOp$OfRef.accept(ForEachOps.java:184)
	at java.base/java.util.stream.ReferencePipeline$3$1.accept(ReferencePipeline.java:215)
	at java.base/java.util.stream.ForEachOps$ForEachOp$OfRef.accept(ForEachOps.java:184)
	at java.base/java.util.stream.ForEachOps$ForEachOp$OfRef.accept(ForEachOps.java:184)
	at java.base/java.util.stream.ReferencePipeline$3$1.accept(ReferencePipeline.java:215)
	at java.base/java.util.Spliterators$ArraySpliterator.forEachRemaining(Spliterators.java:1024)
	at java.base/java.util.stream.ReferencePipeline$Head.forEach(ReferencePipeline.java:807)
	at java.base/java.util.stream.ReferencePipeline$7$1FlatMap.accept(ReferencePipeline.java:294)
	at java.base/java.util.stream.ReferencePipeline$3$1.accept(ReferencePipeline.java:215)
	at java.base/java.util.stream.ReferencePipeline$3$1.accept(ReferencePipeline.java:215)
	at java.base/java.util.stream.ReferencePipeline$3$1.accept(ReferencePipeline.java:215)
	at java.base/java.util.Spliterators$ArraySpliterator.forEachRemaining(Spliterators.java:1024)
	at java.base/java.util.stream.AbstractPipeline.copyInto(AbstractPipeline.java:570)
	at java.base/java.util.stream.AbstractPipeline.wrapAndCopyInto(AbstractPipeline.java:560)
	at java.base/java.util.stream.ForEachOps$ForEachOp.evaluateSequential(ForEachOps.java:151)
	at java.base/java.util.stream.ForEachOps$ForEachOp$OfRef.evaluateSequential(ForEachOps.java:174)
	at java.base/java.util.stream.AbstractPipeline.evaluate(AbstractPipeline.java:265)
	at java.base/java.util.stream.ReferencePipeline.forEach(ReferencePipeline.java:636)
	at java.base/java.util.stream.ReferencePipeline$7$1FlatMap.accept(ReferencePipeline.java:294)
	at java.base/java.util.ArrayList$ArrayListSpliterator.forEachRemaining(ArrayList.java:1709)
	at java.base/java.util.stream.AbstractPipeline.copyInto(AbstractPipeline.java:570)
	at java.base/java.util.stream.AbstractPipeline.wrapAndCopyInto(AbstractPipeline.java:560)
	at java.base/java.util.stream.ForEachOps$ForEachOp.evaluateSequential(ForEachOps.java:151)
	at java.base/java.util.stream.ForEachOps$ForEachOp$OfRef.evaluateSequential(ForEachOps.java:174)
	at java.base/java.util.stream.AbstractPipeline.evaluate(AbstractPipeline.java:265)
	at java.base/java.util.stream.ReferencePipeline.forEach(ReferencePipeline.java:636)
	at java.base/java.util.stream.ReferencePipeline$7$1FlatMap.accept(ReferencePipeline.java:294)
	at java.base/java.util.stream.ReferencePipeline$3$1.accept(ReferencePipeline.java:215)
	at java.base/java.util.stream.ReferencePipeline$3$1.accept(ReferencePipeline.java:215)
	at java.base/java.util.stream.ReferencePipeline$3$1.accept(ReferencePipeline.java:215)
	at java.base/java.util.ArrayList$ArrayListSpliterator.forEachRemaining(ArrayList.java:1709)
	at java.base/java.util.stream.AbstractPipeline.copyInto(AbstractPipeline.java:570)
	at java.base/java.util.stream.AbstractPipeline.wrapAndCopyInto(AbstractPipeline.java:560)
	at java.base/java.util.stream.ForEachOps$ForEachOp.evaluateSequential(ForEachOps.java:151)
	at java.base/java.util.stream.ForEachOps$ForEachOp$OfRef.evaluateSequential(ForEachOps.java:174)
	at java.base/java.util.stream.AbstractPipeline.evaluate(AbstractPipeline.java:265)
	at java.base/java.util.stream.ReferencePipeline.forEach(ReferencePipeline.java:636)
	at java.base/java.util.ArrayList.forEach(ArrayList.java:1597)
	at java.base/java.util.ArrayList.forEach(ArrayList.java:1597)
Caused by: java.lang.ExceptionInInitializerError: Exception java.lang.NoSuchMethodError: 'java.lang.String org.jsoup.internal.StringUtil.join(java.lang.String[], java.lang.String)' [in thread "main"]
	at org.jsoup.nodes.FormElement.<clinit>(FormElement.java:25)
	at org.jsoup.parser.HtmlTreeBuilder.createElementFor(HtmlTreeBuilder.java:299)
	at org.jsoup.parser.HtmlTreeBuilder.insertFormElement(HtmlTreeBuilder.java:354)
	at org.jsoup.parser.HtmlTreeBuilderState$7.inBodyStartTag(HtmlTreeBuilderState.java:420)
	at org.jsoup.parser.HtmlTreeBuilderState$7.process(HtmlTreeBuilderState.java:309)
	at org.jsoup.parser.HtmlTreeBuilder.process(HtmlTreeBuilder.java:150)
	at org.jsoup.parser.TreeBuilder.stepParser(TreeBuilder.java:125)
	at org.jsoup.parser.TreeBuilder.runParser(TreeBuilder.java:106)
	at org.jsoup.parser.TreeBuilder.parse(TreeBuilder.java:77)
	at org.jsoup.parser.Parser.parse(Parser.java:264)
	at org.jsoup.Jsoup.parse(Jsoup.java:78)
	at org.jsoup.nodes.FormElementTest.formElementsAreLive(FormElementTest.java:216)
	at java.base/java.lang.reflect.Method.invoke(Method.java:580)
	... 2 more

[ERROR] org.jsoup.integration.FuzzFixesTest.testHtmlFragmentParse(File)[10] -- Time elapsed: 0.004 s <<< ERROR!
java.lang.NoClassDefFoundError: Could not initialize class org.jsoup.nodes.FormElement
	at org.jsoup.parser.HtmlTreeBuilder.createElementFor(HtmlTreeBuilder.java:299)
	at org.jsoup.parser.HtmlTreeBuilder.insertFormElement(HtmlTreeBuilder.java:354)
	at org.jsoup.parser.HtmlTreeBuilderState$7.inBodyStartTag(HtmlTreeBuilderState.java:420)
	at org.jsoup.parser.HtmlTreeBuilderState$7.process(HtmlTreeBuilderState.java:309)
	at org.jsoup.parser.HtmlTreeBuilder.process(HtmlTreeBuilder.java:150)
	at org.jsoup.parser.TreeBuilder.stepParser(TreeBuilder.java:125)
	at org.jsoup.parser.TreeBuilder.runParser(TreeBuilder.java:106)
	at org.jsoup.parser.TreeBuilder.parseFragment(TreeBuilder.java:84)
	at org.jsoup.parser.Parser.parseFragment(Parser.java:279)
	at org.jsoup.parser.Parser.parseBodyFragment(Parser.java:323)
	at org.jsoup.Jsoup.parseBodyFragment(Jsoup.java:309)
	at org.jsoup.integration.FuzzFixesTest.testHtmlFragmentParse(FuzzFixesTest.java:69)
	at java.base/java.lang.reflect.Method.invoke(Method.java:580)
	at java.base/java.util.Optional.ifPresent(Optional.java:178)
	at java.base/java.util.stream.ForEachOps$ForEachOp$OfRef.accept(ForEachOps.java:184)
	at java.base/java.util.stream.ReferencePipeline$3$1.accept(ReferencePipeline.java:215)
	at java.base/java.util.stream.ForEachOps$ForEachOp$OfRef.accept(ForEachOps.java:184)
	at java.base/java.util.stream.ForEachOps$ForEachOp$OfRef.accept(ForEachOps.java:184)
	at java.base/java.util.stream.ReferencePipeline$3$1.accept(ReferencePipeline.java:215)
	at java.base/java.util.Spliterators$ArraySpliterator.forEachRemaining(Spliterators.java:1024)
	at java.base/java.util.stream.ReferencePipeline$Head.forEach(ReferencePipeline.java:807)
	at java.base/java.util.stream.ReferencePipeline$7$1FlatMap.accept(ReferencePipeline.java:294)
	at java.base/java.util.stream.ReferencePipeline$3$1.accept(ReferencePipeline.java:215)
	at java.base/java.util.stream.ReferencePipeline$3$1.accept(ReferencePipeline.java:215)
	at java.base/java.util.stream.ReferencePipeline$3$1.accept(ReferencePipeline.java:215)
	at java.base/java.util.Spliterators$ArraySpliterator.forEachRemaining(Spliterators.java:1024)
	at java.base/java.util.stream.AbstractPipeline.copyInto(AbstractPipeline.java:570)
	at java.base/java.util.stream.AbstractPipeline.wrapAndCopyInto(AbstractPipeline.java:560)
	at java.base/java.util.stream.ForEachOps$ForEachOp.evaluateSequential(ForEachOps.java:151)
	at java.base/java.util.stream.ForEachOps$ForEachOp$OfRef.evaluateSequential(ForEachOps.java:174)
	at java.base/java.util.stream.AbstractPipeline.evaluate(AbstractPipeline.java:265)
	at java.base/java.util.stream.ReferencePipeline.forEach(ReferencePipeline.java:636)
	at java.base/java.util.stream.ReferencePipeline$7$1FlatMap.accept(ReferencePipeline.java:294)
	at java.base/java.util.ArrayList$ArrayListSpliterator.forEachRemaining(ArrayList.java:1709)
	at java.base/java.util.stream.AbstractPipeline.copyInto(AbstractPipeline.java:570)
	at java.base/java.util.stream.AbstractPipeline.wrapAndCopyInto(AbstractPipeline.java:560)
	at java.base/java.util.stream.ForEachOps$ForEachOp.evaluateSequential(ForEachOps.java:151)
	at java.base/java.util.stream.ForEachOps$ForEachOp$OfRef.evaluateSequential(ForEachOps.java:174)
	at java.base/java.util.stream.AbstractPipeline.evaluate(AbstractPipeline.java:265)
	at java.base/java.util.stream.ReferencePipeline.forEach(ReferencePipeline.java:636)
	at java.base/java.util.stream.ReferencePipeline$7$1FlatMap.accept(ReferencePipeline.java:294)
	at java.base/java.util.stream.ReferencePipeline$3$1.accept(ReferencePipeline.java:215)
	at java.base/java.util.stream.ReferencePipeline$3$1.accept(ReferencePipeline.java:215)
	at java.base/java.util.stream.ReferencePipeline$3$1.accept(ReferencePipeline.java:215)
	at java.base/java.util.ArrayList$ArrayListSpliterator.forEachRemaining(ArrayList.java:1709)
	at java.base/java.util.stream.AbstractPipeline.copyInto(AbstractPipeline.java:570)
	at java.base/java.util.stream.AbstractPipeline.wrapAndCopyInto(AbstractPipeline.java:560)
	at java.base/java.util.stream.ForEachOps$ForEachOp.evaluateSequential(ForEachOps.java:151)
	at java.base/java.util.stream.ForEachOps$ForEachOp$OfRef.evaluateSequential(ForEachOps.java:174)
	at java.base/java.util.stream.AbstractPipeline.evaluate(AbstractPipeline.java:265)
	at java.base/java.util.stream.ReferencePipeline.forEach(ReferencePipeline.java:636)
	at java.base/java.util.ArrayList.forEach(ArrayList.java:1597)
	at java.base/java.util.ArrayList.forEach(ArrayList.java:1597)
Caused by: java.lang.ExceptionInInitializerError: Exception java.lang.NoSuchMethodError: 'java.lang.String org.jsoup.internal.StringUtil.join(java.lang.String[], java.lang.String)' [in thread "main"]
	at org.jsoup.nodes.FormElement.<clinit>(FormElement.java:25)
	at org.jsoup.parser.HtmlTreeBuilder.createElementFor(HtmlTreeBuilder.java:299)
	at org.jsoup.parser.HtmlTreeBuilder.insertFormElement(HtmlTreeBuilder.java:354)
	at org.jsoup.parser.HtmlTreeBuilderState$7.inBodyStartTag(HtmlTreeBuilderState.java:420)
	at org.jsoup.parser.HtmlTreeBuilderState$7.process(HtmlTreeBuilderState.java:309)
	at org.jsoup.parser.HtmlTreeBuilder.process(HtmlTreeBuilder.java:150)
	at org.jsoup.parser.TreeBuilder.stepParser(TreeBuilder.java:125)
	at org.jsoup.parser.TreeBuilder.runParser(TreeBuilder.java:106)
	at org.jsoup.parser.TreeBuilder.parse(TreeBuilder.java:77)
	at org.jsoup.parser.Parser.parse(Parser.java:264)
	at org.jsoup.Jsoup.parse(Jsoup.java:78)
	at org.jsoup.nodes.FormElementTest.formElementsAreLive(FormElementTest.java:216)
	at java.base/java.lang.reflect.Method.invoke(Method.java:580)
	... 2 more

[ERROR] org.jsoup.integration.FuzzFixesTest.testHtmlFragmentParse(File)[13] -- Time elapsed: 0.001 s <<< ERROR!
java.lang.NoClassDefFoundError: Could not initialize class org.jsoup.nodes.FormElement
	at org.jsoup.parser.HtmlTreeBuilder.createElementFor(HtmlTreeBuilder.java:299)
	at org.jsoup.parser.HtmlTreeBuilder.insertFormElement(HtmlTreeBuilder.java:354)
	at org.jsoup.parser.HtmlTreeBuilderState$7.inBodyStartTag(HtmlTreeBuilderState.java:420)
	at org.jsoup.parser.HtmlTreeBuilderState$7.process(HtmlTreeBuilderState.java:309)
	at org.jsoup.parser.HtmlTreeBuilder.process(HtmlTreeBuilder.java:150)
	at org.jsoup.parser.TreeBuilder.stepParser(TreeBuilder.java:125)
	at org.jsoup.parser.TreeBuilder.runParser(TreeBuilder.java:106)
	at org.jsoup.parser.TreeBuilder.parseFragment(TreeBuilder.java:84)
	at org.jsoup.parser.Parser.parseFragment(Parser.java:279)
	at org.jsoup.parser.Parser.parseBodyFragment(Parser.java:323)
	at org.jsoup.Jsoup.parseBodyFragment(Jsoup.java:309)
	at org.jsoup.integration.FuzzFixesTest.testHtmlFragmentParse(FuzzFixesTest.java:69)
	at java.base/java.lang.reflect.Method.invoke(Method.java:580)
	at java.base/java.util.Optional.ifPresent(Optional.java:178)
	at java.base/java.util.stream.ForEachOps$ForEachOp$OfRef.accept(ForEachOps.java:184)
	at java.base/java.util.stream.ReferencePipeline$3$1.accept(ReferencePipeline.java:215)
	at java.base/java.util.stream.ForEachOps$ForEachOp$OfRef.accept(ForEachOps.java:184)
	at java.base/java.util.stream.ForEachOps$ForEachOp$OfRef.accept(ForEachOps.java:184)
	at java.base/java.util.stream.ReferencePipeline$3$1.accept(ReferencePipeline.java:215)
	at java.base/java.util.Spliterators$ArraySpliterator.forEachRemaining(Spliterators.java:1024)
	at java.base/java.util.stream.ReferencePipeline$Head.forEach(ReferencePipeline.java:807)
	at java.base/java.util.stream.ReferencePipeline$7$1FlatMap.accept(ReferencePipeline.java:294)
	at java.base/java.util.stream.ReferencePipeline$3$1.accept(ReferencePipeline.java:215)
	at java.base/java.util.stream.ReferencePipeline$3$1.accept(ReferencePipeline.java:215)
	at java.base/java.util.stream.ReferencePipeline$3$1.accept(ReferencePipeline.java:215)
	at java.base/java.util.Spliterators$ArraySpliterator.forEachRemaining(Spliterators.java:1024)
	at java.base/java.util.stream.AbstractPipeline.copyInto(AbstractPipeline.java:570)
	at java.base/java.util.stream.AbstractPipeline.wrapAndCopyInto(AbstractPipeline.java:560)
	at java.base/java.util.stream.ForEachOps$ForEachOp.evaluateSequential(ForEachOps.java:151)
	at java.base/java.util.stream.ForEachOps$ForEachOp$OfRef.evaluateSequential(ForEachOps.java:174)
	at java.base/java.util.stream.AbstractPipeline.evaluate(AbstractPipeline.java:265)
	at java.base/java.util.stream.ReferencePipeline.forEach(ReferencePipeline.java:636)
	at java.base/java.util.stream.ReferencePipeline$7$1FlatMap.accept(ReferencePipeline.java:294)
	at java.base/java.util.ArrayList$ArrayListSpliterator.forEachRemaining(ArrayList.java:1709)
	at java.base/java.util.stream.AbstractPipeline.copyInto(AbstractPipeline.java:570)
	at java.base/java.util.stream.AbstractPipeline.wrapAndCopyInto(AbstractPipeline.java:560)
	at java.base/java.util.stream.ForEachOps$ForEachOp.evaluateSequential(ForEachOps.java:151)
	at java.base/java.util.stream.ForEachOps$ForEachOp$OfRef.evaluateSequential(ForEachOps.java:174)
	at java.base/java.util.stream.AbstractPipeline.evaluate(AbstractPipeline.java:265)
	at java.base/java.util.stream.ReferencePipeline.forEach(ReferencePipeline.java:636)
	at java.base/java.util.stream.ReferencePipeline$7$1FlatMap.accept(ReferencePipeline.java:294)
	at java.base/java.util.stream.ReferencePipeline$3$1.accept(ReferencePipeline.java:215)
	at java.base/java.util.stream.ReferencePipeline$3$1.accept(ReferencePipeline.java:215)
	at java.base/java.util.stream.ReferencePipeline$3$1.accept(ReferencePipeline.java:215)
	at java.base/java.util.ArrayList$ArrayListSpliterator.forEachRemaining(ArrayList.java:1709)
	at java.base/java.util.stream.AbstractPipeline.copyInto(AbstractPipeline.java:570)
	at java.base/java.util.stream.AbstractPipeline.wrapAndCopyInto(AbstractPipeline.java:560)
	at java.base/java.util.stream.ForEachOps$ForEachOp.evaluateSequential(ForEachOps.java:151)
	at java.base/java.util.stream.ForEachOps$ForEachOp$OfRef.evaluateSequential(ForEachOps.java:174)
	at java.base/java.util.stream.AbstractPipeline.evaluate(AbstractPipeline.java:265)
	at java.base/java.util.stream.ReferencePipeline.forEach(ReferencePipeline.java:636)
	at java.base/java.util.ArrayList.forEach(ArrayList.java:1597)
	at java.base/java.util.ArrayList.forEach(ArrayList.java:1597)
Caused by: java.lang.ExceptionInInitializerError: Exception java.lang.NoSuchMethodError: 'java.lang.String org.jsoup.internal.StringUtil.join(java.lang.String[], java.lang.String)' [in thread "main"]
	at org.jsoup.nodes.FormElement.<clinit>(FormElement.java:25)
	at org.jsoup.parser.HtmlTreeBuilder.createElementFor(HtmlTreeBuilder.java:299)
	at org.jsoup.parser.HtmlTreeBuilder.insertFormElement(HtmlTreeBuilder.java:354)
	at org.jsoup.parser.HtmlTreeBuilderState$7.inBodyStartTag(HtmlTreeBuilderState.java:420)
	at org.jsoup.parser.HtmlTreeBuilderState$7.process(HtmlTreeBuilderState.java:309)
	at org.jsoup.parser.HtmlTreeBuilder.process(HtmlTreeBuilder.java:150)
	at org.jsoup.parser.TreeBuilder.stepParser(TreeBuilder.java:125)
	at org.jsoup.parser.TreeBuilder.runParser(TreeBuilder.java:106)
	at org.jsoup.parser.TreeBuilder.parse(TreeBuilder.java:77)
	at org.jsoup.parser.Parser.parse(Parser.java:264)
	at org.jsoup.Jsoup.parse(Jsoup.java:78)
	at org.jsoup.nodes.FormElementTest.formElementsAreLive(FormElementTest.java:216)
	at java.base/java.lang.reflect.Method.invoke(Method.java:580)
	... 2 more

[ERROR] Tests run: 73, Failures: 0, Errors: 21, Skipped: 0, Time elapsed: 1.047 s <<< FAILURE! -- in org.jsoup.integration.HttpClientConnectTest
[ERROR] org.jsoup.integration.HttpClientConnectTest.multiCookieSet -- Time elapsed: 0.007 s <<< ERROR!
java.lang.NoSuchMethodError: 'java.lang.String org.jsoup.internal.StringUtil.join(java.util.Collection, java.lang.String)'
	at org.jsoup.helper.HttpConnection$Base.header(HttpConnection.java:474)
	at org.jsoup.helper.HttpConnection$Response.header(HttpConnection.java:834)
	at org.jsoup.helper.HttpConnection$Response.execute(HttpConnection.java:905)
	at org.jsoup.helper.HttpConnection$Response.execute(HttpConnection.java:868)
	at org.jsoup.helper.HttpConnection.execute(HttpConnection.java:366)
	at org.jsoup.integration.ConnectTest.multiCookieSet(ConnectTest.java:488)
	at java.base/java.lang.reflect.Method.invoke(Method.java:580)
	at java.base/java.util.ArrayList.forEach(ArrayList.java:1597)
	at java.base/java.util.ArrayList.forEach(ArrayList.java:1597)

[ERROR] org.jsoup.integration.HttpClientConnectTest.sendHeadRequest -- Time elapsed: 0.007 s <<< ERROR!
java.lang.NoSuchMethodError: 'java.lang.String org.jsoup.internal.StringUtil.join(java.util.Collection, java.lang.String)'
	at org.jsoup.helper.HttpConnection$Base.header(HttpConnection.java:474)
	at org.jsoup.helper.HttpConnection$Response.header(HttpConnection.java:834)
	at org.jsoup.integration.ConnectTest.sendHeadRequest(ConnectTest.java:813)
	at java.base/java.lang.reflect.Method.invoke(Method.java:580)
	at java.base/java.util.ArrayList.forEach(ArrayList.java:1597)
	at java.base/java.util.ArrayList.forEach(ArrayList.java:1597)

[ERROR] org.jsoup.integration.HttpClientConnectTest.formLoginFlow -- Time elapsed: 0.007 s <<< ERROR!
java.lang.NoClassDefFoundError: Could not initialize class org.jsoup.nodes.FormElement
	at org.jsoup.parser.HtmlTreeBuilder.createElementFor(HtmlTreeBuilder.java:299)
	at org.jsoup.parser.HtmlTreeBuilder.insertFormElement(HtmlTreeBuilder.java:354)
	at org.jsoup.parser.HtmlTreeBuilderState$7.inBodyStartTag(HtmlTreeBuilderState.java:420)
	at org.jsoup.parser.HtmlTreeBuilderState$7.process(HtmlTreeBuilderState.java:309)
	at org.jsoup.parser.HtmlTreeBuilder.process(HtmlTreeBuilder.java:150)
	at org.jsoup.parser.HtmlTreeBuilderState$6.anythingElse(HtmlTreeBuilderState.java:282)
	at org.jsoup.parser.HtmlTreeBuilderState$6.process(HtmlTreeBuilderState.java:260)
	at org.jsoup.parser.HtmlTreeBuilder.process(HtmlTreeBuilder.java:150)
	at org.jsoup.parser.HtmlTreeBuilderState$4.anythingElse(HtmlTreeBuilderState.java:195)
	at org.jsoup.parser.HtmlTreeBuilderState$4.process(HtmlTreeBuilderState.java:159)
	at org.jsoup.parser.HtmlTreeBuilder.process(HtmlTreeBuilder.java:150)
	at org.jsoup.parser.TreeBuilder.stepParser(TreeBuilder.java:125)
	at org.jsoup.parser.TreeBuilder.runParser(TreeBuilder.java:106)
	at org.jsoup.parser.TreeBuilder.parse(TreeBuilder.java:77)
	at org.jsoup.parser.Parser.parseInput(Parser.java:91)
	at org.jsoup.helper.DataUtil.detectCharset(DataUtil.java:266)
	at org.jsoup.helper.DataUtil.detectCharset(DataUtil.java:242)
	at org.jsoup.helper.DataUtil.parseInputStream(DataUtil.java:229)
	at org.jsoup.helper.HttpConnection$Response.parse(HttpConnection.java:1007)
	at org.jsoup.helper.HttpConnection.get(HttpConnection.java:353)
	at org.jsoup.integration.ConnectTest.formLoginFlow(ConnectTest.java:896)
	at java.base/java.lang.reflect.Method.invoke(Method.java:580)
	at java.base/java.util.ArrayList.forEach(ArrayList.java:1597)
	at java.base/java.util.ArrayList.forEach(ArrayList.java:1597)
Caused by: java.lang.ExceptionInInitializerError: Exception java.lang.NoSuchMethodError: 'java.lang.String org.jsoup.internal.StringUtil.join(java.lang.String[], java.lang.String)' [in thread "main"]
	at org.jsoup.nodes.FormElement.<clinit>(FormElement.java:25)
	at org.jsoup.parser.HtmlTreeBuilder.createElementFor(HtmlTreeBuilder.java:299)
	at org.jsoup.parser.HtmlTreeBuilder.insertFormElement(HtmlTreeBuilder.java:354)
	at org.jsoup.parser.HtmlTreeBuilderState$7.inBodyStartTag(HtmlTreeBuilderState.java:420)
	at org.jsoup.parser.HtmlTreeBuilderState$7.process(HtmlTreeBuilderState.java:309)
	at org.jsoup.parser.HtmlTreeBuilder.process(HtmlTreeBuilder.java:150)
	at org.jsoup.parser.TreeBuilder.stepParser(TreeBuilder.java:125)
	at org.jsoup.parser.TreeBuilder.runParser(TreeBuilder.java:106)
	at org.jsoup.parser.TreeBuilder.parse(TreeBuilder.java:77)
	at org.jsoup.parser.Parser.parse(Parser.java:264)
	at org.jsoup.Jsoup.parse(Jsoup.java:78)
	at org.jsoup.nodes.FormElementTest.formElementsAreLive(FormElementTest.java:216)
	... 3 more

[ERROR] org.jsoup.integration.HttpClientConnectTest.postHtmlFile -- Time elapsed: 0.006 s <<< ERROR!
java.lang.NoClassDefFoundError: Could not initialize class org.jsoup.nodes.FormElement
	at org.jsoup.parser.HtmlTreeBuilder.createElementFor(HtmlTreeBuilder.java:299)
	at org.jsoup.parser.HtmlTreeBuilder.insertFormElement(HtmlTreeBuilder.java:354)
	at org.jsoup.parser.HtmlTreeBuilderState$7.inBodyStartTag(HtmlTreeBuilderState.java:420)
	at org.jsoup.parser.HtmlTreeBuilderState$7.process(HtmlTreeBuilderState.java:309)
	at org.jsoup.parser.HtmlTreeBuilder.process(HtmlTreeBuilder.java:150)
	at org.jsoup.parser.TreeBuilder.stepParser(TreeBuilder.java:125)
	at org.jsoup.parser.TreeBuilder.runParser(TreeBuilder.java:106)
	at org.jsoup.parser.TreeBuilder.parse(TreeBuilder.java:77)
	at org.jsoup.parser.Parser.parseInput(Parser.java:91)
	at org.jsoup.helper.DataUtil.detectCharset(DataUtil.java:266)
	at org.jsoup.helper.DataUtil.detectCharset(DataUtil.java:242)
	at org.jsoup.helper.DataUtil.parseInputStream(DataUtil.java:229)
	at org.jsoup.helper.HttpConnection$Response.parse(HttpConnection.java:1007)
	at org.jsoup.helper.HttpConnection.get(HttpConnection.java:353)
	at org.jsoup.integration.ConnectTest.postHtmlFile(ConnectTest.java:730)
	at java.base/java.lang.reflect.Method.invoke(Method.java:580)
	at java.base/java.util.ArrayList.forEach(ArrayList.java:1597)
	at java.base/java.util.ArrayList.forEach(ArrayList.java:1597)
Caused by: java.lang.ExceptionInInitializerError: Exception java.lang.NoSuchMethodError: 'java.lang.String org.jsoup.internal.StringUtil.join(java.lang.String[], java.lang.String)' [in thread "main"]
	at org.jsoup.nodes.FormElement.<clinit>(FormElement.java:25)
	at org.jsoup.parser.HtmlTreeBuilder.createElementFor(HtmlTreeBuilder.java:299)
	at org.jsoup.parser.HtmlTreeBuilder.insertFormElement(HtmlTreeBuilder.java:354)
	at org.jsoup.parser.HtmlTreeBuilderState$7.inBodyStartTag(HtmlTreeBuilderState.java:420)
	at org.jsoup.parser.HtmlTreeBuilderState$7.process(HtmlTreeBuilderState.java:309)
	at org.jsoup.parser.HtmlTreeBuilder.process(HtmlTreeBuilder.java:150)
	at org.jsoup.parser.TreeBuilder.stepParser(TreeBuilder.java:125)
	at org.jsoup.parser.TreeBuilder.runParser(TreeBuilder.java:106)
	at org.jsoup.parser.TreeBuilder.parse(TreeBuilder.java:77)
	at org.jsoup.parser.Parser.parse(Parser.java:264)
	at org.jsoup.Jsoup.parse(Jsoup.java:78)
	at org.jsoup.nodes.FormElementTest.formElementsAreLive(FormElementTest.java:216)
	... 3 more

[ERROR] org.jsoup.integration.HttpClientConnectTest.doesPostMultipartWithoutInputstream -- Time elapsed: 0.001 s <<< ERROR!
java.lang.NoSuchMethodError: 'java.lang.String org.jsoup.internal.StringUtil.join(java.util.Collection, java.lang.String)'
	at org.jsoup.helper.HttpConnection$Base.header(HttpConnection.java:474)
	at org.jsoup.helper.HttpConnection$Request.header(HttpConnection.java:609)
	at org.jsoup.helper.HttpConnection$Response.setOutputContentType(HttpConnection.java:1240)
	at org.jsoup.helper.HttpConnection$Response.execute(HttpConnection.java:888)
	at org.jsoup.helper.HttpConnection$Response.execute(HttpConnection.java:868)
	at org.jsoup.helper.HttpConnection.execute(HttpConnection.java:366)
	at org.jsoup.helper.HttpConnection.post(HttpConnection.java:359)
	at org.jsoup.integration.ConnectTest.doesPostMultipartWithoutInputstream(ConnectTest.java:181)
	at java.base/java.lang.reflect.Method.invoke(Method.java:580)
	at java.base/java.util.ArrayList.forEach(ArrayList.java:1597)
	at java.base/java.util.ArrayList.forEach(ArrayList.java:1597)

[ERROR] org.jsoup.integration.HttpClientConnectTest.fetchToW3c -- Time elapsed: 0.006 s <<< ERROR!
java.lang.NoClassDefFoundError: Could not initialize class org.jsoup.nodes.FormElement
	at org.jsoup.parser.HtmlTreeBuilder.createElementFor(HtmlTreeBuilder.java:299)
	at org.jsoup.parser.HtmlTreeBuilder.insertFormElement(HtmlTreeBuilder.java:354)
	at org.jsoup.parser.HtmlTreeBuilderState$7.inBodyStartTag(HtmlTreeBuilderState.java:420)
	at org.jsoup.parser.HtmlTreeBuilderState$7.process(HtmlTreeBuilderState.java:309)
	at org.jsoup.parser.HtmlTreeBuilder.process(HtmlTreeBuilder.java:150)
	at org.jsoup.parser.TreeBuilder.stepParser(TreeBuilder.java:125)
	at org.jsoup.parser.TreeBuilder.runParser(TreeBuilder.java:106)
	at org.jsoup.parser.TreeBuilder.parse(TreeBuilder.java:77)
	at org.jsoup.parser.Parser.parseInput(Parser.java:91)
	at org.jsoup.helper.DataUtil.detectCharset(DataUtil.java:266)
	at org.jsoup.helper.DataUtil.detectCharset(DataUtil.java:242)
	at org.jsoup.helper.DataUtil.parseInputStream(DataUtil.java:229)
	at org.jsoup.helper.HttpConnection$Response.parse(HttpConnection.java:1007)
	at org.jsoup.helper.HttpConnection.get(HttpConnection.java:353)
	at org.jsoup.integration.ConnectTest.fetchToW3c(ConnectTest.java:822)
	at java.base/java.lang.reflect.Method.invoke(Method.java:580)
	at java.base/java.util.ArrayList.forEach(ArrayList.java:1597)
	at java.base/java.util.ArrayList.forEach(ArrayList.java:1597)
Caused by: java.lang.ExceptionInInitializerError: Exception java.lang.NoSuchMethodError: 'java.lang.String org.jsoup.internal.StringUtil.join(java.lang.String[], java.lang.String)' [in thread "main"]
	at org.jsoup.nodes.FormElement.<clinit>(FormElement.java:25)
	at org.jsoup.parser.HtmlTreeBuilder.createElementFor(HtmlTreeBuilder.java:299)
	at org.jsoup.parser.HtmlTreeBuilder.insertFormElement(HtmlTreeBuilder.java:354)
	at org.jsoup.parser.HtmlTreeBuilderState$7.inBodyStartTag(HtmlTreeBuilderState.java:420)
	at org.jsoup.parser.HtmlTreeBuilderState$7.process(HtmlTreeBuilderState.java:309)
	at org.jsoup.parser.HtmlTreeBuilder.process(HtmlTreeBuilder.java:150)
	at org.jsoup.parser.TreeBuilder.stepParser(TreeBuilder.java:125)
	at org.jsoup.parser.TreeBuilder.runParser(TreeBuilder.java:106)
	at org.jsoup.parser.TreeBuilder.parse(TreeBuilder.java:77)
	at org.jsoup.parser.Parser.parse(Parser.java:264)
	at org.jsoup.Jsoup.parse(Jsoup.java:78)
	at org.jsoup.nodes.FormElementTest.formElementsAreLive(FormElementTest.java:216)
	... 3 more

[ERROR] org.jsoup.integration.HttpClientConnectTest.sendsRequestBody -- Time elapsed: 0.001 s <<< ERROR!
java.lang.NoSuchMethodError: 'java.lang.String org.jsoup.internal.StringUtil.join(java.util.Collection, java.lang.String)'
	at org.jsoup.helper.HttpConnection$Base.header(HttpConnection.java:474)
	at org.jsoup.helper.HttpConnection$Request.header(HttpConnection.java:609)
	at org.jsoup.helper.HttpConnection$Response.setOutputContentType(HttpConnection.java:1240)
	at org.jsoup.helper.HttpConnection$Response.execute(HttpConnection.java:888)
	at org.jsoup.helper.HttpConnection$Response.execute(HttpConnection.java:868)
	at org.jsoup.helper.HttpConnection.execute(HttpConnection.java:366)
	at org.jsoup.helper.HttpConnection.post(HttpConnection.java:359)
	at org.jsoup.integration.ConnectTest.sendsRequestBody(ConnectTest.java:251)
	at java.base/java.lang.reflect.Method.invoke(Method.java:580)
	at java.base/java.util.ArrayList.forEach(ArrayList.java:1597)
	at java.base/java.util.ArrayList.forEach(ArrayList.java:1597)

[ERROR] org.jsoup.integration.HttpClientConnectTest.handlesRedirect -- Time elapsed: 0.006 s <<< ERROR!
java.lang.NoSuchMethodError: 'java.lang.String org.jsoup.internal.StringUtil.join(java.util.Collection, java.lang.String)'
	at org.jsoup.helper.HttpConnection$Base.header(HttpConnection.java:474)
	at org.jsoup.helper.HttpConnection$Response.header(HttpConnection.java:834)
	at org.jsoup.helper.HttpConnection$Response.execute(HttpConnection.java:905)
	at org.jsoup.helper.HttpConnection$Response.execute(HttpConnection.java:868)
	at org.jsoup.helper.HttpConnection.execute(HttpConnection.java:366)
	at org.jsoup.helper.HttpConnection.get(HttpConnection.java:351)
	at org.jsoup.integration.ConnectTest.handlesRedirect(ConnectTest.java:560)
	at java.base/java.lang.reflect.Method.invoke(Method.java:580)
	at java.base/java.util.ArrayList.forEach(ArrayList.java:1597)
	at java.base/java.util.ArrayList.forEach(ArrayList.java:1597)

[ERROR] org.jsoup.integration.HttpClientConnectTest.doesPost -- Time elapsed: 0.001 s <<< ERROR!
java.lang.NoSuchMethodError: 'java.lang.String org.jsoup.internal.StringUtil.join(java.util.Collection, java.lang.String)'
	at org.jsoup.helper.CookieUtil.applyCookiesToRequest(CookieUtil.java:65)
	at org.jsoup.helper.HttpClientExecutor.execute(HttpClientExecutor.java:80)
	at org.jsoup.helper.HttpConnection$Response.execute(HttpConnection.java:894)
	at org.jsoup.helper.HttpConnection$Response.execute(HttpConnection.java:868)
	at org.jsoup.helper.HttpConnection.execute(HttpConnection.java:366)
	at org.jsoup.helper.HttpConnection.post(HttpConnection.java:359)
	at org.jsoup.integration.ConnectTest.doesPost(ConnectTest.java:166)
	at java.base/java.lang.reflect.Method.invoke(Method.java:580)
	at java.base/java.util.ArrayList.forEach(ArrayList.java:1597)
	at java.base/java.util.ArrayList.forEach(ArrayList.java:1597)

[ERROR] org.jsoup.integration.HttpClientConnectTest.supportsDeflate -- Time elapsed: 0.008 s <<< ERROR!
java.lang.NoSuchMethodError: 'java.lang.String org.jsoup.internal.StringUtil.join(java.util.Collection, java.lang.String)'
	at org.jsoup.helper.HttpConnection$Base.header(HttpConnection.java:474)
	at org.jsoup.helper.HttpConnection$Response.header(HttpConnection.java:834)
	at org.jsoup.integration.ConnectTest.supportsDeflate(ConnectTest.java:519)
	at java.base/java.lang.reflect.Method.invoke(Method.java:580)
	at java.base/java.util.ArrayList.forEach(ArrayList.java:1597)
	at java.base/java.util.ArrayList.forEach(ArrayList.java:1597)

[ERROR] org.jsoup.integration.HttpClientConnectTest.sendsRequestBodyJsonWithoutData -- Time elapsed: 0.001 s <<< ERROR!
java.lang.NoSuchMethodError: 'java.lang.String org.jsoup.internal.StringUtil.join(java.util.Collection, java.lang.String)'
	at org.jsoup.helper.HttpConnection$Base.header(HttpConnection.java:474)
	at org.jsoup.helper.HttpConnection$Request.header(HttpConnection.java:609)
	at org.jsoup.helper.HttpConnection$Response.setOutputContentType(HttpConnection.java:1240)
	at org.jsoup.helper.HttpConnection$Response.execute(HttpConnection.java:888)
	at org.jsoup.helper.HttpConnection$Response.execute(HttpConnection.java:868)
	at org.jsoup.helper.HttpConnection.execute(HttpConnection.java:366)
	at org.jsoup.helper.HttpConnection.post(HttpConnection.java:359)
	at org.jsoup.integration.ConnectTest.sendsRequestBodyJsonWithoutData(ConnectTest.java:239)
	at java.base/java.lang.reflect.Method.invoke(Method.java:580)
	at java.base/java.util.ArrayList.forEach(ArrayList.java:1597)
	at java.base/java.util.ArrayList.forEach(ArrayList.java:1597)

[ERROR] org.jsoup.integration.HttpClientConnectTest.formLoginFlow2 -- Time elapsed: 0.006 s <<< ERROR!
java.lang.NoClassDefFoundError: Could not initialize class org.jsoup.nodes.FormElement
	at org.jsoup.parser.HtmlTreeBuilder.createElementFor(HtmlTreeBuilder.java:299)
	at org.jsoup.parser.HtmlTreeBuilder.insertFormElement(HtmlTreeBuilder.java:354)
	at org.jsoup.parser.HtmlTreeBuilderState$7.inBodyStartTag(HtmlTreeBuilderState.java:420)
	at org.jsoup.parser.HtmlTreeBuilderState$7.process(HtmlTreeBuilderState.java:309)
	at org.jsoup.parser.HtmlTreeBuilder.process(HtmlTreeBuilder.java:150)
	at org.jsoup.parser.HtmlTreeBuilderState$6.anythingElse(HtmlTreeBuilderState.java:282)
	at org.jsoup.parser.HtmlTreeBuilderState$6.process(HtmlTreeBuilderState.java:260)
	at org.jsoup.parser.HtmlTreeBuilder.process(HtmlTreeBuilder.java:150)
	at org.jsoup.parser.HtmlTreeBuilderState$4.anythingElse(HtmlTreeBuilderState.java:195)
	at org.jsoup.parser.HtmlTreeBuilderState$4.process(HtmlTreeBuilderState.java:159)
	at org.jsoup.parser.HtmlTreeBuilder.process(HtmlTreeBuilder.java:150)
	at org.jsoup.parser.TreeBuilder.stepParser(TreeBuilder.java:125)
	at org.jsoup.parser.TreeBuilder.runParser(TreeBuilder.java:106)
	at org.jsoup.parser.TreeBuilder.parse(TreeBuilder.java:77)
	at org.jsoup.parser.Parser.parseInput(Parser.java:91)
	at org.jsoup.helper.DataUtil.detectCharset(DataUtil.java:266)
	at org.jsoup.helper.DataUtil.detectCharset(DataUtil.java:242)
	at org.jsoup.helper.DataUtil.parseInputStream(DataUtil.java:229)
	at org.jsoup.helper.HttpConnection$Response.parse(HttpConnection.java:1007)
	at org.jsoup.helper.HttpConnection.get(HttpConnection.java:353)
	at org.jsoup.integration.ConnectTest.formLoginFlow2(ConnectTest.java:929)
	at java.base/java.lang.reflect.Method.invoke(Method.java:580)
	at java.base/java.util.ArrayList.forEach(ArrayList.java:1597)
	at java.base/java.util.ArrayList.forEach(ArrayList.java:1597)
Caused by: java.lang.ExceptionInInitializerError: Exception java.lang.NoSuchMethodError: 'java.lang.String org.jsoup.internal.StringUtil.join(java.lang.String[], java.lang.String)' [in thread "main"]
	at org.jsoup.nodes.FormElement.<clinit>(FormElement.java:25)
	at org.jsoup.parser.HtmlTreeBuilder.createElementFor(HtmlTreeBuilder.java:299)
	at org.jsoup.parser.HtmlTreeBuilder.insertFormElement(HtmlTreeBuilder.java:354)
	at org.jsoup.parser.HtmlTreeBuilderState$7.inBodyStartTag(HtmlTreeBuilderState.java:420)
	at org.jsoup.parser.HtmlTreeBuilderState$7.process(HtmlTreeBuilderState.java:309)
	at org.jsoup.parser.HtmlTreeBuilder.process(HtmlTreeBuilder.java:150)
	at org.jsoup.parser.TreeBuilder.stepParser(TreeBuilder.java:125)
	at org.jsoup.parser.TreeBuilder.runParser(TreeBuilder.java:106)
	at org.jsoup.parser.TreeBuilder.parse(TreeBuilder.java:77)
	at org.jsoup.parser.Parser.parse(Parser.java:264)
	at org.jsoup.Jsoup.parse(Jsoup.java:78)
	at org.jsoup.nodes.FormElementTest.formElementsAreLive(FormElementTest.java:216)
	... 3 more

[ERROR] org.jsoup.integration.HttpClientConnectTest.combinesSameHeadersWithComma -- Time elapsed: 0.007 s <<< ERROR!
java.lang.NoSuchMethodError: 'java.lang.String org.jsoup.internal.StringUtil.join(java.util.Collection, java.lang.String)'
	at org.jsoup.helper.HttpConnection$Base.header(HttpConnection.java:474)
	at org.jsoup.helper.HttpConnection$Response.header(HttpConnection.java:834)
	at org.jsoup.integration.ConnectTest.combinesSameHeadersWithComma(ConnectTest.java:797)
	at java.base/java.lang.reflect.Method.invoke(Method.java:580)
	at java.base/java.util.ArrayList.forEach(ArrayList.java:1597)
	at java.base/java.util.ArrayList.forEach(ArrayList.java:1597)

[ERROR] org.jsoup.integration.HttpClientConnectTest.willEscapePathInRedirect -- Time elapsed: 0.004 s <<< ERROR!
java.lang.NoSuchMethodError: 'java.lang.String org.jsoup.internal.StringUtil.join(java.util.Collection, java.lang.String)'
	at org.jsoup.helper.HttpConnection$Base.header(HttpConnection.java:474)
	at org.jsoup.helper.HttpConnection$Response.header(HttpConnection.java:834)
	at org.jsoup.helper.HttpConnection$Response.execute(HttpConnection.java:905)
	at org.jsoup.helper.HttpConnection$Response.execute(HttpConnection.java:868)
	at org.jsoup.helper.HttpConnection.execute(HttpConnection.java:366)
	at org.jsoup.helper.HttpConnection.get(HttpConnection.java:351)
	at org.jsoup.integration.ConnectTest.willEscapePathInRedirect(ConnectTest.java:973)
	at java.base/java.lang.reflect.Method.invoke(Method.java:580)
	at java.base/java.util.ArrayList.forEach(ArrayList.java:1597)
	at java.base/java.util.ArrayList.forEach(ArrayList.java:1597)

[ERROR] org.jsoup.integration.HttpClientConnectTest.doesPostFor307 -- Time elapsed: 0.005 s <<< ERROR!
java.lang.NoSuchMethodError: 'java.lang.String org.jsoup.internal.StringUtil.join(java.util.Collection, java.lang.String)'
	at org.jsoup.helper.HttpConnection$Base.header(HttpConnection.java:474)
	at org.jsoup.helper.HttpConnection$Response.header(HttpConnection.java:834)
	at org.jsoup.helper.HttpConnection$Response.execute(HttpConnection.java:905)
	at org.jsoup.helper.HttpConnection$Response.execute(HttpConnection.java:868)
	at org.jsoup.helper.HttpConnection.execute(HttpConnection.java:366)
	at org.jsoup.helper.HttpConnection.post(HttpConnection.java:359)
	at org.jsoup.integration.ConnectTest.doesPostFor307(ConnectTest.java:596)
	at java.base/java.lang.reflect.Method.invoke(Method.java:580)
	at java.base/java.util.ArrayList.forEach(ArrayList.java:1597)
	at java.base/java.util.ArrayList.forEach(ArrayList.java:1597)

[ERROR] org.jsoup.integration.HttpClientConnectTest.handlesEmptyRedirect -- Time elapsed: 0.003 s <<< ERROR!
java.lang.NoSuchMethodError: 'java.lang.String org.jsoup.internal.StringUtil.join(java.util.Collection, java.lang.String)'
	at org.jsoup.helper.HttpConnection$Base.header(HttpConnection.java:474)
	at org.jsoup.helper.HttpConnection$Response.header(HttpConnection.java:834)
	at org.jsoup.helper.HttpConnection$Response.execute(HttpConnection.java:905)
	at org.jsoup.helper.HttpConnection$Response.execute(HttpConnection.java:868)
	at org.jsoup.helper.HttpConnection.execute(HttpConnection.java:366)
	at org.jsoup.integration.ConnectTest.handlesEmptyRedirect(ConnectTest.java:572)
	at java.base/java.lang.reflect.Method.invoke(Method.java:580)
	at java.base/java.util.ArrayList.forEach(ArrayList.java:1597)
	at java.base/java.util.ArrayList.forEach(ArrayList.java:1597)

[ERROR] org.jsoup.integration.HttpClientConnectTest.doesPut -- Time elapsed: 0.001 s <<< ERROR!
java.lang.NoSuchMethodError: 'java.lang.String org.jsoup.internal.StringUtil.join(java.util.Collection, java.lang.String)'
	at org.jsoup.helper.CookieUtil.applyCookiesToRequest(CookieUtil.java:65)
	at org.jsoup.helper.HttpClientExecutor.execute(HttpClientExecutor.java:80)
	at org.jsoup.helper.HttpConnection$Response.execute(HttpConnection.java:894)
	at org.jsoup.helper.HttpConnection$Response.execute(HttpConnection.java:868)
	at org.jsoup.helper.HttpConnection.execute(HttpConnection.java:366)
	at org.jsoup.integration.ConnectTest.doesPut(ConnectTest.java:331)
	at java.base/java.lang.reflect.Method.invoke(Method.java:580)
	at java.base/java.util.ArrayList.forEach(ArrayList.java:1597)
	at java.base/java.util.ArrayList.forEach(ArrayList.java:1597)

[ERROR] org.jsoup.integration.HttpClientConnectTest.progressListener(String)[1] -- Time elapsed: 0.008 s <<< ERROR!
java.lang.NoSuchMethodError: 'java.lang.String org.jsoup.internal.StringUtil.join(java.util.Collection, java.lang.String)'
	at org.jsoup.helper.HttpConnection$Base.header(HttpConnection.java:474)
	at org.jsoup.helper.HttpConnection$Response.header(HttpConnection.java:834)
	at org.jsoup.integration.ConnectTest.lambda$progressListener$5(ConnectTest.java:1081)
	at org.jsoup.internal.ControllableInputStream$ProgressState.emit(ControllableInputStream.java:258)
	at org.jsoup.internal.ControllableInputStream.emitProgress(ControllableInputStream.java:222)
	at org.jsoup.internal.ControllableInputStream.read(ControllableInputStream.java:74)
	at org.jsoup.helper.DataUtil.detectCharsetFromBom(DataUtil.java:410)
	at org.jsoup.helper.DataUtil.detectCharset(DataUtil.java:255)
	at org.jsoup.helper.DataUtil.detectCharset(DataUtil.java:242)
	at org.jsoup.helper.DataUtil.parseInputStream(DataUtil.java:229)
	at org.jsoup.helper.HttpConnection$Response.parse(HttpConnection.java:1007)
	at org.jsoup.helper.HttpConnection.get(HttpConnection.java:353)
	at org.jsoup.integration.ConnectTest.progressListener(ConnectTest.java:1099)
	at java.base/java.lang.reflect.Method.invoke(Method.java:580)
	at java.base/java.util.Optional.ifPresent(Optional.java:178)
	at java.base/java.util.stream.ForEachOps$ForEachOp$OfRef.accept(ForEachOps.java:184)
	at java.base/java.util.stream.ReferencePipeline$3$1.accept(ReferencePipeline.java:215)
	at java.base/java.util.stream.ForEachOps$ForEachOp$OfRef.accept(ForEachOps.java:184)
	at java.base/java.util.stream.ForEachOps$ForEachOp$OfRef.accept(ForEachOps.java:184)
	at java.base/java.util.stream.ReferencePipeline$3$1.accept(ReferencePipeline.java:215)
	at java.base/java.util.Spliterators$ArraySpliterator.forEachRemaining(Spliterators.java:1024)
	at java.base/java.util.stream.AbstractPipeline.copyInto(AbstractPipeline.java:570)
	at java.base/java.util.stream.AbstractPipeline.wrapAndCopyInto(AbstractPipeline.java:560)
	at java.base/java.util.stream.ForEachOps$ForEachOp.evaluateSequential(ForEachOps.java:151)
	at java.base/java.util.stream.ForEachOps$ForEachOp$OfRef.evaluateSequential(ForEachOps.java:174)
	at java.base/java.util.stream.AbstractPipeline.evaluate(AbstractPipeline.java:265)
	at java.base/java.util.stream.ReferencePipeline.forEach(ReferencePipeline.java:636)
	at java.base/java.util.stream.ReferencePipeline$7$1FlatMap.accept(ReferencePipeline.java:294)
	at java.base/java.util.ArrayList$ArrayListSpliterator.forEachRemaining(ArrayList.java:1709)
	at java.base/java.util.stream.AbstractPipeline.copyInto(AbstractPipeline.java:570)
	at java.base/java.util.stream.AbstractPipeline.wrapAndCopyInto(AbstractPipeline.java:560)
	at java.base/java.util.stream.ForEachOps$ForEachOp.evaluateSequential(ForEachOps.java:151)
	at java.base/java.util.stream.ForEachOps$ForEachOp$OfRef.evaluateSequential(ForEachOps.java:174)
	at java.base/java.util.stream.AbstractPipeline.evaluate(AbstractPipeline.java:265)
	at java.base/java.util.stream.ReferencePipeline.forEach(ReferencePipeline.java:636)
	at java.base/java.util.stream.ReferencePipeline$7$1FlatMap.accept(ReferencePipeline.java:294)
	at java.base/java.util.stream.ReferencePipeline$3$1.accept(ReferencePipeline.java:215)
	at java.base/java.util.stream.ReferencePipeline$3$1.accept(ReferencePipeline.java:215)
	at java.base/java.util.stream.ReferencePipeline$3$1.accept(ReferencePipeline.java:215)
	at java.base/java.util.ArrayList$ArrayListSpliterator.forEachRemaining(ArrayList.java:1709)
	at java.base/java.util.stream.AbstractPipeline.copyInto(AbstractPipeline.java:570)
	at java.base/java.util.stream.AbstractPipeline.wrapAndCopyInto(AbstractPipeline.java:560)
	at java.base/java.util.stream.ForEachOps$ForEachOp.evaluateSequential(ForEachOps.java:151)
	at java.base/java.util.stream.ForEachOps$ForEachOp$OfRef.evaluateSequential(ForEachOps.java:174)
	at java.base/java.util.stream.AbstractPipeline.evaluate(AbstractPipeline.java:265)
	at java.base/java.util.stream.ReferencePipeline.forEach(ReferencePipeline.java:636)
	at java.base/java.util.ArrayList.forEach(ArrayList.java:1597)
	at java.base/java.util.ArrayList.forEach(ArrayList.java:1597)

[ERROR] org.jsoup.integration.HttpClientConnectTest.doesNotPostFor302 -- Time elapsed: 0.005 s <<< ERROR!
java.lang.NoSuchMethodError: 'java.lang.String org.jsoup.internal.StringUtil.join(java.util.Collection, java.lang.String)'
	at org.jsoup.helper.HttpConnection$Base.header(HttpConnection.java:474)
	at org.jsoup.helper.HttpConnection$Response.header(HttpConnection.java:834)
	at org.jsoup.helper.HttpConnection$Response.execute(HttpConnection.java:905)
	at org.jsoup.helper.HttpConnection$Response.execute(HttpConnection.java:868)
	at org.jsoup.helper.HttpConnection.execute(HttpConnection.java:366)
	at org.jsoup.helper.HttpConnection.post(HttpConnection.java:359)
	at org.jsoup.integration.ConnectTest.doesNotPostFor302(ConnectTest.java:584)
	at java.base/java.lang.reflect.Method.invoke(Method.java:580)
	at java.base/java.util.ArrayList.forEach(ArrayList.java:1597)
	at java.base/java.util.ArrayList.forEach(ArrayList.java:1597)

[ERROR] org.jsoup.integration.HttpClientConnectTest.secFetchHeadersSurviveRedirect -- Time elapsed: 0.009 s <<< ERROR!
java.lang.NoSuchMethodError: 'java.lang.String org.jsoup.internal.StringUtil.join(java.util.Collection, java.lang.String)'
	at org.jsoup.helper.HttpConnection$Base.header(HttpConnection.java:474)
	at org.jsoup.helper.HttpConnection$Response.header(HttpConnection.java:834)
	at org.jsoup.helper.HttpConnection$Response.execute(HttpConnection.java:905)
	at org.jsoup.helper.HttpConnection$Response.execute(HttpConnection.java:868)
	at org.jsoup.helper.HttpConnection.execute(HttpConnection.java:366)
	at org.jsoup.helper.HttpConnection.get(HttpConnection.java:351)
	at org.jsoup.integration.ConnectTest.secFetchHeadersSurviveRedirect(ConnectTest.java:212)
	at java.base/java.lang.reflect.Method.invoke(Method.java:580)
	at java.base/java.util.ArrayList.forEach(ArrayList.java:1597)
	at java.base/java.util.ArrayList.forEach(ArrayList.java:1597)

[ERROR] org.jsoup.integration.HttpClientConnectTest.requestCookiesSurviveRedirect -- Time elapsed: 0.002 s <<< ERROR!
java.lang.NoSuchMethodError: 'java.lang.String org.jsoup.internal.StringUtil.join(java.util.Collection, java.lang.String)'
	at org.jsoup.helper.CookieUtil.applyCookiesToRequest(CookieUtil.java:65)
	at org.jsoup.helper.HttpClientExecutor.execute(HttpClientExecutor.java:80)
	at org.jsoup.helper.HttpConnection$Response.execute(HttpConnection.java:894)
	at org.jsoup.helper.HttpConnection$Response.execute(HttpConnection.java:868)
	at org.jsoup.helper.HttpConnection.execute(HttpConnection.java:366)
	at org.jsoup.integration.ConnectTest.requestCookiesSurviveRedirect(ConnectTest.java:508)
	at java.base/java.lang.reflect.Method.invoke(Method.java:580)
	at java.base/java.util.ArrayList.forEach(ArrayList.java:1597)
	at java.base/java.util.ArrayList.forEach(ArrayList.java:1597)

[ERROR] Tests run: 5, Failures: 0, Errors: 2, Skipped: 0, Time elapsed: 0.036 s <<< FAILURE! -- in org.jsoup.integration.HttpClientSessionTest
[ERROR] org.jsoup.integration.HttpClientSessionTest.testPathScopedCookiesOnRedirect -- Time elapsed: 0.007 s <<< ERROR!
java.lang.NoSuchMethodError: 'java.lang.String org.jsoup.internal.StringUtil.join(java.util.Collection, java.lang.String)'
	at org.jsoup.helper.HttpConnection$Base.header(HttpConnection.java:474)
	at org.jsoup.helper.HttpConnection$Response.header(HttpConnection.java:834)
	at org.jsoup.helper.HttpConnection$Response.execute(HttpConnection.java:905)
	at org.jsoup.helper.HttpConnection$Response.execute(HttpConnection.java:868)
	at org.jsoup.helper.HttpConnection.execute(HttpConnection.java:366)
	at org.jsoup.helper.HttpConnection.get(HttpConnection.java:351)
	at org.jsoup.integration.SessionTest.testPathScopedCookiesOnRedirect(SessionTest.java:107)
	at java.base/java.lang.reflect.Method.invoke(Method.java:580)
	at java.base/java.util.ArrayList.forEach(ArrayList.java:1597)
	at java.base/java.util.ArrayList.forEach(ArrayList.java:1597)

[ERROR] org.jsoup.integration.HttpClientSessionTest.testPathScopedCookies -- Time elapsed: 0.010 s <<< ERROR!
java.lang.NoSuchMethodError: 'java.lang.String org.jsoup.internal.StringUtil.join(java.util.Collection, java.lang.String)'
	at org.jsoup.helper.CookieUtil.applyCookiesToRequest(CookieUtil.java:65)
	at org.jsoup.helper.HttpClientExecutor.execute(HttpClientExecutor.java:80)
	at org.jsoup.helper.HttpConnection$Response.execute(HttpConnection.java:894)
	at org.jsoup.helper.HttpConnection$Response.execute(HttpConnection.java:868)
	at org.jsoup.helper.HttpConnection.execute(HttpConnection.java:366)
	at org.jsoup.helper.HttpConnection.get(HttpConnection.java:351)
	at org.jsoup.integration.SessionTest.testPathScopedCookies(SessionTest.java:65)
	at java.base/java.lang.reflect.Method.invoke(Method.java:580)
	at java.base/java.util.ArrayList.forEach(ArrayList.java:1597)
	at java.base/java.util.ArrayList.forEach(ArrayList.java:1597)

[ERROR] Tests run: 73, Failures: 0, Errors: 21, Skipped: 0, Time elapsed: 0.699 s <<< FAILURE! -- in org.jsoup.integration.ConnectTest
[ERROR] org.jsoup.integration.ConnectTest.multiCookieSet -- Time elapsed: 0.005 s <<< ERROR!
java.lang.NoSuchMethodError: 'java.lang.String org.jsoup.internal.StringUtil.join(java.util.Collection, java.lang.String)'
	at org.jsoup.helper.HttpConnection$Base.header(HttpConnection.java:474)
	at org.jsoup.helper.HttpConnection$Response.header(HttpConnection.java:834)
	at org.jsoup.helper.HttpConnection$Response.execute(HttpConnection.java:905)
	at org.jsoup.helper.HttpConnection$Response.execute(HttpConnection.java:868)
	at org.jsoup.helper.HttpConnection.execute(HttpConnection.java:366)
	at org.jsoup.integration.ConnectTest.multiCookieSet(ConnectTest.java:488)
	at java.base/java.lang.reflect.Method.invoke(Method.java:580)
	at java.base/java.util.ArrayList.forEach(ArrayList.java:1597)
	at java.base/java.util.ArrayList.forEach(ArrayList.java:1597)

[ERROR] org.jsoup.integration.ConnectTest.sendHeadRequest -- Time elapsed: 0.003 s <<< ERROR!
java.lang.NoSuchMethodError: 'java.lang.String org.jsoup.internal.StringUtil.join(java.util.Collection, java.lang.String)'
	at org.jsoup.helper.HttpConnection$Base.header(HttpConnection.java:474)
	at org.jsoup.helper.HttpConnection$Response.header(HttpConnection.java:834)
	at org.jsoup.integration.ConnectTest.sendHeadRequest(ConnectTest.java:813)
	at java.base/java.lang.reflect.Method.invoke(Method.java:580)
	at java.base/java.util.ArrayList.forEach(ArrayList.java:1597)
	at java.base/java.util.ArrayList.forEach(ArrayList.java:1597)

[ERROR] org.jsoup.integration.ConnectTest.formLoginFlow -- Time elapsed: 0.003 s <<< ERROR!
java.lang.NoClassDefFoundError: Could not initialize class org.jsoup.nodes.FormElement
	at org.jsoup.parser.HtmlTreeBuilder.createElementFor(HtmlTreeBuilder.java:299)
	at org.jsoup.parser.HtmlTreeBuilder.insertFormElement(HtmlTreeBuilder.java:354)
	at org.jsoup.parser.HtmlTreeBuilderState$7.inBodyStartTag(HtmlTreeBuilderState.java:420)
	at org.jsoup.parser.HtmlTreeBuilderState$7.process(HtmlTreeBuilderState.java:309)
	at org.jsoup.parser.HtmlTreeBuilder.process(HtmlTreeBuilder.java:150)
	at org.jsoup.parser.HtmlTreeBuilderState$6.anythingElse(HtmlTreeBuilderState.java:282)
	at org.jsoup.parser.HtmlTreeBuilderState$6.process(HtmlTreeBuilderState.java:260)
	at org.jsoup.parser.HtmlTreeBuilder.process(HtmlTreeBuilder.java:150)
	at org.jsoup.parser.HtmlTreeBuilderState$4.anythingElse(HtmlTreeBuilderState.java:195)
	at org.jsoup.parser.HtmlTreeBuilderState$4.process(HtmlTreeBuilderState.java:159)
	at org.jsoup.parser.HtmlTreeBuilder.process(HtmlTreeBuilder.java:150)
	at org.jsoup.parser.TreeBuilder.stepParser(TreeBuilder.java:125)
	at org.jsoup.parser.TreeBuilder.runParser(TreeBuilder.java:106)
	at org.jsoup.parser.TreeBuilder.parse(TreeBuilder.java:77)
	at org.jsoup.parser.Parser.parseInput(Parser.java:91)
	at org.jsoup.helper.DataUtil.detectCharset(DataUtil.java:266)
	at org.jsoup.helper.DataUtil.detectCharset(DataUtil.java:242)
	at org.jsoup.helper.DataUtil.parseInputStream(DataUtil.java:229)
	at org.jsoup.helper.HttpConnection$Response.parse(HttpConnection.java:1007)
	at org.jsoup.helper.HttpConnection.get(HttpConnection.java:353)
	at org.jsoup.integration.ConnectTest.formLoginFlow(ConnectTest.java:896)
	at java.base/java.lang.reflect.Method.invoke(Method.java:580)
	at java.base/java.util.ArrayList.forEach(ArrayList.java:1597)
	at java.base/java.util.ArrayList.forEach(ArrayList.java:1597)
Caused by: java.lang.ExceptionInInitializerError: Exception java.lang.NoSuchMethodError: 'java.lang.String org.jsoup.internal.StringUtil.join(java.lang.String[], java.lang.String)' [in thread "main"]
	at org.jsoup.nodes.FormElement.<clinit>(FormElement.java:25)
	at org.jsoup.parser.HtmlTreeBuilder.createElementFor(HtmlTreeBuilder.java:299)
	at org.jsoup.parser.HtmlTreeBuilder.insertFormElement(HtmlTreeBuilder.java:354)
	at org.jsoup.parser.HtmlTreeBuilderState$7.inBodyStartTag(HtmlTreeBuilderState.java:420)
	at org.jsoup.parser.HtmlTreeBuilderState$7.process(HtmlTreeBuilderState.java:309)
	at org.jsoup.parser.HtmlTreeBuilder.process(HtmlTreeBuilder.java:150)
	at org.jsoup.parser.TreeBuilder.stepParser(TreeBuilder.java:125)
	at org.jsoup.parser.TreeBuilder.runParser(TreeBuilder.java:106)
	at org.jsoup.parser.TreeBuilder.parse(TreeBuilder.java:77)
	at org.jsoup.parser.Parser.parse(Parser.java:264)
	at org.jsoup.Jsoup.parse(Jsoup.java:78)
	at org.jsoup.nodes.FormElementTest.formElementsAreLive(FormElementTest.java:216)
	... 3 more

[ERROR] org.jsoup.integration.ConnectTest.postHtmlFile -- Time elapsed: 0.004 s <<< ERROR!
java.lang.NoClassDefFoundError: Could not initialize class org.jsoup.nodes.FormElement
	at org.jsoup.parser.HtmlTreeBuilder.createElementFor(HtmlTreeBuilder.java:299)
	at org.jsoup.parser.HtmlTreeBuilder.insertFormElement(HtmlTreeBuilder.java:354)
	at org.jsoup.parser.HtmlTreeBuilderState$7.inBodyStartTag(HtmlTreeBuilderState.java:420)
	at org.jsoup.parser.HtmlTreeBuilderState$7.process(HtmlTreeBuilderState.java:309)
	at org.jsoup.parser.HtmlTreeBuilder.process(HtmlTreeBuilder.java:150)
	at org.jsoup.parser.TreeBuilder.stepParser(TreeBuilder.java:125)
	at org.jsoup.parser.TreeBuilder.runParser(TreeBuilder.java:106)
	at org.jsoup.parser.TreeBuilder.parse(TreeBuilder.java:77)
	at org.jsoup.parser.Parser.parseInput(Parser.java:91)
	at org.jsoup.helper.DataUtil.detectCharset(DataUtil.java:266)
	at org.jsoup.helper.DataUtil.detectCharset(DataUtil.java:242)
	at org.jsoup.helper.DataUtil.parseInputStream(DataUtil.java:229)
	at org.jsoup.helper.HttpConnection$Response.parse(HttpConnection.java:1007)
	at org.jsoup.helper.HttpConnection.get(HttpConnection.java:353)
	at org.jsoup.integration.ConnectTest.postHtmlFile(ConnectTest.java:730)
	at java.base/java.lang.reflect.Method.invoke(Method.java:580)
	at java.base/java.util.ArrayList.forEach(ArrayList.java:1597)
	at java.base/java.util.ArrayList.forEach(ArrayList.java:1597)
Caused by: java.lang.ExceptionInInitializerError: Exception java.lang.NoSuchMethodError: 'java.lang.String org.jsoup.internal.StringUtil.join(java.lang.String[], java.lang.String)' [in thread "main"]
	at org.jsoup.nodes.FormElement.<clinit>(FormElement.java:25)
	at org.jsoup.parser.HtmlTreeBuilder.createElementFor(HtmlTreeBuilder.java:299)
	at org.jsoup.parser.HtmlTreeBuilder.insertFormElement(HtmlTreeBuilder.java:354)
	at org.jsoup.parser.HtmlTreeBuilderState$7.inBodyStartTag(HtmlTreeBuilderState.java:420)
	at org.jsoup.parser.HtmlTreeBuilderState$7.process(HtmlTreeBuilderState.java:309)
	at org.jsoup.parser.HtmlTreeBuilder.process(HtmlTreeBuilder.java:150)
	at org.jsoup.parser.TreeBuilder.stepParser(TreeBuilder.java:125)
	at org.jsoup.parser.TreeBuilder.runParser(TreeBuilder.java:106)
	at org.jsoup.parser.TreeBuilder.parse(TreeBuilder.java:77)
	at org.jsoup.parser.Parser.parse(Parser.java:264)
	at org.jsoup.Jsoup.parse(Jsoup.java:78)
	at org.jsoup.nodes.FormElementTest.formElementsAreLive(FormElementTest.java:216)
	... 3 more

[ERROR] org.jsoup.integration.ConnectTest.doesPostMultipartWithoutInputstream -- Time elapsed: 0.001 s <<< ERROR!
java.lang.NoSuchMethodError: 'java.lang.String org.jsoup.internal.StringUtil.join(java.util.Collection, java.lang.String)'
	at org.jsoup.helper.HttpConnection$Base.header(HttpConnection.java:474)
	at org.jsoup.helper.HttpConnection$Request.header(HttpConnection.java:609)
	at org.jsoup.helper.HttpConnection$Response.setOutputContentType(HttpConnection.java:1240)
	at org.jsoup.helper.HttpConnection$Response.execute(HttpConnection.java:888)
	at org.jsoup.helper.HttpConnection$Response.execute(HttpConnection.java:868)
	at org.jsoup.helper.HttpConnection.execute(HttpConnection.java:366)
	at org.jsoup.helper.HttpConnection.post(HttpConnection.java:359)
	at org.jsoup.integration.ConnectTest.doesPostMultipartWithoutInputstream(ConnectTest.java:181)
	at java.base/java.lang.reflect.Method.invoke(Method.java:580)
	at java.base/java.util.ArrayList.forEach(ArrayList.java:1597)
	at java.base/java.util.ArrayList.forEach(ArrayList.java:1597)

[ERROR] org.jsoup.integration.ConnectTest.fetchToW3c -- Time elapsed: 0.003 s <<< ERROR!
java.lang.NoClassDefFoundError: Could not initialize class org.jsoup.nodes.FormElement
	at org.jsoup.parser.HtmlTreeBuilder.createElementFor(HtmlTreeBuilder.java:299)
	at org.jsoup.parser.HtmlTreeBuilder.insertFormElement(HtmlTreeBuilder.java:354)
	at org.jsoup.parser.HtmlTreeBuilderState$7.inBodyStartTag(HtmlTreeBuilderState.java:420)
	at org.jsoup.parser.HtmlTreeBuilderState$7.process(HtmlTreeBuilderState.java:309)
	at org.jsoup.parser.HtmlTreeBuilder.process(HtmlTreeBuilder.java:150)
	at org.jsoup.parser.TreeBuilder.stepParser(TreeBuilder.java:125)
	at org.jsoup.parser.TreeBuilder.runParser(TreeBuilder.java:106)
	at org.jsoup.parser.TreeBuilder.parse(TreeBuilder.java:77)
	at org.jsoup.parser.Parser.parseInput(Parser.java:91)
	at org.jsoup.helper.DataUtil.detectCharset(DataUtil.java:266)
	at org.jsoup.helper.DataUtil.detectCharset(DataUtil.java:242)
	at org.jsoup.helper.DataUtil.parseInputStream(DataUtil.java:229)
	at org.jsoup.helper.HttpConnection$Response.parse(HttpConnection.java:1007)
	at org.jsoup.helper.HttpConnection.get(HttpConnection.java:353)
	at org.jsoup.integration.ConnectTest.fetchToW3c(ConnectTest.java:822)
	at java.base/java.lang.reflect.Method.invoke(Method.java:580)
	at java.base/java.util.ArrayList.forEach(ArrayList.java:1597)
	at java.base/java.util.ArrayList.forEach(ArrayList.java:1597)
Caused by: java.lang.ExceptionInInitializerError: Exception java.lang.NoSuchMethodError: 'java.lang.String org.jsoup.internal.StringUtil.join(java.lang.String[], java.lang.String)' [in thread "main"]
	at org.jsoup.nodes.FormElement.<clinit>(FormElement.java:25)
	at org.jsoup.parser.HtmlTreeBuilder.createElementFor(HtmlTreeBuilder.java:299)
	at org.jsoup.parser.HtmlTreeBuilder.insertFormElement(HtmlTreeBuilder.java:354)
	at org.jsoup.parser.HtmlTreeBuilderState$7.inBodyStartTag(HtmlTreeBuilderState.java:420)
	at org.jsoup.parser.HtmlTreeBuilderState$7.process(HtmlTreeBuilderState.java:309)
	at org.jsoup.parser.HtmlTreeBuilder.process(HtmlTreeBuilder.java:150)
	at org.jsoup.parser.TreeBuilder.stepParser(TreeBuilder.java:125)
	at org.jsoup.parser.TreeBuilder.runParser(TreeBuilder.java:106)
	at org.jsoup.parser.TreeBuilder.parse(TreeBuilder.java:77)
	at org.jsoup.parser.Parser.parse(Parser.java:264)
	at org.jsoup.Jsoup.parse(Jsoup.java:78)
	at org.jsoup.nodes.FormElementTest.formElementsAreLive(FormElementTest.java:216)
	... 3 more

[ERROR] org.jsoup.integration.ConnectTest.sendsRequestBody -- Time elapsed: 0 s <<< ERROR!
java.lang.NoSuchMethodError: 'java.lang.String org.jsoup.internal.StringUtil.join(java.util.Collection, java.lang.String)'
	at org.jsoup.helper.HttpConnection$Base.header(HttpConnection.java:474)
	at org.jsoup.helper.HttpConnection$Request.header(HttpConnection.java:609)
	at org.jsoup.helper.HttpConnection$Response.setOutputContentType(HttpConnection.java:1240)
	at org.jsoup.helper.HttpConnection$Response.execute(HttpConnection.java:888)
	at org.jsoup.helper.HttpConnection$Response.execute(HttpConnection.java:868)
	at org.jsoup.helper.HttpConnection.execute(HttpConnection.java:366)
	at org.jsoup.helper.HttpConnection.post(HttpConnection.java:359)
	at org.jsoup.integration.ConnectTest.sendsRequestBody(ConnectTest.java:251)
	at java.base/java.lang.reflect.Method.invoke(Method.java:580)
	at java.base/java.util.ArrayList.forEach(ArrayList.java:1597)
	at java.base/java.util.ArrayList.forEach(ArrayList.java:1597)

[ERROR] org.jsoup.integration.ConnectTest.handlesRedirect -- Time elapsed: 0.002 s <<< ERROR!
java.lang.NoSuchMethodError: 'java.lang.String org.jsoup.internal.StringUtil.join(java.util.Collection, java.lang.String)'
	at org.jsoup.helper.HttpConnection$Base.header(HttpConnection.java:474)
	at org.jsoup.helper.HttpConnection$Response.header(HttpConnection.java:834)
	at org.jsoup.helper.HttpConnection$Response.execute(HttpConnection.java:905)
	at org.jsoup.helper.HttpConnection$Response.execute(HttpConnection.java:868)
	at org.jsoup.helper.HttpConnection.execute(HttpConnection.java:366)
	at org.jsoup.helper.HttpConnection.get(HttpConnection.java:351)
	at org.jsoup.integration.ConnectTest.handlesRedirect(ConnectTest.java:560)
	at java.base/java.lang.reflect.Method.invoke(Method.java:580)
	at java.base/java.util.ArrayList.forEach(ArrayList.java:1597)
	at java.base/java.util.ArrayList.forEach(ArrayList.java:1597)

[ERROR] org.jsoup.integration.ConnectTest.doesPost -- Time elapsed: 0.001 s <<< ERROR!
java.lang.NoSuchMethodError: 'java.lang.String org.jsoup.internal.StringUtil.join(java.util.Collection, java.lang.String)'
	at org.jsoup.helper.CookieUtil.applyCookiesToRequest(CookieUtil.java:65)
	at org.jsoup.helper.UrlConnectionExecutor.createConnection(UrlConnectionExecutor.java:103)
	at org.jsoup.helper.UrlConnectionExecutor.execute(UrlConnectionExecutor.java:33)
	at org.jsoup.helper.HttpConnection$Response.execute(HttpConnection.java:894)
	at org.jsoup.helper.HttpConnection$Response.execute(HttpConnection.java:868)
	at org.jsoup.helper.HttpConnection.execute(HttpConnection.java:366)
	at org.jsoup.helper.HttpConnection.post(HttpConnection.java:359)
	at org.jsoup.integration.ConnectTest.doesPost(ConnectTest.java:166)
	at java.base/java.lang.reflect.Method.invoke(Method.java:580)
	at java.base/java.util.ArrayList.forEach(ArrayList.java:1597)
	at java.base/java.util.ArrayList.forEach(ArrayList.java:1597)

[ERROR] org.jsoup.integration.ConnectTest.supportsDeflate -- Time elapsed: 0.003 s <<< ERROR!
java.lang.NoSuchMethodError: 'java.lang.String org.jsoup.internal.StringUtil.join(java.util.Collection, java.lang.String)'
	at org.jsoup.helper.HttpConnection$Base.header(HttpConnection.java:474)
	at org.jsoup.helper.HttpConnection$Response.header(HttpConnection.java:834)
	at org.jsoup.integration.ConnectTest.supportsDeflate(ConnectTest.java:519)
	at java.base/java.lang.reflect.Method.invoke(Method.java:580)
	at java.base/java.util.ArrayList.forEach(ArrayList.java:1597)
	at java.base/java.util.ArrayList.forEach(ArrayList.java:1597)

[ERROR] org.jsoup.integration.ConnectTest.sendsRequestBodyJsonWithoutData -- Time elapsed: 0.001 s <<< ERROR!
java.lang.NoSuchMethodError: 'java.lang.String org.jsoup.internal.StringUtil.join(java.util.Collection, java.lang.String)'
	at org.jsoup.helper.HttpConnection$Base.header(HttpConnection.java:474)
	at org.jsoup.helper.HttpConnection$Request.header(HttpConnection.java:609)
	at org.jsoup.helper.HttpConnection$Response.setOutputContentType(HttpConnection.java:1240)
	at org.jsoup.helper.HttpConnection$Response.execute(HttpConnection.java:888)
	at org.jsoup.helper.HttpConnection$Response.execute(HttpConnection.java:868)
	at org.jsoup.helper.HttpConnection.execute(HttpConnection.java:366)
	at org.jsoup.helper.HttpConnection.post(HttpConnection.java:359)
	at org.jsoup.integration.ConnectTest.sendsRequestBodyJsonWithoutData(ConnectTest.java:239)
	at java.base/java.lang.reflect.Method.invoke(Method.java:580)
	at java.base/java.util.ArrayList.forEach(ArrayList.java:1597)
	at java.base/java.util.ArrayList.forEach(ArrayList.java:1597)

[ERROR] org.jsoup.integration.ConnectTest.formLoginFlow2 -- Time elapsed: 0.002 s <<< ERROR!
java.lang.NoClassDefFoundError: Could not initialize class org.jsoup.nodes.FormElement
	at org.jsoup.parser.HtmlTreeBuilder.createElementFor(HtmlTreeBuilder.java:299)
	at org.jsoup.parser.HtmlTreeBuilder.insertFormElement(HtmlTreeBuilder.java:354)
	at org.jsoup.parser.HtmlTreeBuilderState$7.inBodyStartTag(HtmlTreeBuilderState.java:420)
	at org.jsoup.parser.HtmlTreeBuilderState$7.process(HtmlTreeBuilderState.java:309)
	at org.jsoup.parser.HtmlTreeBuilder.process(HtmlTreeBuilder.java:150)
	at org.jsoup.parser.HtmlTreeBuilderState$6.anythingElse(HtmlTreeBuilderState.java:282)
	at org.jsoup.parser.HtmlTreeBuilderState$6.process(HtmlTreeBuilderState.java:260)
	at org.jsoup.parser.HtmlTreeBuilder.process(HtmlTreeBuilder.java:150)
	at org.jsoup.parser.HtmlTreeBuilderState$4.anythingElse(HtmlTreeBuilderState.java:195)
	at org.jsoup.parser.HtmlTreeBuilderState$4.process(HtmlTreeBuilderState.java:159)
	at org.jsoup.parser.HtmlTreeBuilder.process(HtmlTreeBuilder.java:150)
	at org.jsoup.parser.TreeBuilder.stepParser(TreeBuilder.java:125)
	at org.jsoup.parser.TreeBuilder.runParser(TreeBuilder.java:106)
	at org.jsoup.parser.TreeBuilder.parse(TreeBuilder.java:77)
	at org.jsoup.parser.Parser.parseInput(Parser.java:91)
	at org.jsoup.helper.DataUtil.detectCharset(DataUtil.java:266)
	at org.jsoup.helper.DataUtil.detectCharset(DataUtil.java:242)
	at org.jsoup.helper.DataUtil.parseInputStream(DataUtil.java:229)
	at org.jsoup.helper.HttpConnection$Response.parse(HttpConnection.java:1007)
	at org.jsoup.helper.HttpConnection.get(HttpConnection.java:353)
	at org.jsoup.integration.ConnectTest.formLoginFlow2(ConnectTest.java:929)
	at java.base/java.lang.reflect.Method.invoke(Method.java:580)
	at java.base/java.util.ArrayList.forEach(ArrayList.java:1597)
	at java.base/java.util.ArrayList.forEach(ArrayList.java:1597)
Caused by: java.lang.ExceptionInInitializerError: Exception java.lang.NoSuchMethodError: 'java.lang.String org.jsoup.internal.StringUtil.join(java.lang.String[], java.lang.String)' [in thread "main"]
	at org.jsoup.nodes.FormElement.<clinit>(FormElement.java:25)
	at org.jsoup.parser.HtmlTreeBuilder.createElementFor(HtmlTreeBuilder.java:299)
	at org.jsoup.parser.HtmlTreeBuilder.insertFormElement(HtmlTreeBuilder.java:354)
	at org.jsoup.parser.HtmlTreeBuilderState$7.inBodyStartTag(HtmlTreeBuilderState.java:420)
	at org.jsoup.parser.HtmlTreeBuilderState$7.process(HtmlTreeBuilderState.java:309)
	at org.jsoup.parser.HtmlTreeBuilder.process(HtmlTreeBuilder.java:150)
	at org.jsoup.parser.TreeBuilder.stepParser(TreeBuilder.java:125)
	at org.jsoup.parser.TreeBuilder.runParser(TreeBuilder.java:106)
	at org.jsoup.parser.TreeBuilder.parse(TreeBuilder.java:77)
	at org.jsoup.parser.Parser.parse(Parser.java:264)
	at org.jsoup.Jsoup.parse(Jsoup.java:78)
	at org.jsoup.nodes.FormElementTest.formElementsAreLive(FormElementTest.java:216)
	... 3 more

[ERROR] org.jsoup.integration.ConnectTest.combinesSameHeadersWithComma -- Time elapsed: 0.002 s <<< ERROR!
java.lang.NoSuchMethodError: 'java.lang.String org.jsoup.internal.StringUtil.join(java.util.Collection, java.lang.String)'
	at org.jsoup.helper.HttpConnection$Base.header(HttpConnection.java:474)
	at org.jsoup.helper.HttpConnection$Response.header(HttpConnection.java:834)
	at org.jsoup.integration.ConnectTest.combinesSameHeadersWithComma(ConnectTest.java:797)
	at java.base/java.lang.reflect.Method.invoke(Method.java:580)
	at java.base/java.util.ArrayList.forEach(ArrayList.java:1597)
	at java.base/java.util.ArrayList.forEach(ArrayList.java:1597)

[ERROR] org.jsoup.integration.ConnectTest.willEscapePathInRedirect -- Time elapsed: 0.001 s <<< ERROR!
java.lang.NoSuchMethodError: 'java.lang.String org.jsoup.internal.StringUtil.join(java.util.Collection, java.lang.String)'
	at org.jsoup.helper.HttpConnection$Base.header(HttpConnection.java:474)
	at org.jsoup.helper.HttpConnection$Response.header(HttpConnection.java:834)
	at org.jsoup.helper.HttpConnection$Response.execute(HttpConnection.java:905)
	at org.jsoup.helper.HttpConnection$Response.execute(HttpConnection.java:868)
	at org.jsoup.helper.HttpConnection.execute(HttpConnection.java:366)
	at org.jsoup.helper.HttpConnection.get(HttpConnection.java:351)
	at org.jsoup.integration.ConnectTest.willEscapePathInRedirect(ConnectTest.java:973)
	at java.base/java.lang.reflect.Method.invoke(Method.java:580)
	at java.base/java.util.ArrayList.forEach(ArrayList.java:1597)
	at java.base/java.util.ArrayList.forEach(ArrayList.java:1597)

[ERROR] org.jsoup.integration.ConnectTest.doesPostFor307 -- Time elapsed: 0.002 s <<< ERROR!
java.lang.NoSuchMethodError: 'java.lang.String org.jsoup.internal.StringUtil.join(java.util.Collection, java.lang.String)'
	at org.jsoup.helper.HttpConnection$Base.header(HttpConnection.java:474)
	at org.jsoup.helper.HttpConnection$Response.header(HttpConnection.java:834)
	at org.jsoup.helper.HttpConnection$Response.execute(HttpConnection.java:905)
	at org.jsoup.helper.HttpConnection$Response.execute(HttpConnection.java:868)
	at org.jsoup.helper.HttpConnection.execute(HttpConnection.java:366)
	at org.jsoup.helper.HttpConnection.post(HttpConnection.java:359)
	at org.jsoup.integration.ConnectTest.doesPostFor307(ConnectTest.java:596)
	at java.base/java.lang.reflect.Method.invoke(Method.java:580)
	at java.base/java.util.ArrayList.forEach(ArrayList.java:1597)
	at java.base/java.util.ArrayList.forEach(ArrayList.java:1597)

[ERROR] org.jsoup.integration.ConnectTest.handlesEmptyRedirect -- Time elapsed: 0.002 s <<< ERROR!
java.lang.NoSuchMethodError: 'java.lang.String org.jsoup.internal.StringUtil.join(java.util.Collection, java.lang.String)'
	at org.jsoup.helper.HttpConnection$Base.header(HttpConnection.java:474)
	at org.jsoup.helper.HttpConnection$Response.header(HttpConnection.java:834)
	at org.jsoup.helper.HttpConnection$Response.execute(HttpConnection.java:905)
	at org.jsoup.helper.HttpConnection$Response.execute(HttpConnection.java:868)
	at org.jsoup.helper.HttpConnection.execute(HttpConnection.java:366)
	at org.jsoup.integration.ConnectTest.handlesEmptyRedirect(ConnectTest.java:572)
	at java.base/java.lang.reflect.Method.invoke(Method.java:580)
	at java.base/java.util.ArrayList.forEach(ArrayList.java:1597)
	at java.base/java.util.ArrayList.forEach(ArrayList.java:1597)

[ERROR] org.jsoup.integration.ConnectTest.doesPut -- Time elapsed: 0.001 s <<< ERROR!
java.lang.NoSuchMethodError: 'java.lang.String org.jsoup.internal.StringUtil.join(java.util.Collection, java.lang.String)'
	at org.jsoup.helper.CookieUtil.applyCookiesToRequest(CookieUtil.java:65)
	at org.jsoup.helper.UrlConnectionExecutor.createConnection(UrlConnectionExecutor.java:103)
	at org.jsoup.helper.UrlConnectionExecutor.execute(UrlConnectionExecutor.java:33)
	at org.jsoup.helper.HttpConnection$Response.execute(HttpConnection.java:894)
	at org.jsoup.helper.HttpConnection$Response.execute(HttpConnection.java:868)
	at org.jsoup.helper.HttpConnection.execute(HttpConnection.java:366)
	at org.jsoup.integration.ConnectTest.doesPut(ConnectTest.java:331)
	at java.base/java.lang.reflect.Method.invoke(Method.java:580)
	at java.base/java.util.ArrayList.forEach(ArrayList.java:1597)
	at java.base/java.util.ArrayList.forEach(ArrayList.java:1597)

[ERROR] org.jsoup.integration.ConnectTest.progressListener(String)[1] -- Time elapsed: 0.002 s <<< ERROR!
java.lang.NoSuchMethodError: 'java.lang.String org.jsoup.internal.StringUtil.join(java.util.Collection, java.lang.String)'
	at org.jsoup.helper.HttpConnection$Base.header(HttpConnection.java:474)
	at org.jsoup.helper.HttpConnection$Response.header(HttpConnection.java:834)
	at org.jsoup.integration.ConnectTest.lambda$progressListener$5(ConnectTest.java:1081)
	at org.jsoup.internal.ControllableInputStream$ProgressState.emit(ControllableInputStream.java:258)
	at org.jsoup.internal.ControllableInputStream.emitProgress(ControllableInputStream.java:222)
	at org.jsoup.internal.ControllableInputStream.read(ControllableInputStream.java:74)
	at org.jsoup.helper.DataUtil.detectCharsetFromBom(DataUtil.java:410)
	at org.jsoup.helper.DataUtil.detectCharset(DataUtil.java:255)
	at org.jsoup.helper.DataUtil.detectCharset(DataUtil.java:242)
	at org.jsoup.helper.DataUtil.parseInputStream(DataUtil.java:229)
	at org.jsoup.helper.HttpConnection$Response.parse(HttpConnection.java:1007)
	at org.jsoup.helper.HttpConnection.get(HttpConnection.java:353)
	at org.jsoup.integration.ConnectTest.progressListener(ConnectTest.java:1099)
	at java.base/java.lang.reflect.Method.invoke(Method.java:580)
	at java.base/java.util.Optional.ifPresent(Optional.java:178)
	at java.base/java.util.stream.ForEachOps$ForEachOp$OfRef.accept(ForEachOps.java:184)
	at java.base/java.util.stream.ReferencePipeline$3$1.accept(ReferencePipeline.java:215)
	at java.base/java.util.stream.ForEachOps$ForEachOp$OfRef.accept(ForEachOps.java:184)
	at java.base/java.util.stream.ForEachOps$ForEachOp$OfRef.accept(ForEachOps.java:184)
	at java.base/java.util.stream.ReferencePipeline$3$1.accept(ReferencePipeline.java:215)
	at java.base/java.util.Spliterators$ArraySpliterator.forEachRemaining(Spliterators.java:1024)
	at java.base/java.util.stream.AbstractPipeline.copyInto(AbstractPipeline.java:570)
	at java.base/java.util.stream.AbstractPipeline.wrapAndCopyInto(AbstractPipeline.java:560)
	at java.base/java.util.stream.ForEachOps$ForEachOp.evaluateSequential(ForEachOps.java:151)
	at java.base/java.util.stream.ForEachOps$ForEachOp$OfRef.evaluateSequential(ForEachOps.java:174)
	at java.base/java.util.stream.AbstractPipeline.evaluate(AbstractPipeline.java:265)
	at java.base/java.util.stream.ReferencePipeline.forEach(ReferencePipeline.java:636)
	at java.base/java.util.stream.ReferencePipeline$7$1FlatMap.accept(ReferencePipeline.java:294)
	at java.base/java.util.ArrayList$ArrayListSpliterator.forEachRemaining(ArrayList.java:1709)
	at java.base/java.util.stream.AbstractPipeline.copyInto(AbstractPipeline.java:570)
	at java.base/java.util.stream.AbstractPipeline.wrapAndCopyInto(AbstractPipeline.java:560)
	at java.base/java.util.stream.ForEachOps$ForEachOp.evaluateSequential(ForEachOps.java:151)
	at java.base/java.util.stream.ForEachOps$ForEachOp$OfRef.evaluateSequential(ForEachOps.java:174)
	at java.base/java.util.stream.AbstractPipeline.evaluate(AbstractPipeline.java:265)
	at java.base/java.util.stream.ReferencePipeline.forEach(ReferencePipeline.java:636)
	at java.base/java.util.stream.ReferencePipeline$7$1FlatMap.accept(ReferencePipeline.java:294)
	at java.base/java.util.stream.ReferencePipeline$3$1.accept(ReferencePipeline.java:215)
	at java.base/java.util.stream.ReferencePipeline$3$1.accept(ReferencePipeline.java:215)
	at java.base/java.util.stream.ReferencePipeline$3$1.accept(ReferencePipeline.java:215)
	at java.base/java.util.ArrayList$ArrayListSpliterator.forEachRemaining(ArrayList.java:1709)
	at java.base/java.util.stream.AbstractPipeline.copyInto(AbstractPipeline.java:570)
	at java.base/java.util.stream.AbstractPipeline.wrapAndCopyInto(AbstractPipeline.java:560)
	at java.base/java.util.stream.ForEachOps$ForEachOp.evaluateSequential(ForEachOps.java:151)
	at java.base/java.util.stream.ForEachOps$ForEachOp$OfRef.evaluateSequential(ForEachOps.java:174)
	at java.base/java.util.stream.AbstractPipeline.evaluate(AbstractPipeline.java:265)
	at java.base/java.util.stream.ReferencePipeline.forEach(ReferencePipeline.java:636)
	at java.base/java.util.ArrayList.forEach(ArrayList.java:1597)
	at java.base/java.util.ArrayList.forEach(ArrayList.java:1597)

[ERROR] org.jsoup.integration.ConnectTest.doesNotPostFor302 -- Time elapsed: 0.003 s <<< ERROR!
java.lang.NoSuchMethodError: 'java.lang.String org.jsoup.internal.StringUtil.join(java.util.Collection, java.lang.String)'
	at org.jsoup.helper.HttpConnection$Base.header(HttpConnection.java:474)
	at org.jsoup.helper.HttpConnection$Response.header(HttpConnection.java:834)
	at org.jsoup.helper.HttpConnection$Response.execute(HttpConnection.java:905)
	at org.jsoup.helper.HttpConnection$Response.execute(HttpConnection.java:868)
	at org.jsoup.helper.HttpConnection.execute(HttpConnection.java:366)
	at org.jsoup.helper.HttpConnection.post(HttpConnection.java:359)
	at org.jsoup.integration.ConnectTest.doesNotPostFor302(ConnectTest.java:584)
	at java.base/java.lang.reflect.Method.invoke(Method.java:580)
	at java.base/java.util.ArrayList.forEach(ArrayList.java:1597)
	at java.base/java.util.ArrayList.forEach(ArrayList.java:1597)

[ERROR] org.jsoup.integration.ConnectTest.secFetchHeadersSurviveRedirect -- Time elapsed: 0.003 s <<< ERROR!
java.lang.NoSuchMethodError: 'java.lang.String org.jsoup.internal.StringUtil.join(java.util.Collection, java.lang.String)'
	at org.jsoup.helper.HttpConnection$Base.header(HttpConnection.java:474)
	at org.jsoup.helper.HttpConnection$Response.header(HttpConnection.java:834)
	at org.jsoup.helper.HttpConnection$Response.execute(HttpConnection.java:905)
	at org.jsoup.helper.HttpConnection$Response.execute(HttpConnection.java:868)
	at org.jsoup.helper.HttpConnection.execute(HttpConnection.java:366)
	at org.jsoup.helper.HttpConnection.get(HttpConnection.java:351)
	at org.jsoup.integration.ConnectTest.secFetchHeadersSurviveRedirect(ConnectTest.java:212)
	at java.base/java.lang.reflect.Method.invoke(Method.java:580)
	at java.base/java.util.ArrayList.forEach(ArrayList.java:1597)
	at java.base/java.util.ArrayList.forEach(ArrayList.java:1597)

[ERROR] org.jsoup.integration.ConnectTest.requestCookiesSurviveRedirect -- Time elapsed: 0.001 s <<< ERROR!
java.lang.NoSuchMethodError: 'java.lang.String org.jsoup.internal.StringUtil.join(java.util.Collection, java.lang.String)'
	at org.jsoup.helper.CookieUtil.applyCookiesToRequest(CookieUtil.java:65)
	at org.jsoup.helper.UrlConnectionExecutor.createConnection(UrlConnectionExecutor.java:103)
	at org.jsoup.helper.UrlConnectionExecutor.execute(UrlConnectionExecutor.java:33)
	at org.jsoup.helper.HttpConnection$Response.execute(HttpConnection.java:894)
	at org.jsoup.helper.HttpConnection$Response.execute(HttpConnection.java:868)
	at org.jsoup.helper.HttpConnection.execute(HttpConnection.java:366)
	at org.jsoup.integration.ConnectTest.requestCookiesSurviveRedirect(ConnectTest.java:508)
	at java.base/java.lang.reflect.Method.invoke(Method.java:580)
	at java.base/java.util.ArrayList.forEach(ArrayList.java:1597)
	at java.base/java.util.ArrayList.forEach(ArrayList.java:1597)

[ERROR] Tests run: 8, Failures: 0, Errors: 3, Skipped: 0, Time elapsed: 0.194 s <<< FAILURE! -- in org.jsoup.integration.ProxyTest
[ERROR] org.jsoup.integration.ProxyTest.redirectViaProxy -- Time elapsed: 0.006 s <<< ERROR!
java.lang.NoSuchMethodError: 'java.lang.String org.jsoup.internal.StringUtil.join(java.util.Collection, java.lang.String)'
	at org.jsoup.helper.HttpConnection$Base.header(HttpConnection.java:474)
	at org.jsoup.helper.HttpConnection$Response.header(HttpConnection.java:834)
	at org.jsoup.helper.HttpConnection$Response.execute(HttpConnection.java:905)
	at org.jsoup.helper.HttpConnection$Response.execute(HttpConnection.java:868)
	at org.jsoup.helper.HttpConnection.execute(HttpConnection.java:366)
	at org.jsoup.integration.ProxyTest.redirectViaProxy(ProxyTest.java:68)
	at java.base/java.lang.reflect.Method.invoke(Method.java:580)
	at java.base/java.util.ArrayList.forEach(ArrayList.java:1597)
	at java.base/java.util.ArrayList.forEach(ArrayList.java:1597)

[ERROR] org.jsoup.integration.ProxyTest.proxyForSession -- Time elapsed: 0.012 s <<< ERROR!
java.lang.NoSuchMethodError: 'java.lang.String org.jsoup.internal.StringUtil.join(java.util.Collection, java.lang.String)'
	at org.jsoup.helper.HttpConnection$Base.header(HttpConnection.java:474)
	at org.jsoup.helper.HttpConnection$Response.header(HttpConnection.java:834)
	at org.jsoup.integration.ProxyTest.assertVia(ProxyTest.java:58)
	at org.jsoup.integration.ProxyTest.proxyForSession(ProxyTest.java:84)
	at java.base/java.lang.reflect.Method.invoke(Method.java:580)
	at java.base/java.util.ArrayList.forEach(ArrayList.java:1597)
	at java.base/java.util.ArrayList.forEach(ArrayList.java:1597)

[ERROR] org.jsoup.integration.ProxyTest.fetchViaProxy(String)[1] -- Time elapsed: 0.006 s <<< ERROR!
java.lang.NoSuchMethodError: 'java.lang.String org.jsoup.internal.StringUtil.join(java.util.Collection, java.lang.String)'
	at org.jsoup.helper.HttpConnection$Base.header(HttpConnection.java:474)
	at org.jsoup.helper.HttpConnection$Response.header(HttpConnection.java:834)
	at org.jsoup.integration.ProxyTest.assertVia(ProxyTest.java:58)
	at org.jsoup.integration.ProxyTest.fetchViaProxy(ProxyTest.java:42)
	at java.base/java.lang.reflect.Method.invoke(Method.java:580)
	at java.base/java.util.Optional.ifPresent(Optional.java:178)
	at java.base/java.util.stream.ForEachOps$ForEachOp$OfRef.accept(ForEachOps.java:184)
	at java.base/java.util.stream.ReferencePipeline$3$1.accept(ReferencePipeline.java:215)
	at java.base/java.util.stream.ForEachOps$ForEachOp$OfRef.accept(ForEachOps.java:184)
	at java.base/java.util.stream.ForEachOps$ForEachOp$OfRef.accept(ForEachOps.java:184)
	at java.base/java.util.stream.ReferencePipeline$3$1.accept(ReferencePipeline.java:215)
	at java.base/java.util.Spliterators$ArraySpliterator.forEachRemaining(Spliterators.java:1024)
	at java.base/java.util.stream.ReferencePipeline$Head.forEach(ReferencePipeline.java:807)
	at java.base/java.util.stream.ReferencePipeline$7$1FlatMap.accept(ReferencePipeline.java:294)
	at java.base/java.util.stream.ReferencePipeline$3$1.accept(ReferencePipeline.java:215)
	at java.base/java.util.stream.ReferencePipeline$3$1.accept(ReferencePipeline.java:215)
	at java.base/java.util.stream.ReferencePipeline$3$1.accept(ReferencePipeline.java:215)
	at java.base/java.util.Spliterators$ArraySpliterator.forEachRemaining(Spliterators.java:1024)
	at java.base/java.util.stream.AbstractPipeline.copyInto(AbstractPipeline.java:570)
	at java.base/java.util.stream.AbstractPipeline.wrapAndCopyInto(AbstractPipeline.java:560)
	at java.base/java.util.stream.ForEachOps$ForEachOp.evaluateSequential(ForEachOps.java:151)
	at java.base/java.util.stream.ForEachOps$ForEachOp$OfRef.evaluateSequential(ForEachOps.java:174)
	at java.base/java.util.stream.AbstractPipeline.evaluate(AbstractPipeline.java:265)
	at java.base/java.util.stream.ReferencePipeline.forEach(ReferencePipeline.java:636)
	at java.base/java.util.stream.ReferencePipeline$7$1FlatMap.accept(ReferencePipeline.java:294)
	at java.base/java.util.ArrayList$ArrayListSpliterator.forEachRemaining(ArrayList.java:1709)
	at java.base/java.util.stream.AbstractPipeline.copyInto(AbstractPipeline.java:570)
	at java.base/java.util.stream.AbstractPipeline.wrapAndCopyInto(AbstractPipeline.java:560)
	at java.base/java.util.stream.ForEachOps$ForEachOp.evaluateSequential(ForEachOps.java:151)
	at java.base/java.util.stream.ForEachOps$ForEachOp$OfRef.evaluateSequential(ForEachOps.java:174)
	at java.base/java.util.stream.AbstractPipeline.evaluate(AbstractPipeline.java:265)
	at java.base/java.util.stream.ReferencePipeline.forEach(ReferencePipeline.java:636)
	at java.base/java.util.stream.ReferencePipeline$7$1FlatMap.accept(ReferencePipeline.java:294)
	at java.base/java.util.stream.ReferencePipeline$3$1.accept(ReferencePipeline.java:215)
	at java.base/java.util.stream.ReferencePipeline$3$1.accept(ReferencePipeline.java:215)
	at java.base/java.util.stream.ReferencePipeline$3$1.accept(ReferencePipeline.java:215)
	at java.base/java.util.ArrayList$ArrayListSpliterator.forEachRemaining(ArrayList.java:1709)
	at java.base/java.util.stream.AbstractPipeline.copyInto(AbstractPipeline.java:570)
	at java.base/java.util.stream.AbstractPipeline.wrapAndCopyInto(AbstractPipeline.java:560)
	at java.base/java.util.stream.ForEachOps$ForEachOp.evaluateSequential(ForEachOps.java:151)
	at java.base/java.util.stream.ForEachOps$ForEachOp$OfRef.evaluateSequential(ForEachOps.java:174)
	at java.base/java.util.stream.AbstractPipeline.evaluate(AbstractPipeline.java:265)
	at java.base/java.util.stream.ReferencePipeline.forEach(ReferencePipeline.java:636)
	at java.base/java.util.ArrayList.forEach(ArrayList.java:1597)
	at java.base/java.util.ArrayList.forEach(ArrayList.java:1597)

[ERROR] Errors: 
[ERROR]   DataUtilTest.streamerSupportsZippedUTF8BOM:237 » NoSuchMethod 'java.util.stream.Collector org.jsoup.internal.StringUtil.joining(java.lang.String)'
[ERROR]   DataUtilTest.supportsUTF8BOM:214 » NoSuchMethod 'java.util.stream.Collector org.jsoup.internal.StringUtil.joining(java.lang.String)'
[ERROR]   DataUtilTest.supportsZippedUTF8BOM:229 » NoSuchMethod 'java.util.stream.Collector org.jsoup.internal.StringUtil.joining(java.lang.String)'
[ERROR]   HttpConnectionTest.caseInsensitiveHeaders:82 » NoSuchMethod 'java.lang.String org.jsoup.internal.StringUtil.join(java.util.Collection, java.lang.String)'
[ERROR]   HttpConnectionTest.caseInsensitiveHeaders:82 » NoSuchMethod 'java.lang.String org.jsoup.internal.StringUtil.join(java.util.Collection, java.lang.String)'
[ERROR]   HttpConnectionTest.headers:105 » NoSuchMethod 'java.lang.String org.jsoup.internal.StringUtil.join(java.util.Collection, java.lang.String)'
[ERROR]   HttpConnectionTest.multipleHeaders:129 » NoSuchMethod 'java.lang.String org.jsoup.internal.StringUtil.join(java.util.Collection, java.lang.String)'
[ERROR]   HttpConnectionTest.referrer:207 » NoSuchMethod 'java.lang.String org.jsoup.internal.StringUtil.join(java.util.Collection, java.lang.String)'
[ERROR]   HttpConnectionTest.sameHeadersCombineWithComma:118 » NoSuchMethod 'java.lang.String org.jsoup.internal.StringUtil.join(java.util.Collection, java.lang.String)'
[ERROR]   HttpConnectionTest.setHeaderWithUnicodeValue:377 » NoSuchMethod 'java.lang.String org.jsoup.internal.StringUtil.join(java.util.Collection, java.lang.String)'
[ERROR]   HttpConnectionTest.userAgent:192 » NoSuchMethod 'java.lang.String org.jsoup.internal.StringUtil.join(java.util.Collection, java.lang.String)'
[ERROR]   ConnectTest.combinesSameHeadersWithComma:797 » NoSuchMethod 'java.lang.String org.jsoup.internal.StringUtil.join(java.util.Collection, java.lang.String)'
[ERROR]   ConnectTest.doesNotPostFor302:584 » NoSuchMethod 'java.lang.String org.jsoup.internal.StringUtil.join(java.util.Collection, java.lang.String)'
[ERROR]   ConnectTest.doesPost:166 » NoSuchMethod 'java.lang.String org.jsoup.internal.StringUtil.join(java.util.Collection, java.lang.String)'
[ERROR]   ConnectTest.doesPostFor307:596 » NoSuchMethod 'java.lang.String org.jsoup.internal.StringUtil.join(java.util.Collection, java.lang.String)'
[ERROR]   ConnectTest.doesPostMultipartWithoutInputstream:181 » NoSuchMethod 'java.lang.String org.jsoup.internal.StringUtil.join(java.util.Collection, java.lang.String)'
[ERROR]   ConnectTest.doesPut:331 » NoSuchMethod 'java.lang.String org.jsoup.internal.StringUtil.join(java.util.Collection, java.lang.String)'
[ERROR]   ConnectTest.fetchToW3c:822 » NoClassDefFound Could not initialize class org.jsoup.nodes.FormElement
[ERROR]   ConnectTest.formLoginFlow:896 » NoClassDefFound Could not initialize class org.jsoup.nodes.FormElement
[ERROR]   ConnectTest.formLoginFlow2:929 » NoClassDefFound Could not initialize class org.jsoup.nodes.FormElement
[ERROR]   ConnectTest.handlesEmptyRedirect:572 » NoSuchMethod 'java.lang.String org.jsoup.internal.StringUtil.join(java.util.Collection, java.lang.String)'
[ERROR]   ConnectTest.handlesRedirect:560 » NoSuchMethod 'java.lang.String org.jsoup.internal.StringUtil.join(java.util.Collection, java.lang.String)'
[ERROR]   ConnectTest.multiCookieSet:488 » NoSuchMethod 'java.lang.String org.jsoup.internal.StringUtil.join(java.util.Collection, java.lang.String)'
[ERROR]   ConnectTest.postHtmlFile:730 » NoClassDefFound Could not initialize class org.jsoup.nodes.FormElement
[ERROR]   ConnectTest.progressListener:1099->lambda$progressListener$5:1081 » NoSuchMethod 'java.lang.String org.jsoup.internal.StringUtil.join(java.util.Collection, java.lang.String)'
[ERROR]   ConnectTest.requestCookiesSurviveRedirect:508 » NoSuchMethod 'java.lang.String org.jsoup.internal.StringUtil.join(java.util.Collection, java.lang.String)'
[ERROR]   ConnectTest.secFetchHeadersSurviveRedirect:212 » NoSuchMethod 'java.lang.String org.jsoup.internal.StringUtil.join(java.util.Collection, java.lang.String)'
[ERROR]   ConnectTest.sendHeadRequest:813 » NoSuchMethod 'java.lang.String org.jsoup.internal.StringUtil.join(java.util.Collection, java.lang.String)'
[ERROR]   ConnectTest.sendsRequestBody:251 » NoSuchMethod 'java.lang.String org.jsoup.internal.StringUtil.join(java.util.Collection, java.lang.String)'
[ERROR]   ConnectTest.sendsRequestBodyJsonWithoutData:239 » NoSuchMethod 'java.lang.String org.jsoup.internal.StringUtil.join(java.util.Collection, java.lang.String)'
[ERROR]   ConnectTest.supportsDeflate:519 » NoSuchMethod 'java.lang.String org.jsoup.internal.StringUtil.join(java.util.Collection, java.lang.String)'
[ERROR]   ConnectTest.willEscapePathInRedirect:973 » NoSuchMethod 'java.lang.String org.jsoup.internal.StringUtil.join(java.util.Collection, java.lang.String)'
[ERROR]   FuzzFixesTest.testHtmlFragmentParse:69 » NoClassDefFound Could not initialize class org.jsoup.nodes.FormElement
[ERROR]   FuzzFixesTest.testHtmlFragmentParse:69 » NoClassDefFound Could not initialize class org.jsoup.nodes.FormElement
[ERROR]   FuzzFixesTest.testHtmlParse:59 » NoClassDefFound Could not initialize class org.jsoup.nodes.FormElement
[ERROR]   FuzzFixesTest.testHtmlParse:59 » NoClassDefFound Could not initialize class org.jsoup.nodes.FormElement
[ERROR]   HttpClientConnectTest>ConnectTest.combinesSameHeadersWithComma:797 » NoSuchMethod 'java.lang.String org.jsoup.internal.StringUtil.join(java.util.Collection, java.lang.String)'
[ERROR]   HttpClientConnectTest>ConnectTest.doesNotPostFor302:584 » NoSuchMethod 'java.lang.String org.jsoup.internal.StringUtil.join(java.util.Collection, java.lang.String)'
[ERROR]   HttpClientConnectTest>ConnectTest.doesPost:166 » NoSuchMethod 'java.lang.String org.jsoup.internal.StringUtil.join(java.util.Collection, java.lang.String)'
[ERROR]   HttpClientConnectTest>ConnectTest.doesPostFor307:596 » NoSuchMethod 'java.lang.String org.jsoup.internal.StringUtil.join(java.util.Collection, java.lang.String)'
[ERROR]   HttpClientConnectTest>ConnectTest.doesPostMultipartWithoutInputstream:181 » NoSuchMethod 'java.lang.String org.jsoup.internal.StringUtil.join(java.util.Collection, java.lang.String)'
[ERROR]   HttpClientConnectTest>ConnectTest.doesPut:331 » NoSuchMethod 'java.lang.String org.jsoup.internal.StringUtil.join(java.util.Collection, java.lang.String)'
[ERROR]   HttpClientConnectTest>ConnectTest.fetchToW3c:822 » NoClassDefFound Could not initialize class org.jsoup.nodes.FormElement
[ERROR]   HttpClientConnectTest>ConnectTest.formLoginFlow:896 » NoClassDefFound Could not initialize class org.jsoup.nodes.FormElement
[ERROR]   HttpClientConnectTest>ConnectTest.formLoginFlow2:929 » NoClassDefFound Could not initialize class org.jsoup.nodes.FormElement
[ERROR]   HttpClientConnectTest>ConnectTest.handlesEmptyRedirect:572 » NoSuchMethod 'java.lang.String org.jsoup.internal.StringUtil.join(java.util.Collection, java.lang.String)'
[ERROR]   HttpClientConnectTest>ConnectTest.handlesRedirect:560 » NoSuchMethod 'java.lang.String org.jsoup.internal.StringUtil.join(java.util.Collection, java.lang.String)'
[ERROR]   HttpClientConnectTest>ConnectTest.multiCookieSet:488 » NoSuchMethod 'java.lang.String org.jsoup.internal.StringUtil.join(java.util.Collection, java.lang.String)'
[ERROR]   HttpClientConnectTest>ConnectTest.postHtmlFile:730 » NoClassDefFound Could not initialize class org.jsoup.nodes.FormElement
[ERROR]   HttpClientConnectTest>ConnectTest.progressListener:1099->ConnectTest.lambda$progressListener$5:1081 » NoSuchMethod 'java.lang.String org.jsoup.internal.StringUtil.join(java.util.Collection, java.lang.String)'
[ERROR]   HttpClientConnectTest>ConnectTest.requestCookiesSurviveRedirect:508 » NoSuchMethod 'java.lang.String org.jsoup.internal.StringUtil.join(java.util.Collection, java.lang.String)'
[ERROR]   HttpClientConnectTest>ConnectTest.secFetchHeadersSurviveRedirect:212 » NoSuchMethod 'java.lang.String org.jsoup.internal.StringUtil.join(java.util.Collection, java.lang.String)'
[ERROR]   HttpClientConnectTest>ConnectTest.sendHeadRequest:813 » NoSuchMethod 'java.lang.String org.jsoup.internal.StringUtil.join(java.util.Collection, java.lang.String)'
[ERROR]   HttpClientConnectTest>ConnectTest.sendsRequestBody:251 » NoSuchMethod 'java.lang.String org.jsoup.internal.StringUtil.join(java.util.Collection, java.lang.String)'
[ERROR]   HttpClientConnectTest>ConnectTest.sendsRequestBodyJsonWithoutData:239 » NoSuchMethod 'java.lang.String org.jsoup.internal.StringUtil.join(java.util.Collection, java.lang.String)'
[ERROR]   HttpClientConnectTest>ConnectTest.supportsDeflate:519 » NoSuchMethod 'java.lang.String org.jsoup.internal.StringUtil.join(java.util.Collection, java.lang.String)'
[ERROR]   HttpClientConnectTest>ConnectTest.willEscapePathInRedirect:973 » NoSuchMethod 'java.lang.String org.jsoup.internal.StringUtil.join(java.util.Collection, java.lang.String)'
[ERROR]   HttpClientSessionTest>SessionTest.testPathScopedCookies:65 » NoSuchMethod 'java.lang.String org.jsoup.internal.StringUtil.join(java.util.Collection, java.lang.String)'
[ERROR]   HttpClientSessionTest>SessionTest.testPathScopedCookiesOnRedirect:107 » NoSuchMethod 'java.lang.String org.jsoup.internal.StringUtil.join(java.util.Collection, java.lang.String)'
[ERROR]   ParseTest.testFileParseNoCharsetMethod:124 » NoClassDefFound Could not initialize class org.jsoup.nodes.FormElement
[ERROR]   ParseTest.testLowercaseUtf8Charset:64 » NoClassDefFound Could not initialize class org.jsoup.nodes.FormElement
[ERROR]   ParseTest.testWikiExpandedFromString:107 » NoClassDefFound Could not initialize class org.jsoup.nodes.FormElement
[ERROR]   ParseTest.testWikiFromString:116 » NoClassDefFound Could not initialize class org.jsoup.nodes.FormElement
[ERROR]   ParseTest.testXwiki:76 » NoClassDefFound Could not initialize class org.jsoup.nodes.FormElement
[ERROR]   ParseTest.testXwikiExpanded:92 » NoClassDefFound Could not initialize class org.jsoup.nodes.FormElement
[ERROR]   ProxyTest.fetchViaProxy:42->assertVia:58 » NoSuchMethod 'java.lang.String org.jsoup.internal.StringUtil.join(java.util.Collection, java.lang.String)'
[ERROR]   ProxyTest.proxyForSession:84->assertVia:58 » NoSuchMethod 'java.lang.String org.jsoup.internal.StringUtil.join(java.util.Collection, java.lang.String)'
[ERROR]   ProxyTest.redirectViaProxy:68 » NoSuchMethod 'java.lang.String org.jsoup.internal.StringUtil.join(java.util.Collection, java.lang.String)'
[ERROR]   SessionTest.testPathScopedCookies:65 » NoSuchMethod 'java.lang.String org.jsoup.internal.StringUtil.join(java.util.Collection, java.lang.String)'
[ERROR]   SessionTest.testPathScopedCookiesOnRedirect:107 » NoSuchMethod 'java.lang.String org.jsoup.internal.StringUtil.join(java.util.Collection, java.lang.String)'
[ERROR]   DocumentTest.expectForm:548 » NoClassDefFound Could not initialize class org.jsoup.nodes.FormElement
[ERROR]   DocumentTest.forms:533 » NoClassDefFound Could not initialize class org.jsoup.nodes.FormElement
[ERROR]   DocumentTest.parseAndHtmlOnDifferentThreads:477 » NoSuchMethod 'java.util.stream.Collector org.jsoup.internal.StringUtil.joining(java.lang.String)'
[ERROR]   ElementTest.buttonTextHasSpace:237 » NoSuchMethod 'java.util.stream.Collector org.jsoup.internal.StringUtil.joining(java.lang.String)'
[ERROR]   ElementTest.cssEscapedAmp:1449 » NoSuchMethod 'java.util.stream.Collector org.jsoup.internal.StringUtil.joining(java.lang.String)'
[ERROR]   ElementTest.cssSelectorCombined:2970 » NoSuchMethod 'java.util.stream.Collector org.jsoup.internal.StringUtil.joining(java.lang.String)'
[ERROR]   ElementTest.cssSelectorDoesntStackOverflow:2905 » NoSuchMethod 'java.util.stream.Collector org.jsoup.internal.StringUtil.joining(java.lang.String)'
[ERROR]   ElementTest.cssSelectorEscaped:1431 » NoSuchMethod 'java.util.stream.Collector org.jsoup.internal.StringUtil.joining(java.lang.String)'
[ERROR]   ElementTest.cssSelectorEscapedClass:1461 » NoSuchMethod 'java.util.stream.Collector org.jsoup.internal.StringUtil.joining(java.lang.String)'
[ERROR]   ElementTest.cssSelectorNoParent:2868 » NoSuchMethod 'java.util.stream.Collector org.jsoup.internal.StringUtil.joining(java.lang.String)'
[ERROR]   ElementTest.cssSelectorParentWithId:2878 » NoSuchMethod 'java.util.stream.Collector org.jsoup.internal.StringUtil.joining(java.lang.String)'
[ERROR]   ElementTest.cssSelectorUnbalanced:2933 » NoSuchMethod 'java.util.stream.Collector org.jsoup.internal.StringUtil.joining(java.lang.String)'
[ERROR]   ElementTest.cssSelectorWithAsterisk:2945 » NoSuchMethod 'java.util.stream.Collector org.jsoup.internal.StringUtil.joining(java.lang.String)'
[ERROR]   ElementTest.cssSelectorWithBracket:2921 » NoSuchMethod 'java.util.stream.Collector org.jsoup.internal.StringUtil.joining(java.lang.String)'
[ERROR]   ElementTest.cssSelectorWithNonUniqueId:2886 » NoSuchMethod 'java.util.stream.Collector org.jsoup.internal.StringUtil.joining(java.lang.String)'
[ERROR]   ElementTest.cssSelectorWithPipe:2957 » NoSuchMethod 'java.util.stream.Collector org.jsoup.internal.StringUtil.joining(java.lang.String)'
[ERROR]   ElementTest.doesNotWrapBlocksInPre:174 » NoSuchMethod 'java.util.stream.Collector org.jsoup.internal.StringUtil.joining(java.lang.String)'
[ERROR]   ElementTest.elementBrText:2626 » NoSuchMethod 'java.util.stream.Collector org.jsoup.internal.StringUtil.joining(java.lang.String)'
[ERROR]   ElementTest.preformatFlowsToChildTextNodes:2678 » NoSuchMethod 'java.util.stream.Collector org.jsoup.internal.StringUtil.joining(java.lang.String)'
[ERROR]   ElementTest.testChildrenElements:1805 » NoSuchMethod 'java.util.stream.Collector org.jsoup.internal.StringUtil.joining(java.lang.String)'
[ERROR]   ElementTest.testClassNames:1490 » NoSuchMethod 'java.lang.String org.jsoup.internal.StringUtil.join(java.util.Collection, java.lang.String)'
[ERROR]   ElementTest.testClassUpdates:496 » NoSuchMethod 'java.lang.String org.jsoup.internal.StringUtil.join(java.util.Collection, java.lang.String)'
[ERROR]   ElementTest.testCssPath:1398 » NoSuchMethod 'java.util.stream.Collector org.jsoup.internal.StringUtil.joining(java.lang.String)'
[ERROR]   ElementTest.testCssPathDuplicateIds:1414 » NoSuchMethod 'java.util.stream.Collector org.jsoup.internal.StringUtil.joining(java.lang.String)'
[ERROR]   ElementTest.testHtmlContainsOuter:1221 » NoSuchMethod 'java.util.stream.Collector org.jsoup.internal.StringUtil.joining(java.lang.String)'
[ERROR]   ElementTest.testNamespacedElements:1690 » NoSuchMethod 'java.util.stream.Collector org.jsoup.internal.StringUtil.joining(java.lang.String)'
[ERROR]   ElementTest.testRemovingEmptyClassAttributeWhenLastClassRemoved:2059 » NoSuchMethod 'java.lang.String org.jsoup.internal.StringUtil.join(java.util.Collection, java.lang.String)'
[ERROR]   ElementTest.testScriptTextHtmlSetAsData:2360->validateScriptContents:51 » NoSuchMethod 'java.util.stream.Collector org.jsoup.internal.StringUtil.joining(java.lang.String)'
[ERROR]   ElementTest.testWholeText:212 » NoSuchMethod 'java.util.stream.Collector org.jsoup.internal.StringUtil.joining(java.lang.String)'
[ERROR]   ElementTest.textBoundaryTagsDoNotSynthesizeAttributeText:684->assertTextAndWholeText:719 » NoSuchMethod 'java.util.stream.Collector org.jsoup.internal.StringUtil.joining(java.lang.String)'
[ERROR]   ElementTest.textHasSpacesAfterBlock:201 » NoSuchMethod 'java.util.stream.Collector org.jsoup.internal.StringUtil.joining(java.lang.String)'
[ERROR]   ElementTest.textSeparatesReadableBoundaryTags:662->assertTextAndWholeText:719 » NoSuchMethod 'java.util.stream.Collector org.jsoup.internal.StringUtil.joining(java.lang.String)'
[ERROR]   ElementTest.textSeparatesReadableBoundaryTags:662->assertTextAndWholeText:719 » NoSuchMethod 'java.util.stream.Collector org.jsoup.internal.StringUtil.joining(java.lang.String)'
[ERROR]   ElementTest.textSeparatesReadableBoundaryTags:662->assertTextAndWholeText:719 » NoSuchMethod 'java.util.stream.Collector org.jsoup.internal.StringUtil.joining(java.lang.String)'
[ERROR]   ElementTest.textSeparatesReadableBoundaryTags:662->assertTextAndWholeText:719 » NoSuchMethod 'java.util.stream.Collector org.jsoup.internal.StringUtil.joining(java.lang.String)'
[ERROR]   ElementTest.textSeparatesReadableBoundaryTags:662->assertTextAndWholeText:719 » NoSuchMethod 'java.util.stream.Collector org.jsoup.internal.StringUtil.joining(java.lang.String)'
[ERROR]   ElementTest.textSeparatesReadableBoundaryTags:662->assertTextAndWholeText:719 » NoSuchMethod 'java.util.stream.Collector org.jsoup.internal.StringUtil.joining(java.lang.String)'
[ERROR]   ElementTest.textSeparatesReadableBoundaryTags:662->assertTextAndWholeText:719 » NoSuchMethod 'java.util.stream.Collector org.jsoup.internal.StringUtil.joining(java.lang.String)'
[ERROR]   ElementTest.textSeparatesReadableBoundaryTags:662->assertTextAndWholeText:719 » NoSuchMethod 'java.util.stream.Collector org.jsoup.internal.StringUtil.joining(java.lang.String)'
[ERROR]   ElementTest.textSeparatesReadableBoundaryTags:662->assertTextAndWholeText:719 » NoSuchMethod 'java.util.stream.Collector org.jsoup.internal.StringUtil.joining(java.lang.String)'
[ERROR]   ElementTest.textSeparatesReadableBoundaryTags:662->assertTextAndWholeText:719 » NoSuchMethod 'java.util.stream.Collector org.jsoup.internal.StringUtil.joining(java.lang.String)'
[ERROR]   ElementTest.textSeparatesReadableBoundaryTags:662->assertTextAndWholeText:719 » NoSuchMethod 'java.util.stream.Collector org.jsoup.internal.StringUtil.joining(java.lang.String)'
[ERROR]   ElementTest.textSeparatesReadableBoundaryTags:662->assertTextAndWholeText:719 » NoSuchMethod 'java.util.stream.Collector org.jsoup.internal.StringUtil.joining(java.lang.String)'
[ERROR]   ElementTest.wholeTextRuns:228 » NoSuchMethod 'java.util.stream.Collector org.jsoup.internal.StringUtil.joining(java.lang.String)'
[ERROR]   FormElementTest.actionWithNoBaseUri:99 » NoClassDefFound Could not initialize class org.jsoup.nodes.FormElement
[ERROR]   FormElementTest.actionWithNoValue:90 » NoClassDefFound Could not initialize class org.jsoup.nodes.FormElement
[ERROR]   FormElementTest.adoptedFormsRetainInputs:160 » NoClassDefFound Could not initialize class org.jsoup.nodes.FormElement
[ERROR]   FormElementTest.controlsAddedAfterParseAreLinkedWithForms:126 » NoClassDefFound Could not initialize class org.jsoup.nodes.FormElement
[ERROR]   FormElementTest.createsFormData:47 » NoClassDefFound Could not initialize class org.jsoup.nodes.FormElement
[ERROR]   FormElementTest.createsSubmitableConnection:72 » NoClassDefFound Could not initialize class org.jsoup.nodes.FormElement
[ERROR]   FormElementTest.formDataUsesFirstAttribute:65 » NoClassDefFound Could not initialize class org.jsoup.nodes.FormElement
[ERROR]   FormElementTest.formElementsAreLive:216 » NoSuchMethod 'java.lang.String org.jsoup.internal.StringUtil.join(java.lang.String[], java.lang.String)'
[ERROR]   FormElementTest.formSubmissionCarriesCookiesFromSession:198 » NoSuchMethod 'java.lang.String org.jsoup.internal.StringUtil.join(java.util.Collection, java.lang.String)'
[ERROR]   FormElementTest.formsAddedAfterParseAreFormElements:116 » NoClassDefFound Could not initialize class org.jsoup.nodes.FormElement
[ERROR]   FormElementTest.hasAssociatedControls:32 » NoClassDefFound Could not initialize class org.jsoup.nodes.FormElement
[ERROR]   FormElementTest.removeFormElement:179 » NoClassDefFound Could not initialize class org.jsoup.nodes.FormElement
[ERROR]   FormElementTest.usesOnForCheckboxValueIfNoValueSet:140 » NoClassDefFound Could not initialize class org.jsoup.nodes.FormElement
[ERROR]   LeafNodeTest.doesNotGetAttributesTooEasily:40 » NoSuchMethod 'java.lang.String org.jsoup.internal.StringUtil.join(java.util.Collection, java.lang.String)'
[ERROR]   NodeTest.testReplaceTwice:188 » NoSuchMethod 'java.util.stream.Collector org.jsoup.internal.StringUtil.joining(java.lang.String)'
[ERROR]   TextNodeTest.testSpaceNormalise:122 » NoSuchMethod 'java.util.stream.Collector org.jsoup.internal.StringUtil.joining(java.lang.String)'
[ERROR]   HtmlParserTest.associatedFormControlsWithDisjointForms:1018 » NoClassDefFound Could not initialize class org.jsoup.nodes.FormElement
[ERROR]   HtmlParserTest.createsFormElements:1004 » NoClassDefFound Could not initialize class org.jsoup.nodes.FormElement
[ERROR]   HtmlParserTest.dropsDuplicateAttributes:57 » NoClassDefFound Could not initialize class org.jsoup.nodes.FormElement
[ERROR]   HtmlParserTest.formControlsDetachWhenFormTrimmed » NoClassDefFound Could not initialize class org.jsoup.nodes.FormElement
[ERROR]   HtmlParserTest.handlesTextArea:234 » NoSuchMethod 'java.util.stream.Collector org.jsoup.internal.StringUtil.joining(java.lang.String)'
[ERROR]   HtmlParserTest.handlesXmlDeclAndCommentsBeforeDoctype:1314 » NoSuchMethod 'java.util.stream.Collector org.jsoup.internal.StringUtil.joining(java.lang.String)'
[ERROR]   HtmlParserTest.largeTextareaContents:1835 » NoSuchMethod 'java.util.stream.Collector org.jsoup.internal.StringUtil.joining(java.lang.String)'
[ERROR]   HtmlParserTest.preSkipsFirstNewline:1289 » NoSuchMethod 'java.util.stream.Collector org.jsoup.internal.StringUtil.joining(java.lang.String)'
[ERROR]   HtmlParserTest.preservesTabs:1488 » NoSuchMethod 'java.util.stream.Collector org.jsoup.internal.StringUtil.joining(java.lang.String)'
[ERROR]   HtmlParserTest.testHtmlLowerCaseAttributesForm:1164 » NoClassDefFound Could not initialize class org.jsoup.nodes.FormElement
[ERROR]   HtmlParserTest.testSupportsNonAsciiTags:1121 » NoSuchMethod 'java.util.stream.Collector org.jsoup.internal.StringUtil.joining(java.lang.String)'
[ERROR]   HtmlParserTest.testSupportsPartiallyNonAsciiTags:1130 » NoSuchMethod 'java.util.stream.Collector org.jsoup.internal.StringUtil.joining(java.lang.String)'
[ERROR]   HtmlParserTest.testUsingSingleQuotesInQueries:1114 » NoSuchMethod 'java.util.stream.Collector org.jsoup.internal.StringUtil.joining(java.lang.String)'
[ERROR]   HtmlParserTest.wholeTextTreatsBRasNewline:1502 » NoSuchMethod 'java.util.stream.Collector org.jsoup.internal.StringUtil.joining(java.lang.String)'
[ERROR]   HtmlTreeBuilderTest.customRcdataTag:118 » NoSuchMethod 'java.util.stream.Collector org.jsoup.internal.StringUtil.joining(java.lang.String)'
[ERROR]   ParserTest.testUtf8:58 » NoSuchMethod 'java.util.stream.Collector org.jsoup.internal.StringUtil.joining(java.lang.String)'
[ERROR]   StreamParserTest.canRemoveFromDom:176 » NoSuchMethod 'java.util.stream.Collector org.jsoup.internal.StringUtil.joining(java.lang.String)'
[ERROR]   StreamParserTest.canRemoveWithIterator:194 » NoSuchMethod 'java.util.stream.Collector org.jsoup.internal.StringUtil.joining(java.lang.String)'
[ERROR]   TagSetTest.customTextBoundaryTagsAffectTextExtraction:169 » NoSuchMethod 'java.util.stream.Collector org.jsoup.internal.StringUtil.joining(java.lang.String)'
[ERROR]   TokeniserStateTest.testBeforeTagName:50 » NoSuchMethod 'java.util.stream.Collector org.jsoup.internal.StringUtil.joining(java.lang.String)'
[ERROR]   TokeniserStateTest.testCharacterReferenceInRcdata:41 » NoSuchMethod 'java.util.stream.Collector org.jsoup.internal.StringUtil.joining(java.lang.String)'
[ERROR]   TokeniserStateTest.testEndTagOpen:63 » NoSuchMethod 'java.util.stream.Collector org.jsoup.internal.StringUtil.joining(java.lang.String)'
[ERROR]   TokeniserStateTest.testRCDATAEndTagName:121 » NoSuchMethod 'java.util.stream.Collector org.jsoup.internal.StringUtil.joining(java.lang.String)'
[ERROR]   TokeniserStateTest.testRcdataLessthanSign:90 » NoSuchMethod 'java.util.stream.Collector org.jsoup.internal.StringUtil.joining(java.lang.String)'
[ERROR]   XmlTreeBuilderTest.canSetCustomRcdataTag:465 » NoSuchMethod 'java.util.stream.Collector org.jsoup.internal.StringUtil.joining(java.lang.String)'
[ERROR]   XmlTreeBuilderTest.handlesDodgyXmlDecl:229 » NoSuchMethod 'java.util.stream.Collector org.jsoup.internal.StringUtil.joining(java.lang.String)'
[ERROR]   ElementsTest.classWithHyphen:355 » NoSuchMethod 'java.util.stream.Collector org.jsoup.internal.StringUtil.joining(java.lang.String)'
[ERROR]   ElementsTest.classes:93 » NoSuchMethod 'java.lang.String org.jsoup.internal.StringUtil.join(java.util.Collection, java.lang.String)'
[ERROR]   ElementsTest.dataNodes:343 » NoSuchMethod 'java.util.stream.Collector org.jsoup.internal.StringUtil.joining(java.lang.String)'
[ERROR]   ElementsTest.eq:236 » NoSuchMethod 'java.util.stream.Collector org.jsoup.internal.StringUtil.joining(java.lang.String)'
[ERROR]   ElementsTest.forms:295 » NoClassDefFound Could not initialize class org.jsoup.nodes.FormElement
[ERROR]   ElementsTest.html:133 » NoSuchMethod 'java.util.stream.Collector org.jsoup.internal.StringUtil.joining(java.lang.String)'
[ERROR]   ElementsTest.outerHtml:139 » NoSuchMethod 'java.util.stream.Collector org.jsoup.internal.StringUtil.joining(java.lang.String)'
[ERROR]   ElementsTest.text:120 » NoSuchMethod 'java.util.stream.Collector org.jsoup.internal.StringUtil.joining(java.lang.String)'
[ERROR]   QueryParserTest.hasNodeSelector:235 » NoSuchMethod 'java.lang.String org.jsoup.internal.StringUtil.join(java.util.Collection, java.lang.String)'
[ERROR]   QueryParserTest.idDescenderClassOrder:114 » NoSuchMethod 'java.lang.String org.jsoup.internal.StringUtil.join(java.util.Collection, java.lang.String)'
[ERROR]   QueryParserTest.okOnSpacesForeAndAft:166 » NoSuchMethod 'java.lang.String org.jsoup.internal.StringUtil.join(java.util.Collection, java.lang.String)'
[ERROR]   QueryParserTest.parsesEscapedSubqueries:194 » NoSuchMethod 'java.util.stream.Collector org.jsoup.internal.StringUtil.joining(java.lang.String)'
[ERROR]   QueryParserTest.parsesOrAfterAttribute:180 » NoSuchMethod 'java.lang.String org.jsoup.internal.StringUtil.join(java.util.Collection, java.lang.String)'
[ERROR]   QueryParserTest.structuralEvaluatorsToString:172 » NoSuchMethod 'java.lang.String org.jsoup.internal.StringUtil.join(java.util.Collection, java.lang.String)'
[ERROR]   QueryParserTest.testConsumeSubQuery:25 » NoSuchMethod 'java.util.stream.Collector org.jsoup.internal.StringUtil.joining(java.lang.String)'
[ERROR]   QueryParserTest.testImmediateParentRun:34 » NoSuchMethod 'java.lang.String org.jsoup.internal.StringUtil.join(java.util.Collection, java.lang.String)'
[ERROR]   QueryParserTest.testOrGetsCorrectPrecedence:52 » NoSuchMethod 'java.lang.String org.jsoup.internal.StringUtil.join(java.util.Collection, java.lang.String)'
[ERROR]   QueryParserTest.testParsesMultiCorrectly:81 » NoSuchMethod 'java.lang.String org.jsoup.internal.StringUtil.join(java.util.Collection, java.lang.String)'
[ERROR]   SelectorTest.blankElements:1662 » NoSuchMethod 'java.util.stream.Collector org.jsoup.internal.StringUtil.joining(java.lang.String)'
[ERROR]   SelectorTest.blankNodes:1632 » NoSuchMethod 'java.util.stream.Collector org.jsoup.internal.StringUtil.joining(java.lang.String)'
[ERROR]   SelectorTest.containsData:949 » NoSuchMethod 'java.util.stream.Collector org.jsoup.internal.StringUtil.joining(java.lang.String)'
[ERROR]   SelectorTest.containsData:949 » NoSuchMethod 'java.util.stream.Collector org.jsoup.internal.StringUtil.joining(java.lang.String)'
[ERROR]   SelectorTest.containsWholeOwnText:724 » NoSuchMethod 'java.util.stream.Collector org.jsoup.internal.StringUtil.joining(java.lang.String)'
[ERROR]   SelectorTest.containsWholeText:704 » NoSuchMethod 'java.util.stream.Collector org.jsoup.internal.StringUtil.joining(java.lang.String)'
[ERROR]   SelectorTest.containsWithQuote:964 » NoSuchMethod 'java.util.stream.Collector org.jsoup.internal.StringUtil.joining(java.lang.String)'
[ERROR]   SelectorTest.datanode:1562 » NoSuchMethod 'java.lang.String org.jsoup.internal.StringUtil.join(java.util.Collection, java.lang.String)'
[ERROR]   SelectorTest.descendantComment:1522 » NoSuchMethod 'java.lang.String org.jsoup.internal.StringUtil.join(java.util.Collection, java.lang.String)'
[ERROR]   SelectorTest.evaluatorOf:1503 » NoSuchMethod 'java.lang.String org.jsoup.internal.StringUtil.join(java.util.Collection, java.lang.String)'
[ERROR]   SelectorTest.findBetweenSpan:1033 » NoSuchMethod 'java.util.stream.Collector org.jsoup.internal.StringUtil.joining(java.lang.String)'
[ERROR]   SelectorTest.is:1301 » NoSuchMethod 'java.lang.String org.jsoup.internal.StringUtil.join(java.util.Collection, java.lang.String)'
[ERROR]   SelectorTest.leafNode:1570 » NoSuchMethod 'java.lang.String org.jsoup.internal.StringUtil.join(java.util.Collection, java.lang.String)'
[ERROR]   SelectorTest.leafNodeContains:1578 » NoSuchMethod 'java.lang.String org.jsoup.internal.StringUtil.join(java.util.Collection, java.lang.String)'
[ERROR]   SelectorTest.matchText:999 » NoSuchMethod 'java.util.stream.Collector org.jsoup.internal.StringUtil.joining(java.lang.String)'
[ERROR]   SelectorTest.matchTextAttributes:1024 » NoSuchMethod 'java.util.stream.Collector org.jsoup.internal.StringUtil.joining(java.lang.String)'
[ERROR]   SelectorTest.matchesWholeOwnText:815 » NoSuchMethod 'java.util.stream.Collector org.jsoup.internal.StringUtil.joining(java.lang.String)'
[ERROR]   SelectorTest.matchesWholeText:796 » NoSuchMethod 'java.util.stream.Collector org.jsoup.internal.StringUtil.joining(java.lang.String)'
[ERROR]   SelectorTest.nodeContains:1586 » NoSuchMethod 'java.util.stream.Collector org.jsoup.internal.StringUtil.joining(java.lang.String)'
[ERROR]   SelectorTest.nodeMatches:1682 » NoSuchMethod 'java.lang.String org.jsoup.internal.StringUtil.join(java.util.Collection, java.lang.String)'
[ERROR]   SelectorTest.nodeWithElementAncestor:1540 » NoSuchMethod 'java.lang.String org.jsoup.internal.StringUtil.join(java.util.Collection, java.lang.String)'
[ERROR]   SelectorTest.nonBlankText:1668 » NoSuchMethod 'java.util.stream.Collector org.jsoup.internal.StringUtil.joining(java.lang.String)'
[ERROR]   SelectorTest.orAfterClass:1309 » NoSuchMethod 'java.lang.String org.jsoup.internal.StringUtil.join(java.util.Collection, java.lang.String)'
[ERROR]   SelectorTest.precedingComment:1549 » NoSuchMethod 'java.lang.String org.jsoup.internal.StringUtil.join(java.util.Collection, java.lang.String)'
[ERROR]   SelectorTest.selectComment:1598 » NoSuchMethod 'java.lang.String org.jsoup.internal.StringUtil.join(java.util.Collection, java.lang.String)'
[ERROR]   SelectorTest.testByAttributeRegexCombined:263 » NoSuchMethod 'java.util.stream.Collector org.jsoup.internal.StringUtil.joining(java.lang.String)'
[ERROR]   SelectorTest.testCombinedWithContains:270 » NoSuchMethod 'java.util.stream.Collector org.jsoup.internal.StringUtil.joining(java.lang.String)'
[ERROR]   SelectorTest.testWildCardNamespacedCaseVariations:224 » NoSuchMethod 'java.util.stream.Collector org.jsoup.internal.StringUtil.joining(java.lang.String)'
[ERROR]   TraversorTest.filterRemove:105 » NoSuchMethod 'java.util.stream.Collector org.jsoup.internal.StringUtil.joining(java.lang.String)'
[ERROR] Tests run: 1971, Failures: 0, Errors: 203, Skipped: 0
[ERROR] Failed to execute goal org.apache.maven.plugins:maven-surefire-plugin:3.5.5:test (default-test) on project jsoup: 
[ERROR] 
[ERROR] See /data/henrique/langchain_prototype/new/data/repositories/jsoup/target/surefire-reports for the individual test results.
[ERROR] See dump files (if any exist) [date].dump, [date]-jvmRun[N].dump and [date].dumpstream.
[ERROR] -> [Help 1]
[ERROR] 
[ERROR] To see the full stack trace of the errors, re-run Maven with the -e switch.
[ERROR] Re-run Maven using the -X switch to enable full debug logging.
[ERROR] 
[ERROR] For more information about the errors and possible solutions, please read the following articles:
[ERROR] [Help 1] http://cwiki.apache.org/confluence/display/MAVEN/MojoFailureException
